record_id,study_id,publication_link,lnp_id,il_id,il_smiles,il_class,il_head_smiles,il_head_class,il_linker_smiles,il_linker_class,il_tail_count,il_tail1_id,il_tail1_smiles,il_tail1_class,il_tail2_id,il_tail2_smiles,il_tail2_class,il_tail3_id,il_tail3_smiles,il_tail3_class,il_tail4_id,il_tail4_smiles,il_tail4_class,il_tail5_id,il_tail5_smiles,il_tail5_class,il_tail6_id,il_tail6_smiles,il_tail6_class,il_architecture_type,helper_lipid_name,helper_lipid_smiles,helper_lipid_molratio,cholesterol_name,cholesterol_smiles,cholesterol_molratio,peg_lipid_name,peg_lipid_smiles,peg_lipid_molratio,peg_mw,il_molratio,il_to_nucleicacid_massratio,il_to_nucleicacid_chargeratio,total_lipid_to_cargo_ratio,total_flow_rate_ml_min,cargo_type,route_of_administration,model,model_type,model_target,particle_size_nm,pdi,zeta_potential_mv,zeta_potential_method,encapsulation_efficiency_percent,measured_pka,delivery_value,delivery_value_method,heavy_atoms,rings,aromatic_rings,rotatable_bonds,van_der_waals_molecular_volume,topological_polar_surface_area,hydrogen_bond_donors,hydrogen_bond_acceptors,logp,molar_refractivity,fraction_sp3_carbons,sp3_carbons,nitrogen_count,molecular_weight,has_ester,has_carbonate,has_disulfide,il_subclass,cellular_metabolic/uptake_%,GFP/MFI_transfection,protein_abundance_value,protein_abundance_value_method,mRNA_binding_efficiency_percent,editing_GFP-negative_cells_%,editing_Relative_FVII_EC50_mg_kg–1,uptake_Cy5-mLuc/LNPs_%,viability_IGROV-1_%,viability_MTT_0.5µg/mL,viability_MTT_5µg/mL,toxicity_CERA_μmol/L,toxicity_hemolysis_%,toxicity_UREA_μmol/L,toxicity_ALT_U/L,toxicity_AST_U/L,toxicity_BUN_mg/dL,delivery_relative_to_spikevax_value,il_head_architecture
LNPhub_R0000001,LNPhub_YX_2025,https://doi.org/10.1038/s41587-025-02928-x,LNPhub_YX_2025_LNP_000001,YX_TS1,CCCCCCCCCCSSSCCOC(=O)CCN(CCO)CCCN(CCC(=O)OCCSSSCCCCCCCCCC)CCC(=O)OCCSSSCCCCCCCCCC,multitailed lipidoid,NCCCNCCO,primary_secondary,CCC(=O)OCCSSS,ester/thioether,3,10H,C=CC(=O)OCCSSSCCCCCCCCCC,alkyl/alkenyl thiol,10H,C=CC(=O)OCCSSSCCCCCCCCCC,alkyl/alkenyl thiol,10H,C=CC(=O)OCCSSSCCCCCCCCCC,alkyl/alkenyl thiol,,,,,,,,,,head–linker–multi-tail,DOPE,CCCCCCCC\C=C/CCCCCCCC(=O)OC[C@H](COP(O)(=O)OCCN)OC(=O)CCCCCCC\C=C/CCCCCCCC,30.0,Cholesterol,C[C@H](CCCC(C)C)[C@H]1CC[C@@H]2[C@@]1(CC[C@H]3[C@H]2CC=C4[C@@]3(CC[C@@H](C4)O)C)C,40.0,DMG-PEG2000,,0.75,2000.0,20.0,10.0,,,,mRNA,in_vitro,in_vitro,MLG pulmonary cells,MLG pulmonary cells,,,,,,,,normalized_luminescence,68.0,0.0,0.0,57.0,1126.486042,105.61,1.0,18.0,16.2836,316.6618,0.94,47.0,2.0,1127.944,True,False,True,biodegradable amino,,,,,,,,,,,,,,,,,,,linear
LNPhub_R0000002,LNPhub_YX_2025,https://doi.org/10.1038/s41587-025-02928-x,LNPhub_YX_2025_LNP_000001,YX_TS1,CCCCCCCCCCSSSCCOC(=O)CCN(CCO)CCCN(CCC(=O)OCCSSSCCCCCCCCCC)CCC(=O)OCCSSSCCCCCCCCCC,multitailed lipidoid,NCCCNCCO,primary_secondary,CCC(=O)OCCSSS,ester/thioether,3,10H,C=CC(=O)OCCSSSCCCCCCCCCC,alkyl/alkenyl thiol,10H,C=CC(=O)OCCSSSCCCCCCCCCC,alkyl/alkenyl thiol,10H,C=CC(=O)OCCSSSCCCCCCCCCC,alkyl/alkenyl thiol,,,,,,,,,,head–linker–multi-tail,DOPE,CCCCCCCC\C=C/CCCCCCCC(=O)OC[C@H](COP(O)(=O)OCCN)OC(=O)CCCCCCC\C=C/CCCCCCCC,30.0,Cholesterol,C[C@H](CCCC(C)C)[C@H]1CC[C@@H]2[C@@]1(CC[C@H]3[C@H]2CC=C4[C@@]3(CC[C@@H](C4)O)C)C,40.0,DMG-PEG2000,,0.75,2000.0,20.0,10.0,,,,mRNA,in_vitro,in_vitro,A549,A549 pulmonary cells,,,,,,,,normalized_luminescence,68.0,0.0,0.0,57.0,1126.486042,105.61,1.0,18.0,16.2836,316.6618,0.94,47.0,2.0,1127.944,True,False,True,biodegradable amino,,,,,,,,,,,,,,,,,,,linear
LNPhub_R0000003,LNPhub_YX_2025,https://doi.org/10.1038/s41587-025-02928-x,LNPhub_YX_2025_LNP_000002,YX_TS2,CCCCCCCCCCCCSSSCCOC(=O)CCN(CCO)CCCN(CCC(=O)OCCSSSCCCCCCCCCCCC)CCC(=O)OCCSSSCCCCCCCCCCCC,multitailed lipidoid,NCCCNCCO,primary_secondary,CCC(=O)OCCSSS,ester/thioether,3,12H,C=CC(=O)OCCSSSCCCCCCCCCCCC,alkyl/alkenyl thiol,12H,C=CC(=O)OCCSSSCCCCCCCCCCCC,alkyl/alkenyl thiol,12H,C=CC(=O)OCCSSSCCCCCCCCCCCC,alkyl/alkenyl thiol,,,,,,,,,,head–linker–multi-tail,DOPE,CCCCCCCC\C=C/CCCCCCCC(=O)OC[C@H](COP(O)(=O)OCCN)OC(=O)CCCCCCC\C=C/CCCCCCCC,30.0,Cholesterol,C[C@H](CCCC(C)C)[C@H]1CC[C@@H]2[C@@]1(CC[C@H]3[C@H]2CC=C4[C@@]3(CC[C@@H](C4)O)C)C,40.0,DMG-PEG2000,,0.75,2000.0,20.0,10.0,,,,mRNA,in_vitro,in_vitro,MLG pulmonary cells,MLG pulmonary cells,,,,,,,-0.6096549032632554,normalized_luminescence,74.0,0.0,0.0,63.0,1210.579943,105.61,1.0,18.0,18.6242,344.3638,0.946429,53.0,2.0,1212.106,True,False,True,biodegradable amino,,,,,,,,,,,,,,,,,,,linear
LNPhub_R0000004,LNPhub_YX_2025,https://doi.org/10.1038/s41587-025-02928-x,LNPhub_YX_2025_LNP_000002,YX_TS2,CCCCCCCCCCCCSSSCCOC(=O)CCN(CCO)CCCN(CCC(=O)OCCSSSCCCCCCCCCCCC)CCC(=O)OCCSSSCCCCCCCCCCCC,multitailed lipidoid,NCCCNCCO,primary_secondary,CCC(=O)OCCSSS,ester/thioether,3,12H,C=CC(=O)OCCSSSCCCCCCCCCCCC,alkyl/alkenyl thiol,12H,C=CC(=O)OCCSSSCCCCCCCCCCCC,alkyl/alkenyl thiol,12H,C=CC(=O)OCCSSSCCCCCCCCCCCC,alkyl/alkenyl thiol,,,,,,,,,,head–linker–multi-tail,DOPE,CCCCCCCC\C=C/CCCCCCCC(=O)OC[C@H](COP(O)(=O)OCCN)OC(=O)CCCCCCC\C=C/CCCCCCCC,30.0,Cholesterol,C[C@H](CCCC(C)C)[C@H]1CC[C@@H]2[C@@]1(CC[C@H]3[C@H]2CC=C4[C@@]3(CC[C@@H](C4)O)C)C,40.0,DMG-PEG2000,,0.75,2000.0,20.0,10.0,,,,mRNA,in_vitro,in_vitro,A549,A549 pulmonary cells,,,,,,,0.5322574188064707,normalized_luminescence,74.0,0.0,0.0,63.0,1210.579943,105.61,1.0,18.0,18.6242,344.3638,0.946429,53.0,2.0,1212.106,True,False,True,biodegradable amino,,,,,,,,,,,,,,,,,,,linear
LNPhub_R0000005,LNPhub_YX_2025,https://doi.org/10.1038/s41587-025-02928-x,LNPhub_YX_2025_LNP_000003,YX_TS3,CCCCCCCCCCCCCCSSSCCOC(=O)CCN(CCO)CCCN(CCC(=O)OCCSSSCCCCCCCCCCCCCC)CCC(=O)OCCSSSCCCCCCCCCCCCCC,multitailed lipidoid,NCCCNCCO,primary_secondary,CCC(=O)OCCSSS,ester/thioether,3,14H,C=CC(=O)OCCSSSCCCCCCCCCCCCCC,alkyl/alkenyl thiol,14H,C=CC(=O)OCCSSSCCCCCCCCCCCCCC,alkyl/alkenyl thiol,14H,C=CC(=O)OCCSSSCCCCCCCCCCCCCC,alkyl/alkenyl thiol,,,,,,,,,,head–linker–multi-tail,DOPE,CCCCCCCC\C=C/CCCCCCCC(=O)OC[C@H](COP(O)(=O)OCCN)OC(=O)CCCCCCC\C=C/CCCCCCCC,30.0,Cholesterol,C[C@H](CCCC(C)C)[C@H]1CC[C@@H]2[C@@]1(CC[C@H]3[C@H]2CC=C4[C@@]3(CC[C@@H](C4)O)C)C,40.0,DMG-PEG2000,,0.75,2000.0,20.0,10.0,,,,mRNA,in_vitro,in_vitro,MLG pulmonary cells,MLG pulmonary cells,,,,,,,,normalized_luminescence,80.0,0.0,0.0,69.0,1294.673843,105.61,1.0,18.0,20.9648,372.0658,0.951613,59.0,2.0,1296.268,True,False,True,biodegradable amino,,,,,,,,,,,,,,,,,,,linear
LNPhub_R0000006,LNPhub_YX_2025,https://doi.org/10.1038/s41587-025-02928-x,LNPhub_YX_2025_LNP_000003,YX_TS3,CCCCCCCCCCCCCCSSSCCOC(=O)CCN(CCO)CCCN(CCC(=O)OCCSSSCCCCCCCCCCCCCC)CCC(=O)OCCSSSCCCCCCCCCCCCCC,multitailed lipidoid,NCCCNCCO,primary_secondary,CCC(=O)OCCSSS,ester/thioether,3,14H,C=CC(=O)OCCSSSCCCCCCCCCCCCCC,alkyl/alkenyl thiol,14H,C=CC(=O)OCCSSSCCCCCCCCCCCCCC,alkyl/alkenyl thiol,14H,C=CC(=O)OCCSSSCCCCCCCCCCCCCC,alkyl/alkenyl thiol,,,,,,,,,,head–linker–multi-tail,DOPE,CCCCCCCC\C=C/CCCCCCCC(=O)OC[C@H](COP(O)(=O)OCCN)OC(=O)CCCCCCC\C=C/CCCCCCCC,30.0,Cholesterol,C[C@H](CCCC(C)C)[C@H]1CC[C@@H]2[C@@]1(CC[C@H]3[C@H]2CC=C4[C@@]3(CC[C@@H](C4)O)C)C,40.0,DMG-PEG2000,,0.75,2000.0,20.0,10.0,,,,mRNA,in_vitro,in_vitro,A549,A549 pulmonary cells,,,,,,,,normalized_luminescence,80.0,0.0,0.0,69.0,1294.673843,105.61,1.0,18.0,20.9648,372.0658,0.951613,59.0,2.0,1296.268,True,False,True,biodegradable amino,,,,,,,,,,,,,,,,,,,linear
LNPhub_R0000007,LNPhub_YX_2025,https://doi.org/10.1038/s41587-025-02928-x,LNPhub_YX_2025_LNP_000004,YX_TS4,CCCCCCCCC(CCCCCC)SSSCCOC(=O)CCN(CCO)CCCN(CCC(=O)OCCSSSC(CCCCCC)CCCCCCCC)CCC(=O)OCCSSSC(CCCCCC)CCCCCCCC,multitailed lipidoid,NCCCNCCO,primary_secondary,CCC(=O)OCCSSS,ester/thioether,3,10B6,C=CC(=O)OCCSSSC(CCCCCC)CCCCCCCC,alkyl/alkenyl thiol,10B6,C=CC(=O)OCCSSSC(CCCCCC)CCCCCCCC,alkyl/alkenyl thiol,10B6,C=CC(=O)OCCSSSC(CCCCCC)CCCCCCCC,alkyl/alkenyl thiol,,,,,,,,,,head–linker–multi-tail,DOPE,CCCCCCCC\C=C/CCCCCCCC(=O)OC[C@H](COP(O)(=O)OCCN)OC(=O)CCCCCCC\C=C/CCCCCCCC,30.0,Cholesterol,C[C@H](CCCC(C)C)[C@H]1CC[C@@H]2[C@@]1(CC[C@H]3[C@H]2CC=C4[C@@]3(CC[C@@H](C4)O)C)C,40.0,DMG-PEG2000,,0.75,2000.0,20.0,10.0,,,,mRNA,in_vitro,in_vitro,MLG pulmonary cells,MLG pulmonary cells,,,,,,,-0.6190047208950555,normalized_luminescence,83.0,0.0,0.0,69.0,1336.720793,105.61,1.0,18.0,22.1303,385.8508,0.953846,62.0,2.0,1338.349,True,False,True,biodegradable amino,,,,,,,,,,,,,,,,,,,linear
LNPhub_R0000008,LNPhub_YX_2025,https://doi.org/10.1038/s41587-025-02928-x,LNPhub_YX_2025_LNP_000004,YX_TS4,CCCCCCCCC(CCCCCC)SSSCCOC(=O)CCN(CCO)CCCN(CCC(=O)OCCSSSC(CCCCCC)CCCCCCCC)CCC(=O)OCCSSSC(CCCCCC)CCCCCCCC,multitailed lipidoid,NCCCNCCO,primary_secondary,CCC(=O)OCCSSS,ester/thioether,3,10B6,C=CC(=O)OCCSSSC(CCCCCC)CCCCCCCC,alkyl/alkenyl thiol,10B6,C=CC(=O)OCCSSSC(CCCCCC)CCCCCCCC,alkyl/alkenyl thiol,10B6,C=CC(=O)OCCSSSC(CCCCCC)CCCCCCCC,alkyl/alkenyl thiol,,,,,,,,,,head–linker–multi-tail,DOPE,CCCCCCCC\C=C/CCCCCCCC(=O)OC[C@H](COP(O)(=O)OCCN)OC(=O)CCCCCCC\C=C/CCCCCCCC,30.0,Cholesterol,C[C@H](CCCC(C)C)[C@H]1CC[C@@H]2[C@@]1(CC[C@H]3[C@H]2CC=C4[C@@]3(CC[C@@H](C4)O)C)C,40.0,DMG-PEG2000,,0.75,2000.0,20.0,10.0,,,,mRNA,in_vitro,in_vitro,A549,A549 pulmonary cells,,,,,,,-0.5986013776650975,normalized_luminescence,83.0,0.0,0.0,69.0,1336.720793,105.61,1.0,18.0,22.1303,385.8508,0.953846,62.0,2.0,1338.349,True,False,True,biodegradable amino,,,,,,,,,,,,,,,,,,,linear
LNPhub_R0000009,LNPhub_YX_2025,https://doi.org/10.1038/s41587-025-02928-x,LNPhub_YX_2025_LNP_000005,YX_TS5,CCCCCCCCCCSSSCC(C)OC(=O)CCN(CCO)CCCN(CCC(=O)OC(C)CSSSCCCCCCCCCC)CCC(=O)OC(C)CSSSCCCCCCCCCC,multitailed lipidoid,NCCCNCCO,primary_secondary,CCC(=O)OCCSSS,ester/thioether,3,10M,C=CC(=O)OC(C)CSSSCCCCCCCCCC,alkyl/alkenyl thiol,10M,C=CC(=O)OC(C)CSSSCCCCCCCCCC,alkyl/alkenyl thiol,10M,C=CC(=O)OC(C)CSSSCCCCCCCCCC,alkyl/alkenyl thiol,,,,,,,,,,head–linker–multi-tail,DOPE,CCCCCCCC\C=C/CCCCCCCC(=O)OC[C@H](COP(O)(=O)OCCN)OC(=O)CCCCCCC\C=C/CCCCCCCC,30.0,Cholesterol,C[C@H](CCCC(C)C)[C@H]1CC[C@@H]2[C@@]1(CC[C@H]3[C@H]2CC=C4[C@@]3(CC[C@@H](C4)O)C)C,40.0,DMG-PEG2000,,0.75,2000.0,20.0,10.0,,,,mRNA,in_vitro,in_vitro,MLG pulmonary cells,MLG pulmonary cells,,,,,,,,normalized_luminescence,71.0,0.0,0.0,57.0,1168.532993,105.61,1.0,18.0,17.4491,330.4468,0.943396,50.0,2.0,1170.025,True,False,True,biodegradable amino,,,,,,,,,,,,,,,,,,,linear
LNPhub_R0000010,LNPhub_YX_2025,https://doi.org/10.1038/s41587-025-02928-x,LNPhub_YX_2025_LNP_000005,YX_TS5,CCCCCCCCCCSSSCC(C)OC(=O)CCN(CCO)CCCN(CCC(=O)OC(C)CSSSCCCCCCCCCC)CCC(=O)OC(C)CSSSCCCCCCCCCC,multitailed lipidoid,NCCCNCCO,primary_secondary,CCC(=O)OCCSSS,ester/thioether,3,10M,C=CC(=O)OC(C)CSSSCCCCCCCCCC,alkyl/alkenyl thiol,10M,C=CC(=O)OC(C)CSSSCCCCCCCCCC,alkyl/alkenyl thiol,10M,C=CC(=O)OC(C)CSSSCCCCCCCCCC,alkyl/alkenyl thiol,,,,,,,,,,head–linker–multi-tail,DOPE,CCCCCCCC\C=C/CCCCCCCC(=O)OC[C@H](COP(O)(=O)OCCN)OC(=O)CCCCCCC\C=C/CCCCCCCC,30.0,Cholesterol,C[C@H](CCCC(C)C)[C@H]1CC[C@@H]2[C@@]1(CC[C@H]3[C@H]2CC=C4[C@@]3(CC[C@@H](C4)O)C)C,40.0,DMG-PEG2000,,0.75,2000.0,20.0,10.0,,,,mRNA,in_vitro,in_vitro,A549,A549 pulmonary cells,,,,,,,1.4018089771287314,normalized_luminescence,71.0,0.0,0.0,57.0,1168.532993,105.61,1.0,18.0,17.4491,330.4468,0.943396,50.0,2.0,1170.025,True,False,True,biodegradable amino,,,,,,,,,,,,,,,,,,,linear
LNPhub_R0000011,LNPhub_YX_2025,https://doi.org/10.1038/s41587-025-02928-x,LNPhub_YX_2025_LNP_000006,YX_TS6,CCCCCCCCCCCCSSSCC(C)OC(=O)CCN(CCO)CCCN(CCC(=O)OC(C)CSSSCCCCCCCCCCCC)CCC(=O)OC(C)CSSSCCCCCCCCCCCC,multitailed lipidoid,NCCCNCCO,primary_secondary,CCC(=O)OCCSSS,ester/thioether,3,12M,C=CC(=O)OC(C)CSSSCCCCCCCCCCCC,alkyl/alkenyl thiol,12M,C=CC(=O)OC(C)CSSSCCCCCCCCCCCC,alkyl/alkenyl thiol,12M,C=CC(=O)OC(C)CSSSCCCCCCCCCCCC,alkyl/alkenyl thiol,,,,,,,,,,head–linker–multi-tail,DOPE,CCCCCCCC\C=C/CCCCCCCC(=O)OC[C@H](COP(O)(=O)OCCN)OC(=O)CCCCCCC\C=C/CCCCCCCC,30.0,Cholesterol,C[C@H](CCCC(C)C)[C@H]1CC[C@@H]2[C@@]1(CC[C@H]3[C@H]2CC=C4[C@@]3(CC[C@@H](C4)O)C)C,40.0,DMG-PEG2000,,0.75,2000.0,20.0,10.0,,,,mRNA,in_vitro,in_vitro,MLG pulmonary cells,MLG pulmonary cells,,,,,,,-0.4749981877531557,normalized_luminescence,77.0,0.0,0.0,63.0,1252.626893,105.61,1.0,18.0,19.7897,358.1488,0.949153,56.0,2.0,1254.187,True,False,True,biodegradable amino,,,,,,,,,,,,,,,,,,,linear
LNPhub_R0000012,LNPhub_YX_2025,https://doi.org/10.1038/s41587-025-02928-x,LNPhub_YX_2025_LNP_000006,YX_TS6,CCCCCCCCCCCCSSSCC(C)OC(=O)CCN(CCO)CCCN(CCC(=O)OC(C)CSSSCCCCCCCCCCCC)CCC(=O)OC(C)CSSSCCCCCCCCCCCC,multitailed lipidoid,NCCCNCCO,primary_secondary,CCC(=O)OCCSSS,ester/thioether,3,12M,C=CC(=O)OC(C)CSSSCCCCCCCCCCCC,alkyl/alkenyl thiol,12M,C=CC(=O)OC(C)CSSSCCCCCCCCCCCC,alkyl/alkenyl thiol,12M,C=CC(=O)OC(C)CSSSCCCCCCCCCCCC,alkyl/alkenyl thiol,,,,,,,,,,head–linker–multi-tail,DOPE,CCCCCCCC\C=C/CCCCCCCC(=O)OC[C@H](COP(O)(=O)OCCN)OC(=O)CCCCCCC\C=C/CCCCCCCC,30.0,Cholesterol,C[C@H](CCCC(C)C)[C@H]1CC[C@@H]2[C@@]1(CC[C@H]3[C@H]2CC=C4[C@@]3(CC[C@@H](C4)O)C)C,40.0,DMG-PEG2000,,0.75,2000.0,20.0,10.0,,,,mRNA,in_vitro,in_vitro,A549,A549 pulmonary cells,,,,,,,-0.2279667054862049,normalized_luminescence,77.0,0.0,0.0,63.0,1252.626893,105.61,1.0,18.0,19.7897,358.1488,0.949153,56.0,2.0,1254.187,True,False,True,biodegradable amino,,,,,,,,,,,,,,,,,,,linear
LNPhub_R0000013,LNPhub_YX_2025,https://doi.org/10.1038/s41587-025-02928-x,LNPhub_YX_2025_LNP_000007,YX_TS7,CCCCCCCCCCCCCCSSSCC(C)OC(=O)CCN(CCO)CCCN(CCC(=O)OC(C)CSSSCCCCCCCCCCCCCC)CCC(=O)OC(C)CSSSCCCCCCCCCCCCCC,multitailed lipidoid,NCCCNCCO,primary_secondary,CCC(=O)OCCSSS,ester/thioether,3,14M,C=CC(=O)OC(C)CSSSCCCCCCCCCCCCCC,alkyl/alkenyl thiol,14M,C=CC(=O)OC(C)CSSSCCCCCCCCCCCCCC,alkyl/alkenyl thiol,14M,C=CC(=O)OC(C)CSSSCCCCCCCCCCCCCC,alkyl/alkenyl thiol,,,,,,,,,,head–linker–multi-tail,DOPE,CCCCCCCC\C=C/CCCCCCCC(=O)OC[C@H](COP(O)(=O)OCCN)OC(=O)CCCCCCC\C=C/CCCCCCCC,30.0,Cholesterol,C[C@H](CCCC(C)C)[C@H]1CC[C@@H]2[C@@]1(CC[C@H]3[C@H]2CC=C4[C@@]3(CC[C@@H](C4)O)C)C,40.0,DMG-PEG2000,,0.75,2000.0,20.0,10.0,,,,mRNA,in_vitro,in_vitro,MLG pulmonary cells,MLG pulmonary cells,,,,,,,0.3487137497061556,normalized_luminescence,83.0,0.0,0.0,69.0,1336.720793,105.61,1.0,18.0,22.1303,385.8508,0.953846,62.0,2.0,1338.349,True,False,True,biodegradable amino,,,,,,,,,,,,,,,,,,,linear
LNPhub_R0000014,LNPhub_YX_2025,https://doi.org/10.1038/s41587-025-02928-x,LNPhub_YX_2025_LNP_000007,YX_TS7,CCCCCCCCCCCCCCSSSCC(C)OC(=O)CCN(CCO)CCCN(CCC(=O)OC(C)CSSSCCCCCCCCCCCCCC)CCC(=O)OC(C)CSSSCCCCCCCCCCCCCC,multitailed lipidoid,NCCCNCCO,primary_secondary,CCC(=O)OCCSSS,ester/thioether,3,14M,C=CC(=O)OC(C)CSSSCCCCCCCCCCCCCC,alkyl/alkenyl thiol,14M,C=CC(=O)OC(C)CSSSCCCCCCCCCCCCCC,alkyl/alkenyl thiol,14M,C=CC(=O)OC(C)CSSSCCCCCCCCCCCCCC,alkyl/alkenyl thiol,,,,,,,,,,head–linker–multi-tail,DOPE,CCCCCCCC\C=C/CCCCCCCC(=O)OC[C@H](COP(O)(=O)OCCN)OC(=O)CCCCCCC\C=C/CCCCCCCC,30.0,Cholesterol,C[C@H](CCCC(C)C)[C@H]1CC[C@@H]2[C@@]1(CC[C@H]3[C@H]2CC=C4[C@@]3(CC[C@@H](C4)O)C)C,40.0,DMG-PEG2000,,0.75,2000.0,20.0,10.0,,,,mRNA,in_vitro,in_vitro,A549,A549 pulmonary cells,,,,,,,-0.0850383643423382,normalized_luminescence,83.0,0.0,0.0,69.0,1336.720793,105.61,1.0,18.0,22.1303,385.8508,0.953846,62.0,2.0,1338.349,True,False,True,biodegradable amino,,,,,,,,,,,,,,,,,,,linear
LNPhub_R0000015,LNPhub_YX_2025,https://doi.org/10.1038/s41587-025-02928-x,LNPhub_YX_2025_LNP_000008,YX_TS8,CCCCCCCCCCSSSCC(CC)OC(=O)CCN(CCO)CCCN(CCC(=O)OC(CC)CSSSCCCCCCCCCC)CCC(=O)OC(CC)CSSSCCCCCCCCCC,multitailed lipidoid,NCCCNCCO,primary_secondary,CCC(=O)OCCSSS,ester/thioether,3,10E,C=CC(=O)OC(CC)CSSSCCCCCCCCCC,alkyl/alkenyl thiol,10E,C=CC(=O)OC(CC)CSSSCCCCCCCCCC,alkyl/alkenyl thiol,10E,C=CC(=O)OC(CC)CSSSCCCCCCCCCC,alkyl/alkenyl thiol,,,,,,,,,,head–linker–multi-tail,DOPE,CCCCCCCC\C=C/CCCCCCCC(=O)OC[C@H](COP(O)(=O)OCCN)OC(=O)CCCCCCC\C=C/CCCCCCCC,30.0,Cholesterol,C[C@H](CCCC(C)C)[C@H]1CC[C@@H]2[C@@]1(CC[C@H]3[C@H]2CC=C4[C@@]3(CC[C@@H](C4)O)C)C,40.0,DMG-PEG2000,,0.75,2000.0,20.0,10.0,,,,mRNA,in_vitro,in_vitro,MLG pulmonary cells,MLG pulmonary cells,,,,,,,-0.5415086422272547,normalized_luminescence,74.0,0.0,0.0,60.0,1210.579943,105.61,1.0,18.0,18.6194,344.2978,0.946429,53.0,2.0,1212.106,True,False,True,biodegradable amino,,,,,,,,,,,,,,,,,,,linear
LNPhub_R0000016,LNPhub_YX_2025,https://doi.org/10.1038/s41587-025-02928-x,LNPhub_YX_2025_LNP_000008,YX_TS8,CCCCCCCCCCSSSCC(CC)OC(=O)CCN(CCO)CCCN(CCC(=O)OC(CC)CSSSCCCCCCCCCC)CCC(=O)OC(CC)CSSSCCCCCCCCCC,multitailed lipidoid,NCCCNCCO,primary_secondary,CCC(=O)OCCSSS,ester/thioether,3,10E,C=CC(=O)OC(CC)CSSSCCCCCCCCCC,alkyl/alkenyl thiol,10E,C=CC(=O)OC(CC)CSSSCCCCCCCCCC,alkyl/alkenyl thiol,10E,C=CC(=O)OC(CC)CSSSCCCCCCCCCC,alkyl/alkenyl thiol,,,,,,,,,,head–linker–multi-tail,DOPE,CCCCCCCC\C=C/CCCCCCCC(=O)OC[C@H](COP(O)(=O)OCCN)OC(=O)CCCCCCC\C=C/CCCCCCCC,30.0,Cholesterol,C[C@H](CCCC(C)C)[C@H]1CC[C@@H]2[C@@]1(CC[C@H]3[C@H]2CC=C4[C@@]3(CC[C@@H](C4)O)C)C,40.0,DMG-PEG2000,,0.75,2000.0,20.0,10.0,,,,mRNA,in_vitro,in_vitro,A549,A549 pulmonary cells,,,,,,,-0.5217308149656212,normalized_luminescence,74.0,0.0,0.0,60.0,1210.579943,105.61,1.0,18.0,18.6194,344.2978,0.946429,53.0,2.0,1212.106,True,False,True,biodegradable amino,,,,,,,,,,,,,,,,,,,linear
LNPhub_R0000017,LNPhub_YX_2025,https://doi.org/10.1038/s41587-025-02928-x,LNPhub_YX_2025_LNP_000009,YX_TS9,CCCCCCCCCCCCSSSCC(CC)OC(=O)CCN(CCO)CCCN(CCC(=O)OC(CC)CSSSCCCCCCCCCCCC)CCC(=O)OC(CC)CSSSCCCCCCCCCCCC,multitailed lipidoid,NCCCNCCO,primary_secondary,CCC(=O)OCCSSS,ester/thioether,3,12E,C=CC(=O)OC(CC)CSSSCCCCCCCCCCCC,alkyl/alkenyl thiol,12E,C=CC(=O)OC(CC)CSSSCCCCCCCCCCCC,alkyl/alkenyl thiol,12E,C=CC(=O)OC(CC)CSSSCCCCCCCCCCCC,alkyl/alkenyl thiol,,,,,,,,,,head–linker–multi-tail,DOPE,CCCCCCCC\C=C/CCCCCCCC(=O)OC[C@H](COP(O)(=O)OCCN)OC(=O)CCCCCCC\C=C/CCCCCCCC,30.0,Cholesterol,C[C@H](CCCC(C)C)[C@H]1CC[C@@H]2[C@@]1(CC[C@H]3[C@H]2CC=C4[C@@]3(CC[C@@H](C4)O)C)C,40.0,DMG-PEG2000,,0.75,2000.0,20.0,10.0,,,,mRNA,in_vitro,in_vitro,MLG pulmonary cells,MLG pulmonary cells,,,,,,,-0.5620807101591951,normalized_luminescence,80.0,0.0,0.0,66.0,1294.673843,105.61,1.0,18.0,20.96,371.9998,0.951613,59.0,2.0,1296.268,True,False,True,biodegradable amino,,,,,,,,,,,,,,,,,,,linear
LNPhub_R0000018,LNPhub_YX_2025,https://doi.org/10.1038/s41587-025-02928-x,LNPhub_YX_2025_LNP_000009,YX_TS9,CCCCCCCCCCCCSSSCC(CC)OC(=O)CCN(CCO)CCCN(CCC(=O)OC(CC)CSSSCCCCCCCCCCCC)CCC(=O)OC(CC)CSSSCCCCCCCCCCCC,multitailed lipidoid,NCCCNCCO,primary_secondary,CCC(=O)OCCSSS,ester/thioether,3,12E,C=CC(=O)OC(CC)CSSSCCCCCCCCCCCC,alkyl/alkenyl thiol,12E,C=CC(=O)OC(CC)CSSSCCCCCCCCCCCC,alkyl/alkenyl thiol,12E,C=CC(=O)OC(CC)CSSSCCCCCCCCCCCC,alkyl/alkenyl thiol,,,,,,,,,,head–linker–multi-tail,DOPE,CCCCCCCC\C=C/CCCCCCCC(=O)OC[C@H](COP(O)(=O)OCCN)OC(=O)CCCCCCC\C=C/CCCCCCCC,30.0,Cholesterol,C[C@H](CCCC(C)C)[C@H]1CC[C@@H]2[C@@]1(CC[C@H]3[C@H]2CC=C4[C@@]3(CC[C@@H](C4)O)C)C,40.0,DMG-PEG2000,,0.75,2000.0,20.0,10.0,,,,mRNA,in_vitro,in_vitro,A549,A549 pulmonary cells,,,,,,,-0.4145926868251725,normalized_luminescence,80.0,0.0,0.0,66.0,1294.673843,105.61,1.0,18.0,20.96,371.9998,0.951613,59.0,2.0,1296.268,True,False,True,biodegradable amino,,,,,,,,,,,,,,,,,,,linear
LNPhub_R0000019,LNPhub_YX_2025,https://doi.org/10.1038/s41587-025-02928-x,LNPhub_YX_2025_LNP_000010,YX_TS10,CCCCCCCCCCCCCCSSSCC(CC)OC(=O)CCN(CCO)CCCN(CCC(=O)OC(CC)CSSSCCCCCCCCCCCCCC)CCC(=O)OC(CC)CSSSCCCCCCCCCCCCCC,multitailed lipidoid,NCCCNCCO,primary_secondary,CCC(=O)OCCSSS,ester/thioether,3,14E,C=CC(=O)OC(CC)CSSSCCCCCCCCCCCCCC,alkyl/alkenyl thiol,14E,C=CC(=O)OC(CC)CSSSCCCCCCCCCCCCCC,alkyl/alkenyl thiol,14E,C=CC(=O)OC(CC)CSSSCCCCCCCCCCCCCC,alkyl/alkenyl thiol,,,,,,,,,,head–linker–multi-tail,DOPE,CCCCCCCC\C=C/CCCCCCCC(=O)OC[C@H](COP(O)(=O)OCCN)OC(=O)CCCCCCC\C=C/CCCCCCCC,30.0,Cholesterol,C[C@H](CCCC(C)C)[C@H]1CC[C@@H]2[C@@]1(CC[C@H]3[C@H]2CC=C4[C@@]3(CC[C@@H](C4)O)C)C,40.0,DMG-PEG2000,,0.75,2000.0,20.0,10.0,,,,mRNA,in_vitro,in_vitro,MLG pulmonary cells,MLG pulmonary cells,,,,,,,2.5872419842183088,normalized_luminescence,86.0,0.0,0.0,72.0,1378.767744,105.61,1.0,18.0,23.3006,399.7018,0.955882,65.0,2.0,1380.43,True,False,True,biodegradable amino,,,,,,,,,,,,,,,,,,,linear
LNPhub_R0000020,LNPhub_YX_2025,https://doi.org/10.1038/s41587-025-02928-x,LNPhub_YX_2025_LNP_000010,YX_TS10,CCCCCCCCCCCCCCSSSCC(CC)OC(=O)CCN(CCO)CCCN(CCC(=O)OC(CC)CSSSCCCCCCCCCCCCCC)CCC(=O)OC(CC)CSSSCCCCCCCCCCCCCC,multitailed lipidoid,NCCCNCCO,primary_secondary,CCC(=O)OCCSSS,ester/thioether,3,14E,C=CC(=O)OC(CC)CSSSCCCCCCCCCCCCCC,alkyl/alkenyl thiol,14E,C=CC(=O)OC(CC)CSSSCCCCCCCCCCCCCC,alkyl/alkenyl thiol,14E,C=CC(=O)OC(CC)CSSSCCCCCCCCCCCCCC,alkyl/alkenyl thiol,,,,,,,,,,head–linker–multi-tail,DOPE,CCCCCCCC\C=C/CCCCCCCC(=O)OC[C@H](COP(O)(=O)OCCN)OC(=O)CCCCCCC\C=C/CCCCCCCC,30.0,Cholesterol,C[C@H](CCCC(C)C)[C@H]1CC[C@@H]2[C@@]1(CC[C@H]3[C@H]2CC=C4[C@@]3(CC[C@@H](C4)O)C)C,40.0,DMG-PEG2000,,0.75,2000.0,20.0,10.0,,,,mRNA,in_vitro,in_vitro,A549,A549 pulmonary cells,,,,,,,0.0322685135200198,normalized_luminescence,86.0,0.0,0.0,72.0,1378.767744,105.61,1.0,18.0,23.3006,399.7018,0.955882,65.0,2.0,1380.43,True,False,True,biodegradable amino,,,,,,,,,,,,,,,,,,,linear
LNPhub_R0000021,LNPhub_YX_2025,https://doi.org/10.1038/s41587-025-02928-x,LNPhub_YX_2025_LNP_000011,YX_TS11,CCCCCCCCCCSSSCCOC(=O)CCN(C)CCCN(CCC(=O)OCCSSSCCCCCCCCCC)CCC(=O)OCCSSSCCCCCCCCCC,multitailed lipidoid,CNCCCN,primary_secondary,CCC(=O)OCCSSS,ester/thioether,3,10H,C=CC(=O)OCCSSSCCCCCCCCCC,alkyl/alkenyl thiol,10H,C=CC(=O)OCCSSSCCCCCCCCCC,alkyl/alkenyl thiol,10H,C=CC(=O)OCCSSSCCCCCCCCCC,alkyl/alkenyl thiol,,,,,,,,,,head–linker–multi-tail,DOPE,CCCCCCCC\C=C/CCCCCCCC(=O)OC[C@H](COP(O)(=O)OCCN)OC(=O)CCCCCCC\C=C/CCCCCCCC,30.0,Cholesterol,C[C@H](CCCC(C)C)[C@H]1CC[C@@H]2[C@@]1(CC[C@H]3[C@H]2CC=C4[C@@]3(CC[C@@H](C4)O)C)C,40.0,DMG-PEG2000,,0.75,2000.0,20.0,10.0,,,,mRNA,in_vitro,in_vitro,MLG pulmonary cells,MLG pulmonary cells,,,,,,,1.5481550222968985,normalized_luminescence,66.0,0.0,0.0,55.0,1096.475478,85.38,0.0,17.0,16.9211,310.633,0.938776,46.0,2.0,1097.918,True,False,True,biodegradable amino,,,,,,,,,,,,,,,,,,,linear
LNPhub_R0000022,LNPhub_YX_2025,https://doi.org/10.1038/s41587-025-02928-x,LNPhub_YX_2025_LNP_000011,YX_TS11,CCCCCCCCCCSSSCCOC(=O)CCN(C)CCCN(CCC(=O)OCCSSSCCCCCCCCCC)CCC(=O)OCCSSSCCCCCCCCCC,multitailed lipidoid,CNCCCN,primary_secondary,CCC(=O)OCCSSS,ester/thioether,3,10H,C=CC(=O)OCCSSSCCCCCCCCCC,alkyl/alkenyl thiol,10H,C=CC(=O)OCCSSSCCCCCCCCCC,alkyl/alkenyl thiol,10H,C=CC(=O)OCCSSSCCCCCCCCCC,alkyl/alkenyl thiol,,,,,,,,,,head–linker–multi-tail,DOPE,CCCCCCCC\C=C/CCCCCCCC(=O)OC[C@H](COP(O)(=O)OCCN)OC(=O)CCCCCCC\C=C/CCCCCCCC,30.0,Cholesterol,C[C@H](CCCC(C)C)[C@H]1CC[C@@H]2[C@@]1(CC[C@H]3[C@H]2CC=C4[C@@]3(CC[C@@H](C4)O)C)C,40.0,DMG-PEG2000,,0.75,2000.0,20.0,10.0,,,,mRNA,in_vitro,in_vitro,A549,A549 pulmonary cells,,,,,,,0.4880721230702745,normalized_luminescence,66.0,0.0,0.0,55.0,1096.475478,85.38,0.0,17.0,16.9211,310.633,0.938776,46.0,2.0,1097.918,True,False,True,biodegradable amino,,,,,,,,,,,,,,,,,,,linear
LNPhub_R0000023,LNPhub_YX_2025,https://doi.org/10.1038/s41587-025-02928-x,LNPhub_YX_2025_LNP_000012,YX_TS12,CCCCCCCCCCCCSSSCCOC(=O)CCN(C)CCCN(CCC(=O)OCCSSSCCCCCCCCCCCC)CCC(=O)OCCSSSCCCCCCCCCCCC,multitailed lipidoid,CNCCCN,primary_secondary,CCC(=O)OCCSSS,ester/thioether,3,12H,C=CC(=O)OCCSSSCCCCCCCCCCCC,alkyl/alkenyl thiol,12H,C=CC(=O)OCCSSSCCCCCCCCCCCC,alkyl/alkenyl thiol,12H,C=CC(=O)OCCSSSCCCCCCCCCCCC,alkyl/alkenyl thiol,,,,,,,,,,head–linker–multi-tail,DOPE,CCCCCCCC\C=C/CCCCCCCC(=O)OC[C@H](COP(O)(=O)OCCN)OC(=O)CCCCCCC\C=C/CCCCCCCC,30.0,Cholesterol,C[C@H](CCCC(C)C)[C@H]1CC[C@@H]2[C@@]1(CC[C@H]3[C@H]2CC=C4[C@@]3(CC[C@@H](C4)O)C)C,40.0,DMG-PEG2000,,0.75,2000.0,20.0,10.0,,,,mRNA,in_vitro,in_vitro,MLG pulmonary cells,MLG pulmonary cells,,,,,,,-0.3323064727157276,normalized_luminescence,72.0,0.0,0.0,61.0,1180.569378,85.38,0.0,17.0,19.2617,338.335,0.945455,52.0,2.0,1182.08,True,False,True,biodegradable amino,,,,,,,,,,,,,,,,,,,linear
LNPhub_R0000024,LNPhub_YX_2025,https://doi.org/10.1038/s41587-025-02928-x,LNPhub_YX_2025_LNP_000012,YX_TS12,CCCCCCCCCCCCSSSCCOC(=O)CCN(C)CCCN(CCC(=O)OCCSSSCCCCCCCCCCCC)CCC(=O)OCCSSSCCCCCCCCCCCC,multitailed lipidoid,CNCCCN,primary_secondary,CCC(=O)OCCSSS,ester/thioether,3,12H,C=CC(=O)OCCSSSCCCCCCCCCCCC,alkyl/alkenyl thiol,12H,C=CC(=O)OCCSSSCCCCCCCCCCCC,alkyl/alkenyl thiol,12H,C=CC(=O)OCCSSSCCCCCCCCCCCC,alkyl/alkenyl thiol,,,,,,,,,,head–linker–multi-tail,DOPE,CCCCCCCC\C=C/CCCCCCCC(=O)OC[C@H](COP(O)(=O)OCCN)OC(=O)CCCCCCC\C=C/CCCCCCCC,30.0,Cholesterol,C[C@H](CCCC(C)C)[C@H]1CC[C@@H]2[C@@]1(CC[C@H]3[C@H]2CC=C4[C@@]3(CC[C@@H](C4)O)C)C,40.0,DMG-PEG2000,,0.75,2000.0,20.0,10.0,,,,mRNA,in_vitro,in_vitro,A549,A549 pulmonary cells,,,,,,,0.3260593720375554,normalized_luminescence,72.0,0.0,0.0,61.0,1180.569378,85.38,0.0,17.0,19.2617,338.335,0.945455,52.0,2.0,1182.08,True,False,True,biodegradable amino,,,,,,,,,,,,,,,,,,,linear
LNPhub_R0000025,LNPhub_YX_2025,https://doi.org/10.1038/s41587-025-02928-x,LNPhub_YX_2025_LNP_000013,YX_TS13,CCCCCCCCCCCCCCSSSCCOC(=O)CCN(C)CCCN(CCC(=O)OCCSSSCCCCCCCCCCCCCC)CCC(=O)OCCSSSCCCCCCCCCCCCCC,multitailed lipidoid,CNCCCN,primary_secondary,CCC(=O)OCCSSS,ester/thioether,3,14H,C=CC(=O)OCCSSSCCCCCCCCCCCCCC,alkyl/alkenyl thiol,14H,C=CC(=O)OCCSSSCCCCCCCCCCCCCC,alkyl/alkenyl thiol,14H,C=CC(=O)OCCSSSCCCCCCCCCCCCCC,alkyl/alkenyl thiol,,,,,,,,,,head–linker–multi-tail,DOPE,CCCCCCCC\C=C/CCCCCCCC(=O)OC[C@H](COP(O)(=O)OCCN)OC(=O)CCCCCCC\C=C/CCCCCCCC,30.0,Cholesterol,C[C@H](CCCC(C)C)[C@H]1CC[C@@H]2[C@@]1(CC[C@H]3[C@H]2CC=C4[C@@]3(CC[C@@H](C4)O)C)C,40.0,DMG-PEG2000,,0.75,2000.0,20.0,10.0,,,,mRNA,in_vitro,in_vitro,MLG pulmonary cells,MLG pulmonary cells,,,,,,,0.044807639542949,normalized_luminescence,78.0,0.0,0.0,67.0,1264.663279,85.38,0.0,17.0,21.6023,366.037,0.95082,58.0,2.0,1266.242,True,False,True,biodegradable amino,,,,,,,,,,,,,,,,,,,linear
LNPhub_R0000026,LNPhub_YX_2025,https://doi.org/10.1038/s41587-025-02928-x,LNPhub_YX_2025_LNP_000013,YX_TS13,CCCCCCCCCCCCCCSSSCCOC(=O)CCN(C)CCCN(CCC(=O)OCCSSSCCCCCCCCCCCCCC)CCC(=O)OCCSSSCCCCCCCCCCCCCC,multitailed lipidoid,CNCCCN,primary_secondary,CCC(=O)OCCSSS,ester/thioether,3,14H,C=CC(=O)OCCSSSCCCCCCCCCCCCCC,alkyl/alkenyl thiol,14H,C=CC(=O)OCCSSSCCCCCCCCCCCCCC,alkyl/alkenyl thiol,14H,C=CC(=O)OCCSSSCCCCCCCCCCCCCC,alkyl/alkenyl thiol,,,,,,,,,,head–linker–multi-tail,DOPE,CCCCCCCC\C=C/CCCCCCCC(=O)OC[C@H](COP(O)(=O)OCCN)OC(=O)CCCCCCC\C=C/CCCCCCCC,30.0,Cholesterol,C[C@H](CCCC(C)C)[C@H]1CC[C@@H]2[C@@]1(CC[C@H]3[C@H]2CC=C4[C@@]3(CC[C@@H](C4)O)C)C,40.0,DMG-PEG2000,,0.75,2000.0,20.0,10.0,,,,mRNA,in_vitro,in_vitro,A549,A549 pulmonary cells,,,,,,,-0.288545046352804,normalized_luminescence,78.0,0.0,0.0,67.0,1264.663279,85.38,0.0,17.0,21.6023,366.037,0.95082,58.0,2.0,1266.242,True,False,True,biodegradable amino,,,,,,,,,,,,,,,,,,,linear
LNPhub_R0000027,LNPhub_YX_2025,https://doi.org/10.1038/s41587-025-02928-x,LNPhub_YX_2025_LNP_000014,YX_TS14,CCCCCCCCC(CCCCCC)SSSCCOC(=O)CCN(C)CCCN(CCC(=O)OCCSSSC(CCCCCC)CCCCCCCC)CCC(=O)OCCSSSC(CCCCCC)CCCCCCCC,multitailed lipidoid,CNCCCN,primary_secondary,CCC(=O)OCCSSS,ester/thioether,3,10B6,C=CC(=O)OCCSSSC(CCCCCC)CCCCCCCC,alkyl/alkenyl thiol,10B6,C=CC(=O)OCCSSSC(CCCCCC)CCCCCCCC,alkyl/alkenyl thiol,10B6,C=CC(=O)OCCSSSC(CCCCCC)CCCCCCCC,alkyl/alkenyl thiol,,,,,,,,,,head–linker–multi-tail,DOPE,CCCCCCCC\C=C/CCCCCCCC(=O)OC[C@H](COP(O)(=O)OCCN)OC(=O)CCCCCCC\C=C/CCCCCCCC,30.0,Cholesterol,C[C@H](CCCC(C)C)[C@H]1CC[C@@H]2[C@@]1(CC[C@H]3[C@H]2CC=C4[C@@]3(CC[C@@H](C4)O)C)C,40.0,DMG-PEG2000,,0.75,2000.0,20.0,10.0,,,,mRNA,in_vitro,in_vitro,MLG pulmonary cells,MLG pulmonary cells,,,,,,,-0.6092618981647357,normalized_luminescence,81.0,0.0,0.0,67.0,1306.710229,85.38,0.0,17.0,22.7678,379.822,0.953125,61.0,2.0,1308.323,True,False,True,biodegradable amino,,,,,,,,,,,,,,,,,,,linear
LNPhub_R0000028,LNPhub_YX_2025,https://doi.org/10.1038/s41587-025-02928-x,LNPhub_YX_2025_LNP_000014,YX_TS14,CCCCCCCCC(CCCCCC)SSSCCOC(=O)CCN(C)CCCN(CCC(=O)OCCSSSC(CCCCCC)CCCCCCCC)CCC(=O)OCCSSSC(CCCCCC)CCCCCCCC,multitailed lipidoid,CNCCCN,primary_secondary,CCC(=O)OCCSSS,ester/thioether,3,10B6,C=CC(=O)OCCSSSC(CCCCCC)CCCCCCCC,alkyl/alkenyl thiol,10B6,C=CC(=O)OCCSSSC(CCCCCC)CCCCCCCC,alkyl/alkenyl thiol,10B6,C=CC(=O)OCCSSSC(CCCCCC)CCCCCCCC,alkyl/alkenyl thiol,,,,,,,,,,head–linker–multi-tail,DOPE,CCCCCCCC\C=C/CCCCCCCC(=O)OC[C@H](COP(O)(=O)OCCN)OC(=O)CCCCCCC\C=C/CCCCCCCC,30.0,Cholesterol,C[C@H](CCCC(C)C)[C@H]1CC[C@@H]2[C@@]1(CC[C@H]3[C@H]2CC=C4[C@@]3(CC[C@@H](C4)O)C)C,40.0,DMG-PEG2000,,0.75,2000.0,20.0,10.0,,,,mRNA,in_vitro,in_vitro,A549,A549 pulmonary cells,,,,,,,-0.6122948275637836,normalized_luminescence,81.0,0.0,0.0,67.0,1306.710229,85.38,0.0,17.0,22.7678,379.822,0.953125,61.0,2.0,1308.323,True,False,True,biodegradable amino,,,,,,,,,,,,,,,,,,,linear
LNPhub_R0000029,LNPhub_YX_2025,https://doi.org/10.1038/s41587-025-02928-x,LNPhub_YX_2025_LNP_000015,YX_TS15,CCCCCCCCCCSSSCC(C)OC(=O)CCN(C)CCCN(CCC(=O)OC(C)CSSSCCCCCCCCCC)CCC(=O)OC(C)CSSSCCCCCCCCCC,multitailed lipidoid,CNCCCN,primary_secondary,CCC(=O)OCCSSS,ester/thioether,3,10M,C=CC(=O)OC(C)CSSSCCCCCCCCCC,alkyl/alkenyl thiol,10M,C=CC(=O)OC(C)CSSSCCCCCCCCCC,alkyl/alkenyl thiol,10M,C=CC(=O)OC(C)CSSSCCCCCCCCCC,alkyl/alkenyl thiol,,,,,,,,,,head–linker–multi-tail,DOPE,CCCCCCCC\C=C/CCCCCCCC(=O)OC[C@H](COP(O)(=O)OCCN)OC(=O)CCCCCCC\C=C/CCCCCCCC,30.0,Cholesterol,C[C@H](CCCC(C)C)[C@H]1CC[C@@H]2[C@@]1(CC[C@H]3[C@H]2CC=C4[C@@]3(CC[C@@H](C4)O)C)C,40.0,DMG-PEG2000,,0.75,2000.0,20.0,10.0,,,,mRNA,in_vitro,in_vitro,MLG pulmonary cells,MLG pulmonary cells,,,,,,,-0.2087362046968555,normalized_luminescence,69.0,0.0,0.0,55.0,1138.522428,85.38,0.0,17.0,18.0866,324.418,0.942308,49.0,2.0,1139.999,True,False,True,biodegradable amino,,,,,,,,,,,,,,,,,,,linear
LNPhub_R0000030,LNPhub_YX_2025,https://doi.org/10.1038/s41587-025-02928-x,LNPhub_YX_2025_LNP_000015,YX_TS15,CCCCCCCCCCSSSCC(C)OC(=O)CCN(C)CCCN(CCC(=O)OC(C)CSSSCCCCCCCCCC)CCC(=O)OC(C)CSSSCCCCCCCCCC,multitailed lipidoid,CNCCCN,primary_secondary,CCC(=O)OCCSSS,ester/thioether,3,10M,C=CC(=O)OC(C)CSSSCCCCCCCCCC,alkyl/alkenyl thiol,10M,C=CC(=O)OC(C)CSSSCCCCCCCCCC,alkyl/alkenyl thiol,10M,C=CC(=O)OC(C)CSSSCCCCCCCCCC,alkyl/alkenyl thiol,,,,,,,,,,head–linker–multi-tail,DOPE,CCCCCCCC\C=C/CCCCCCCC(=O)OC[C@H](COP(O)(=O)OCCN)OC(=O)CCCCCCC\C=C/CCCCCCCC,30.0,Cholesterol,C[C@H](CCCC(C)C)[C@H]1CC[C@@H]2[C@@]1(CC[C@H]3[C@H]2CC=C4[C@@]3(CC[C@@H](C4)O)C)C,40.0,DMG-PEG2000,,0.75,2000.0,20.0,10.0,,,,mRNA,in_vitro,in_vitro,A549,A549 pulmonary cells,,,,,,,1.3381092292754595,normalized_luminescence,69.0,0.0,0.0,55.0,1138.522428,85.38,0.0,17.0,18.0866,324.418,0.942308,49.0,2.0,1139.999,True,False,True,biodegradable amino,,,,,,,,,,,,,,,,,,,linear
LNPhub_R0000031,LNPhub_YX_2025,https://doi.org/10.1038/s41587-025-02928-x,LNPhub_YX_2025_LNP_000016,YX_TS16,CCCCCCCCCCCCSSSCC(C)OC(=O)CCN(C)CCCN(CCC(=O)OC(C)CSSSCCCCCCCCCCCC)CCC(=O)OC(C)CSSSCCCCCCCCCCCC,multitailed lipidoid,CNCCCN,primary_secondary,CCC(=O)OCCSSS,ester/thioether,3,12M,C=CC(=O)OC(C)CSSSCCCCCCCCCCCC,alkyl/alkenyl thiol,12M,C=CC(=O)OC(C)CSSSCCCCCCCCCCCC,alkyl/alkenyl thiol,12M,C=CC(=O)OC(C)CSSSCCCCCCCCCCCC,alkyl/alkenyl thiol,,,,,,,,,,head–linker–multi-tail,DOPE,CCCCCCCC\C=C/CCCCCCCC(=O)OC[C@H](COP(O)(=O)OCCN)OC(=O)CCCCCCC\C=C/CCCCCCCC,30.0,Cholesterol,C[C@H](CCCC(C)C)[C@H]1CC[C@@H]2[C@@]1(CC[C@H]3[C@H]2CC=C4[C@@]3(CC[C@@H](C4)O)C)C,40.0,DMG-PEG2000,,0.75,2000.0,20.0,10.0,,,,mRNA,in_vitro,in_vitro,MLG pulmonary cells,MLG pulmonary cells,,,,,,,-0.0341370024199195,normalized_luminescence,75.0,0.0,0.0,61.0,1222.616328,85.38,0.0,17.0,20.4272,352.12,0.948276,55.0,2.0,1224.161,True,False,True,biodegradable amino,,,,,,,,,,,,,,,,,,,linear
LNPhub_R0000032,LNPhub_YX_2025,https://doi.org/10.1038/s41587-025-02928-x,LNPhub_YX_2025_LNP_000016,YX_TS16,CCCCCCCCCCCCSSSCC(C)OC(=O)CCN(C)CCCN(CCC(=O)OC(C)CSSSCCCCCCCCCCCC)CCC(=O)OC(C)CSSSCCCCCCCCCCCC,multitailed lipidoid,CNCCCN,primary_secondary,CCC(=O)OCCSSS,ester/thioether,3,12M,C=CC(=O)OC(C)CSSSCCCCCCCCCCCC,alkyl/alkenyl thiol,12M,C=CC(=O)OC(C)CSSSCCCCCCCCCCCC,alkyl/alkenyl thiol,12M,C=CC(=O)OC(C)CSSSCCCCCCCCCCCC,alkyl/alkenyl thiol,,,,,,,,,,head–linker–multi-tail,DOPE,CCCCCCCC\C=C/CCCCCCCC(=O)OC[C@H](COP(O)(=O)OCCN)OC(=O)CCCCCCC\C=C/CCCCCCCC,30.0,Cholesterol,C[C@H](CCCC(C)C)[C@H]1CC[C@@H]2[C@@]1(CC[C@H]3[C@H]2CC=C4[C@@]3(CC[C@@H](C4)O)C)C,40.0,DMG-PEG2000,,0.75,2000.0,20.0,10.0,,,,mRNA,in_vitro,in_vitro,A549,A549 pulmonary cells,,,,,,,-0.3694835204647074,normalized_luminescence,75.0,0.0,0.0,61.0,1222.616328,85.38,0.0,17.0,20.4272,352.12,0.948276,55.0,2.0,1224.161,True,False,True,biodegradable amino,,,,,,,,,,,,,,,,,,,linear
LNPhub_R0000033,LNPhub_YX_2025,https://doi.org/10.1038/s41587-025-02928-x,LNPhub_YX_2025_LNP_000017,YX_TS17,CCCCCCCCCCCCCCSSSCC(C)OC(=O)CCN(C)CCCN(CCC(=O)OC(C)CSSSCCCCCCCCCCCCCC)CCC(=O)OC(C)CSSSCCCCCCCCCCCCCC,multitailed lipidoid,CNCCCN,primary_secondary,CCC(=O)OCCSSS,ester/thioether,3,14M,C=CC(=O)OC(C)CSSSCCCCCCCCCCCCCC,alkyl/alkenyl thiol,14M,C=CC(=O)OC(C)CSSSCCCCCCCCCCCCCC,alkyl/alkenyl thiol,14M,C=CC(=O)OC(C)CSSSCCCCCCCCCCCCCC,alkyl/alkenyl thiol,,,,,,,,,,head–linker–multi-tail,DOPE,CCCCCCCC\C=C/CCCCCCCC(=O)OC[C@H](COP(O)(=O)OCCN)OC(=O)CCCCCCC\C=C/CCCCCCCC,30.0,Cholesterol,C[C@H](CCCC(C)C)[C@H]1CC[C@@H]2[C@@]1(CC[C@H]3[C@H]2CC=C4[C@@]3(CC[C@@H](C4)O)C)C,40.0,DMG-PEG2000,,0.75,2000.0,20.0,10.0,,,,mRNA,in_vitro,in_vitro,MLG pulmonary cells,MLG pulmonary cells,,,,,,,-0.5938523945897907,normalized_luminescence,81.0,0.0,0.0,67.0,1306.710229,85.38,0.0,17.0,22.7678,379.822,0.953125,61.0,2.0,1308.323,True,False,True,biodegradable amino,,,,,,,,,,,,,,,,,,,linear
LNPhub_R0000034,LNPhub_YX_2025,https://doi.org/10.1038/s41587-025-02928-x,LNPhub_YX_2025_LNP_000017,YX_TS17,CCCCCCCCCCCCCCSSSCC(C)OC(=O)CCN(C)CCCN(CCC(=O)OC(C)CSSSCCCCCCCCCCCCCC)CCC(=O)OC(C)CSSSCCCCCCCCCCCCCC,multitailed lipidoid,CNCCCN,primary_secondary,CCC(=O)OCCSSS,ester/thioether,3,14M,C=CC(=O)OC(C)CSSSCCCCCCCCCCCCCC,alkyl/alkenyl thiol,14M,C=CC(=O)OC(C)CSSSCCCCCCCCCCCCCC,alkyl/alkenyl thiol,14M,C=CC(=O)OC(C)CSSSCCCCCCCCCCCCCC,alkyl/alkenyl thiol,,,,,,,,,,head–linker–multi-tail,DOPE,CCCCCCCC\C=C/CCCCCCCC(=O)OC[C@H](COP(O)(=O)OCCN)OC(=O)CCCCCCC\C=C/CCCCCCCC,30.0,Cholesterol,C[C@H](CCCC(C)C)[C@H]1CC[C@@H]2[C@@]1(CC[C@H]3[C@H]2CC=C4[C@@]3(CC[C@@H](C4)O)C)C,40.0,DMG-PEG2000,,0.75,2000.0,20.0,10.0,,,,mRNA,in_vitro,in_vitro,A549,A549 pulmonary cells,,,,,,,-0.2753598281783817,normalized_luminescence,81.0,0.0,0.0,67.0,1306.710229,85.38,0.0,17.0,22.7678,379.822,0.953125,61.0,2.0,1308.323,True,False,True,biodegradable amino,,,,,,,,,,,,,,,,,,,linear
LNPhub_R0000035,LNPhub_YX_2025,https://doi.org/10.1038/s41587-025-02928-x,LNPhub_YX_2025_LNP_000018,YX_TS18,CCCCCCCCCCSSSCC(CC)OC(=O)CCN(C)CCCN(CCC(=O)OC(CC)CSSSCCCCCCCCCC)CCC(=O)OC(CC)CSSSCCCCCCCCCC,multitailed lipidoid,CNCCCN,primary_secondary,CCC(=O)OCCSSS,ester/thioether,3,10E,C=CC(=O)OC(CC)CSSSCCCCCCCCCC,alkyl/alkenyl thiol,10E,C=CC(=O)OC(CC)CSSSCCCCCCCCCC,alkyl/alkenyl thiol,10E,C=CC(=O)OC(CC)CSSSCCCCCCCCCC,alkyl/alkenyl thiol,,,,,,,,,,head–linker–multi-tail,DOPE,CCCCCCCC\C=C/CCCCCCCC(=O)OC[C@H](COP(O)(=O)OCCN)OC(=O)CCCCCCC\C=C/CCCCCCCC,30.0,Cholesterol,C[C@H](CCCC(C)C)[C@H]1CC[C@@H]2[C@@]1(CC[C@H]3[C@H]2CC=C4[C@@]3(CC[C@@H](C4)O)C)C,40.0,DMG-PEG2000,,0.75,2000.0,20.0,10.0,,,,mRNA,in_vitro,in_vitro,MLG pulmonary cells,MLG pulmonary cells,,,,,,,-0.5849490801327485,normalized_luminescence,72.0,0.0,0.0,58.0,1180.569378,85.38,0.0,17.0,19.2569,338.269,0.945455,52.0,2.0,1182.08,True,False,True,biodegradable amino,,,,,,,,,,,,,,,,,,,linear
LNPhub_R0000036,LNPhub_YX_2025,https://doi.org/10.1038/s41587-025-02928-x,LNPhub_YX_2025_LNP_000018,YX_TS18,CCCCCCCCCCSSSCC(CC)OC(=O)CCN(C)CCCN(CCC(=O)OC(CC)CSSSCCCCCCCCCC)CCC(=O)OC(CC)CSSSCCCCCCCCCC,multitailed lipidoid,CNCCCN,primary_secondary,CCC(=O)OCCSSS,ester/thioether,3,10E,C=CC(=O)OC(CC)CSSSCCCCCCCCCC,alkyl/alkenyl thiol,10E,C=CC(=O)OC(CC)CSSSCCCCCCCCCC,alkyl/alkenyl thiol,10E,C=CC(=O)OC(CC)CSSSCCCCCCCCCC,alkyl/alkenyl thiol,,,,,,,,,,head–linker–multi-tail,DOPE,CCCCCCCC\C=C/CCCCCCCC(=O)OC[C@H](COP(O)(=O)OCCN)OC(=O)CCCCCCC\C=C/CCCCCCCC,30.0,Cholesterol,C[C@H](CCCC(C)C)[C@H]1CC[C@@H]2[C@@]1(CC[C@H]3[C@H]2CC=C4[C@@]3(CC[C@@H](C4)O)C)C,40.0,DMG-PEG2000,,0.75,2000.0,20.0,10.0,,,,mRNA,in_vitro,in_vitro,A549,A549 pulmonary cells,,,,,,,-0.086122729195322,normalized_luminescence,72.0,0.0,0.0,58.0,1180.569378,85.38,0.0,17.0,19.2569,338.269,0.945455,52.0,2.0,1182.08,True,False,True,biodegradable amino,,,,,,,,,,,,,,,,,,,linear
LNPhub_R0000037,LNPhub_YX_2025,https://doi.org/10.1038/s41587-025-02928-x,LNPhub_YX_2025_LNP_000019,YX_TS19,CCCCCCCCCCCCSSSCC(CC)OC(=O)CCN(C)CCCN(CCC(=O)OC(CC)CSSSCCCCCCCCCCCC)CCC(=O)OC(CC)CSSSCCCCCCCCCCCC,multitailed lipidoid,CNCCCN,primary_secondary,CCC(=O)OCCSSS,ester/thioether,3,12E,C=CC(=O)OC(CC)CSSSCCCCCCCCCCCC,alkyl/alkenyl thiol,12E,C=CC(=O)OC(CC)CSSSCCCCCCCCCCCC,alkyl/alkenyl thiol,12E,C=CC(=O)OC(CC)CSSSCCCCCCCCCCCC,alkyl/alkenyl thiol,,,,,,,,,,head–linker–multi-tail,DOPE,CCCCCCCC\C=C/CCCCCCCC(=O)OC[C@H](COP(O)(=O)OCCN)OC(=O)CCCCCCC\C=C/CCCCCCCC,30.0,Cholesterol,C[C@H](CCCC(C)C)[C@H]1CC[C@@H]2[C@@]1(CC[C@H]3[C@H]2CC=C4[C@@]3(CC[C@@H](C4)O)C)C,40.0,DMG-PEG2000,,0.75,2000.0,20.0,10.0,,,,mRNA,in_vitro,in_vitro,MLG pulmonary cells,MLG pulmonary cells,,,,,,,-0.5834470187614426,normalized_luminescence,78.0,0.0,0.0,64.0,1264.663279,85.38,0.0,17.0,21.5975,365.971,0.95082,58.0,2.0,1266.242,True,False,True,biodegradable amino,,,,,,,,,,,,,,,,,,,linear
LNPhub_R0000038,LNPhub_YX_2025,https://doi.org/10.1038/s41587-025-02928-x,LNPhub_YX_2025_LNP_000019,YX_TS19,CCCCCCCCCCCCSSSCC(CC)OC(=O)CCN(C)CCCN(CCC(=O)OC(CC)CSSSCCCCCCCCCCCC)CCC(=O)OC(CC)CSSSCCCCCCCCCCCC,multitailed lipidoid,CNCCCN,primary_secondary,CCC(=O)OCCSSS,ester/thioether,3,12E,C=CC(=O)OC(CC)CSSSCCCCCCCCCCCC,alkyl/alkenyl thiol,12E,C=CC(=O)OC(CC)CSSSCCCCCCCCCCCC,alkyl/alkenyl thiol,12E,C=CC(=O)OC(CC)CSSSCCCCCCCCCCCC,alkyl/alkenyl thiol,,,,,,,,,,head–linker–multi-tail,DOPE,CCCCCCCC\C=C/CCCCCCCC(=O)OC[C@H](COP(O)(=O)OCCN)OC(=O)CCCCCCC\C=C/CCCCCCCC,30.0,Cholesterol,C[C@H](CCCC(C)C)[C@H]1CC[C@@H]2[C@@]1(CC[C@H]3[C@H]2CC=C4[C@@]3(CC[C@@H](C4)O)C)C,40.0,DMG-PEG2000,,0.75,2000.0,20.0,10.0,,,,mRNA,in_vitro,in_vitro,A549,A549 pulmonary cells,,,,,,,-0.5336300216920078,normalized_luminescence,78.0,0.0,0.0,64.0,1264.663279,85.38,0.0,17.0,21.5975,365.971,0.95082,58.0,2.0,1266.242,True,False,True,biodegradable amino,,,,,,,,,,,,,,,,,,,linear
LNPhub_R0000039,LNPhub_YX_2025,https://doi.org/10.1038/s41587-025-02928-x,LNPhub_YX_2025_LNP_000020,YX_TS20,CCCCCCCCCCCCCCSSSCC(CC)OC(=O)CCN(C)CCCN(CCC(=O)OC(CC)CSSSCCCCCCCCCCCCCC)CCC(=O)OC(CC)CSSSCCCCCCCCCCCCCC,multitailed lipidoid,CNCCCN,primary_secondary,CCC(=O)OCCSSS,ester/thioether,3,14E,C=CC(=O)OC(CC)CSSSCCCCCCCCCCCCCC,alkyl/alkenyl thiol,14E,C=CC(=O)OC(CC)CSSSCCCCCCCCCCCCCC,alkyl/alkenyl thiol,14E,C=CC(=O)OC(CC)CSSSCCCCCCCCCCCCCC,alkyl/alkenyl thiol,,,,,,,,,,head–linker–multi-tail,DOPE,CCCCCCCC\C=C/CCCCCCCC(=O)OC[C@H](COP(O)(=O)OCCN)OC(=O)CCCCCCC\C=C/CCCCCCCC,30.0,Cholesterol,C[C@H](CCCC(C)C)[C@H]1CC[C@@H]2[C@@]1(CC[C@H]3[C@H]2CC=C4[C@@]3(CC[C@@H](C4)O)C)C,40.0,DMG-PEG2000,,0.75,2000.0,20.0,10.0,,,,mRNA,in_vitro,in_vitro,MLG pulmonary cells,MLG pulmonary cells,,,,,,,-0.4613788121138764,normalized_luminescence,84.0,0.0,0.0,70.0,1348.757179,85.38,0.0,17.0,23.9381,393.673,0.955224,64.0,2.0,1350.404,True,False,True,biodegradable amino,,,,,,,,,,,,,,,,,,,linear
LNPhub_R0000040,LNPhub_YX_2025,https://doi.org/10.1038/s41587-025-02928-x,LNPhub_YX_2025_LNP_000020,YX_TS20,CCCCCCCCCCCCCCSSSCC(CC)OC(=O)CCN(C)CCCN(CCC(=O)OC(CC)CSSSCCCCCCCCCCCCCC)CCC(=O)OC(CC)CSSSCCCCCCCCCCCCCC,multitailed lipidoid,CNCCCN,primary_secondary,CCC(=O)OCCSSS,ester/thioether,3,14E,C=CC(=O)OC(CC)CSSSCCCCCCCCCCCCCC,alkyl/alkenyl thiol,14E,C=CC(=O)OC(CC)CSSSCCCCCCCCCCCCCC,alkyl/alkenyl thiol,14E,C=CC(=O)OC(CC)CSSSCCCCCCCCCCCCCC,alkyl/alkenyl thiol,,,,,,,,,,head–linker–multi-tail,DOPE,CCCCCCCC\C=C/CCCCCCCC(=O)OC[C@H](COP(O)(=O)OCCN)OC(=O)CCCCCCC\C=C/CCCCCCCC,30.0,Cholesterol,C[C@H](CCCC(C)C)[C@H]1CC[C@@H]2[C@@]1(CC[C@H]3[C@H]2CC=C4[C@@]3(CC[C@@H](C4)O)C)C,40.0,DMG-PEG2000,,0.75,2000.0,20.0,10.0,,,,mRNA,in_vitro,in_vitro,A549,A549 pulmonary cells,,,,,,,-0.584681589751557,normalized_luminescence,84.0,0.0,0.0,70.0,1348.757179,85.38,0.0,17.0,23.9381,393.673,0.955224,64.0,2.0,1350.404,True,False,True,biodegradable amino,,,,,,,,,,,,,,,,,,,linear
LNPhub_R0000041,LNPhub_YX_2025,https://doi.org/10.1038/s41587-025-02928-x,LNPhub_YX_2025_LNP_000021,YX_TS21,CCCCCCCCCCSSSCCOC(=O)CCN(CCCN(C)C)CCC(=O)OCCSSSCCCCCCCCCC,multitailed lipidoid,CN(CCCN)C,primary_tertiary,CCC(=O)OCCSSS,ester/thioether,2,10H,C=CC(=O)OCCSSSCCCCCCCCCC,alkyl/alkenyl thiol,10H,C=CC(=O)OCCSSSCCCCCCCCCC,alkyl/alkenyl thiol,,,,,,,,,,,,,head–linker–two-tail,DOPE,CCCCCCCC\C=C/CCCCCCCC(=O)OC[C@H](COP(O)(=O)OCCN)OC(=O)CCCCCCC\C=C/CCCCCCCC,30.0,Cholesterol,C[C@H](CCCC(C)C)[C@H]1CC[C@@H]2[C@@]1(CC[C@H]3[C@H]2CC=C4[C@@]3(CC[C@@H](C4)O)C)C,40.0,DMG-PEG2000,,0.75,2000.0,20.0,10.0,,,,mRNA,in_vitro,in_vitro,MLG pulmonary cells,MLG pulmonary cells,,,,,,,-0.6246343646099775,normalized_luminescence,47.0,0.0,0.0,38.0,774.365985,59.08,0.0,12.0,11.4473,220.997,0.942857,33.0,2.0,775.357,True,False,True,biodegradable amino,,,,,,,,,,,,,,,,,,,branched
LNPhub_R0000042,LNPhub_YX_2025,https://doi.org/10.1038/s41587-025-02928-x,LNPhub_YX_2025_LNP_000021,YX_TS21,CCCCCCCCCCSSSCCOC(=O)CCN(CCCN(C)C)CCC(=O)OCCSSSCCCCCCCCCC,multitailed lipidoid,CN(CCCN)C,primary_tertiary,CCC(=O)OCCSSS,ester/thioether,2,10H,C=CC(=O)OCCSSSCCCCCCCCCC,alkyl/alkenyl thiol,10H,C=CC(=O)OCCSSSCCCCCCCCCC,alkyl/alkenyl thiol,,,,,,,,,,,,,head–linker–two-tail,DOPE,CCCCCCCC\C=C/CCCCCCCC(=O)OC[C@H](COP(O)(=O)OCCN)OC(=O)CCCCCCC\C=C/CCCCCCCC,30.0,Cholesterol,C[C@H](CCCC(C)C)[C@H]1CC[C@@H]2[C@@]1(CC[C@H]3[C@H]2CC=C4[C@@]3(CC[C@@H](C4)O)C)C,40.0,DMG-PEG2000,,0.75,2000.0,20.0,10.0,,,,mRNA,in_vitro,in_vitro,A549,A549 pulmonary cells,,,,,,,-0.6249615259223579,normalized_luminescence,47.0,0.0,0.0,38.0,774.365985,59.08,0.0,12.0,11.4473,220.997,0.942857,33.0,2.0,775.357,True,False,True,biodegradable amino,,,,,,,,,,,,,,,,,,,branched
LNPhub_R0000043,LNPhub_YX_2025,https://doi.org/10.1038/s41587-025-02928-x,LNPhub_YX_2025_LNP_000022,YX_TS22,CCCCCCCCCCCCSSSCCOC(=O)CCN(CCCN(C)C)CCC(=O)OCCSSSCCCCCCCCCCCC,multitailed lipidoid,CN(CCCN)C,primary_tertiary,CCC(=O)OCCSSS,ester/thioether,2,12H,C=CC(=O)OCCSSSCCCCCCCCCCCC,alkyl/alkenyl thiol,12H,C=CC(=O)OCCSSSCCCCCCCCCCCC,alkyl/alkenyl thiol,,,,,,,,,,,,,head–linker–two-tail,DOPE,CCCCCCCC\C=C/CCCCCCCC(=O)OC[C@H](COP(O)(=O)OCCN)OC(=O)CCCCCCC\C=C/CCCCCCCC,30.0,Cholesterol,C[C@H](CCCC(C)C)[C@H]1CC[C@@H]2[C@@]1(CC[C@H]3[C@H]2CC=C4[C@@]3(CC[C@@H](C4)O)C)C,40.0,DMG-PEG2000,,0.75,2000.0,20.0,10.0,,,,mRNA,in_vitro,in_vitro,MLG pulmonary cells,MLG pulmonary cells,,,,,,,-0.6264841634768323,normalized_luminescence,51.0,0.0,0.0,42.0,830.428585,59.08,0.0,12.0,13.0077,239.465,0.948718,37.0,2.0,831.465,True,False,True,biodegradable amino,,,,,,,,,,,,,,,,,,,branched
LNPhub_R0000044,LNPhub_YX_2025,https://doi.org/10.1038/s41587-025-02928-x,LNPhub_YX_2025_LNP_000022,YX_TS22,CCCCCCCCCCCCSSSCCOC(=O)CCN(CCCN(C)C)CCC(=O)OCCSSSCCCCCCCCCCCC,multitailed lipidoid,CN(CCCN)C,primary_tertiary,CCC(=O)OCCSSS,ester/thioether,2,12H,C=CC(=O)OCCSSSCCCCCCCCCCCC,alkyl/alkenyl thiol,12H,C=CC(=O)OCCSSSCCCCCCCCCCCC,alkyl/alkenyl thiol,,,,,,,,,,,,,head–linker–two-tail,DOPE,CCCCCCCC\C=C/CCCCCCCC(=O)OC[C@H](COP(O)(=O)OCCN)OC(=O)CCCCCCC\C=C/CCCCCCCC,30.0,Cholesterol,C[C@H](CCCC(C)C)[C@H]1CC[C@@H]2[C@@]1(CC[C@H]3[C@H]2CC=C4[C@@]3(CC[C@@H](C4)O)C)C,40.0,DMG-PEG2000,,0.75,2000.0,20.0,10.0,,,,mRNA,in_vitro,in_vitro,A549,A549 pulmonary cells,,,,,,,-0.6255232557228598,normalized_luminescence,51.0,0.0,0.0,42.0,830.428585,59.08,0.0,12.0,13.0077,239.465,0.948718,37.0,2.0,831.465,True,False,True,biodegradable amino,,,,,,,,,,,,,,,,,,,branched
LNPhub_R0000045,LNPhub_YX_2025,https://doi.org/10.1038/s41587-025-02928-x,LNPhub_YX_2025_LNP_000023,YX_TS23,CCCCCCCCCCCCCCSSSCCOC(=O)CCN(CCCN(C)C)CCC(=O)OCCSSSCCCCCCCCCCCCCC,multitailed lipidoid,CN(CCCN)C,primary_tertiary,CCC(=O)OCCSSS,ester/thioether,2,14H,C=CC(=O)OCCSSSCCCCCCCCCCCCCC,alkyl/alkenyl thiol,14H,C=CC(=O)OCCSSSCCCCCCCCCCCCCC,alkyl/alkenyl thiol,,,,,,,,,,,,,head–linker–two-tail,DOPE,CCCCCCCC\C=C/CCCCCCCC(=O)OC[C@H](COP(O)(=O)OCCN)OC(=O)CCCCCCC\C=C/CCCCCCCC,30.0,Cholesterol,C[C@H](CCCC(C)C)[C@H]1CC[C@@H]2[C@@]1(CC[C@H]3[C@H]2CC=C4[C@@]3(CC[C@@H](C4)O)C)C,40.0,DMG-PEG2000,,0.75,2000.0,20.0,10.0,,,,mRNA,in_vitro,in_vitro,MLG pulmonary cells,MLG pulmonary cells,,,,,,,-0.6271281980100086,normalized_luminescence,55.0,0.0,0.0,46.0,886.491185,59.08,0.0,12.0,14.5681,257.933,0.953488,41.0,2.0,887.573,True,False,True,biodegradable amino,,,,,,,,,,,,,,,,,,,branched
LNPhub_R0000046,LNPhub_YX_2025,https://doi.org/10.1038/s41587-025-02928-x,LNPhub_YX_2025_LNP_000023,YX_TS23,CCCCCCCCCCCCCCSSSCCOC(=O)CCN(CCCN(C)C)CCC(=O)OCCSSSCCCCCCCCCCCCCC,multitailed lipidoid,CN(CCCN)C,primary_tertiary,CCC(=O)OCCSSS,ester/thioether,2,14H,C=CC(=O)OCCSSSCCCCCCCCCCCCCC,alkyl/alkenyl thiol,14H,C=CC(=O)OCCSSSCCCCCCCCCCCCCC,alkyl/alkenyl thiol,,,,,,,,,,,,,head–linker–two-tail,DOPE,CCCCCCCC\C=C/CCCCCCCC(=O)OC[C@H](COP(O)(=O)OCCN)OC(=O)CCCCCCC\C=C/CCCCCCCC,30.0,Cholesterol,C[C@H](CCCC(C)C)[C@H]1CC[C@@H]2[C@@]1(CC[C@H]3[C@H]2CC=C4[C@@]3(CC[C@@H](C4)O)C)C,40.0,DMG-PEG2000,,0.75,2000.0,20.0,10.0,,,,mRNA,in_vitro,in_vitro,A549,A549 pulmonary cells,,,,,,,-0.6243586437555185,normalized_luminescence,55.0,0.0,0.0,46.0,886.491185,59.08,0.0,12.0,14.5681,257.933,0.953488,41.0,2.0,887.573,True,False,True,biodegradable amino,,,,,,,,,,,,,,,,,,,branched
LNPhub_R0000047,LNPhub_YX_2025,https://doi.org/10.1038/s41587-025-02928-x,LNPhub_YX_2025_LNP_000024,YX_TS24,CCCCCCCCC(CCCCCC)SSSCCOC(=O)CCN(CCCN(C)C)CCC(=O)OCCSSSC(CCCCCC)CCCCCCCC,multitailed lipidoid,CN(CCCN)C,primary_tertiary,CCC(=O)OCCSSS,ester/thioether,2,10B6,C=CC(=O)OCCSSSC(CCCCCC)CCCCCCCC,alkyl/alkenyl thiol,10B6,C=CC(=O)OCCSSSC(CCCCCC)CCCCCCCC,alkyl/alkenyl thiol,,,,,,,,,,,,,head–linker–two-tail,DOPE,CCCCCCCC\C=C/CCCCCCCC(=O)OC[C@H](COP(O)(=O)OCCN)OC(=O)CCCCCCC\C=C/CCCCCCCC,30.0,Cholesterol,C[C@H](CCCC(C)C)[C@H]1CC[C@@H]2[C@@]1(CC[C@H]3[C@H]2CC=C4[C@@]3(CC[C@@H](C4)O)C)C,40.0,DMG-PEG2000,,0.75,2000.0,20.0,10.0,,,,mRNA,in_vitro,in_vitro,MLG pulmonary cells,MLG pulmonary cells,,,,,,,-0.6271117370634738,normalized_luminescence,57.0,0.0,0.0,46.0,914.522485,59.08,0.0,12.0,15.3451,267.123,0.955556,43.0,2.0,915.627,True,False,True,biodegradable amino,,,,,,,,,,,,,,,,,,,branched
LNPhub_R0000048,LNPhub_YX_2025,https://doi.org/10.1038/s41587-025-02928-x,LNPhub_YX_2025_LNP_000024,YX_TS24,CCCCCCCCC(CCCCCC)SSSCCOC(=O)CCN(CCCN(C)C)CCC(=O)OCCSSSC(CCCCCC)CCCCCCCC,multitailed lipidoid,CN(CCCN)C,primary_tertiary,CCC(=O)OCCSSS,ester/thioether,2,10B6,C=CC(=O)OCCSSSC(CCCCCC)CCCCCCCC,alkyl/alkenyl thiol,10B6,C=CC(=O)OCCSSSC(CCCCCC)CCCCCCCC,alkyl/alkenyl thiol,,,,,,,,,,,,,head–linker–two-tail,DOPE,CCCCCCCC\C=C/CCCCCCCC(=O)OC[C@H](COP(O)(=O)OCCN)OC(=O)CCCCCCC\C=C/CCCCCCCC,30.0,Cholesterol,C[C@H](CCCC(C)C)[C@H]1CC[C@@H]2[C@@]1(CC[C@H]3[C@H]2CC=C4[C@@]3(CC[C@@H](C4)O)C)C,40.0,DMG-PEG2000,,0.75,2000.0,20.0,10.0,,,,mRNA,in_vitro,in_vitro,A549,A549 pulmonary cells,,,,,,,-0.6270767575520872,normalized_luminescence,57.0,0.0,0.0,46.0,914.522485,59.08,0.0,12.0,15.3451,267.123,0.955556,43.0,2.0,915.627,True,False,True,biodegradable amino,,,,,,,,,,,,,,,,,,,branched
LNPhub_R0000049,LNPhub_YX_2025,https://doi.org/10.1038/s41587-025-02928-x,LNPhub_YX_2025_LNP_000025,YX_TS25,CCCCCCCCCCSSSCC(C)OC(=O)CCN(CCCN(C)C)CCC(=O)OC(C)CSSSCCCCCCCCCC,multitailed lipidoid,CN(CCCN)C,primary_tertiary,CCC(=O)OCCSSS,ester/thioether,2,10M,C=CC(=O)OC(C)CSSSCCCCCCCCCC,alkyl/alkenyl thiol,10M,C=CC(=O)OC(C)CSSSCCCCCCCCCC,alkyl/alkenyl thiol,,,,,,,,,,,,,head–linker–two-tail,DOPE,CCCCCCCC\C=C/CCCCCCCC(=O)OC[C@H](COP(O)(=O)OCCN)OC(=O)CCCCCCC\C=C/CCCCCCCC,30.0,Cholesterol,C[C@H](CCCC(C)C)[C@H]1CC[C@@H]2[C@@]1(CC[C@H]3[C@H]2CC=C4[C@@]3(CC[C@@H](C4)O)C)C,40.0,DMG-PEG2000,,0.75,2000.0,20.0,10.0,,,,mRNA,in_vitro,in_vitro,MLG pulmonary cells,MLG pulmonary cells,,,,,,,-0.6086754769444314,normalized_luminescence,49.0,0.0,0.0,38.0,802.397285,59.08,0.0,12.0,12.2243,230.187,0.945946,35.0,2.0,803.411,True,False,True,biodegradable amino,,,,,,,,,,,,,,,,,,,branched
LNPhub_R0000050,LNPhub_YX_2025,https://doi.org/10.1038/s41587-025-02928-x,LNPhub_YX_2025_LNP_000025,YX_TS25,CCCCCCCCCCSSSCC(C)OC(=O)CCN(CCCN(C)C)CCC(=O)OC(C)CSSSCCCCCCCCCC,multitailed lipidoid,CN(CCCN)C,primary_tertiary,CCC(=O)OCCSSS,ester/thioether,2,10M,C=CC(=O)OC(C)CSSSCCCCCCCCCC,alkyl/alkenyl thiol,10M,C=CC(=O)OC(C)CSSSCCCCCCCCCC,alkyl/alkenyl thiol,,,,,,,,,,,,,head–linker–two-tail,DOPE,CCCCCCCC\C=C/CCCCCCCC(=O)OC[C@H](COP(O)(=O)OCCN)OC(=O)CCCCCCC\C=C/CCCCCCCC,30.0,Cholesterol,C[C@H](CCCC(C)C)[C@H]1CC[C@@H]2[C@@]1(CC[C@H]3[C@H]2CC=C4[C@@]3(CC[C@@H](C4)O)C)C,40.0,DMG-PEG2000,,0.75,2000.0,20.0,10.0,,,,mRNA,in_vitro,in_vitro,A549,A549 pulmonary cells,,,,,,,-0.5907309876031178,normalized_luminescence,49.0,0.0,0.0,38.0,802.397285,59.08,0.0,12.0,12.2243,230.187,0.945946,35.0,2.0,803.411,True,False,True,biodegradable amino,,,,,,,,,,,,,,,,,,,branched
LNPhub_R0000051,LNPhub_YX_2025,https://doi.org/10.1038/s41587-025-02928-x,LNPhub_YX_2025_LNP_000026,YX_TS26,CCCCCCCCCCCCSSSCC(C)OC(=O)CCN(CCCN(C)C)CCC(=O)OC(C)CSSSCCCCCCCCCCCC,multitailed lipidoid,CN(CCCN)C,primary_tertiary,CCC(=O)OCCSSS,ester/thioether,2,12M,C=CC(=O)OC(C)CSSSCCCCCCCCCCCC,alkyl/alkenyl thiol,12M,C=CC(=O)OC(C)CSSSCCCCCCCCCCCC,alkyl/alkenyl thiol,,,,,,,,,,,,,head–linker–two-tail,DOPE,CCCCCCCC\C=C/CCCCCCCC(=O)OC[C@H](COP(O)(=O)OCCN)OC(=O)CCCCCCC\C=C/CCCCCCCC,30.0,Cholesterol,C[C@H](CCCC(C)C)[C@H]1CC[C@@H]2[C@@]1(CC[C@H]3[C@H]2CC=C4[C@@]3(CC[C@@H](C4)O)C)C,40.0,DMG-PEG2000,,0.75,2000.0,20.0,10.0,,,,mRNA,in_vitro,in_vitro,MLG pulmonary cells,MLG pulmonary cells,,,,,,,-0.6192310589099099,normalized_luminescence,53.0,0.0,0.0,42.0,858.459885,59.08,0.0,12.0,13.7847,248.655,0.95122,39.0,2.0,859.519,True,False,True,biodegradable amino,,,,,,,,,,,,,,,,,,,branched
LNPhub_R0000052,LNPhub_YX_2025,https://doi.org/10.1038/s41587-025-02928-x,LNPhub_YX_2025_LNP_000026,YX_TS26,CCCCCCCCCCCCSSSCC(C)OC(=O)CCN(CCCN(C)C)CCC(=O)OC(C)CSSSCCCCCCCCCCCC,multitailed lipidoid,CN(CCCN)C,primary_tertiary,CCC(=O)OCCSSS,ester/thioether,2,12M,C=CC(=O)OC(C)CSSSCCCCCCCCCCCC,alkyl/alkenyl thiol,12M,C=CC(=O)OC(C)CSSSCCCCCCCCCCCC,alkyl/alkenyl thiol,,,,,,,,,,,,,head–linker–two-tail,DOPE,CCCCCCCC\C=C/CCCCCCCC(=O)OC[C@H](COP(O)(=O)OCCN)OC(=O)CCCCCCC\C=C/CCCCCCCC,30.0,Cholesterol,C[C@H](CCCC(C)C)[C@H]1CC[C@@H]2[C@@]1(CC[C@H]3[C@H]2CC=C4[C@@]3(CC[C@@H](C4)O)C)C,40.0,DMG-PEG2000,,0.75,2000.0,20.0,10.0,,,,mRNA,in_vitro,in_vitro,A549,A549 pulmonary cells,,,,,,,-0.4338375909427399,normalized_luminescence,53.0,0.0,0.0,42.0,858.459885,59.08,0.0,12.0,13.7847,248.655,0.95122,39.0,2.0,859.519,True,False,True,biodegradable amino,,,,,,,,,,,,,,,,,,,branched
LNPhub_R0000053,LNPhub_YX_2025,https://doi.org/10.1038/s41587-025-02928-x,LNPhub_YX_2025_LNP_000027,YX_TS27,CCCCCCCCCCCCCCSSSCC(C)OC(=O)CCN(CCCN(C)C)CCC(=O)OC(C)CSSSCCCCCCCCCCCCCC,multitailed lipidoid,CN(CCCN)C,primary_tertiary,CCC(=O)OCCSSS,ester/thioether,2,14M,C=CC(=O)OC(C)CSSSCCCCCCCCCCCCCC,alkyl/alkenyl thiol,14M,C=CC(=O)OC(C)CSSSCCCCCCCCCCCCCC,alkyl/alkenyl thiol,,,,,,,,,,,,,head–linker–two-tail,DOPE,CCCCCCCC\C=C/CCCCCCCC(=O)OC[C@H](COP(O)(=O)OCCN)OC(=O)CCCCCCC\C=C/CCCCCCCC,30.0,Cholesterol,C[C@H](CCCC(C)C)[C@H]1CC[C@@H]2[C@@]1(CC[C@H]3[C@H]2CC=C4[C@@]3(CC[C@@H](C4)O)C)C,40.0,DMG-PEG2000,,0.75,2000.0,20.0,10.0,,,,mRNA,in_vitro,in_vitro,MLG pulmonary cells,MLG pulmonary cells,,,,,,,-0.6038688805562524,normalized_luminescence,57.0,0.0,0.0,46.0,914.522485,59.08,0.0,12.0,15.3451,267.123,0.955556,43.0,2.0,915.627,True,False,True,biodegradable amino,,,,,,,,,,,,,,,,,,,branched
LNPhub_R0000054,LNPhub_YX_2025,https://doi.org/10.1038/s41587-025-02928-x,LNPhub_YX_2025_LNP_000027,YX_TS27,CCCCCCCCCCCCCCSSSCC(C)OC(=O)CCN(CCCN(C)C)CCC(=O)OC(C)CSSSCCCCCCCCCCCCCC,multitailed lipidoid,CN(CCCN)C,primary_tertiary,CCC(=O)OCCSSS,ester/thioether,2,14M,C=CC(=O)OC(C)CSSSCCCCCCCCCCCCCC,alkyl/alkenyl thiol,14M,C=CC(=O)OC(C)CSSSCCCCCCCCCCCCCC,alkyl/alkenyl thiol,,,,,,,,,,,,,head–linker–two-tail,DOPE,CCCCCCCC\C=C/CCCCCCCC(=O)OC[C@H](COP(O)(=O)OCCN)OC(=O)CCCCCCC\C=C/CCCCCCCC,30.0,Cholesterol,C[C@H](CCCC(C)C)[C@H]1CC[C@@H]2[C@@]1(CC[C@H]3[C@H]2CC=C4[C@@]3(CC[C@@H](C4)O)C)C,40.0,DMG-PEG2000,,0.75,2000.0,20.0,10.0,,,,mRNA,in_vitro,in_vitro,A549,A549 pulmonary cells,,,,,,,-0.6165417517697772,normalized_luminescence,57.0,0.0,0.0,46.0,914.522485,59.08,0.0,12.0,15.3451,267.123,0.955556,43.0,2.0,915.627,True,False,True,biodegradable amino,,,,,,,,,,,,,,,,,,,branched
LNPhub_R0000055,LNPhub_YX_2025,https://doi.org/10.1038/s41587-025-02928-x,LNPhub_YX_2025_LNP_000028,YX_TS28,CCCCCCCCCCSSSCC(CC)OC(=O)CCN(CCCN(C)C)CCC(=O)OC(CC)CSSSCCCCCCCCCC,multitailed lipidoid,CN(CCCN)C,primary_tertiary,CCC(=O)OCCSSS,ester/thioether,2,10E,C=CC(=O)OC(CC)CSSSCCCCCCCCCC,alkyl/alkenyl thiol,10E,C=CC(=O)OC(CC)CSSSCCCCCCCCCC,alkyl/alkenyl thiol,,,,,,,,,,,,,head–linker–two-tail,DOPE,CCCCCCCC\C=C/CCCCCCCC(=O)OC[C@H](COP(O)(=O)OCCN)OC(=O)CCCCCCC\C=C/CCCCCCCC,30.0,Cholesterol,C[C@H](CCCC(C)C)[C@H]1CC[C@@H]2[C@@]1(CC[C@H]3[C@H]2CC=C4[C@@]3(CC[C@@H](C4)O)C)C,40.0,DMG-PEG2000,,0.75,2000.0,20.0,10.0,,,,mRNA,in_vitro,in_vitro,MLG pulmonary cells,MLG pulmonary cells,,,,,,,-0.6116158135192206,normalized_luminescence,51.0,0.0,0.0,40.0,830.428585,59.08,0.0,12.0,13.0045,239.421,0.948718,37.0,2.0,831.465,True,False,True,biodegradable amino,,,,,,,,,,,,,,,,,,,branched
LNPhub_R0000056,LNPhub_YX_2025,https://doi.org/10.1038/s41587-025-02928-x,LNPhub_YX_2025_LNP_000028,YX_TS28,CCCCCCCCCCSSSCC(CC)OC(=O)CCN(CCCN(C)C)CCC(=O)OC(CC)CSSSCCCCCCCCCC,multitailed lipidoid,CN(CCCN)C,primary_tertiary,CCC(=O)OCCSSS,ester/thioether,2,10E,C=CC(=O)OC(CC)CSSSCCCCCCCCCC,alkyl/alkenyl thiol,10E,C=CC(=O)OC(CC)CSSSCCCCCCCCCC,alkyl/alkenyl thiol,,,,,,,,,,,,,head–linker–two-tail,DOPE,CCCCCCCC\C=C/CCCCCCCC(=O)OC[C@H](COP(O)(=O)OCCN)OC(=O)CCCCCCC\C=C/CCCCCCCC,30.0,Cholesterol,C[C@H](CCCC(C)C)[C@H]1CC[C@@H]2[C@@]1(CC[C@H]3[C@H]2CC=C4[C@@]3(CC[C@@H](C4)O)C)C,40.0,DMG-PEG2000,,0.75,2000.0,20.0,10.0,,,,mRNA,in_vitro,in_vitro,A549,A549 pulmonary cells,,,,,,,-0.5804758179119005,normalized_luminescence,51.0,0.0,0.0,40.0,830.428585,59.08,0.0,12.0,13.0045,239.421,0.948718,37.0,2.0,831.465,True,False,True,biodegradable amino,,,,,,,,,,,,,,,,,,,branched
LNPhub_R0000057,LNPhub_YX_2025,https://doi.org/10.1038/s41587-025-02928-x,LNPhub_YX_2025_LNP_000029,YX_TS29,CCCCCCCCCCCCSSSCC(CC)OC(=O)CCN(CCCN(C)C)CCC(=O)OC(CC)CSSSCCCCCCCCCCCC,multitailed lipidoid,CN(CCCN)C,primary_tertiary,CCC(=O)OCCSSS,ester/thioether,2,12E,C=CC(=O)OC(CC)CSSSCCCCCCCCCCCC,alkyl/alkenyl thiol,12E,C=CC(=O)OC(CC)CSSSCCCCCCCCCCCC,alkyl/alkenyl thiol,,,,,,,,,,,,,head–linker–two-tail,DOPE,CCCCCCCC\C=C/CCCCCCCC(=O)OC[C@H](COP(O)(=O)OCCN)OC(=O)CCCCCCC\C=C/CCCCCCCC,30.0,Cholesterol,C[C@H](CCCC(C)C)[C@H]1CC[C@@H]2[C@@]1(CC[C@H]3[C@H]2CC=C4[C@@]3(CC[C@@H](C4)O)C)C,40.0,DMG-PEG2000,,0.75,2000.0,20.0,10.0,,,,mRNA,in_vitro,in_vitro,MLG pulmonary cells,MLG pulmonary cells,,,,,,,-0.6015396566215698,normalized_luminescence,55.0,0.0,0.0,44.0,886.491185,59.08,0.0,12.0,14.5649,257.889,0.953488,41.0,2.0,887.573,True,False,True,biodegradable amino,,,,,,,,,,,,,,,,,,,branched
LNPhub_R0000058,LNPhub_YX_2025,https://doi.org/10.1038/s41587-025-02928-x,LNPhub_YX_2025_LNP_000029,YX_TS29,CCCCCCCCCCCCSSSCC(CC)OC(=O)CCN(CCCN(C)C)CCC(=O)OC(CC)CSSSCCCCCCCCCCCC,multitailed lipidoid,CN(CCCN)C,primary_tertiary,CCC(=O)OCCSSS,ester/thioether,2,12E,C=CC(=O)OC(CC)CSSSCCCCCCCCCCCC,alkyl/alkenyl thiol,12E,C=CC(=O)OC(CC)CSSSCCCCCCCCCCCC,alkyl/alkenyl thiol,,,,,,,,,,,,,head–linker–two-tail,DOPE,CCCCCCCC\C=C/CCCCCCCC(=O)OC[C@H](COP(O)(=O)OCCN)OC(=O)CCCCCCC\C=C/CCCCCCCC,30.0,Cholesterol,C[C@H](CCCC(C)C)[C@H]1CC[C@@H]2[C@@]1(CC[C@H]3[C@H]2CC=C4[C@@]3(CC[C@@H](C4)O)C)C,40.0,DMG-PEG2000,,0.75,2000.0,20.0,10.0,,,,mRNA,in_vitro,in_vitro,A549,A549 pulmonary cells,,,,,,,-0.5402082274510009,normalized_luminescence,55.0,0.0,0.0,44.0,886.491185,59.08,0.0,12.0,14.5649,257.889,0.953488,41.0,2.0,887.573,True,False,True,biodegradable amino,,,,,,,,,,,,,,,,,,,branched
LNPhub_R0000059,LNPhub_YX_2025,https://doi.org/10.1038/s41587-025-02928-x,LNPhub_YX_2025_LNP_000030,YX_TS30,CCCCCCCCCCCCCCSSSCC(CC)OC(=O)CCN(CCCN(C)C)CCC(=O)OC(CC)CSSSCCCCCCCCCCCCCC,multitailed lipidoid,CN(CCCN)C,primary_tertiary,CCC(=O)OCCSSS,ester/thioether,2,14E,C=CC(=O)OC(CC)CSSSCCCCCCCCCCCCCC,alkyl/alkenyl thiol,14E,C=CC(=O)OC(CC)CSSSCCCCCCCCCCCCCC,alkyl/alkenyl thiol,,,,,,,,,,,,,head–linker–two-tail,DOPE,CCCCCCCC\C=C/CCCCCCCC(=O)OC[C@H](COP(O)(=O)OCCN)OC(=O)CCCCCCC\C=C/CCCCCCCC,30.0,Cholesterol,C[C@H](CCCC(C)C)[C@H]1CC[C@@H]2[C@@]1(CC[C@H]3[C@H]2CC=C4[C@@]3(CC[C@@H](C4)O)C)C,40.0,DMG-PEG2000,,0.75,2000.0,20.0,10.0,,,,mRNA,in_vitro,in_vitro,MLG pulmonary cells,MLG pulmonary cells,,,,,,,-0.4513890751855336,normalized_luminescence,59.0,0.0,0.0,48.0,942.553785,59.08,0.0,12.0,16.1253,276.357,0.957447,45.0,2.0,943.681,True,False,True,biodegradable amino,,,,,,,,,,,,,,,,,,,branched
LNPhub_R0000060,LNPhub_YX_2025,https://doi.org/10.1038/s41587-025-02928-x,LNPhub_YX_2025_LNP_000030,YX_TS30,CCCCCCCCCCCCCCSSSCC(CC)OC(=O)CCN(CCCN(C)C)CCC(=O)OC(CC)CSSSCCCCCCCCCCCCCC,multitailed lipidoid,CN(CCCN)C,primary_tertiary,CCC(=O)OCCSSS,ester/thioether,2,14E,C=CC(=O)OC(CC)CSSSCCCCCCCCCCCCCC,alkyl/alkenyl thiol,14E,C=CC(=O)OC(CC)CSSSCCCCCCCCCCCCCC,alkyl/alkenyl thiol,,,,,,,,,,,,,head–linker–two-tail,DOPE,CCCCCCCC\C=C/CCCCCCCC(=O)OC[C@H](COP(O)(=O)OCCN)OC(=O)CCCCCCC\C=C/CCCCCCCC,30.0,Cholesterol,C[C@H](CCCC(C)C)[C@H]1CC[C@@H]2[C@@]1(CC[C@H]3[C@H]2CC=C4[C@@]3(CC[C@@H](C4)O)C)C,40.0,DMG-PEG2000,,0.75,2000.0,20.0,10.0,,,,mRNA,in_vitro,in_vitro,A549,A549 pulmonary cells,,,,,,,-0.5740910282746918,normalized_luminescence,59.0,0.0,0.0,48.0,942.553785,59.08,0.0,12.0,16.1253,276.357,0.957447,45.0,2.0,943.681,True,False,True,biodegradable amino,,,,,,,,,,,,,,,,,,,branched
LNPhub_R0000061,LNPhub_YX_2025,https://doi.org/10.1038/s41587-025-02928-x,LNPhub_YX_2025_LNP_000031,YX_TS31,CCCCCCCCCCSSSCCOC(=O)CCN(CCCN(CCO)CCO)CCC(=O)OCCSSSCCCCCCCCCC,multitailed lipidoid,C(CN(CCO)CCO)CN,primary_tertiary,CCC(=O)OCCSSS,ester/thioether,2,10H,C=CC(=O)OCCSSSCCCCCCCCCC,alkyl/alkenyl thiol,10H,C=CC(=O)OCCSSSCCCCCCCCCC,alkyl/alkenyl thiol,,,,,,,,,,,,,head–linker–two-tail,DOPE,CCCCCCCC\C=C/CCCCCCCC(=O)OC[C@H](COP(O)(=O)OCCN)OC(=O)CCCCCCC\C=C/CCCCCCCC,30.0,Cholesterol,C[C@H](CCCC(C)C)[C@H]1CC[C@@H]2[C@@]1(CC[C@H]3[C@H]2CC=C4[C@@]3(CC[C@@H](C4)O)C)C,40.0,DMG-PEG2000,,0.75,2000.0,20.0,10.0,,,,mRNA,in_vitro,in_vitro,MLG pulmonary cells,MLG pulmonary cells,,,,,,,-0.6191672727420873,normalized_luminescence,51.0,0.0,0.0,42.0,834.387114,99.54,2.0,14.0,10.1723,233.0546,0.945946,35.0,2.0,835.409,True,False,True,biodegradable amino,,,,,,,,,,,,,,,,,,,branched
LNPhub_R0000062,LNPhub_YX_2025,https://doi.org/10.1038/s41587-025-02928-x,LNPhub_YX_2025_LNP_000031,YX_TS31,CCCCCCCCCCSSSCCOC(=O)CCN(CCCN(CCO)CCO)CCC(=O)OCCSSSCCCCCCCCCC,multitailed lipidoid,C(CN(CCO)CCO)CN,primary_tertiary,CCC(=O)OCCSSS,ester/thioether,2,10H,C=CC(=O)OCCSSSCCCCCCCCCC,alkyl/alkenyl thiol,10H,C=CC(=O)OCCSSSCCCCCCCCCC,alkyl/alkenyl thiol,,,,,,,,,,,,,head–linker–two-tail,DOPE,CCCCCCCC\C=C/CCCCCCCC(=O)OC[C@H](COP(O)(=O)OCCN)OC(=O)CCCCCCC\C=C/CCCCCCCC,30.0,Cholesterol,C[C@H](CCCC(C)C)[C@H]1CC[C@@H]2[C@@]1(CC[C@H]3[C@H]2CC=C4[C@@]3(CC[C@@H](C4)O)C)C,40.0,DMG-PEG2000,,0.75,2000.0,20.0,10.0,,,,mRNA,in_vitro,in_vitro,A549,A549 pulmonary cells,,,,,,,-0.6239491777104639,normalized_luminescence,51.0,0.0,0.0,42.0,834.387114,99.54,2.0,14.0,10.1723,233.0546,0.945946,35.0,2.0,835.409,True,False,True,biodegradable amino,,,,,,,,,,,,,,,,,,,branched
LNPhub_R0000063,LNPhub_YX_2025,https://doi.org/10.1038/s41587-025-02928-x,LNPhub_YX_2025_LNP_000032,YX_TS32,CCCCCCCCCCCCSSSCCOC(=O)CCN(CCCN(CCO)CCO)CCC(=O)OCCSSSCCCCCCCCCCCC,multitailed lipidoid,C(CN(CCO)CCO)CN,primary_tertiary,CCC(=O)OCCSSS,ester/thioether,2,12H,C=CC(=O)OCCSSSCCCCCCCCCCCC,alkyl/alkenyl thiol,12H,C=CC(=O)OCCSSSCCCCCCCCCCCC,alkyl/alkenyl thiol,,,,,,,,,,,,,head–linker–two-tail,DOPE,CCCCCCCC\C=C/CCCCCCCC(=O)OC[C@H](COP(O)(=O)OCCN)OC(=O)CCCCCCC\C=C/CCCCCCCC,30.0,Cholesterol,C[C@H](CCCC(C)C)[C@H]1CC[C@@H]2[C@@]1(CC[C@H]3[C@H]2CC=C4[C@@]3(CC[C@@H](C4)O)C)C,40.0,DMG-PEG2000,,0.75,2000.0,20.0,10.0,,,,mRNA,in_vitro,in_vitro,MLG pulmonary cells,MLG pulmonary cells,,,,,,,-0.6162968951900712,normalized_luminescence,55.0,0.0,0.0,46.0,890.449714,99.54,2.0,14.0,11.7327,251.5226,0.95122,39.0,2.0,891.517,True,False,True,biodegradable amino,,,,,,,,,,,,,,,,,,,branched
LNPhub_R0000064,LNPhub_YX_2025,https://doi.org/10.1038/s41587-025-02928-x,LNPhub_YX_2025_LNP_000032,YX_TS32,CCCCCCCCCCCCSSSCCOC(=O)CCN(CCCN(CCO)CCO)CCC(=O)OCCSSSCCCCCCCCCCCC,multitailed lipidoid,C(CN(CCO)CCO)CN,primary_tertiary,CCC(=O)OCCSSS,ester/thioether,2,12H,C=CC(=O)OCCSSSCCCCCCCCCCCC,alkyl/alkenyl thiol,12H,C=CC(=O)OCCSSSCCCCCCCCCCCC,alkyl/alkenyl thiol,,,,,,,,,,,,,head–linker–two-tail,DOPE,CCCCCCCC\C=C/CCCCCCCC(=O)OC[C@H](COP(O)(=O)OCCN)OC(=O)CCCCCCC\C=C/CCCCCCCC,30.0,Cholesterol,C[C@H](CCCC(C)C)[C@H]1CC[C@@H]2[C@@]1(CC[C@H]3[C@H]2CC=C4[C@@]3(CC[C@@H](C4)O)C)C,40.0,DMG-PEG2000,,0.75,2000.0,20.0,10.0,,,,mRNA,in_vitro,in_vitro,A549,A549 pulmonary cells,,,,,,,-0.6158462767786794,normalized_luminescence,55.0,0.0,0.0,46.0,890.449714,99.54,2.0,14.0,11.7327,251.5226,0.95122,39.0,2.0,891.517,True,False,True,biodegradable amino,,,,,,,,,,,,,,,,,,,branched
LNPhub_R0000065,LNPhub_YX_2025,https://doi.org/10.1038/s41587-025-02928-x,LNPhub_YX_2025_LNP_000033,YX_TS33,CCCCCCCCCCCCCCSSSCCOC(=O)CCN(CCCN(CCO)CCO)CCC(=O)OCCSSSCCCCCCCCCCCCCC,multitailed lipidoid,C(CN(CCO)CCO)CN,primary_tertiary,CCC(=O)OCCSSS,ester/thioether,2,14H,C=CC(=O)OCCSSSCCCCCCCCCCCCCC,alkyl/alkenyl thiol,14H,C=CC(=O)OCCSSSCCCCCCCCCCCCCC,alkyl/alkenyl thiol,,,,,,,,,,,,,head–linker–two-tail,DOPE,CCCCCCCC\C=C/CCCCCCCC(=O)OC[C@H](COP(O)(=O)OCCN)OC(=O)CCCCCCC\C=C/CCCCCCCC,30.0,Cholesterol,C[C@H](CCCC(C)C)[C@H]1CC[C@@H]2[C@@]1(CC[C@H]3[C@H]2CC=C4[C@@]3(CC[C@@H](C4)O)C)C,40.0,DMG-PEG2000,,0.75,2000.0,20.0,10.0,,,,mRNA,in_vitro,in_vitro,MLG pulmonary cells,MLG pulmonary cells,,,,,,,-0.61124955745882,normalized_luminescence,59.0,0.0,0.0,50.0,946.512315,99.54,2.0,14.0,13.2931,269.9906,0.955556,43.0,2.0,947.625,True,False,True,biodegradable amino,,,,,,,,,,,,,,,,,,,branched
LNPhub_R0000066,LNPhub_YX_2025,https://doi.org/10.1038/s41587-025-02928-x,LNPhub_YX_2025_LNP_000033,YX_TS33,CCCCCCCCCCCCCCSSSCCOC(=O)CCN(CCCN(CCO)CCO)CCC(=O)OCCSSSCCCCCCCCCCCCCC,multitailed lipidoid,C(CN(CCO)CCO)CN,primary_tertiary,CCC(=O)OCCSSS,ester/thioether,2,14H,C=CC(=O)OCCSSSCCCCCCCCCCCCCC,alkyl/alkenyl thiol,14H,C=CC(=O)OCCSSSCCCCCCCCCCCCCC,alkyl/alkenyl thiol,,,,,,,,,,,,,head–linker–two-tail,DOPE,CCCCCCCC\C=C/CCCCCCCC(=O)OC[C@H](COP(O)(=O)OCCN)OC(=O)CCCCCCC\C=C/CCCCCCCC,30.0,Cholesterol,C[C@H](CCCC(C)C)[C@H]1CC[C@@H]2[C@@]1(CC[C@H]3[C@H]2CC=C4[C@@]3(CC[C@@H](C4)O)C)C,40.0,DMG-PEG2000,,0.75,2000.0,20.0,10.0,,,,mRNA,in_vitro,in_vitro,A549,A549 pulmonary cells,,,,,,,-0.6257002108981097,normalized_luminescence,59.0,0.0,0.0,50.0,946.512315,99.54,2.0,14.0,13.2931,269.9906,0.955556,43.0,2.0,947.625,True,False,True,biodegradable amino,,,,,,,,,,,,,,,,,,,branched
LNPhub_R0000067,LNPhub_YX_2025,https://doi.org/10.1038/s41587-025-02928-x,LNPhub_YX_2025_LNP_000034,YX_TS34,CCCCCCCCC(CCCCCC)SSSCCOC(=O)CCN(CCCN(CCO)CCO)CCC(=O)OCCSSSC(CCCCCC)CCCCCCCC,multitailed lipidoid,C(CN(CCO)CCO)CN,primary_tertiary,CCC(=O)OCCSSS,ester/thioether,2,10B6,C=CC(=O)OCCSSSC(CCCCCC)CCCCCCCC,alkyl/alkenyl thiol,10B6,C=CC(=O)OCCSSSC(CCCCCC)CCCCCCCC,alkyl/alkenyl thiol,,,,,,,,,,,,,head–linker–two-tail,DOPE,CCCCCCCC\C=C/CCCCCCCC(=O)OC[C@H](COP(O)(=O)OCCN)OC(=O)CCCCCCC\C=C/CCCCCCCC,30.0,Cholesterol,C[C@H](CCCC(C)C)[C@H]1CC[C@@H]2[C@@]1(CC[C@H]3[C@H]2CC=C4[C@@]3(CC[C@@H](C4)O)C)C,40.0,DMG-PEG2000,,0.75,2000.0,20.0,10.0,,,,mRNA,in_vitro,in_vitro,MLG pulmonary cells,MLG pulmonary cells,,,,,,,-0.4763109482393107,normalized_luminescence,61.0,0.0,0.0,50.0,974.543615,99.54,2.0,14.0,14.0701,279.1806,0.957447,45.0,2.0,975.679,True,False,True,biodegradable amino,,,,,,,,,,,,,,,,,,,branched
LNPhub_R0000068,LNPhub_YX_2025,https://doi.org/10.1038/s41587-025-02928-x,LNPhub_YX_2025_LNP_000034,YX_TS34,CCCCCCCCC(CCCCCC)SSSCCOC(=O)CCN(CCCN(CCO)CCO)CCC(=O)OCCSSSC(CCCCCC)CCCCCCCC,multitailed lipidoid,C(CN(CCO)CCO)CN,primary_tertiary,CCC(=O)OCCSSS,ester/thioether,2,10B6,C=CC(=O)OCCSSSC(CCCCCC)CCCCCCCC,alkyl/alkenyl thiol,10B6,C=CC(=O)OCCSSSC(CCCCCC)CCCCCCCC,alkyl/alkenyl thiol,,,,,,,,,,,,,head–linker–two-tail,DOPE,CCCCCCCC\C=C/CCCCCCCC(=O)OC[C@H](COP(O)(=O)OCCN)OC(=O)CCCCCCC\C=C/CCCCCCCC,30.0,Cholesterol,C[C@H](CCCC(C)C)[C@H]1CC[C@@H]2[C@@]1(CC[C@H]3[C@H]2CC=C4[C@@]3(CC[C@@H](C4)O)C)C,40.0,DMG-PEG2000,,0.75,2000.0,20.0,10.0,,,,mRNA,in_vitro,in_vitro,A549,A549 pulmonary cells,,,,,,,-0.6130067635014163,normalized_luminescence,61.0,0.0,0.0,50.0,974.543615,99.54,2.0,14.0,14.0701,279.1806,0.957447,45.0,2.0,975.679,True,False,True,biodegradable amino,,,,,,,,,,,,,,,,,,,branched
LNPhub_R0000069,LNPhub_YX_2025,https://doi.org/10.1038/s41587-025-02928-x,LNPhub_YX_2025_LNP_000035,YX_TS35,CCCCCCCCCCSSSCC(C)OC(=O)CCN(CCCN(CCO)CCO)CCC(=O)OC(C)CSSSCCCCCCCCCC,multitailed lipidoid,C(CN(CCO)CCO)CN,primary_tertiary,CCC(=O)OCCSSS,ester/thioether,2,10M,C=CC(=O)OC(C)CSSSCCCCCCCCCC,alkyl/alkenyl thiol,10M,C=CC(=O)OC(C)CSSSCCCCCCCCCC,alkyl/alkenyl thiol,,,,,,,,,,,,,head–linker–two-tail,DOPE,CCCCCCCC\C=C/CCCCCCCC(=O)OC[C@H](COP(O)(=O)OCCN)OC(=O)CCCCCCC\C=C/CCCCCCCC,30.0,Cholesterol,C[C@H](CCCC(C)C)[C@H]1CC[C@@H]2[C@@]1(CC[C@H]3[C@H]2CC=C4[C@@]3(CC[C@@H](C4)O)C)C,40.0,DMG-PEG2000,,0.75,2000.0,20.0,10.0,,,,mRNA,in_vitro,in_vitro,MLG pulmonary cells,MLG pulmonary cells,,,,,,,-0.5980540511928134,normalized_luminescence,53.0,0.0,0.0,42.0,862.418414,99.54,2.0,14.0,10.9493,242.2446,0.948718,37.0,2.0,863.463,True,False,True,biodegradable amino,,,,,,,,,,,,,,,,,,,branched
LNPhub_R0000070,LNPhub_YX_2025,https://doi.org/10.1038/s41587-025-02928-x,LNPhub_YX_2025_LNP_000035,YX_TS35,CCCCCCCCCCSSSCC(C)OC(=O)CCN(CCCN(CCO)CCO)CCC(=O)OC(C)CSSSCCCCCCCCCC,multitailed lipidoid,C(CN(CCO)CCO)CN,primary_tertiary,CCC(=O)OCCSSS,ester/thioether,2,10M,C=CC(=O)OC(C)CSSSCCCCCCCCCC,alkyl/alkenyl thiol,10M,C=CC(=O)OC(C)CSSSCCCCCCCCCC,alkyl/alkenyl thiol,,,,,,,,,,,,,head–linker–two-tail,DOPE,CCCCCCCC\C=C/CCCCCCCC(=O)OC[C@H](COP(O)(=O)OCCN)OC(=O)CCCCCCC\C=C/CCCCCCCC,30.0,Cholesterol,C[C@H](CCCC(C)C)[C@H]1CC[C@@H]2[C@@]1(CC[C@H]3[C@H]2CC=C4[C@@]3(CC[C@@H](C4)O)C)C,40.0,DMG-PEG2000,,0.75,2000.0,20.0,10.0,,,,mRNA,in_vitro,in_vitro,A549,A549 pulmonary cells,,,,,,,-0.6118771310454616,normalized_luminescence,53.0,0.0,0.0,42.0,862.418414,99.54,2.0,14.0,10.9493,242.2446,0.948718,37.0,2.0,863.463,True,False,True,biodegradable amino,,,,,,,,,,,,,,,,,,,branched
LNPhub_R0000071,LNPhub_YX_2025,https://doi.org/10.1038/s41587-025-02928-x,LNPhub_YX_2025_LNP_000036,YX_TS36,CCCCCCCCCCCCSSSCC(C)OC(=O)CCN(CCCN(CCO)CCO)CCC(=O)OC(C)CSSSCCCCCCCCCCCC,multitailed lipidoid,C(CN(CCO)CCO)CN,primary_tertiary,CCC(=O)OCCSSS,ester/thioether,2,12M,C=CC(=O)OC(C)CSSSCCCCCCCCCCCC,alkyl/alkenyl thiol,12M,C=CC(=O)OC(C)CSSSCCCCCCCCCCCC,alkyl/alkenyl thiol,,,,,,,,,,,,,head–linker–two-tail,DOPE,CCCCCCCC\C=C/CCCCCCCC(=O)OC[C@H](COP(O)(=O)OCCN)OC(=O)CCCCCCC\C=C/CCCCCCCC,30.0,Cholesterol,C[C@H](CCCC(C)C)[C@H]1CC[C@@H]2[C@@]1(CC[C@H]3[C@H]2CC=C4[C@@]3(CC[C@@H](C4)O)C)C,40.0,DMG-PEG2000,,0.75,2000.0,20.0,10.0,,,,mRNA,in_vitro,in_vitro,MLG pulmonary cells,MLG pulmonary cells,,,,,,,0.0081367658999161,normalized_luminescence,57.0,0.0,0.0,46.0,918.481014,99.54,2.0,14.0,12.5097,260.7126,0.953488,41.0,2.0,919.571,True,False,True,biodegradable amino,,,,,,,,,,,,,,,,,,,branched
LNPhub_R0000072,LNPhub_YX_2025,https://doi.org/10.1038/s41587-025-02928-x,LNPhub_YX_2025_LNP_000036,YX_TS36,CCCCCCCCCCCCSSSCC(C)OC(=O)CCN(CCCN(CCO)CCO)CCC(=O)OC(C)CSSSCCCCCCCCCCCC,multitailed lipidoid,C(CN(CCO)CCO)CN,primary_tertiary,CCC(=O)OCCSSS,ester/thioether,2,12M,C=CC(=O)OC(C)CSSSCCCCCCCCCCCC,alkyl/alkenyl thiol,12M,C=CC(=O)OC(C)CSSSCCCCCCCCCCCC,alkyl/alkenyl thiol,,,,,,,,,,,,,head–linker–two-tail,DOPE,CCCCCCCC\C=C/CCCCCCCC(=O)OC[C@H](COP(O)(=O)OCCN)OC(=O)CCCCCCC\C=C/CCCCCCCC,30.0,Cholesterol,C[C@H](CCCC(C)C)[C@H]1CC[C@@H]2[C@@]1(CC[C@H]3[C@H]2CC=C4[C@@]3(CC[C@@H](C4)O)C)C,40.0,DMG-PEG2000,,0.75,2000.0,20.0,10.0,,,,mRNA,in_vitro,in_vitro,A549,A549 pulmonary cells,,,,,,,-0.6133709619435,normalized_luminescence,57.0,0.0,0.0,46.0,918.481014,99.54,2.0,14.0,12.5097,260.7126,0.953488,41.0,2.0,919.571,True,False,True,biodegradable amino,,,,,,,,,,,,,,,,,,,branched
LNPhub_R0000073,LNPhub_YX_2025,https://doi.org/10.1038/s41587-025-02928-x,LNPhub_YX_2025_LNP_000037,YX_TS37,CCCCCCCCCCCCCCSSSCC(C)OC(=O)CCN(CCCN(CCO)CCO)CCC(=O)OC(C)CSSSCCCCCCCCCCCCCC,multitailed lipidoid,C(CN(CCO)CCO)CN,primary_tertiary,CCC(=O)OCCSSS,ester/thioether,2,14M,C=CC(=O)OC(C)CSSSCCCCCCCCCCCCCC,alkyl/alkenyl thiol,14M,C=CC(=O)OC(C)CSSSCCCCCCCCCCCCCC,alkyl/alkenyl thiol,,,,,,,,,,,,,head–linker–two-tail,DOPE,CCCCCCCC\C=C/CCCCCCCC(=O)OC[C@H](COP(O)(=O)OCCN)OC(=O)CCCCCCC\C=C/CCCCCCCC,30.0,Cholesterol,C[C@H](CCCC(C)C)[C@H]1CC[C@@H]2[C@@]1(CC[C@H]3[C@H]2CC=C4[C@@]3(CC[C@@H](C4)O)C)C,40.0,DMG-PEG2000,,0.75,2000.0,20.0,10.0,,,,mRNA,in_vitro,in_vitro,MLG pulmonary cells,MLG pulmonary cells,,,,,,,-0.5985129000774726,normalized_luminescence,61.0,0.0,0.0,50.0,974.543615,99.54,2.0,14.0,14.0701,279.1806,0.957447,45.0,2.0,975.679,True,False,True,biodegradable amino,,,,,,,,,,,,,,,,,,,branched
LNPhub_R0000074,LNPhub_YX_2025,https://doi.org/10.1038/s41587-025-02928-x,LNPhub_YX_2025_LNP_000037,YX_TS37,CCCCCCCCCCCCCCSSSCC(C)OC(=O)CCN(CCCN(CCO)CCO)CCC(=O)OC(C)CSSSCCCCCCCCCCCCCC,multitailed lipidoid,C(CN(CCO)CCO)CN,primary_tertiary,CCC(=O)OCCSSS,ester/thioether,2,14M,C=CC(=O)OC(C)CSSSCCCCCCCCCCCCCC,alkyl/alkenyl thiol,14M,C=CC(=O)OC(C)CSSSCCCCCCCCCCCCCC,alkyl/alkenyl thiol,,,,,,,,,,,,,head–linker–two-tail,DOPE,CCCCCCCC\C=C/CCCCCCCC(=O)OC[C@H](COP(O)(=O)OCCN)OC(=O)CCCCCCC\C=C/CCCCCCCC,30.0,Cholesterol,C[C@H](CCCC(C)C)[C@H]1CC[C@@H]2[C@@]1(CC[C@H]3[C@H]2CC=C4[C@@]3(CC[C@@H](C4)O)C)C,40.0,DMG-PEG2000,,0.75,2000.0,20.0,10.0,,,,mRNA,in_vitro,in_vitro,A549,A549 pulmonary cells,,,,,,,-0.6108812437801024,normalized_luminescence,61.0,0.0,0.0,50.0,974.543615,99.54,2.0,14.0,14.0701,279.1806,0.957447,45.0,2.0,975.679,True,False,True,biodegradable amino,,,,,,,,,,,,,,,,,,,branched
LNPhub_R0000075,LNPhub_YX_2025,https://doi.org/10.1038/s41587-025-02928-x,LNPhub_YX_2025_LNP_000038,YX_TS38,CCCCCCCCCCSSSCC(CC)OC(=O)CCN(CCCN(CCO)CCO)CCC(=O)OC(CC)CSSSCCCCCCCCCC,multitailed lipidoid,C(CN(CCO)CCO)CN,primary_tertiary,CCC(=O)OCCSSS,ester/thioether,2,10E,C=CC(=O)OC(CC)CSSSCCCCCCCCCC,alkyl/alkenyl thiol,10E,C=CC(=O)OC(CC)CSSSCCCCCCCCCC,alkyl/alkenyl thiol,,,,,,,,,,,,,head–linker–two-tail,DOPE,CCCCCCCC\C=C/CCCCCCCC(=O)OC[C@H](COP(O)(=O)OCCN)OC(=O)CCCCCCC\C=C/CCCCCCCC,30.0,Cholesterol,C[C@H](CCCC(C)C)[C@H]1CC[C@@H]2[C@@]1(CC[C@H]3[C@H]2CC=C4[C@@]3(CC[C@@H](C4)O)C)C,40.0,DMG-PEG2000,,0.75,2000.0,20.0,10.0,,,,mRNA,in_vitro,in_vitro,MLG pulmonary cells,MLG pulmonary cells,,,,,,,2.0676727830286428,normalized_luminescence,55.0,0.0,0.0,44.0,890.449714,99.54,2.0,14.0,11.7295,251.4786,0.95122,39.0,2.0,891.517,True,False,True,biodegradable amino,,,,,,,,,,,,,,,,,,,branched
LNPhub_R0000076,LNPhub_YX_2025,https://doi.org/10.1038/s41587-025-02928-x,LNPhub_YX_2025_LNP_000038,YX_TS38,CCCCCCCCCCSSSCC(CC)OC(=O)CCN(CCCN(CCO)CCO)CCC(=O)OC(CC)CSSSCCCCCCCCCC,multitailed lipidoid,C(CN(CCO)CCO)CN,primary_tertiary,CCC(=O)OCCSSS,ester/thioether,2,10E,C=CC(=O)OC(CC)CSSSCCCCCCCCCC,alkyl/alkenyl thiol,10E,C=CC(=O)OC(CC)CSSSCCCCCCCCCC,alkyl/alkenyl thiol,,,,,,,,,,,,,head–linker–two-tail,DOPE,CCCCCCCC\C=C/CCCCCCCC(=O)OC[C@H](COP(O)(=O)OCCN)OC(=O)CCCCCCC\C=C/CCCCCCCC,30.0,Cholesterol,C[C@H](CCCC(C)C)[C@H]1CC[C@@H]2[C@@]1(CC[C@H]3[C@H]2CC=C4[C@@]3(CC[C@@H](C4)O)C)C,40.0,DMG-PEG2000,,0.75,2000.0,20.0,10.0,,,,mRNA,in_vitro,in_vitro,A549,A549 pulmonary cells,,,,,,,-0.558562182837369,normalized_luminescence,55.0,0.0,0.0,44.0,890.449714,99.54,2.0,14.0,11.7295,251.4786,0.95122,39.0,2.0,891.517,True,False,True,biodegradable amino,,,,,,,,,,,,,,,,,,,branched
LNPhub_R0000077,LNPhub_YX_2025,https://doi.org/10.1038/s41587-025-02928-x,LNPhub_YX_2025_LNP_000039,YX_TS39,CCCCCCCCCCCCSSSCC(CC)OC(=O)CCN(CCCN(CCO)CCO)CCC(=O)OC(CC)CSSSCCCCCCCCCCCC,multitailed lipidoid,C(CN(CCO)CCO)CN,primary_tertiary,CCC(=O)OCCSSS,ester/thioether,2,12E,C=CC(=O)OC(CC)CSSSCCCCCCCCCCCC,alkyl/alkenyl thiol,12E,C=CC(=O)OC(CC)CSSSCCCCCCCCCCCC,alkyl/alkenyl thiol,,,,,,,,,,,,,head–linker–two-tail,DOPE,CCCCCCCC\C=C/CCCCCCCC(=O)OC[C@H](COP(O)(=O)OCCN)OC(=O)CCCCCCC\C=C/CCCCCCCC,30.0,Cholesterol,C[C@H](CCCC(C)C)[C@H]1CC[C@@H]2[C@@]1(CC[C@H]3[C@H]2CC=C4[C@@]3(CC[C@@H](C4)O)C)C,40.0,DMG-PEG2000,,0.75,2000.0,20.0,10.0,,,,mRNA,in_vitro,in_vitro,MLG pulmonary cells,MLG pulmonary cells,,,,,,,3.3283590648206465,normalized_luminescence,59.0,0.0,0.0,48.0,946.512315,99.54,2.0,14.0,13.2899,269.9466,0.955556,43.0,2.0,947.625,True,False,True,biodegradable amino,,,,,,,,,,,,,,,,,,,branched
LNPhub_R0000078,LNPhub_YX_2025,https://doi.org/10.1038/s41587-025-02928-x,LNPhub_YX_2025_LNP_000039,YX_TS39,CCCCCCCCCCCCSSSCC(CC)OC(=O)CCN(CCCN(CCO)CCO)CCC(=O)OC(CC)CSSSCCCCCCCCCCCC,multitailed lipidoid,C(CN(CCO)CCO)CN,primary_tertiary,CCC(=O)OCCSSS,ester/thioether,2,12E,C=CC(=O)OC(CC)CSSSCCCCCCCCCCCC,alkyl/alkenyl thiol,12E,C=CC(=O)OC(CC)CSSSCCCCCCCCCCCC,alkyl/alkenyl thiol,,,,,,,,,,,,,head–linker–two-tail,DOPE,CCCCCCCC\C=C/CCCCCCCC(=O)OC[C@H](COP(O)(=O)OCCN)OC(=O)CCCCCCC\C=C/CCCCCCCC,30.0,Cholesterol,C[C@H](CCCC(C)C)[C@H]1CC[C@@H]2[C@@]1(CC[C@H]3[C@H]2CC=C4[C@@]3(CC[C@@H](C4)O)C)C,40.0,DMG-PEG2000,,0.75,2000.0,20.0,10.0,,,,mRNA,in_vitro,in_vitro,A549,A549 pulmonary cells,,,,,,,-0.4449631331819879,normalized_luminescence,59.0,0.0,0.0,48.0,946.512315,99.54,2.0,14.0,13.2899,269.9466,0.955556,43.0,2.0,947.625,True,False,True,biodegradable amino,,,,,,,,,,,,,,,,,,,branched
LNPhub_R0000079,LNPhub_YX_2025,https://doi.org/10.1038/s41587-025-02928-x,LNPhub_YX_2025_LNP_000040,YX_TS40,CCCCCCCCCCCCCCSSSCC(CC)OC(=O)CCN(CCCN(CCO)CCO)CCC(=O)OC(CC)CSSSCCCCCCCCCCCCCC,multitailed lipidoid,C(CN(CCO)CCO)CN,primary_tertiary,CCC(=O)OCCSSS,ester/thioether,2,14E,C=CC(=O)OC(CC)CSSSCCCCCCCCCCCCCC,alkyl/alkenyl thiol,14E,C=CC(=O)OC(CC)CSSSCCCCCCCCCCCCCC,alkyl/alkenyl thiol,,,,,,,,,,,,,head–linker–two-tail,DOPE,CCCCCCCC\C=C/CCCCCCCC(=O)OC[C@H](COP(O)(=O)OCCN)OC(=O)CCCCCCC\C=C/CCCCCCCC,30.0,Cholesterol,C[C@H](CCCC(C)C)[C@H]1CC[C@@H]2[C@@]1(CC[C@H]3[C@H]2CC=C4[C@@]3(CC[C@@H](C4)O)C)C,40.0,DMG-PEG2000,,0.75,2000.0,20.0,10.0,,,,mRNA,in_vitro,in_vitro,MLG pulmonary cells,MLG pulmonary cells,,,,,,,-0.3385040190861021,normalized_luminescence,63.0,0.0,0.0,52.0,1002.574915,99.54,2.0,14.0,14.8503,288.4146,0.959184,47.0,2.0,1003.733,True,False,True,biodegradable amino,,,,,,,,,,,,,,,,,,,branched
LNPhub_R0000080,LNPhub_YX_2025,https://doi.org/10.1038/s41587-025-02928-x,LNPhub_YX_2025_LNP_000040,YX_TS40,CCCCCCCCCCCCCCSSSCC(CC)OC(=O)CCN(CCCN(CCO)CCO)CCC(=O)OC(CC)CSSSCCCCCCCCCCCCCC,multitailed lipidoid,C(CN(CCO)CCO)CN,primary_tertiary,CCC(=O)OCCSSS,ester/thioether,2,14E,C=CC(=O)OC(CC)CSSSCCCCCCCCCCCCCC,alkyl/alkenyl thiol,14E,C=CC(=O)OC(CC)CSSSCCCCCCCCCCCCCC,alkyl/alkenyl thiol,,,,,,,,,,,,,head–linker–two-tail,DOPE,CCCCCCCC\C=C/CCCCCCCC(=O)OC[C@H](COP(O)(=O)OCCN)OC(=O)CCCCCCC\C=C/CCCCCCCC,30.0,Cholesterol,C[C@H](CCCC(C)C)[C@H]1CC[C@@H]2[C@@]1(CC[C@H]3[C@H]2CC=C4[C@@]3(CC[C@@H](C4)O)C)C,40.0,DMG-PEG2000,,0.75,2000.0,20.0,10.0,,,,mRNA,in_vitro,in_vitro,A549,A549 pulmonary cells,,,,,,,-0.5503255367149888,normalized_luminescence,63.0,0.0,0.0,52.0,1002.574915,99.54,2.0,14.0,14.8503,288.4146,0.959184,47.0,2.0,1003.733,True,False,True,biodegradable amino,,,,,,,,,,,,,,,,,,,branched
LNPhub_R0000081,LNPhub_YX_2025,https://doi.org/10.1038/s41587-025-02928-x,LNPhub_YX_2025_LNP_000041,YX_TS41,CCCCCCCCCCSSSCCOC(=O)CCN(CCCN(C)CCCN(CCC(=O)OCCSSSCCCCCCCCCC)CCC(=O)OCCSSSCCCCCCCCCC)CCC(=O)OCCSSSCCCCCCCCCC,multitailed lipidoid,CN(CCCN)CCCN,primary_tertiary,CCC(=O)OCCSSS,ester/thioether,4,10H,C=CC(=O)OCCSSSCCCCCCCCCC,alkyl/alkenyl thiol,10H,C=CC(=O)OCCSSSCCCCCCCCCC,alkyl/alkenyl thiol,10H,C=CC(=O)OCCSSSCCCCCCCCCC,alkyl/alkenyl thiol,10H,C=CC(=O)OCCSSSCCCCCCCCCC,alkyl/alkenyl thiol,,,,,,,head–linker–multi-tail,DOPE,CCCCCCCC\C=C/CCCCCCCC(=O)OC[C@H](COP(O)(=O)OCCN)OC(=O)CCCCCCC\C=C/CCCCCCCC,30.0,Cholesterol,C[C@H](CCCC(C)C)[C@H]1CC[C@@H]2[C@@]1(CC[C@H]3[C@H]2CC=C4[C@@]3(CC[C@@H](C4)O)C)C,40.0,DMG-PEG2000,,0.75,2000.0,20.0,10.0,,,,mRNA,in_vitro,in_vitro,MLG pulmonary cells,MLG pulmonary cells,,,,,,,,normalized_luminescence,90.0,0.0,0.0,76.0,1489.65847,114.92,0.0,23.0,22.7168,422.383,0.940299,63.0,3.0,1491.602,True,False,True,biodegradable amino,,,,,,,,,,,,,,,,,,,branched
LNPhub_R0000082,LNPhub_YX_2025,https://doi.org/10.1038/s41587-025-02928-x,LNPhub_YX_2025_LNP_000041,YX_TS41,CCCCCCCCCCSSSCCOC(=O)CCN(CCCN(C)CCCN(CCC(=O)OCCSSSCCCCCCCCCC)CCC(=O)OCCSSSCCCCCCCCCC)CCC(=O)OCCSSSCCCCCCCCCC,multitailed lipidoid,CN(CCCN)CCCN,primary_tertiary,CCC(=O)OCCSSS,ester/thioether,4,10H,C=CC(=O)OCCSSSCCCCCCCCCC,alkyl/alkenyl thiol,10H,C=CC(=O)OCCSSSCCCCCCCCCC,alkyl/alkenyl thiol,10H,C=CC(=O)OCCSSSCCCCCCCCCC,alkyl/alkenyl thiol,10H,C=CC(=O)OCCSSSCCCCCCCCCC,alkyl/alkenyl thiol,,,,,,,head–linker–multi-tail,DOPE,CCCCCCCC\C=C/CCCCCCCC(=O)OC[C@H](COP(O)(=O)OCCN)OC(=O)CCCCCCC\C=C/CCCCCCCC,30.0,Cholesterol,C[C@H](CCCC(C)C)[C@H]1CC[C@@H]2[C@@]1(CC[C@H]3[C@H]2CC=C4[C@@]3(CC[C@@H](C4)O)C)C,40.0,DMG-PEG2000,,0.75,2000.0,20.0,10.0,,,,mRNA,in_vitro,in_vitro,A549,A549 pulmonary cells,,,,,,,,normalized_luminescence,90.0,0.0,0.0,76.0,1489.65847,114.92,0.0,23.0,22.7168,422.383,0.940299,63.0,3.0,1491.602,True,False,True,biodegradable amino,,,,,,,,,,,,,,,,,,,branched
LNPhub_R0000083,LNPhub_YX_2025,https://doi.org/10.1038/s41587-025-02928-x,LNPhub_YX_2025_LNP_000042,YX_TS42,CCCCCCCCCCCCSSSCCOC(=O)CCN(CCCN(C)CCCN(CCC(=O)OCCSSSCCCCCCCCCCCC)CCC(=O)OCCSSSCCCCCCCCCCCC)CCC(=O)OCCSSSCCCCCCCCCCCC,multitailed lipidoid,CN(CCCN)CCCN,primary_tertiary,CCC(=O)OCCSSS,ester/thioether,4,12H,C=CC(=O)OCCSSSCCCCCCCCCCCC,alkyl/alkenyl thiol,12H,C=CC(=O)OCCSSSCCCCCCCCCCCC,alkyl/alkenyl thiol,12H,C=CC(=O)OCCSSSCCCCCCCCCCCC,alkyl/alkenyl thiol,12H,C=CC(=O)OCCSSSCCCCCCCCCCCC,alkyl/alkenyl thiol,,,,,,,head–linker–multi-tail,DOPE,CCCCCCCC\C=C/CCCCCCCC(=O)OC[C@H](COP(O)(=O)OCCN)OC(=O)CCCCCCC\C=C/CCCCCCCC,30.0,Cholesterol,C[C@H](CCCC(C)C)[C@H]1CC[C@@H]2[C@@]1(CC[C@H]3[C@H]2CC=C4[C@@]3(CC[C@@H](C4)O)C)C,40.0,DMG-PEG2000,,0.75,2000.0,20.0,10.0,,,,mRNA,in_vitro,in_vitro,MLG pulmonary cells,MLG pulmonary cells,,,,,,,0.3054399788843272,normalized_luminescence,98.0,0.0,0.0,84.0,1601.783671,114.92,0.0,23.0,25.8376,459.319,0.946667,71.0,3.0,1603.818,True,False,True,biodegradable amino,,,,,,,,,,,,,,,,,,,branched
LNPhub_R0000084,LNPhub_YX_2025,https://doi.org/10.1038/s41587-025-02928-x,LNPhub_YX_2025_LNP_000042,YX_TS42,CCCCCCCCCCCCSSSCCOC(=O)CCN(CCCN(C)CCCN(CCC(=O)OCCSSSCCCCCCCCCCCC)CCC(=O)OCCSSSCCCCCCCCCCCC)CCC(=O)OCCSSSCCCCCCCCCCCC,multitailed lipidoid,CN(CCCN)CCCN,primary_tertiary,CCC(=O)OCCSSS,ester/thioether,4,12H,C=CC(=O)OCCSSSCCCCCCCCCCCC,alkyl/alkenyl thiol,12H,C=CC(=O)OCCSSSCCCCCCCCCCCC,alkyl/alkenyl thiol,12H,C=CC(=O)OCCSSSCCCCCCCCCCCC,alkyl/alkenyl thiol,12H,C=CC(=O)OCCSSSCCCCCCCCCCCC,alkyl/alkenyl thiol,,,,,,,head–linker–multi-tail,DOPE,CCCCCCCC\C=C/CCCCCCCC(=O)OC[C@H](COP(O)(=O)OCCN)OC(=O)CCCCCCC\C=C/CCCCCCCC,30.0,Cholesterol,C[C@H](CCCC(C)C)[C@H]1CC[C@@H]2[C@@]1(CC[C@H]3[C@H]2CC=C4[C@@]3(CC[C@@H](C4)O)C)C,40.0,DMG-PEG2000,,0.75,2000.0,20.0,10.0,,,,mRNA,in_vitro,in_vitro,A549,A549 pulmonary cells,,,,,,,0.237559150611201,normalized_luminescence,98.0,0.0,0.0,84.0,1601.783671,114.92,0.0,23.0,25.8376,459.319,0.946667,71.0,3.0,1603.818,True,False,True,biodegradable amino,,,,,,,,,,,,,,,,,,,branched
LNPhub_R0000085,LNPhub_YX_2025,https://doi.org/10.1038/s41587-025-02928-x,LNPhub_YX_2025_LNP_000043,YX_TS43,CCCCCCCCCCCCCCSSSCCOC(=O)CCN(CCCN(C)CCCN(CCC(=O)OCCSSSCCCCCCCCCCCCCC)CCC(=O)OCCSSSCCCCCCCCCCCCCC)CCC(=O)OCCSSSCCCCCCCCCCCCCC,multitailed lipidoid,CN(CCCN)CCCN,primary_tertiary,CCC(=O)OCCSSS,ester/thioether,4,14H,C=CC(=O)OCCSSSCCCCCCCCCCCCCC,alkyl/alkenyl thiol,14H,C=CC(=O)OCCSSSCCCCCCCCCCCCCC,alkyl/alkenyl thiol,14H,C=CC(=O)OCCSSSCCCCCCCCCCCCCC,alkyl/alkenyl thiol,14H,C=CC(=O)OCCSSSCCCCCCCCCCCCCC,alkyl/alkenyl thiol,,,,,,,head–linker–multi-tail,DOPE,CCCCCCCC\C=C/CCCCCCCC(=O)OC[C@H](COP(O)(=O)OCCN)OC(=O)CCCCCCC\C=C/CCCCCCCC,30.0,Cholesterol,C[C@H](CCCC(C)C)[C@H]1CC[C@@H]2[C@@]1(CC[C@H]3[C@H]2CC=C4[C@@]3(CC[C@@H](C4)O)C)C,40.0,DMG-PEG2000,,0.75,2000.0,20.0,10.0,,,,mRNA,in_vitro,in_vitro,MLG pulmonary cells,MLG pulmonary cells,,,,,,,,normalized_luminescence,106.0,0.0,0.0,92.0,1713.908871,114.92,0.0,23.0,28.9584,496.255,0.951807,79.0,3.0,1716.034,True,False,True,biodegradable amino,,,,,,,,,,,,,,,,,,,branched
LNPhub_R0000086,LNPhub_YX_2025,https://doi.org/10.1038/s41587-025-02928-x,LNPhub_YX_2025_LNP_000043,YX_TS43,CCCCCCCCCCCCCCSSSCCOC(=O)CCN(CCCN(C)CCCN(CCC(=O)OCCSSSCCCCCCCCCCCCCC)CCC(=O)OCCSSSCCCCCCCCCCCCCC)CCC(=O)OCCSSSCCCCCCCCCCCCCC,multitailed lipidoid,CN(CCCN)CCCN,primary_tertiary,CCC(=O)OCCSSS,ester/thioether,4,14H,C=CC(=O)OCCSSSCCCCCCCCCCCCCC,alkyl/alkenyl thiol,14H,C=CC(=O)OCCSSSCCCCCCCCCCCCCC,alkyl/alkenyl thiol,14H,C=CC(=O)OCCSSSCCCCCCCCCCCCCC,alkyl/alkenyl thiol,14H,C=CC(=O)OCCSSSCCCCCCCCCCCCCC,alkyl/alkenyl thiol,,,,,,,head–linker–multi-tail,DOPE,CCCCCCCC\C=C/CCCCCCCC(=O)OC[C@H](COP(O)(=O)OCCN)OC(=O)CCCCCCC\C=C/CCCCCCCC,30.0,Cholesterol,C[C@H](CCCC(C)C)[C@H]1CC[C@@H]2[C@@]1(CC[C@H]3[C@H]2CC=C4[C@@]3(CC[C@@H](C4)O)C)C,40.0,DMG-PEG2000,,0.75,2000.0,20.0,10.0,,,,mRNA,in_vitro,in_vitro,A549,A549 pulmonary cells,,,,,,,3.283725208291376,normalized_luminescence,106.0,0.0,0.0,92.0,1713.908871,114.92,0.0,23.0,28.9584,496.255,0.951807,79.0,3.0,1716.034,True,False,True,biodegradable amino,,,,,,,,,,,,,,,,,,,branched
LNPhub_R0000087,LNPhub_YX_2025,https://doi.org/10.1038/s41587-025-02928-x,LNPhub_YX_2025_LNP_000044,YX_TS44,CCCCCCCCC(CCCCCC)SSSCCOC(=O)CCN(CCCN(C)CCCN(CCC(=O)OCCSSSC(CCCCCC)CCCCCCCC)CCC(=O)OCCSSSC(CCCCCC)CCCCCCCC)CCC(=O)OCCSSSC(CCCCCC)CCCCCCCC,multitailed lipidoid,CN(CCCN)CCCN,primary_tertiary,CCC(=O)OCCSSS,ester/thioether,4,10B6,C=CC(=O)OCCSSSC(CCCCCC)CCCCCCCC,alkyl/alkenyl thiol,10B6,C=CC(=O)OCCSSSC(CCCCCC)CCCCCCCC,alkyl/alkenyl thiol,10B6,C=CC(=O)OCCSSSC(CCCCCC)CCCCCCCC,alkyl/alkenyl thiol,10B6,C=CC(=O)OCCSSSC(CCCCCC)CCCCCCCC,alkyl/alkenyl thiol,,,,,,,head–linker–multi-tail,DOPE,CCCCCCCC\C=C/CCCCCCCC(=O)OC[C@H](COP(O)(=O)OCCN)OC(=O)CCCCCCC\C=C/CCCCCCCC,30.0,Cholesterol,C[C@H](CCCC(C)C)[C@H]1CC[C@@H]2[C@@]1(CC[C@H]3[C@H]2CC=C4[C@@]3(CC[C@@H](C4)O)C)C,40.0,DMG-PEG2000,,0.75,2000.0,20.0,10.0,,,,mRNA,in_vitro,in_vitro,MLG pulmonary cells,MLG pulmonary cells,,,,,,,-0.5351423711548979,normalized_luminescence,110.0,0.0,0.0,92.0,1769.971471,114.92,0.0,23.0,30.5124,514.635,0.954023,83.0,3.0,1772.142,True,False,True,biodegradable amino,,,,,,,,,,,,,,,,,,,branched
LNPhub_R0000088,LNPhub_YX_2025,https://doi.org/10.1038/s41587-025-02928-x,LNPhub_YX_2025_LNP_000044,YX_TS44,CCCCCCCCC(CCCCCC)SSSCCOC(=O)CCN(CCCN(C)CCCN(CCC(=O)OCCSSSC(CCCCCC)CCCCCCCC)CCC(=O)OCCSSSC(CCCCCC)CCCCCCCC)CCC(=O)OCCSSSC(CCCCCC)CCCCCCCC,multitailed lipidoid,CN(CCCN)CCCN,primary_tertiary,CCC(=O)OCCSSS,ester/thioether,4,10B6,C=CC(=O)OCCSSSC(CCCCCC)CCCCCCCC,alkyl/alkenyl thiol,10B6,C=CC(=O)OCCSSSC(CCCCCC)CCCCCCCC,alkyl/alkenyl thiol,10B6,C=CC(=O)OCCSSSC(CCCCCC)CCCCCCCC,alkyl/alkenyl thiol,10B6,C=CC(=O)OCCSSSC(CCCCCC)CCCCCCCC,alkyl/alkenyl thiol,,,,,,,head–linker–multi-tail,DOPE,CCCCCCCC\C=C/CCCCCCCC(=O)OC[C@H](COP(O)(=O)OCCN)OC(=O)CCCCCCC\C=C/CCCCCCCC,30.0,Cholesterol,C[C@H](CCCC(C)C)[C@H]1CC[C@@H]2[C@@]1(CC[C@H]3[C@H]2CC=C4[C@@]3(CC[C@@H](C4)O)C)C,40.0,DMG-PEG2000,,0.75,2000.0,20.0,10.0,,,,mRNA,in_vitro,in_vitro,A549,A549 pulmonary cells,,,,,,,-0.6126466802959663,normalized_luminescence,110.0,0.0,0.0,92.0,1769.971471,114.92,0.0,23.0,30.5124,514.635,0.954023,83.0,3.0,1772.142,True,False,True,biodegradable amino,,,,,,,,,,,,,,,,,,,branched
LNPhub_R0000089,LNPhub_YX_2025,https://doi.org/10.1038/s41587-025-02928-x,LNPhub_YX_2025_LNP_000045,YX_TS45,CCCCCCCCCCSSSCC(C)OC(=O)CCN(CCCN(C)CCCN(CCC(=O)OC(C)CSSSCCCCCCCCCC)CCC(=O)OC(C)CSSSCCCCCCCCCC)CCC(=O)OC(C)CSSSCCCCCCCCCC,multitailed lipidoid,CN(CCCN)CCCN,primary_tertiary,CCC(=O)OCCSSS,ester/thioether,4,10M,C=CC(=O)OC(C)CSSSCCCCCCCCCC,alkyl/alkenyl thiol,10M,C=CC(=O)OC(C)CSSSCCCCCCCCCC,alkyl/alkenyl thiol,10M,C=CC(=O)OC(C)CSSSCCCCCCCCCC,alkyl/alkenyl thiol,10M,C=CC(=O)OC(C)CSSSCCCCCCCCCC,alkyl/alkenyl thiol,,,,,,,head–linker–multi-tail,DOPE,CCCCCCCC\C=C/CCCCCCCC(=O)OC[C@H](COP(O)(=O)OCCN)OC(=O)CCCCCCC\C=C/CCCCCCCC,30.0,Cholesterol,C[C@H](CCCC(C)C)[C@H]1CC[C@@H]2[C@@]1(CC[C@H]3[C@H]2CC=C4[C@@]3(CC[C@@H](C4)O)C)C,40.0,DMG-PEG2000,,0.75,2000.0,20.0,10.0,,,,mRNA,in_vitro,in_vitro,MLG pulmonary cells,MLG pulmonary cells,,,,,,,,normalized_luminescence,94.0,0.0,0.0,76.0,1545.72107,114.92,0.0,23.0,24.2708,440.763,0.943662,67.0,3.0,1547.71,True,False,True,biodegradable amino,,,,,,,,,,,,,,,,,,,branched
LNPhub_R0000090,LNPhub_YX_2025,https://doi.org/10.1038/s41587-025-02928-x,LNPhub_YX_2025_LNP_000045,YX_TS45,CCCCCCCCCCSSSCC(C)OC(=O)CCN(CCCN(C)CCCN(CCC(=O)OC(C)CSSSCCCCCCCCCC)CCC(=O)OC(C)CSSSCCCCCCCCCC)CCC(=O)OC(C)CSSSCCCCCCCCCC,multitailed lipidoid,CN(CCCN)CCCN,primary_tertiary,CCC(=O)OCCSSS,ester/thioether,4,10M,C=CC(=O)OC(C)CSSSCCCCCCCCCC,alkyl/alkenyl thiol,10M,C=CC(=O)OC(C)CSSSCCCCCCCCCC,alkyl/alkenyl thiol,10M,C=CC(=O)OC(C)CSSSCCCCCCCCCC,alkyl/alkenyl thiol,10M,C=CC(=O)OC(C)CSSSCCCCCCCCCC,alkyl/alkenyl thiol,,,,,,,head–linker–multi-tail,DOPE,CCCCCCCC\C=C/CCCCCCCC(=O)OC[C@H](COP(O)(=O)OCCN)OC(=O)CCCCCCC\C=C/CCCCCCCC,30.0,Cholesterol,C[C@H](CCCC(C)C)[C@H]1CC[C@@H]2[C@@]1(CC[C@H]3[C@H]2CC=C4[C@@]3(CC[C@@H](C4)O)C)C,40.0,DMG-PEG2000,,0.75,2000.0,20.0,10.0,,,,mRNA,in_vitro,in_vitro,A549,A549 pulmonary cells,,,,,,,-0.228787695194631,normalized_luminescence,94.0,0.0,0.0,76.0,1545.72107,114.92,0.0,23.0,24.2708,440.763,0.943662,67.0,3.0,1547.71,True,False,True,biodegradable amino,,,,,,,,,,,,,,,,,,,branched
LNPhub_R0000091,LNPhub_YX_2025,https://doi.org/10.1038/s41587-025-02928-x,LNPhub_YX_2025_LNP_000046,YX_TS46,CCCCCCCCCCCCSSSCC(C)OC(=O)CCN(CCCN(C)CCCN(CCC(=O)OC(C)CSSSCCCCCCCCCCCC)CCC(=O)OC(C)CSSSCCCCCCCCCCCC)CCC(=O)OC(C)CSSSCCCCCCCCCCCC,multitailed lipidoid,CN(CCCN)CCCN,primary_tertiary,CCC(=O)OCCSSS,ester/thioether,4,12M,C=CC(=O)OC(C)CSSSCCCCCCCCCCCC,alkyl/alkenyl thiol,12M,C=CC(=O)OC(C)CSSSCCCCCCCCCCCC,alkyl/alkenyl thiol,12M,C=CC(=O)OC(C)CSSSCCCCCCCCCCCC,alkyl/alkenyl thiol,12M,C=CC(=O)OC(C)CSSSCCCCCCCCCCCC,alkyl/alkenyl thiol,,,,,,,head–linker–multi-tail,DOPE,CCCCCCCC\C=C/CCCCCCCC(=O)OC[C@H](COP(O)(=O)OCCN)OC(=O)CCCCCCC\C=C/CCCCCCCC,30.0,Cholesterol,C[C@H](CCCC(C)C)[C@H]1CC[C@@H]2[C@@]1(CC[C@H]3[C@H]2CC=C4[C@@]3(CC[C@@H](C4)O)C)C,40.0,DMG-PEG2000,,0.75,2000.0,20.0,10.0,,,,mRNA,in_vitro,in_vitro,MLG pulmonary cells,MLG pulmonary cells,,,,,,,,normalized_luminescence,102.0,0.0,0.0,84.0,1657.846271,114.92,0.0,23.0,27.3916,477.699,0.949367,75.0,3.0,1659.926,True,False,True,biodegradable amino,,,,,,,,,,,,,,,,,,,branched
LNPhub_R0000092,LNPhub_YX_2025,https://doi.org/10.1038/s41587-025-02928-x,LNPhub_YX_2025_LNP_000046,YX_TS46,CCCCCCCCCCCCSSSCC(C)OC(=O)CCN(CCCN(C)CCCN(CCC(=O)OC(C)CSSSCCCCCCCCCCCC)CCC(=O)OC(C)CSSSCCCCCCCCCCCC)CCC(=O)OC(C)CSSSCCCCCCCCCCCC,multitailed lipidoid,CN(CCCN)CCCN,primary_tertiary,CCC(=O)OCCSSS,ester/thioether,4,12M,C=CC(=O)OC(C)CSSSCCCCCCCCCCCC,alkyl/alkenyl thiol,12M,C=CC(=O)OC(C)CSSSCCCCCCCCCCCC,alkyl/alkenyl thiol,12M,C=CC(=O)OC(C)CSSSCCCCCCCCCCCC,alkyl/alkenyl thiol,12M,C=CC(=O)OC(C)CSSSCCCCCCCCCCCC,alkyl/alkenyl thiol,,,,,,,head–linker–multi-tail,DOPE,CCCCCCCC\C=C/CCCCCCCC(=O)OC[C@H](COP(O)(=O)OCCN)OC(=O)CCCCCCC\C=C/CCCCCCCC,30.0,Cholesterol,C[C@H](CCCC(C)C)[C@H]1CC[C@@H]2[C@@]1(CC[C@H]3[C@H]2CC=C4[C@@]3(CC[C@@H](C4)O)C)C,40.0,DMG-PEG2000,,0.75,2000.0,20.0,10.0,,,,mRNA,in_vitro,in_vitro,A549,A549 pulmonary cells,,,,,,,2.6280404402049578,normalized_luminescence,102.0,0.0,0.0,84.0,1657.846271,114.92,0.0,23.0,27.3916,477.699,0.949367,75.0,3.0,1659.926,True,False,True,biodegradable amino,,,,,,,,,,,,,,,,,,,branched
LNPhub_R0000093,LNPhub_YX_2025,https://doi.org/10.1038/s41587-025-02928-x,LNPhub_YX_2025_LNP_000047,YX_TS47,CCCCCCCCCCCCCCSSSCC(C)OC(=O)CCN(CCCN(C)CCCN(CCC(=O)OC(C)CSSSCCCCCCCCCCCCCC)CCC(=O)OC(C)CSSSCCCCCCCCCCCCCC)CCC(=O)OC(C)CSSSCCCCCCCCCCCCCC,multitailed lipidoid,CN(CCCN)CCCN,primary_tertiary,CCC(=O)OCCSSS,ester/thioether,4,14M,C=CC(=O)OC(C)CSSSCCCCCCCCCCCCCC,alkyl/alkenyl thiol,14M,C=CC(=O)OC(C)CSSSCCCCCCCCCCCCCC,alkyl/alkenyl thiol,14M,C=CC(=O)OC(C)CSSSCCCCCCCCCCCCCC,alkyl/alkenyl thiol,14M,C=CC(=O)OC(C)CSSSCCCCCCCCCCCCCC,alkyl/alkenyl thiol,,,,,,,head–linker–multi-tail,DOPE,CCCCCCCC\C=C/CCCCCCCC(=O)OC[C@H](COP(O)(=O)OCCN)OC(=O)CCCCCCC\C=C/CCCCCCCC,30.0,Cholesterol,C[C@H](CCCC(C)C)[C@H]1CC[C@@H]2[C@@]1(CC[C@H]3[C@H]2CC=C4[C@@]3(CC[C@@H](C4)O)C)C,40.0,DMG-PEG2000,,0.75,2000.0,20.0,10.0,,,,mRNA,in_vitro,in_vitro,MLG pulmonary cells,MLG pulmonary cells,,,,,,,,normalized_luminescence,110.0,0.0,0.0,92.0,1769.971471,114.92,0.0,23.0,30.5124,514.635,0.954023,83.0,3.0,1772.142,True,False,True,biodegradable amino,,,,,,,,,,,,,,,,,,,branched
LNPhub_R0000094,LNPhub_YX_2025,https://doi.org/10.1038/s41587-025-02928-x,LNPhub_YX_2025_LNP_000047,YX_TS47,CCCCCCCCCCCCCCSSSCC(C)OC(=O)CCN(CCCN(C)CCCN(CCC(=O)OC(C)CSSSCCCCCCCCCCCCCC)CCC(=O)OC(C)CSSSCCCCCCCCCCCCCC)CCC(=O)OC(C)CSSSCCCCCCCCCCCCCC,multitailed lipidoid,CN(CCCN)CCCN,primary_tertiary,CCC(=O)OCCSSS,ester/thioether,4,14M,C=CC(=O)OC(C)CSSSCCCCCCCCCCCCCC,alkyl/alkenyl thiol,14M,C=CC(=O)OC(C)CSSSCCCCCCCCCCCCCC,alkyl/alkenyl thiol,14M,C=CC(=O)OC(C)CSSSCCCCCCCCCCCCCC,alkyl/alkenyl thiol,14M,C=CC(=O)OC(C)CSSSCCCCCCCCCCCCCC,alkyl/alkenyl thiol,,,,,,,head–linker–multi-tail,DOPE,CCCCCCCC\C=C/CCCCCCCC(=O)OC[C@H](COP(O)(=O)OCCN)OC(=O)CCCCCCC\C=C/CCCCCCCC,30.0,Cholesterol,C[C@H](CCCC(C)C)[C@H]1CC[C@@H]2[C@@]1(CC[C@H]3[C@H]2CC=C4[C@@]3(CC[C@@H](C4)O)C)C,40.0,DMG-PEG2000,,0.75,2000.0,20.0,10.0,,,,mRNA,in_vitro,in_vitro,A549,A549 pulmonary cells,,,,,,,-0.0042521539858823,normalized_luminescence,110.0,0.0,0.0,92.0,1769.971471,114.92,0.0,23.0,30.5124,514.635,0.954023,83.0,3.0,1772.142,True,False,True,biodegradable amino,,,,,,,,,,,,,,,,,,,branched
LNPhub_R0000095,LNPhub_YX_2025,https://doi.org/10.1038/s41587-025-02928-x,LNPhub_YX_2025_LNP_000048,YX_TS48,CCCCCCCCCCSSSCC(CC)OC(=O)CCN(CCCN(C)CCCN(CCC(=O)OC(CC)CSSSCCCCCCCCCC)CCC(=O)OC(CC)CSSSCCCCCCCCCC)CCC(=O)OC(CC)CSSSCCCCCCCCCC,multitailed lipidoid,CN(CCCN)CCCN,primary_tertiary,CCC(=O)OCCSSS,ester/thioether,4,10E,C=CC(=O)OC(CC)CSSSCCCCCCCCCC,alkyl/alkenyl thiol,10E,C=CC(=O)OC(CC)CSSSCCCCCCCCCC,alkyl/alkenyl thiol,10E,C=CC(=O)OC(CC)CSSSCCCCCCCCCC,alkyl/alkenyl thiol,10E,C=CC(=O)OC(CC)CSSSCCCCCCCCCC,alkyl/alkenyl thiol,,,,,,,head–linker–multi-tail,DOPE,CCCCCCCC\C=C/CCCCCCCC(=O)OC[C@H](COP(O)(=O)OCCN)OC(=O)CCCCCCC\C=C/CCCCCCCC,30.0,Cholesterol,C[C@H](CCCC(C)C)[C@H]1CC[C@@H]2[C@@]1(CC[C@H]3[C@H]2CC=C4[C@@]3(CC[C@@H](C4)O)C)C,40.0,DMG-PEG2000,,0.75,2000.0,20.0,10.0,,,,mRNA,in_vitro,in_vitro,MLG pulmonary cells,MLG pulmonary cells,,,,,,,,normalized_luminescence,98.0,0.0,0.0,80.0,1601.783671,114.92,0.0,23.0,25.8312,459.231,0.946667,71.0,3.0,1603.818,True,False,True,biodegradable amino,,,,,,,,,,,,,,,,,,,branched
LNPhub_R0000096,LNPhub_YX_2025,https://doi.org/10.1038/s41587-025-02928-x,LNPhub_YX_2025_LNP_000048,YX_TS48,CCCCCCCCCCSSSCC(CC)OC(=O)CCN(CCCN(C)CCCN(CCC(=O)OC(CC)CSSSCCCCCCCCCC)CCC(=O)OC(CC)CSSSCCCCCCCCCC)CCC(=O)OC(CC)CSSSCCCCCCCCCC,multitailed lipidoid,CN(CCCN)CCCN,primary_tertiary,CCC(=O)OCCSSS,ester/thioether,4,10E,C=CC(=O)OC(CC)CSSSCCCCCCCCCC,alkyl/alkenyl thiol,10E,C=CC(=O)OC(CC)CSSSCCCCCCCCCC,alkyl/alkenyl thiol,10E,C=CC(=O)OC(CC)CSSSCCCCCCCCCC,alkyl/alkenyl thiol,10E,C=CC(=O)OC(CC)CSSSCCCCCCCCCC,alkyl/alkenyl thiol,,,,,,,head–linker–multi-tail,DOPE,CCCCCCCC\C=C/CCCCCCCC(=O)OC[C@H](COP(O)(=O)OCCN)OC(=O)CCCCCCC\C=C/CCCCCCCC,30.0,Cholesterol,C[C@H](CCCC(C)C)[C@H]1CC[C@@H]2[C@@]1(CC[C@H]3[C@H]2CC=C4[C@@]3(CC[C@@H](C4)O)C)C,40.0,DMG-PEG2000,,0.75,2000.0,20.0,10.0,,,,mRNA,in_vitro,in_vitro,A549,A549 pulmonary cells,,,,,,,0.3400182546991162,normalized_luminescence,98.0,0.0,0.0,80.0,1601.783671,114.92,0.0,23.0,25.8312,459.231,0.946667,71.0,3.0,1603.818,True,False,True,biodegradable amino,,,,,,,,,,,,,,,,,,,branched
LNPhub_R0000097,LNPhub_YX_2025,https://doi.org/10.1038/s41587-025-02928-x,LNPhub_YX_2025_LNP_000049,YX_TS49,CCCCCCCCCCCCSSSCC(CC)OC(=O)CCN(CCCN(C)CCCN(CCC(=O)OC(CC)CSSSCCCCCCCCCCCC)CCC(=O)OC(CC)CSSSCCCCCCCCCCCC)CCC(=O)OC(CC)CSSSCCCCCCCCCCCC,multitailed lipidoid,CN(CCCN)CCCN,primary_tertiary,CCC(=O)OCCSSS,ester/thioether,4,12E,C=CC(=O)OC(CC)CSSSCCCCCCCCCCCC,alkyl/alkenyl thiol,12E,C=CC(=O)OC(CC)CSSSCCCCCCCCCCCC,alkyl/alkenyl thiol,12E,C=CC(=O)OC(CC)CSSSCCCCCCCCCCCC,alkyl/alkenyl thiol,12E,C=CC(=O)OC(CC)CSSSCCCCCCCCCCCC,alkyl/alkenyl thiol,,,,,,,head–linker–multi-tail,DOPE,CCCCCCCC\C=C/CCCCCCCC(=O)OC[C@H](COP(O)(=O)OCCN)OC(=O)CCCCCCC\C=C/CCCCCCCC,30.0,Cholesterol,C[C@H](CCCC(C)C)[C@H]1CC[C@@H]2[C@@]1(CC[C@H]3[C@H]2CC=C4[C@@]3(CC[C@@H](C4)O)C)C,40.0,DMG-PEG2000,,0.75,2000.0,20.0,10.0,,,,mRNA,in_vitro,in_vitro,MLG pulmonary cells,MLG pulmonary cells,,,,,,,1.986281632887031,normalized_luminescence,106.0,0.0,0.0,88.0,1713.908871,114.92,0.0,23.0,28.952,496.167,0.951807,79.0,3.0,1716.034,True,False,True,biodegradable amino,,,,,,,,,,,,,,,,,,,branched
LNPhub_R0000098,LNPhub_YX_2025,https://doi.org/10.1038/s41587-025-02928-x,LNPhub_YX_2025_LNP_000049,YX_TS49,CCCCCCCCCCCCSSSCC(CC)OC(=O)CCN(CCCN(C)CCCN(CCC(=O)OC(CC)CSSSCCCCCCCCCCCC)CCC(=O)OC(CC)CSSSCCCCCCCCCCCC)CCC(=O)OC(CC)CSSSCCCCCCCCCCCC,multitailed lipidoid,CN(CCCN)CCCN,primary_tertiary,CCC(=O)OCCSSS,ester/thioether,4,12E,C=CC(=O)OC(CC)CSSSCCCCCCCCCCCC,alkyl/alkenyl thiol,12E,C=CC(=O)OC(CC)CSSSCCCCCCCCCCCC,alkyl/alkenyl thiol,12E,C=CC(=O)OC(CC)CSSSCCCCCCCCCCCC,alkyl/alkenyl thiol,12E,C=CC(=O)OC(CC)CSSSCCCCCCCCCCCC,alkyl/alkenyl thiol,,,,,,,head–linker–multi-tail,DOPE,CCCCCCCC\C=C/CCCCCCCC(=O)OC[C@H](COP(O)(=O)OCCN)OC(=O)CCCCCCC\C=C/CCCCCCCC,30.0,Cholesterol,C[C@H](CCCC(C)C)[C@H]1CC[C@@H]2[C@@]1(CC[C@H]3[C@H]2CC=C4[C@@]3(CC[C@@H](C4)O)C)C,40.0,DMG-PEG2000,,0.75,2000.0,20.0,10.0,,,,mRNA,in_vitro,in_vitro,A549,A549 pulmonary cells,,,,,,,-0.4029609704799775,normalized_luminescence,106.0,0.0,0.0,88.0,1713.908871,114.92,0.0,23.0,28.952,496.167,0.951807,79.0,3.0,1716.034,True,False,True,biodegradable amino,,,,,,,,,,,,,,,,,,,branched
LNPhub_R0000099,LNPhub_YX_2025,https://doi.org/10.1038/s41587-025-02928-x,LNPhub_YX_2025_LNP_000050,YX_TS50,CCCCCCCCCCCCCCSSSCC(CC)OC(=O)CCN(CCCN(C)CCCN(CCC(=O)OC(CC)CSSSCCCCCCCCCCCCCC)CCC(=O)OC(CC)CSSSCCCCCCCCCCCCCC)CCC(=O)OC(CC)CSSSCCCCCCCCCCCCCC,multitailed lipidoid,CN(CCCN)CCCN,primary_tertiary,CCC(=O)OCCSSS,ester/thioether,4,14E,C=CC(=O)OC(CC)CSSSCCCCCCCCCCCCCC,alkyl/alkenyl thiol,14E,C=CC(=O)OC(CC)CSSSCCCCCCCCCCCCCC,alkyl/alkenyl thiol,14E,C=CC(=O)OC(CC)CSSSCCCCCCCCCCCCCC,alkyl/alkenyl thiol,14E,C=CC(=O)OC(CC)CSSSCCCCCCCCCCCCCC,alkyl/alkenyl thiol,,,,,,,head–linker–multi-tail,DOPE,CCCCCCCC\C=C/CCCCCCCC(=O)OC[C@H](COP(O)(=O)OCCN)OC(=O)CCCCCCC\C=C/CCCCCCCC,30.0,Cholesterol,C[C@H](CCCC(C)C)[C@H]1CC[C@@H]2[C@@]1(CC[C@H]3[C@H]2CC=C4[C@@]3(CC[C@@H](C4)O)C)C,40.0,DMG-PEG2000,,0.75,2000.0,20.0,10.0,,,,mRNA,in_vitro,in_vitro,MLG pulmonary cells,MLG pulmonary cells,,,,,,,,normalized_luminescence,114.0,0.0,0.0,96.0,1826.034072,114.92,0.0,23.0,32.0728,533.103,0.956044,87.0,3.0,1828.25,True,False,True,biodegradable amino,,,,,,,,,,,,,,,,,,,branched
LNPhub_R0000100,LNPhub_YX_2025,https://doi.org/10.1038/s41587-025-02928-x,LNPhub_YX_2025_LNP_000050,YX_TS50,CCCCCCCCCCCCCCSSSCC(CC)OC(=O)CCN(CCCN(C)CCCN(CCC(=O)OC(CC)CSSSCCCCCCCCCCCCCC)CCC(=O)OC(CC)CSSSCCCCCCCCCCCCCC)CCC(=O)OC(CC)CSSSCCCCCCCCCCCCCC,multitailed lipidoid,CN(CCCN)CCCN,primary_tertiary,CCC(=O)OCCSSS,ester/thioether,4,14E,C=CC(=O)OC(CC)CSSSCCCCCCCCCCCCCC,alkyl/alkenyl thiol,14E,C=CC(=O)OC(CC)CSSSCCCCCCCCCCCCCC,alkyl/alkenyl thiol,14E,C=CC(=O)OC(CC)CSSSCCCCCCCCCCCCCC,alkyl/alkenyl thiol,14E,C=CC(=O)OC(CC)CSSSCCCCCCCCCCCCCC,alkyl/alkenyl thiol,,,,,,,head–linker–multi-tail,DOPE,CCCCCCCC\C=C/CCCCCCCC(=O)OC[C@H](COP(O)(=O)OCCN)OC(=O)CCCCCCC\C=C/CCCCCCCC,30.0,Cholesterol,C[C@H](CCCC(C)C)[C@H]1CC[C@@H]2[C@@]1(CC[C@H]3[C@H]2CC=C4[C@@]3(CC[C@@H](C4)O)C)C,40.0,DMG-PEG2000,,0.75,2000.0,20.0,10.0,,,,mRNA,in_vitro,in_vitro,A549,A549 pulmonary cells,,,,,,,-0.5419366268371612,normalized_luminescence,114.0,0.0,0.0,96.0,1826.034072,114.92,0.0,23.0,32.0728,533.103,0.956044,87.0,3.0,1828.25,True,False,True,biodegradable amino,,,,,,,,,,,,,,,,,,,branched
LNPhub_R0000101,LNPhub_YX_2025,https://doi.org/10.1038/s41587-025-02928-x,LNPhub_YX_2025_LNP_000051,YX_TS51,CCCCCCCCCCSSSCCOC(=O)CCN(C)CCCN(C)CCC(=O)OCCSSSCCCCCCCCCC,multitailed lipidoid,CNCCCNC,secondary,CCC(=O)OCCSSS,ester/thioether,2,10H,C=CC(=O)OCCSSSCCCCCCCCCC,alkyl/alkenyl thiol,10H,C=CC(=O)OCCSSSCCCCCCCCCC,alkyl/alkenyl thiol,,,,,,,,,,,,,head–linker–two-tail,DOPE,CCCCCCCC\C=C/CCCCCCCC(=O)OC[C@H](COP(O)(=O)OCCN)OC(=O)CCCCCCC\C=C/CCCCCCCC,30.0,Cholesterol,C[C@H](CCCC(C)C)[C@H]1CC[C@@H]2[C@@]1(CC[C@H]3[C@H]2CC=C4[C@@]3(CC[C@@H](C4)O)C)C,40.0,DMG-PEG2000,,0.75,2000.0,20.0,10.0,,,,mRNA,in_vitro,in_vitro,MLG pulmonary cells,MLG pulmonary cells,,,,,,,-0.3708436061721501,normalized_luminescence,47.0,0.0,0.0,38.0,774.365985,59.08,0.0,12.0,11.4473,220.997,0.942857,33.0,2.0,775.357,True,False,True,biodegradable amino,,,,,,,,,,,,,,,,,,,linear
LNPhub_R0000102,LNPhub_YX_2025,https://doi.org/10.1038/s41587-025-02928-x,LNPhub_YX_2025_LNP_000051,YX_TS51,CCCCCCCCCCSSSCCOC(=O)CCN(C)CCCN(C)CCC(=O)OCCSSSCCCCCCCCCC,multitailed lipidoid,CNCCCNC,secondary,CCC(=O)OCCSSS,ester/thioether,2,10H,C=CC(=O)OCCSSSCCCCCCCCCC,alkyl/alkenyl thiol,10H,C=CC(=O)OCCSSSCCCCCCCCCC,alkyl/alkenyl thiol,,,,,,,,,,,,,head–linker–two-tail,DOPE,CCCCCCCC\C=C/CCCCCCCC(=O)OC[C@H](COP(O)(=O)OCCN)OC(=O)CCCCCCC\C=C/CCCCCCCC,30.0,Cholesterol,C[C@H](CCCC(C)C)[C@H]1CC[C@@H]2[C@@]1(CC[C@H]3[C@H]2CC=C4[C@@]3(CC[C@@H](C4)O)C)C,40.0,DMG-PEG2000,,0.75,2000.0,20.0,10.0,,,,mRNA,in_vitro,in_vitro,A549,A549 pulmonary cells,,,,,,,-0.5877453834253578,normalized_luminescence,47.0,0.0,0.0,38.0,774.365985,59.08,0.0,12.0,11.4473,220.997,0.942857,33.0,2.0,775.357,True,False,True,biodegradable amino,,,,,,,,,,,,,,,,,,,linear
LNPhub_R0000103,LNPhub_YX_2025,https://doi.org/10.1038/s41587-025-02928-x,LNPhub_YX_2025_LNP_000052,YX_TS52,CCCCCCCCCCCCSSSCCOC(=O)CCN(C)CCCN(C)CCC(=O)OCCSSSCCCCCCCCCCCC,multitailed lipidoid,CNCCCNC,secondary,CCC(=O)OCCSSS,ester/thioether,2,12H,C=CC(=O)OCCSSSCCCCCCCCCCCC,alkyl/alkenyl thiol,12H,C=CC(=O)OCCSSSCCCCCCCCCCCC,alkyl/alkenyl thiol,,,,,,,,,,,,,head–linker–two-tail,DOPE,CCCCCCCC\C=C/CCCCCCCC(=O)OC[C@H](COP(O)(=O)OCCN)OC(=O)CCCCCCC\C=C/CCCCCCCC,30.0,Cholesterol,C[C@H](CCCC(C)C)[C@H]1CC[C@@H]2[C@@]1(CC[C@H]3[C@H]2CC=C4[C@@]3(CC[C@@H](C4)O)C)C,40.0,DMG-PEG2000,,0.75,2000.0,20.0,10.0,,,,mRNA,in_vitro,in_vitro,MLG pulmonary cells,MLG pulmonary cells,,,,,,,-0.4328602222422326,normalized_luminescence,51.0,0.0,0.0,42.0,830.428585,59.08,0.0,12.0,13.0077,239.465,0.948718,37.0,2.0,831.465,True,False,True,biodegradable amino,,,,,,,,,,,,,,,,,,,linear
LNPhub_R0000104,LNPhub_YX_2025,https://doi.org/10.1038/s41587-025-02928-x,LNPhub_YX_2025_LNP_000052,YX_TS52,CCCCCCCCCCCCSSSCCOC(=O)CCN(C)CCCN(C)CCC(=O)OCCSSSCCCCCCCCCCCC,multitailed lipidoid,CNCCCNC,secondary,CCC(=O)OCCSSS,ester/thioether,2,12H,C=CC(=O)OCCSSSCCCCCCCCCCCC,alkyl/alkenyl thiol,12H,C=CC(=O)OCCSSSCCCCCCCCCCCC,alkyl/alkenyl thiol,,,,,,,,,,,,,head–linker–two-tail,DOPE,CCCCCCCC\C=C/CCCCCCCC(=O)OC[C@H](COP(O)(=O)OCCN)OC(=O)CCCCCCC\C=C/CCCCCCCC,30.0,Cholesterol,C[C@H](CCCC(C)C)[C@H]1CC[C@@H]2[C@@]1(CC[C@H]3[C@H]2CC=C4[C@@]3(CC[C@@H](C4)O)C)C,40.0,DMG-PEG2000,,0.75,2000.0,20.0,10.0,,,,mRNA,in_vitro,in_vitro,A549,A549 pulmonary cells,,,,,,,-0.2743289614016361,normalized_luminescence,51.0,0.0,0.0,42.0,830.428585,59.08,0.0,12.0,13.0077,239.465,0.948718,37.0,2.0,831.465,True,False,True,biodegradable amino,,,,,,,,,,,,,,,,,,,linear
LNPhub_R0000105,LNPhub_YX_2025,https://doi.org/10.1038/s41587-025-02928-x,LNPhub_YX_2025_LNP_000053,YX_TS53,CCCCCCCCCCCCCCSSSCCOC(=O)CCN(C)CCCN(C)CCC(=O)OCCSSSCCCCCCCCCCCCCC,multitailed lipidoid,CNCCCNC,secondary,CCC(=O)OCCSSS,ester/thioether,2,14H,C=CC(=O)OCCSSSCCCCCCCCCCCCCC,alkyl/alkenyl thiol,14H,C=CC(=O)OCCSSSCCCCCCCCCCCCCC,alkyl/alkenyl thiol,,,,,,,,,,,,,head–linker–two-tail,DOPE,CCCCCCCC\C=C/CCCCCCCC(=O)OC[C@H](COP(O)(=O)OCCN)OC(=O)CCCCCCC\C=C/CCCCCCCC,30.0,Cholesterol,C[C@H](CCCC(C)C)[C@H]1CC[C@@H]2[C@@]1(CC[C@H]3[C@H]2CC=C4[C@@]3(CC[C@@H](C4)O)C)C,40.0,DMG-PEG2000,,0.75,2000.0,20.0,10.0,,,,mRNA,in_vitro,in_vitro,MLG pulmonary cells,MLG pulmonary cells,,,,,,,0.0334104916858757,normalized_luminescence,55.0,0.0,0.0,46.0,886.491185,59.08,0.0,12.0,14.5681,257.933,0.953488,41.0,2.0,887.573,True,False,True,biodegradable amino,,,,,,,,,,,,,,,,,,,linear
LNPhub_R0000106,LNPhub_YX_2025,https://doi.org/10.1038/s41587-025-02928-x,LNPhub_YX_2025_LNP_000053,YX_TS53,CCCCCCCCCCCCCCSSSCCOC(=O)CCN(C)CCCN(C)CCC(=O)OCCSSSCCCCCCCCCCCCCC,multitailed lipidoid,CNCCCNC,secondary,CCC(=O)OCCSSS,ester/thioether,2,14H,C=CC(=O)OCCSSSCCCCCCCCCCCCCC,alkyl/alkenyl thiol,14H,C=CC(=O)OCCSSSCCCCCCCCCCCCCC,alkyl/alkenyl thiol,,,,,,,,,,,,,head–linker–two-tail,DOPE,CCCCCCCC\C=C/CCCCCCCC(=O)OC[C@H](COP(O)(=O)OCCN)OC(=O)CCCCCCC\C=C/CCCCCCCC,30.0,Cholesterol,C[C@H](CCCC(C)C)[C@H]1CC[C@@H]2[C@@]1(CC[C@H]3[C@H]2CC=C4[C@@]3(CC[C@@H](C4)O)C)C,40.0,DMG-PEG2000,,0.75,2000.0,20.0,10.0,,,,mRNA,in_vitro,in_vitro,A549,A549 pulmonary cells,,,,,,,-0.4117716921127609,normalized_luminescence,55.0,0.0,0.0,46.0,886.491185,59.08,0.0,12.0,14.5681,257.933,0.953488,41.0,2.0,887.573,True,False,True,biodegradable amino,,,,,,,,,,,,,,,,,,,linear
LNPhub_R0000107,LNPhub_YX_2025,https://doi.org/10.1038/s41587-025-02928-x,LNPhub_YX_2025_LNP_000054,YX_TS54,CCCCCCCCC(CCCCCC)SSSCCOC(=O)CCN(C)CCCN(C)CCC(=O)OCCSSSC(CCCCCC)CCCCCCCC,multitailed lipidoid,CNCCCNC,secondary,CCC(=O)OCCSSS,ester/thioether,2,10B6,C=CC(=O)OCCSSSC(CCCCCC)CCCCCCCC,alkyl/alkenyl thiol,10B6,C=CC(=O)OCCSSSC(CCCCCC)CCCCCCCC,alkyl/alkenyl thiol,,,,,,,,,,,,,head–linker–two-tail,DOPE,CCCCCCCC\C=C/CCCCCCCC(=O)OC[C@H](COP(O)(=O)OCCN)OC(=O)CCCCCCC\C=C/CCCCCCCC,30.0,Cholesterol,C[C@H](CCCC(C)C)[C@H]1CC[C@@H]2[C@@]1(CC[C@H]3[C@H]2CC=C4[C@@]3(CC[C@@H](C4)O)C)C,40.0,DMG-PEG2000,,0.75,2000.0,20.0,10.0,,,,mRNA,in_vitro,in_vitro,MLG pulmonary cells,MLG pulmonary cells,,,,,,,1.2985679780804107,normalized_luminescence,57.0,0.0,0.0,46.0,914.522485,59.08,0.0,12.0,15.3451,267.123,0.955556,43.0,2.0,915.627,True,False,True,biodegradable amino,,,,,,,,,,,,,,,,,,,linear
LNPhub_R0000108,LNPhub_YX_2025,https://doi.org/10.1038/s41587-025-02928-x,LNPhub_YX_2025_LNP_000054,YX_TS54,CCCCCCCCC(CCCCCC)SSSCCOC(=O)CCN(C)CCCN(C)CCC(=O)OCCSSSC(CCCCCC)CCCCCCCC,multitailed lipidoid,CNCCCNC,secondary,CCC(=O)OCCSSS,ester/thioether,2,10B6,C=CC(=O)OCCSSSC(CCCCCC)CCCCCCCC,alkyl/alkenyl thiol,10B6,C=CC(=O)OCCSSSC(CCCCCC)CCCCCCCC,alkyl/alkenyl thiol,,,,,,,,,,,,,head–linker–two-tail,DOPE,CCCCCCCC\C=C/CCCCCCCC(=O)OC[C@H](COP(O)(=O)OCCN)OC(=O)CCCCCCC\C=C/CCCCCCCC,30.0,Cholesterol,C[C@H](CCCC(C)C)[C@H]1CC[C@@H]2[C@@]1(CC[C@H]3[C@H]2CC=C4[C@@]3(CC[C@@H](C4)O)C)C,40.0,DMG-PEG2000,,0.75,2000.0,20.0,10.0,,,,mRNA,in_vitro,in_vitro,A549,A549 pulmonary cells,,,,,,,-0.608477945586013,normalized_luminescence,57.0,0.0,0.0,46.0,914.522485,59.08,0.0,12.0,15.3451,267.123,0.955556,43.0,2.0,915.627,True,False,True,biodegradable amino,,,,,,,,,,,,,,,,,,,linear
LNPhub_R0000109,LNPhub_YX_2025,https://doi.org/10.1038/s41587-025-02928-x,LNPhub_YX_2025_LNP_000055,YX_TS55,CCCCCCCCCCSSSCC(C)OC(=O)CCN(C)CCCN(C)CCC(=O)OC(C)CSSSCCCCCCCCCC,multitailed lipidoid,CNCCCNC,secondary,CCC(=O)OCCSSS,ester/thioether,2,10M,C=CC(=O)OC(C)CSSSCCCCCCCCCC,alkyl/alkenyl thiol,10M,C=CC(=O)OC(C)CSSSCCCCCCCCCC,alkyl/alkenyl thiol,,,,,,,,,,,,,head–linker–two-tail,DOPE,CCCCCCCC\C=C/CCCCCCCC(=O)OC[C@H](COP(O)(=O)OCCN)OC(=O)CCCCCCC\C=C/CCCCCCCC,30.0,Cholesterol,C[C@H](CCCC(C)C)[C@H]1CC[C@@H]2[C@@]1(CC[C@H]3[C@H]2CC=C4[C@@]3(CC[C@@H](C4)O)C)C,40.0,DMG-PEG2000,,0.75,2000.0,20.0,10.0,,,,mRNA,in_vitro,in_vitro,MLG pulmonary cells,MLG pulmonary cells,,,,,,,,normalized_luminescence,49.0,0.0,0.0,38.0,802.397285,59.08,0.0,12.0,12.2243,230.187,0.945946,35.0,2.0,803.411,True,False,True,biodegradable amino,,,,,,,,,,,,,,,,,,,linear
LNPhub_R0000110,LNPhub_YX_2025,https://doi.org/10.1038/s41587-025-02928-x,LNPhub_YX_2025_LNP_000055,YX_TS55,CCCCCCCCCCSSSCC(C)OC(=O)CCN(C)CCCN(C)CCC(=O)OC(C)CSSSCCCCCCCCCC,multitailed lipidoid,CNCCCNC,secondary,CCC(=O)OCCSSS,ester/thioether,2,10M,C=CC(=O)OC(C)CSSSCCCCCCCCCC,alkyl/alkenyl thiol,10M,C=CC(=O)OC(C)CSSSCCCCCCCCCC,alkyl/alkenyl thiol,,,,,,,,,,,,,head–linker–two-tail,DOPE,CCCCCCCC\C=C/CCCCCCCC(=O)OC[C@H](COP(O)(=O)OCCN)OC(=O)CCCCCCC\C=C/CCCCCCCC,30.0,Cholesterol,C[C@H](CCCC(C)C)[C@H]1CC[C@@H]2[C@@]1(CC[C@H]3[C@H]2CC=C4[C@@]3(CC[C@@H](C4)O)C)C,40.0,DMG-PEG2000,,0.75,2000.0,20.0,10.0,,,,mRNA,in_vitro,in_vitro,A549,A549 pulmonary cells,,,,,,,0.7369657499139813,normalized_luminescence,49.0,0.0,0.0,38.0,802.397285,59.08,0.0,12.0,12.2243,230.187,0.945946,35.0,2.0,803.411,True,False,True,biodegradable amino,,,,,,,,,,,,,,,,,,,linear
LNPhub_R0000111,LNPhub_YX_2025,https://doi.org/10.1038/s41587-025-02928-x,LNPhub_YX_2025_LNP_000056,YX_TS56,CCCCCCCCCCCCSSSCC(C)OC(=O)CCN(C)CCCN(C)CCC(=O)OC(C)CSSSCCCCCCCCCCCC,multitailed lipidoid,CNCCCNC,secondary,CCC(=O)OCCSSS,ester/thioether,2,12M,C=CC(=O)OC(C)CSSSCCCCCCCCCCCC,alkyl/alkenyl thiol,12M,C=CC(=O)OC(C)CSSSCCCCCCCCCCCC,alkyl/alkenyl thiol,,,,,,,,,,,,,head–linker–two-tail,DOPE,CCCCCCCC\C=C/CCCCCCCC(=O)OC[C@H](COP(O)(=O)OCCN)OC(=O)CCCCCCC\C=C/CCCCCCCC,30.0,Cholesterol,C[C@H](CCCC(C)C)[C@H]1CC[C@@H]2[C@@]1(CC[C@H]3[C@H]2CC=C4[C@@]3(CC[C@@H](C4)O)C)C,40.0,DMG-PEG2000,,0.75,2000.0,20.0,10.0,,,,mRNA,in_vitro,in_vitro,MLG pulmonary cells,MLG pulmonary cells,,,,,,,3.867862472264028,normalized_luminescence,53.0,0.0,0.0,42.0,858.459885,59.08,0.0,12.0,13.7847,248.655,0.95122,39.0,2.0,859.519,True,False,True,biodegradable amino,,,,,,,,,,,,,,,,,,,linear
LNPhub_R0000112,LNPhub_YX_2025,https://doi.org/10.1038/s41587-025-02928-x,LNPhub_YX_2025_LNP_000056,YX_TS56,CCCCCCCCCCCCSSSCC(C)OC(=O)CCN(C)CCCN(C)CCC(=O)OC(C)CSSSCCCCCCCCCCCC,multitailed lipidoid,CNCCCNC,secondary,CCC(=O)OCCSSS,ester/thioether,2,12M,C=CC(=O)OC(C)CSSSCCCCCCCCCCCC,alkyl/alkenyl thiol,12M,C=CC(=O)OC(C)CSSSCCCCCCCCCCCC,alkyl/alkenyl thiol,,,,,,,,,,,,,head–linker–two-tail,DOPE,CCCCCCCC\C=C/CCCCCCCC(=O)OC[C@H](COP(O)(=O)OCCN)OC(=O)CCCCCCC\C=C/CCCCCCCC,30.0,Cholesterol,C[C@H](CCCC(C)C)[C@H]1CC[C@@H]2[C@@]1(CC[C@H]3[C@H]2CC=C4[C@@]3(CC[C@@H](C4)O)C)C,40.0,DMG-PEG2000,,0.75,2000.0,20.0,10.0,,,,mRNA,in_vitro,in_vitro,A549,A549 pulmonary cells,,,,,,,-0.0770301138531291,normalized_luminescence,53.0,0.0,0.0,42.0,858.459885,59.08,0.0,12.0,13.7847,248.655,0.95122,39.0,2.0,859.519,True,False,True,biodegradable amino,,,,,,,,,,,,,,,,,,,linear
LNPhub_R0000113,LNPhub_YX_2025,https://doi.org/10.1038/s41587-025-02928-x,LNPhub_YX_2025_LNP_000057,YX_TS57,CCCCCCCCCCCCCCSSSCC(C)OC(=O)CCN(C)CCCN(C)CCC(=O)OC(C)CSSSCCCCCCCCCCCCCC,multitailed lipidoid,CNCCCNC,secondary,CCC(=O)OCCSSS,ester/thioether,2,14M,C=CC(=O)OC(C)CSSSCCCCCCCCCCCCCC,alkyl/alkenyl thiol,14M,C=CC(=O)OC(C)CSSSCCCCCCCCCCCCCC,alkyl/alkenyl thiol,,,,,,,,,,,,,head–linker–two-tail,DOPE,CCCCCCCC\C=C/CCCCCCCC(=O)OC[C@H](COP(O)(=O)OCCN)OC(=O)CCCCCCC\C=C/CCCCCCCC,30.0,Cholesterol,C[C@H](CCCC(C)C)[C@H]1CC[C@@H]2[C@@]1(CC[C@H]3[C@H]2CC=C4[C@@]3(CC[C@@H](C4)O)C)C,40.0,DMG-PEG2000,,0.75,2000.0,20.0,10.0,,,,mRNA,in_vitro,in_vitro,MLG pulmonary cells,MLG pulmonary cells,,,,,,,1.305148241457721,normalized_luminescence,57.0,0.0,0.0,46.0,914.522485,59.08,0.0,12.0,15.3451,267.123,0.955556,43.0,2.0,915.627,True,False,True,biodegradable amino,,,,,,,,,,,,,,,,,,,linear
LNPhub_R0000114,LNPhub_YX_2025,https://doi.org/10.1038/s41587-025-02928-x,LNPhub_YX_2025_LNP_000057,YX_TS57,CCCCCCCCCCCCCCSSSCC(C)OC(=O)CCN(C)CCCN(C)CCC(=O)OC(C)CSSSCCCCCCCCCCCCCC,multitailed lipidoid,CNCCCNC,secondary,CCC(=O)OCCSSS,ester/thioether,2,14M,C=CC(=O)OC(C)CSSSCCCCCCCCCCCCCC,alkyl/alkenyl thiol,14M,C=CC(=O)OC(C)CSSSCCCCCCCCCCCCCC,alkyl/alkenyl thiol,,,,,,,,,,,,,head–linker–two-tail,DOPE,CCCCCCCC\C=C/CCCCCCCC(=O)OC[C@H](COP(O)(=O)OCCN)OC(=O)CCCCCCC\C=C/CCCCCCCC,30.0,Cholesterol,C[C@H](CCCC(C)C)[C@H]1CC[C@@H]2[C@@]1(CC[C@H]3[C@H]2CC=C4[C@@]3(CC[C@@H](C4)O)C)C,40.0,DMG-PEG2000,,0.75,2000.0,20.0,10.0,,,,mRNA,in_vitro,in_vitro,A549,A549 pulmonary cells,,,,,,,-0.2009049093828961,normalized_luminescence,57.0,0.0,0.0,46.0,914.522485,59.08,0.0,12.0,15.3451,267.123,0.955556,43.0,2.0,915.627,True,False,True,biodegradable amino,,,,,,,,,,,,,,,,,,,linear
LNPhub_R0000115,LNPhub_YX_2025,https://doi.org/10.1038/s41587-025-02928-x,LNPhub_YX_2025_LNP_000058,YX_TS58,CCCCCCCCCCSSSCC(CC)OC(=O)CCN(C)CCCN(C)CCC(=O)OC(CC)CSSSCCCCCCCCCC,multitailed lipidoid,CNCCCNC,secondary,CCC(=O)OCCSSS,ester/thioether,2,10E,C=CC(=O)OC(CC)CSSSCCCCCCCCCC,alkyl/alkenyl thiol,10E,C=CC(=O)OC(CC)CSSSCCCCCCCCCC,alkyl/alkenyl thiol,,,,,,,,,,,,,head–linker–two-tail,DOPE,CCCCCCCC\C=C/CCCCCCCC(=O)OC[C@H](COP(O)(=O)OCCN)OC(=O)CCCCCCC\C=C/CCCCCCCC,30.0,Cholesterol,C[C@H](CCCC(C)C)[C@H]1CC[C@@H]2[C@@]1(CC[C@H]3[C@H]2CC=C4[C@@]3(CC[C@@H](C4)O)C)C,40.0,DMG-PEG2000,,0.75,2000.0,20.0,10.0,,,,mRNA,in_vitro,in_vitro,MLG pulmonary cells,MLG pulmonary cells,,,,,,,2.8614072792296583,normalized_luminescence,51.0,0.0,0.0,40.0,830.428585,59.08,0.0,12.0,13.0045,239.421,0.948718,37.0,2.0,831.465,True,False,True,biodegradable amino,,,,,,,,,,,,,,,,,,,linear
LNPhub_R0000116,LNPhub_YX_2025,https://doi.org/10.1038/s41587-025-02928-x,LNPhub_YX_2025_LNP_000058,YX_TS58,CCCCCCCCCCSSSCC(CC)OC(=O)CCN(C)CCCN(C)CCC(=O)OC(CC)CSSSCCCCCCCCCC,multitailed lipidoid,CNCCCNC,secondary,CCC(=O)OCCSSS,ester/thioether,2,10E,C=CC(=O)OC(CC)CSSSCCCCCCCCCC,alkyl/alkenyl thiol,10E,C=CC(=O)OC(CC)CSSSCCCCCCCCCC,alkyl/alkenyl thiol,,,,,,,,,,,,,head–linker–two-tail,DOPE,CCCCCCCC\C=C/CCCCCCCC(=O)OC[C@H](COP(O)(=O)OCCN)OC(=O)CCCCCCC\C=C/CCCCCCCC,30.0,Cholesterol,C[C@H](CCCC(C)C)[C@H]1CC[C@@H]2[C@@]1(CC[C@H]3[C@H]2CC=C4[C@@]3(CC[C@@H](C4)O)C)C,40.0,DMG-PEG2000,,0.75,2000.0,20.0,10.0,,,,mRNA,in_vitro,in_vitro,A549,A549 pulmonary cells,,,,,,,-0.2822816561962901,normalized_luminescence,51.0,0.0,0.0,40.0,830.428585,59.08,0.0,12.0,13.0045,239.421,0.948718,37.0,2.0,831.465,True,False,True,biodegradable amino,,,,,,,,,,,,,,,,,,,linear
LNPhub_R0000117,LNPhub_YX_2025,https://doi.org/10.1038/s41587-025-02928-x,LNPhub_YX_2025_LNP_000059,YX_TS59,CCCCCCCCCCCCSSSCC(CC)OC(=O)CCN(C)CCCN(C)CCC(=O)OC(CC)CSSSCCCCCCCCCCCC,multitailed lipidoid,CNCCCNC,secondary,CCC(=O)OCCSSS,ester/thioether,2,12E,C=CC(=O)OC(CC)CSSSCCCCCCCCCCCC,alkyl/alkenyl thiol,12E,C=CC(=O)OC(CC)CSSSCCCCCCCCCCCC,alkyl/alkenyl thiol,,,,,,,,,,,,,head–linker–two-tail,DOPE,CCCCCCCC\C=C/CCCCCCCC(=O)OC[C@H](COP(O)(=O)OCCN)OC(=O)CCCCCCC\C=C/CCCCCCCC,30.0,Cholesterol,C[C@H](CCCC(C)C)[C@H]1CC[C@@H]2[C@@]1(CC[C@H]3[C@H]2CC=C4[C@@]3(CC[C@@H](C4)O)C)C,40.0,DMG-PEG2000,,0.75,2000.0,20.0,10.0,,,,mRNA,in_vitro,in_vitro,MLG pulmonary cells,MLG pulmonary cells,,,,,,,1.6306778625127818,normalized_luminescence,55.0,0.0,0.0,44.0,886.491185,59.08,0.0,12.0,14.5649,257.889,0.953488,41.0,2.0,887.573,True,False,True,biodegradable amino,,,,,,,,,,,,,,,,,,,linear
LNPhub_R0000118,LNPhub_YX_2025,https://doi.org/10.1038/s41587-025-02928-x,LNPhub_YX_2025_LNP_000059,YX_TS59,CCCCCCCCCCCCSSSCC(CC)OC(=O)CCN(C)CCCN(C)CCC(=O)OC(CC)CSSSCCCCCCCCCCCC,multitailed lipidoid,CNCCCNC,secondary,CCC(=O)OCCSSS,ester/thioether,2,12E,C=CC(=O)OC(CC)CSSSCCCCCCCCCCCC,alkyl/alkenyl thiol,12E,C=CC(=O)OC(CC)CSSSCCCCCCCCCCCC,alkyl/alkenyl thiol,,,,,,,,,,,,,head–linker–two-tail,DOPE,CCCCCCCC\C=C/CCCCCCCC(=O)OC[C@H](COP(O)(=O)OCCN)OC(=O)CCCCCCC\C=C/CCCCCCCC,30.0,Cholesterol,C[C@H](CCCC(C)C)[C@H]1CC[C@@H]2[C@@]1(CC[C@H]3[C@H]2CC=C4[C@@]3(CC[C@@H](C4)O)C)C,40.0,DMG-PEG2000,,0.75,2000.0,20.0,10.0,,,,mRNA,in_vitro,in_vitro,A549,A549 pulmonary cells,,,,,,,-0.5779531778554333,normalized_luminescence,55.0,0.0,0.0,44.0,886.491185,59.08,0.0,12.0,14.5649,257.889,0.953488,41.0,2.0,887.573,True,False,True,biodegradable amino,,,,,,,,,,,,,,,,,,,linear
LNPhub_R0000119,LNPhub_YX_2025,https://doi.org/10.1038/s41587-025-02928-x,LNPhub_YX_2025_LNP_000060,YX_TS60,CCCCCCCCCCCCCCSSSCC(CC)OC(=O)CCN(C)CCCN(C)CCC(=O)OC(CC)CSSSCCCCCCCCCCCCCC,multitailed lipidoid,CNCCCNC,secondary,CCC(=O)OCCSSS,ester/thioether,2,14E,C=CC(=O)OC(CC)CSSSCCCCCCCCCCCCCC,alkyl/alkenyl thiol,14E,C=CC(=O)OC(CC)CSSSCCCCCCCCCCCCCC,alkyl/alkenyl thiol,,,,,,,,,,,,,head–linker–two-tail,DOPE,CCCCCCCC\C=C/CCCCCCCC(=O)OC[C@H](COP(O)(=O)OCCN)OC(=O)CCCCCCC\C=C/CCCCCCCC,30.0,Cholesterol,C[C@H](CCCC(C)C)[C@H]1CC[C@@H]2[C@@]1(CC[C@H]3[C@H]2CC=C4[C@@]3(CC[C@@H](C4)O)C)C,40.0,DMG-PEG2000,,0.75,2000.0,20.0,10.0,,,,mRNA,in_vitro,in_vitro,MLG pulmonary cells,MLG pulmonary cells,,,,,,,,normalized_luminescence,59.0,0.0,0.0,48.0,942.553785,59.08,0.0,12.0,16.1253,276.357,0.957447,45.0,2.0,943.681,True,False,True,biodegradable amino,,,,,,,,,,,,,,,,,,,linear
LNPhub_R0000120,LNPhub_YX_2025,https://doi.org/10.1038/s41587-025-02928-x,LNPhub_YX_2025_LNP_000060,YX_TS60,CCCCCCCCCCCCCCSSSCC(CC)OC(=O)CCN(C)CCCN(C)CCC(=O)OC(CC)CSSSCCCCCCCCCCCCCC,multitailed lipidoid,CNCCCNC,secondary,CCC(=O)OCCSSS,ester/thioether,2,14E,C=CC(=O)OC(CC)CSSSCCCCCCCCCCCCCC,alkyl/alkenyl thiol,14E,C=CC(=O)OC(CC)CSSSCCCCCCCCCCCCCC,alkyl/alkenyl thiol,,,,,,,,,,,,,head–linker–two-tail,DOPE,CCCCCCCC\C=C/CCCCCCCC(=O)OC[C@H](COP(O)(=O)OCCN)OC(=O)CCCCCCC\C=C/CCCCCCCC,30.0,Cholesterol,C[C@H](CCCC(C)C)[C@H]1CC[C@@H]2[C@@]1(CC[C@H]3[C@H]2CC=C4[C@@]3(CC[C@@H](C4)O)C)C,40.0,DMG-PEG2000,,0.75,2000.0,20.0,10.0,,,,mRNA,in_vitro,in_vitro,A549,A549 pulmonary cells,,,,,,,-0.386746938143141,normalized_luminescence,59.0,0.0,0.0,48.0,942.553785,59.08,0.0,12.0,16.1253,276.357,0.957447,45.0,2.0,943.681,True,False,True,biodegradable amino,,,,,,,,,,,,,,,,,,,linear
LNPhub_R0000121,LNPhub_YX_2025,https://doi.org/10.1038/s41587-025-02928-x,LNPhub_YX_2025_LNP_000061,YX_TS61,CCCCCCCCCCSSSCCOC(=O)CCN(CCC(=O)OCCSSSCCCCCCCCCC)CCN(C)CCN(CCC(=O)OCCSSSCCCCCCCCCC)CCC(=O)OCCSSSCCCCCCCCCC,multitailed lipidoid,CN(CCN)CCN,primary_tertiary,CCC(=O)OCCSSS,ester/thioether,4,10H,C=CC(=O)OCCSSSCCCCCCCCCC,alkyl/alkenyl thiol,10H,C=CC(=O)OCCSSSCCCCCCCCCC,alkyl/alkenyl thiol,10H,C=CC(=O)OCCSSSCCCCCCCCCC,alkyl/alkenyl thiol,10H,C=CC(=O)OCCSSSCCCCCCCCCC,alkyl/alkenyl thiol,,,,,,,head–linker–multi-tail,DOPE,CCCCCCCC\C=C/CCCCCCCC(=O)OC[C@H](COP(O)(=O)OCCN)OC(=O)CCCCCCC\C=C/CCCCCCCC,30.0,Cholesterol,C[C@H](CCCC(C)C)[C@H]1CC[C@@H]2[C@@]1(CC[C@H]3[C@H]2CC=C4[C@@]3(CC[C@@H](C4)O)C)C,40.0,DMG-PEG2000,,0.75,2000.0,20.0,10.0,,,,mRNA,in_vitro,in_vitro,MLG pulmonary cells,MLG pulmonary cells,,,,,,,1.141845363740332,normalized_luminescence,88.0,0.0,0.0,74.0,1461.62717,114.92,0.0,23.0,21.9366,413.149,0.938462,61.0,3.0,1463.548,True,False,True,biodegradable amino,,,,,,,,,,,,,,,,,,,branched
LNPhub_R0000122,LNPhub_YX_2025,https://doi.org/10.1038/s41587-025-02928-x,LNPhub_YX_2025_LNP_000061,YX_TS61,CCCCCCCCCCSSSCCOC(=O)CCN(CCC(=O)OCCSSSCCCCCCCCCC)CCN(C)CCN(CCC(=O)OCCSSSCCCCCCCCCC)CCC(=O)OCCSSSCCCCCCCCCC,multitailed lipidoid,CN(CCN)CCN,primary_tertiary,CCC(=O)OCCSSS,ester/thioether,4,10H,C=CC(=O)OCCSSSCCCCCCCCCC,alkyl/alkenyl thiol,10H,C=CC(=O)OCCSSSCCCCCCCCCC,alkyl/alkenyl thiol,10H,C=CC(=O)OCCSSSCCCCCCCCCC,alkyl/alkenyl thiol,10H,C=CC(=O)OCCSSSCCCCCCCCCC,alkyl/alkenyl thiol,,,,,,,head–linker–multi-tail,DOPE,CCCCCCCC\C=C/CCCCCCCC(=O)OC[C@H](COP(O)(=O)OCCN)OC(=O)CCCCCCC\C=C/CCCCCCCC,30.0,Cholesterol,C[C@H](CCCC(C)C)[C@H]1CC[C@@H]2[C@@]1(CC[C@H]3[C@H]2CC=C4[C@@]3(CC[C@@H](C4)O)C)C,40.0,DMG-PEG2000,,0.75,2000.0,20.0,10.0,,,,mRNA,in_vitro,in_vitro,A549,A549 pulmonary cells,,,,,,,-0.3675390711552771,normalized_luminescence,88.0,0.0,0.0,74.0,1461.62717,114.92,0.0,23.0,21.9366,413.149,0.938462,61.0,3.0,1463.548,True,False,True,biodegradable amino,,,,,,,,,,,,,,,,,,,branched
LNPhub_R0000123,LNPhub_YX_2025,https://doi.org/10.1038/s41587-025-02928-x,LNPhub_YX_2025_LNP_000062,YX_TS62,CCCCCCCCCCCCSSSCCOC(=O)CCN(CCC(=O)OCCSSSCCCCCCCCCCCC)CCN(C)CCN(CCC(=O)OCCSSSCCCCCCCCCCCC)CCC(=O)OCCSSSCCCCCCCCCCCC,multitailed lipidoid,CN(CCN)CCN,primary_tertiary,CCC(=O)OCCSSS,ester/thioether,4,12H,C=CC(=O)OCCSSSCCCCCCCCCCCC,alkyl/alkenyl thiol,12H,C=CC(=O)OCCSSSCCCCCCCCCCCC,alkyl/alkenyl thiol,12H,C=CC(=O)OCCSSSCCCCCCCCCCCC,alkyl/alkenyl thiol,12H,C=CC(=O)OCCSSSCCCCCCCCCCCC,alkyl/alkenyl thiol,,,,,,,head–linker–multi-tail,DOPE,CCCCCCCC\C=C/CCCCCCCC(=O)OC[C@H](COP(O)(=O)OCCN)OC(=O)CCCCCCC\C=C/CCCCCCCC,30.0,Cholesterol,C[C@H](CCCC(C)C)[C@H]1CC[C@@H]2[C@@]1(CC[C@H]3[C@H]2CC=C4[C@@]3(CC[C@@H](C4)O)C)C,40.0,DMG-PEG2000,,0.75,2000.0,20.0,10.0,,,,mRNA,in_vitro,in_vitro,MLG pulmonary cells,MLG pulmonary cells,,,,,,,-0.6100293897969236,normalized_luminescence,96.0,0.0,0.0,82.0,1573.752371,114.92,0.0,23.0,25.0574,450.085,0.945205,69.0,3.0,1575.764,True,False,True,biodegradable amino,,,,,,,,,,,,,,,,,,,branched
LNPhub_R0000124,LNPhub_YX_2025,https://doi.org/10.1038/s41587-025-02928-x,LNPhub_YX_2025_LNP_000062,YX_TS62,CCCCCCCCCCCCSSSCCOC(=O)CCN(CCC(=O)OCCSSSCCCCCCCCCCCC)CCN(C)CCN(CCC(=O)OCCSSSCCCCCCCCCCCC)CCC(=O)OCCSSSCCCCCCCCCCCC,multitailed lipidoid,CN(CCN)CCN,primary_tertiary,CCC(=O)OCCSSS,ester/thioether,4,12H,C=CC(=O)OCCSSSCCCCCCCCCCCC,alkyl/alkenyl thiol,12H,C=CC(=O)OCCSSSCCCCCCCCCCCC,alkyl/alkenyl thiol,12H,C=CC(=O)OCCSSSCCCCCCCCCCCC,alkyl/alkenyl thiol,12H,C=CC(=O)OCCSSSCCCCCCCCCCCC,alkyl/alkenyl thiol,,,,,,,head–linker–multi-tail,DOPE,CCCCCCCC\C=C/CCCCCCCC(=O)OC[C@H](COP(O)(=O)OCCN)OC(=O)CCCCCCC\C=C/CCCCCCCC,30.0,Cholesterol,C[C@H](CCCC(C)C)[C@H]1CC[C@@H]2[C@@]1(CC[C@H]3[C@H]2CC=C4[C@@]3(CC[C@@H](C4)O)C)C,40.0,DMG-PEG2000,,0.75,2000.0,20.0,10.0,,,,mRNA,in_vitro,in_vitro,A549,A549 pulmonary cells,,,,,,,-0.4976299316202703,normalized_luminescence,96.0,0.0,0.0,82.0,1573.752371,114.92,0.0,23.0,25.0574,450.085,0.945205,69.0,3.0,1575.764,True,False,True,biodegradable amino,,,,,,,,,,,,,,,,,,,branched
LNPhub_R0000125,LNPhub_YX_2025,https://doi.org/10.1038/s41587-025-02928-x,LNPhub_YX_2025_LNP_000063,YX_TS63,CCCCCCCCCCCCCCSSSCCOC(=O)CCN(CCC(=O)OCCSSSCCCCCCCCCCCCCC)CCN(C)CCN(CCC(=O)OCCSSSCCCCCCCCCCCCCC)CCC(=O)OCCSSSCCCCCCCCCCCCCC,multitailed lipidoid,CN(CCN)CCN,primary_tertiary,CCC(=O)OCCSSS,ester/thioether,4,14H,C=CC(=O)OCCSSSCCCCCCCCCCCCCC,alkyl/alkenyl thiol,14H,C=CC(=O)OCCSSSCCCCCCCCCCCCCC,alkyl/alkenyl thiol,14H,C=CC(=O)OCCSSSCCCCCCCCCCCCCC,alkyl/alkenyl thiol,14H,C=CC(=O)OCCSSSCCCCCCCCCCCCCC,alkyl/alkenyl thiol,,,,,,,head–linker–multi-tail,DOPE,CCCCCCCC\C=C/CCCCCCCC(=O)OC[C@H](COP(O)(=O)OCCN)OC(=O)CCCCCCC\C=C/CCCCCCCC,30.0,Cholesterol,C[C@H](CCCC(C)C)[C@H]1CC[C@@H]2[C@@]1(CC[C@H]3[C@H]2CC=C4[C@@]3(CC[C@@H](C4)O)C)C,40.0,DMG-PEG2000,,0.75,2000.0,20.0,10.0,,,,mRNA,in_vitro,in_vitro,MLG pulmonary cells,MLG pulmonary cells,,,,,,,-0.3948683576397773,normalized_luminescence,104.0,0.0,0.0,90.0,1685.877571,114.92,0.0,23.0,28.1782,487.021,0.950617,77.0,3.0,1687.98,True,False,True,biodegradable amino,,,,,,,,,,,,,,,,,,,branched
LNPhub_R0000126,LNPhub_YX_2025,https://doi.org/10.1038/s41587-025-02928-x,LNPhub_YX_2025_LNP_000063,YX_TS63,CCCCCCCCCCCCCCSSSCCOC(=O)CCN(CCC(=O)OCCSSSCCCCCCCCCCCCCC)CCN(C)CCN(CCC(=O)OCCSSSCCCCCCCCCCCCCC)CCC(=O)OCCSSSCCCCCCCCCCCCCC,multitailed lipidoid,CN(CCN)CCN,primary_tertiary,CCC(=O)OCCSSS,ester/thioether,4,14H,C=CC(=O)OCCSSSCCCCCCCCCCCCCC,alkyl/alkenyl thiol,14H,C=CC(=O)OCCSSSCCCCCCCCCCCCCC,alkyl/alkenyl thiol,14H,C=CC(=O)OCCSSSCCCCCCCCCCCCCC,alkyl/alkenyl thiol,14H,C=CC(=O)OCCSSSCCCCCCCCCCCCCC,alkyl/alkenyl thiol,,,,,,,head–linker–multi-tail,DOPE,CCCCCCCC\C=C/CCCCCCCC(=O)OC[C@H](COP(O)(=O)OCCN)OC(=O)CCCCCCC\C=C/CCCCCCCC,30.0,Cholesterol,C[C@H](CCCC(C)C)[C@H]1CC[C@@H]2[C@@]1(CC[C@H]3[C@H]2CC=C4[C@@]3(CC[C@@H](C4)O)C)C,40.0,DMG-PEG2000,,0.75,2000.0,20.0,10.0,,,,mRNA,in_vitro,in_vitro,A549,A549 pulmonary cells,,,,,,,-0.6179923726831618,normalized_luminescence,104.0,0.0,0.0,90.0,1685.877571,114.92,0.0,23.0,28.1782,487.021,0.950617,77.0,3.0,1687.98,True,False,True,biodegradable amino,,,,,,,,,,,,,,,,,,,branched
LNPhub_R0000127,LNPhub_YX_2025,https://doi.org/10.1038/s41587-025-02928-x,LNPhub_YX_2025_LNP_000064,YX_TS64,CCCCCCCCC(CCCCCC)SSSCCOC(=O)CCN(CCC(=O)OCCSSSC(CCCCCC)CCCCCCCC)CCN(C)CCN(CCC(=O)OCCSSSC(CCCCCC)CCCCCCCC)CCC(=O)OCCSSSC(CCCCCC)CCCCCCCC,multitailed lipidoid,CN(CCN)CCN,primary_tertiary,CCC(=O)OCCSSS,ester/thioether,4,10B6,C=CC(=O)OCCSSSC(CCCCCC)CCCCCCCC,alkyl/alkenyl thiol,10B6,C=CC(=O)OCCSSSC(CCCCCC)CCCCCCCC,alkyl/alkenyl thiol,10B6,C=CC(=O)OCCSSSC(CCCCCC)CCCCCCCC,alkyl/alkenyl thiol,10B6,C=CC(=O)OCCSSSC(CCCCCC)CCCCCCCC,alkyl/alkenyl thiol,,,,,,,head–linker–multi-tail,DOPE,CCCCCCCC\C=C/CCCCCCCC(=O)OC[C@H](COP(O)(=O)OCCN)OC(=O)CCCCCCC\C=C/CCCCCCCC,30.0,Cholesterol,C[C@H](CCCC(C)C)[C@H]1CC[C@@H]2[C@@]1(CC[C@H]3[C@H]2CC=C4[C@@]3(CC[C@@H](C4)O)C)C,40.0,DMG-PEG2000,,0.75,2000.0,20.0,10.0,,,,mRNA,in_vitro,in_vitro,MLG pulmonary cells,MLG pulmonary cells,,,,,,,,normalized_luminescence,108.0,0.0,0.0,90.0,1741.940171,114.92,0.0,23.0,29.7322,505.401,0.952941,81.0,3.0,1744.088,True,False,True,biodegradable amino,,,,,,,,,,,,,,,,,,,branched
LNPhub_R0000128,LNPhub_YX_2025,https://doi.org/10.1038/s41587-025-02928-x,LNPhub_YX_2025_LNP_000064,YX_TS64,CCCCCCCCC(CCCCCC)SSSCCOC(=O)CCN(CCC(=O)OCCSSSC(CCCCCC)CCCCCCCC)CCN(C)CCN(CCC(=O)OCCSSSC(CCCCCC)CCCCCCCC)CCC(=O)OCCSSSC(CCCCCC)CCCCCCCC,multitailed lipidoid,CN(CCN)CCN,primary_tertiary,CCC(=O)OCCSSS,ester/thioether,4,10B6,C=CC(=O)OCCSSSC(CCCCCC)CCCCCCCC,alkyl/alkenyl thiol,10B6,C=CC(=O)OCCSSSC(CCCCCC)CCCCCCCC,alkyl/alkenyl thiol,10B6,C=CC(=O)OCCSSSC(CCCCCC)CCCCCCCC,alkyl/alkenyl thiol,10B6,C=CC(=O)OCCSSSC(CCCCCC)CCCCCCCC,alkyl/alkenyl thiol,,,,,,,head–linker–multi-tail,DOPE,CCCCCCCC\C=C/CCCCCCCC(=O)OC[C@H](COP(O)(=O)OCCN)OC(=O)CCCCCCC\C=C/CCCCCCCC,30.0,Cholesterol,C[C@H](CCCC(C)C)[C@H]1CC[C@@H]2[C@@]1(CC[C@H]3[C@H]2CC=C4[C@@]3(CC[C@@H](C4)O)C)C,40.0,DMG-PEG2000,,0.75,2000.0,20.0,10.0,,,,mRNA,in_vitro,in_vitro,A549,A549 pulmonary cells,,,,,,,-0.3564382203358313,normalized_luminescence,108.0,0.0,0.0,90.0,1741.940171,114.92,0.0,23.0,29.7322,505.401,0.952941,81.0,3.0,1744.088,True,False,True,biodegradable amino,,,,,,,,,,,,,,,,,,,branched
LNPhub_R0000129,LNPhub_YX_2025,https://doi.org/10.1038/s41587-025-02928-x,LNPhub_YX_2025_LNP_000065,YX_TS65,CCCCCCCCCCSSSCC(C)OC(=O)CCN(CCC(=O)OC(C)CSSSCCCCCCCCCC)CCN(C)CCN(CCC(=O)OC(C)CSSSCCCCCCCCCC)CCC(=O)OC(C)CSSSCCCCCCCCCC,multitailed lipidoid,CN(CCN)CCN,primary_tertiary,CCC(=O)OCCSSS,ester/thioether,4,10M,C=CC(=O)OC(C)CSSSCCCCCCCCCC,alkyl/alkenyl thiol,10M,C=CC(=O)OC(C)CSSSCCCCCCCCCC,alkyl/alkenyl thiol,10M,C=CC(=O)OC(C)CSSSCCCCCCCCCC,alkyl/alkenyl thiol,10M,C=CC(=O)OC(C)CSSSCCCCCCCCCC,alkyl/alkenyl thiol,,,,,,,head–linker–multi-tail,DOPE,CCCCCCCC\C=C/CCCCCCCC(=O)OC[C@H](COP(O)(=O)OCCN)OC(=O)CCCCCCC\C=C/CCCCCCCC,30.0,Cholesterol,C[C@H](CCCC(C)C)[C@H]1CC[C@@H]2[C@@]1(CC[C@H]3[C@H]2CC=C4[C@@]3(CC[C@@H](C4)O)C)C,40.0,DMG-PEG2000,,0.75,2000.0,20.0,10.0,,,,mRNA,in_vitro,in_vitro,MLG pulmonary cells,MLG pulmonary cells,,,,,,,-0.5812700585822075,normalized_luminescence,92.0,0.0,0.0,74.0,1517.68977,114.92,0.0,23.0,23.4906,431.529,0.942029,65.0,3.0,1519.656,True,False,True,biodegradable amino,,,,,,,,,,,,,,,,,,,branched
LNPhub_R0000130,LNPhub_YX_2025,https://doi.org/10.1038/s41587-025-02928-x,LNPhub_YX_2025_LNP_000065,YX_TS65,CCCCCCCCCCSSSCC(C)OC(=O)CCN(CCC(=O)OC(C)CSSSCCCCCCCCCC)CCN(C)CCN(CCC(=O)OC(C)CSSSCCCCCCCCCC)CCC(=O)OC(C)CSSSCCCCCCCCCC,multitailed lipidoid,CN(CCN)CCN,primary_tertiary,CCC(=O)OCCSSS,ester/thioether,4,10M,C=CC(=O)OC(C)CSSSCCCCCCCCCC,alkyl/alkenyl thiol,10M,C=CC(=O)OC(C)CSSSCCCCCCCCCC,alkyl/alkenyl thiol,10M,C=CC(=O)OC(C)CSSSCCCCCCCCCC,alkyl/alkenyl thiol,10M,C=CC(=O)OC(C)CSSSCCCCCCCCCC,alkyl/alkenyl thiol,,,,,,,head–linker–multi-tail,DOPE,CCCCCCCC\C=C/CCCCCCCC(=O)OC[C@H](COP(O)(=O)OCCN)OC(=O)CCCCCCC\C=C/CCCCCCCC,30.0,Cholesterol,C[C@H](CCCC(C)C)[C@H]1CC[C@@H]2[C@@]1(CC[C@H]3[C@H]2CC=C4[C@@]3(CC[C@@H](C4)O)C)C,40.0,DMG-PEG2000,,0.75,2000.0,20.0,10.0,,,,mRNA,in_vitro,in_vitro,A549,A549 pulmonary cells,,,,,,,1.4809388047401173,normalized_luminescence,92.0,0.0,0.0,74.0,1517.68977,114.92,0.0,23.0,23.4906,431.529,0.942029,65.0,3.0,1519.656,True,False,True,biodegradable amino,,,,,,,,,,,,,,,,,,,branched
LNPhub_R0000131,LNPhub_YX_2025,https://doi.org/10.1038/s41587-025-02928-x,LNPhub_YX_2025_LNP_000066,YX_TS66,CCCCCCCCCCCCSSSCC(C)OC(=O)CCN(CCC(=O)OC(C)CSSSCCCCCCCCCCCC)CCN(C)CCN(CCC(=O)OC(C)CSSSCCCCCCCCCCCC)CCC(=O)OC(C)CSSSCCCCCCCCCCCC,multitailed lipidoid,CN(CCN)CCN,primary_tertiary,CCC(=O)OCCSSS,ester/thioether,4,12M,C=CC(=O)OC(C)CSSSCCCCCCCCCCCC,alkyl/alkenyl thiol,12M,C=CC(=O)OC(C)CSSSCCCCCCCCCCCC,alkyl/alkenyl thiol,12M,C=CC(=O)OC(C)CSSSCCCCCCCCCCCC,alkyl/alkenyl thiol,12M,C=CC(=O)OC(C)CSSSCCCCCCCCCCCC,alkyl/alkenyl thiol,,,,,,,head–linker–multi-tail,DOPE,CCCCCCCC\C=C/CCCCCCCC(=O)OC[C@H](COP(O)(=O)OCCN)OC(=O)CCCCCCC\C=C/CCCCCCCC,30.0,Cholesterol,C[C@H](CCCC(C)C)[C@H]1CC[C@@H]2[C@@]1(CC[C@H]3[C@H]2CC=C4[C@@]3(CC[C@@H](C4)O)C)C,40.0,DMG-PEG2000,,0.75,2000.0,20.0,10.0,,,,mRNA,in_vitro,in_vitro,MLG pulmonary cells,MLG pulmonary cells,,,,,,,,normalized_luminescence,100.0,0.0,0.0,82.0,1629.814971,114.92,0.0,23.0,26.6114,468.465,0.948052,73.0,3.0,1631.872,True,False,True,biodegradable amino,,,,,,,,,,,,,,,,,,,branched
LNPhub_R0000132,LNPhub_YX_2025,https://doi.org/10.1038/s41587-025-02928-x,LNPhub_YX_2025_LNP_000066,YX_TS66,CCCCCCCCCCCCSSSCC(C)OC(=O)CCN(CCC(=O)OC(C)CSSSCCCCCCCCCCCC)CCN(C)CCN(CCC(=O)OC(C)CSSSCCCCCCCCCCCC)CCC(=O)OC(C)CSSSCCCCCCCCCCCC,multitailed lipidoid,CN(CCN)CCN,primary_tertiary,CCC(=O)OCCSSS,ester/thioether,4,12M,C=CC(=O)OC(C)CSSSCCCCCCCCCCCC,alkyl/alkenyl thiol,12M,C=CC(=O)OC(C)CSSSCCCCCCCCCCCC,alkyl/alkenyl thiol,12M,C=CC(=O)OC(C)CSSSCCCCCCCCCCCC,alkyl/alkenyl thiol,12M,C=CC(=O)OC(C)CSSSCCCCCCCCCCCC,alkyl/alkenyl thiol,,,,,,,head–linker–multi-tail,DOPE,CCCCCCCC\C=C/CCCCCCCC(=O)OC[C@H](COP(O)(=O)OCCN)OC(=O)CCCCCCC\C=C/CCCCCCCC,30.0,Cholesterol,C[C@H](CCCC(C)C)[C@H]1CC[C@@H]2[C@@]1(CC[C@H]3[C@H]2CC=C4[C@@]3(CC[C@@H](C4)O)C)C,40.0,DMG-PEG2000,,0.75,2000.0,20.0,10.0,,,,mRNA,in_vitro,in_vitro,A549,A549 pulmonary cells,,,,,,,2.1842080540221795,normalized_luminescence,100.0,0.0,0.0,82.0,1629.814971,114.92,0.0,23.0,26.6114,468.465,0.948052,73.0,3.0,1631.872,True,False,True,biodegradable amino,,,,,,,,,,,,,,,,,,,branched
LNPhub_R0000133,LNPhub_YX_2025,https://doi.org/10.1038/s41587-025-02928-x,LNPhub_YX_2025_LNP_000067,YX_TS67,CCCCCCCCCCCCCCSSSCC(C)OC(=O)CCN(CCC(=O)OC(C)CSSSCCCCCCCCCCCCCC)CCN(C)CCN(CCC(=O)OC(C)CSSSCCCCCCCCCCCCCC)CCC(=O)OC(C)CSSSCCCCCCCCCCCCCC,multitailed lipidoid,CN(CCN)CCN,primary_tertiary,CCC(=O)OCCSSS,ester/thioether,4,14M,C=CC(=O)OC(C)CSSSCCCCCCCCCCCCCC,alkyl/alkenyl thiol,14M,C=CC(=O)OC(C)CSSSCCCCCCCCCCCCCC,alkyl/alkenyl thiol,14M,C=CC(=O)OC(C)CSSSCCCCCCCCCCCCCC,alkyl/alkenyl thiol,14M,C=CC(=O)OC(C)CSSSCCCCCCCCCCCCCC,alkyl/alkenyl thiol,,,,,,,head–linker–multi-tail,DOPE,CCCCCCCC\C=C/CCCCCCCC(=O)OC[C@H](COP(O)(=O)OCCN)OC(=O)CCCCCCC\C=C/CCCCCCCC,30.0,Cholesterol,C[C@H](CCCC(C)C)[C@H]1CC[C@@H]2[C@@]1(CC[C@H]3[C@H]2CC=C4[C@@]3(CC[C@@H](C4)O)C)C,40.0,DMG-PEG2000,,0.75,2000.0,20.0,10.0,,,,mRNA,in_vitro,in_vitro,MLG pulmonary cells,MLG pulmonary cells,,,,,,,0.3865245438967274,normalized_luminescence,108.0,0.0,0.0,90.0,1741.940171,114.92,0.0,23.0,29.7322,505.401,0.952941,81.0,3.0,1744.088,True,False,True,biodegradable amino,,,,,,,,,,,,,,,,,,,branched
LNPhub_R0000134,LNPhub_YX_2025,https://doi.org/10.1038/s41587-025-02928-x,LNPhub_YX_2025_LNP_000067,YX_TS67,CCCCCCCCCCCCCCSSSCC(C)OC(=O)CCN(CCC(=O)OC(C)CSSSCCCCCCCCCCCCCC)CCN(C)CCN(CCC(=O)OC(C)CSSSCCCCCCCCCCCCCC)CCC(=O)OC(C)CSSSCCCCCCCCCCCCCC,multitailed lipidoid,CN(CCN)CCN,primary_tertiary,CCC(=O)OCCSSS,ester/thioether,4,14M,C=CC(=O)OC(C)CSSSCCCCCCCCCCCCCC,alkyl/alkenyl thiol,14M,C=CC(=O)OC(C)CSSSCCCCCCCCCCCCCC,alkyl/alkenyl thiol,14M,C=CC(=O)OC(C)CSSSCCCCCCCCCCCCCC,alkyl/alkenyl thiol,14M,C=CC(=O)OC(C)CSSSCCCCCCCCCCCCCC,alkyl/alkenyl thiol,,,,,,,head–linker–multi-tail,DOPE,CCCCCCCC\C=C/CCCCCCCC(=O)OC[C@H](COP(O)(=O)OCCN)OC(=O)CCCCCCC\C=C/CCCCCCCC,30.0,Cholesterol,C[C@H](CCCC(C)C)[C@H]1CC[C@@H]2[C@@]1(CC[C@H]3[C@H]2CC=C4[C@@]3(CC[C@@H](C4)O)C)C,40.0,DMG-PEG2000,,0.75,2000.0,20.0,10.0,,,,mRNA,in_vitro,in_vitro,A549,A549 pulmonary cells,,,,,,,-0.4234178117861739,normalized_luminescence,108.0,0.0,0.0,90.0,1741.940171,114.92,0.0,23.0,29.7322,505.401,0.952941,81.0,3.0,1744.088,True,False,True,biodegradable amino,,,,,,,,,,,,,,,,,,,branched
LNPhub_R0000135,LNPhub_YX_2025,https://doi.org/10.1038/s41587-025-02928-x,LNPhub_YX_2025_LNP_000068,YX_TS68,CCCCCCCCCCSSSCC(CC)OC(=O)CCN(CCC(=O)OC(CC)CSSSCCCCCCCCCC)CCN(C)CCN(CCC(=O)OC(CC)CSSSCCCCCCCCCC)CCC(=O)OC(CC)CSSSCCCCCCCCCC,multitailed lipidoid,CN(CCN)CCN,primary_tertiary,CCC(=O)OCCSSS,ester/thioether,4,10E,C=CC(=O)OC(CC)CSSSCCCCCCCCCC,alkyl/alkenyl thiol,10E,C=CC(=O)OC(CC)CSSSCCCCCCCCCC,alkyl/alkenyl thiol,10E,C=CC(=O)OC(CC)CSSSCCCCCCCCCC,alkyl/alkenyl thiol,10E,C=CC(=O)OC(CC)CSSSCCCCCCCCCC,alkyl/alkenyl thiol,,,,,,,head–linker–multi-tail,DOPE,CCCCCCCC\C=C/CCCCCCCC(=O)OC[C@H](COP(O)(=O)OCCN)OC(=O)CCCCCCC\C=C/CCCCCCCC,30.0,Cholesterol,C[C@H](CCCC(C)C)[C@H]1CC[C@@H]2[C@@]1(CC[C@H]3[C@H]2CC=C4[C@@]3(CC[C@@H](C4)O)C)C,40.0,DMG-PEG2000,,0.75,2000.0,20.0,10.0,,,,mRNA,in_vitro,in_vitro,MLG pulmonary cells,MLG pulmonary cells,,,,,,,,normalized_luminescence,96.0,0.0,0.0,78.0,1573.752371,114.92,0.0,23.0,25.051,449.997,0.945205,69.0,3.0,1575.764,True,False,True,biodegradable amino,,,,,,,,,,,,,,,,,,,branched
LNPhub_R0000136,LNPhub_YX_2025,https://doi.org/10.1038/s41587-025-02928-x,LNPhub_YX_2025_LNP_000068,YX_TS68,CCCCCCCCCCSSSCC(CC)OC(=O)CCN(CCC(=O)OC(CC)CSSSCCCCCCCCCC)CCN(C)CCN(CCC(=O)OC(CC)CSSSCCCCCCCCCC)CCC(=O)OC(CC)CSSSCCCCCCCCCC,multitailed lipidoid,CN(CCN)CCN,primary_tertiary,CCC(=O)OCCSSS,ester/thioether,4,10E,C=CC(=O)OC(CC)CSSSCCCCCCCCCC,alkyl/alkenyl thiol,10E,C=CC(=O)OC(CC)CSSSCCCCCCCCCC,alkyl/alkenyl thiol,10E,C=CC(=O)OC(CC)CSSSCCCCCCCCCC,alkyl/alkenyl thiol,10E,C=CC(=O)OC(CC)CSSSCCCCCCCCCC,alkyl/alkenyl thiol,,,,,,,head–linker–multi-tail,DOPE,CCCCCCCC\C=C/CCCCCCCC(=O)OC[C@H](COP(O)(=O)OCCN)OC(=O)CCCCCCC\C=C/CCCCCCCC,30.0,Cholesterol,C[C@H](CCCC(C)C)[C@H]1CC[C@@H]2[C@@]1(CC[C@H]3[C@H]2CC=C4[C@@]3(CC[C@@H](C4)O)C)C,40.0,DMG-PEG2000,,0.75,2000.0,20.0,10.0,,,,mRNA,in_vitro,in_vitro,A549,A549 pulmonary cells,,,,,,,0.3671129726954946,normalized_luminescence,96.0,0.0,0.0,78.0,1573.752371,114.92,0.0,23.0,25.051,449.997,0.945205,69.0,3.0,1575.764,True,False,True,biodegradable amino,,,,,,,,,,,,,,,,,,,branched
LNPhub_R0000137,LNPhub_YX_2025,https://doi.org/10.1038/s41587-025-02928-x,LNPhub_YX_2025_LNP_000069,YX_TS69,CCCCCCCCCCCCSSSCC(CC)OC(=O)CCN(CCC(=O)OC(CC)CSSSCCCCCCCCCCCC)CCN(C)CCN(CCC(=O)OC(CC)CSSSCCCCCCCCCCCC)CCC(=O)OC(CC)CSSSCCCCCCCCCCCC,multitailed lipidoid,CN(CCN)CCN,primary_tertiary,CCC(=O)OCCSSS,ester/thioether,4,12E,C=CC(=O)OC(CC)CSSSCCCCCCCCCCCC,alkyl/alkenyl thiol,12E,C=CC(=O)OC(CC)CSSSCCCCCCCCCCCC,alkyl/alkenyl thiol,12E,C=CC(=O)OC(CC)CSSSCCCCCCCCCCCC,alkyl/alkenyl thiol,12E,C=CC(=O)OC(CC)CSSSCCCCCCCCCCCC,alkyl/alkenyl thiol,,,,,,,head–linker–multi-tail,DOPE,CCCCCCCC\C=C/CCCCCCCC(=O)OC[C@H](COP(O)(=O)OCCN)OC(=O)CCCCCCC\C=C/CCCCCCCC,30.0,Cholesterol,C[C@H](CCCC(C)C)[C@H]1CC[C@@H]2[C@@]1(CC[C@H]3[C@H]2CC=C4[C@@]3(CC[C@@H](C4)O)C)C,40.0,DMG-PEG2000,,0.75,2000.0,20.0,10.0,,,,mRNA,in_vitro,in_vitro,MLG pulmonary cells,MLG pulmonary cells,,,,,,,,normalized_luminescence,104.0,0.0,0.0,86.0,1685.877571,114.92,0.0,23.0,28.1718,486.933,0.950617,77.0,3.0,1687.98,True,False,True,biodegradable amino,,,,,,,,,,,,,,,,,,,branched
LNPhub_R0000138,LNPhub_YX_2025,https://doi.org/10.1038/s41587-025-02928-x,LNPhub_YX_2025_LNP_000069,YX_TS69,CCCCCCCCCCCCSSSCC(CC)OC(=O)CCN(CCC(=O)OC(CC)CSSSCCCCCCCCCCCC)CCN(C)CCN(CCC(=O)OC(CC)CSSSCCCCCCCCCCCC)CCC(=O)OC(CC)CSSSCCCCCCCCCCCC,multitailed lipidoid,CN(CCN)CCN,primary_tertiary,CCC(=O)OCCSSS,ester/thioether,4,12E,C=CC(=O)OC(CC)CSSSCCCCCCCCCCCC,alkyl/alkenyl thiol,12E,C=CC(=O)OC(CC)CSSSCCCCCCCCCCCC,alkyl/alkenyl thiol,12E,C=CC(=O)OC(CC)CSSSCCCCCCCCCCCC,alkyl/alkenyl thiol,12E,C=CC(=O)OC(CC)CSSSCCCCCCCCCCCC,alkyl/alkenyl thiol,,,,,,,head–linker–multi-tail,DOPE,CCCCCCCC\C=C/CCCCCCCC(=O)OC[C@H](COP(O)(=O)OCCN)OC(=O)CCCCCCC\C=C/CCCCCCCC,30.0,Cholesterol,C[C@H](CCCC(C)C)[C@H]1CC[C@@H]2[C@@]1(CC[C@H]3[C@H]2CC=C4[C@@]3(CC[C@@H](C4)O)C)C,40.0,DMG-PEG2000,,0.75,2000.0,20.0,10.0,,,,mRNA,in_vitro,in_vitro,A549,A549 pulmonary cells,,,,,,,2.752248569902056,normalized_luminescence,104.0,0.0,0.0,86.0,1685.877571,114.92,0.0,23.0,28.1718,486.933,0.950617,77.0,3.0,1687.98,True,False,True,biodegradable amino,,,,,,,,,,,,,,,,,,,branched
LNPhub_R0000139,LNPhub_YX_2025,https://doi.org/10.1038/s41587-025-02928-x,LNPhub_YX_2025_LNP_000070,YX_TS70,CCCCCCCCCCCCCCSSSCC(CC)OC(=O)CCN(CCC(=O)OC(CC)CSSSCCCCCCCCCCCCCC)CCN(C)CCN(CCC(=O)OC(CC)CSSSCCCCCCCCCCCCCC)CCC(=O)OC(CC)CSSSCCCCCCCCCCCCCC,multitailed lipidoid,CN(CCN)CCN,primary_tertiary,CCC(=O)OCCSSS,ester/thioether,4,14E,C=CC(=O)OC(CC)CSSSCCCCCCCCCCCCCC,alkyl/alkenyl thiol,14E,C=CC(=O)OC(CC)CSSSCCCCCCCCCCCCCC,alkyl/alkenyl thiol,14E,C=CC(=O)OC(CC)CSSSCCCCCCCCCCCCCC,alkyl/alkenyl thiol,14E,C=CC(=O)OC(CC)CSSSCCCCCCCCCCCCCC,alkyl/alkenyl thiol,,,,,,,head–linker–multi-tail,DOPE,CCCCCCCC\C=C/CCCCCCCC(=O)OC[C@H](COP(O)(=O)OCCN)OC(=O)CCCCCCC\C=C/CCCCCCCC,30.0,Cholesterol,C[C@H](CCCC(C)C)[C@H]1CC[C@@H]2[C@@]1(CC[C@H]3[C@H]2CC=C4[C@@]3(CC[C@@H](C4)O)C)C,40.0,DMG-PEG2000,,0.75,2000.0,20.0,10.0,,,,mRNA,in_vitro,in_vitro,MLG pulmonary cells,MLG pulmonary cells,,,,,,,,normalized_luminescence,112.0,0.0,0.0,94.0,1798.002772,114.92,0.0,23.0,31.2926,523.869,0.955056,85.0,3.0,1800.196,True,False,True,biodegradable amino,,,,,,,,,,,,,,,,,,,branched
LNPhub_R0000140,LNPhub_YX_2025,https://doi.org/10.1038/s41587-025-02928-x,LNPhub_YX_2025_LNP_000070,YX_TS70,CCCCCCCCCCCCCCSSSCC(CC)OC(=O)CCN(CCC(=O)OC(CC)CSSSCCCCCCCCCCCCCC)CCN(C)CCN(CCC(=O)OC(CC)CSSSCCCCCCCCCCCCCC)CCC(=O)OC(CC)CSSSCCCCCCCCCCCCCC,multitailed lipidoid,CN(CCN)CCN,primary_tertiary,CCC(=O)OCCSSS,ester/thioether,4,14E,C=CC(=O)OC(CC)CSSSCCCCCCCCCCCCCC,alkyl/alkenyl thiol,14E,C=CC(=O)OC(CC)CSSSCCCCCCCCCCCCCC,alkyl/alkenyl thiol,14E,C=CC(=O)OC(CC)CSSSCCCCCCCCCCCCCC,alkyl/alkenyl thiol,14E,C=CC(=O)OC(CC)CSSSCCCCCCCCCCCCCC,alkyl/alkenyl thiol,,,,,,,head–linker–multi-tail,DOPE,CCCCCCCC\C=C/CCCCCCCC(=O)OC[C@H](COP(O)(=O)OCCN)OC(=O)CCCCCCC\C=C/CCCCCCCC,30.0,Cholesterol,C[C@H](CCCC(C)C)[C@H]1CC[C@@H]2[C@@]1(CC[C@H]3[C@H]2CC=C4[C@@]3(CC[C@@H](C4)O)C)C,40.0,DMG-PEG2000,,0.75,2000.0,20.0,10.0,,,,mRNA,in_vitro,in_vitro,A549,A549 pulmonary cells,,,,,,,-0.1143635405941901,normalized_luminescence,112.0,0.0,0.0,94.0,1798.002772,114.92,0.0,23.0,31.2926,523.869,0.955056,85.0,3.0,1800.196,True,False,True,biodegradable amino,,,,,,,,,,,,,,,,,,,branched
LNPhub_R0000141,LNPhub_YX_2025,https://doi.org/10.1038/s41587-025-02928-x,LNPhub_YX_2025_LNP_000001,YX_TS1,CCCCCCCCCCSSSCCOC(=O)CCN(CCO)CCCN(CCC(=O)OCCSSSCCCCCCCCCC)CCC(=O)OCCSSSCCCCCCCCCC,multitailed lipidoid,NCCCNCCO,primary_secondary,CCC(=O)OCCSSS,ester/thioether,3,10H,C=CC(=O)OCCSSSCCCCCCCCCC,alkyl/alkenyl thiol,10H,C=CC(=O)OCCSSSCCCCCCCCCC,alkyl/alkenyl thiol,10H,C=CC(=O)OCCSSSCCCCCCCCCC,alkyl/alkenyl thiol,,,,,,,,,,head–linker–multi-tail,DOPE,CCCCCCCC\C=C/CCCCCCCC(=O)OC[C@H](COP(O)(=O)OCCN)OC(=O)CCCCCCC\C=C/CCCCCCCC,30.0,Cholesterol,C[C@H](CCCC(C)C)[C@H]1CC[C@@H]2[C@@]1(CC[C@H]3[C@H]2CC=C4[C@@]3(CC[C@@H](C4)O)C)C,40.0,DMG-PEG2000,,0.75,2000.0,20.0,10.0,,,,mRNA,intratracheal,in_vivo,C57BL/6J mouse lung,lung tissue,,,,,,,-1.1731339401643557,lung_luminescence_x10e6,68.0,0.0,0.0,57.0,1126.486042,105.61,1.0,18.0,16.2836,316.6618,0.94,47.0,2.0,1127.944,True,False,True,biodegradable amino,,,,,,,,,,,,,,,,,,,linear
LNPhub_R0000142,LNPhub_YX_2025,https://doi.org/10.1038/s41587-025-02928-x,LNPhub_YX_2025_LNP_000003,YX_TS3,CCCCCCCCCCCCCCSSSCCOC(=O)CCN(CCO)CCCN(CCC(=O)OCCSSSCCCCCCCCCCCCCC)CCC(=O)OCCSSSCCCCCCCCCCCCCC,multitailed lipidoid,NCCCNCCO,primary_secondary,CCC(=O)OCCSSS,ester/thioether,3,14H,C=CC(=O)OCCSSSCCCCCCCCCCCCCC,alkyl/alkenyl thiol,14H,C=CC(=O)OCCSSSCCCCCCCCCCCCCC,alkyl/alkenyl thiol,14H,C=CC(=O)OCCSSSCCCCCCCCCCCCCC,alkyl/alkenyl thiol,,,,,,,,,,head–linker–multi-tail,DOPE,CCCCCCCC\C=C/CCCCCCCC(=O)OC[C@H](COP(O)(=O)OCCN)OC(=O)CCCCCCC\C=C/CCCCCCCC,30.0,Cholesterol,C[C@H](CCCC(C)C)[C@H]1CC[C@@H]2[C@@]1(CC[C@H]3[C@H]2CC=C4[C@@]3(CC[C@@H](C4)O)C)C,40.0,DMG-PEG2000,,0.75,2000.0,20.0,10.0,,,,mRNA,intratracheal,in_vivo,C57BL/6J mouse lung,lung tissue,,,,,,,0.4425234361057497,lung_luminescence_x10e6,80.0,0.0,0.0,69.0,1294.673843,105.61,1.0,18.0,20.9648,372.0658,0.951613,59.0,2.0,1296.268,True,False,True,biodegradable amino,,,,,,,,,,,,,,,,,,,linear
LNPhub_R0000143,LNPhub_YX_2025,https://doi.org/10.1038/s41587-025-02928-x,LNPhub_YX_2025_LNP_000038,YX_TS38,CCCCCCCCCCSSSCC(CC)OC(=O)CCN(CCCN(CCO)CCO)CCC(=O)OC(CC)CSSSCCCCCCCCCC,multitailed lipidoid,C(CN(CCO)CCO)CN,primary_tertiary,CCC(=O)OCCSSS,ester/thioether,2,10E,C=CC(=O)OC(CC)CSSSCCCCCCCCCC,alkyl/alkenyl thiol,10E,C=CC(=O)OC(CC)CSSSCCCCCCCCCC,alkyl/alkenyl thiol,,,,,,,,,,,,,head–linker–two-tail,DOPE,CCCCCCCC\C=C/CCCCCCCC(=O)OC[C@H](COP(O)(=O)OCCN)OC(=O)CCCCCCC\C=C/CCCCCCCC,30.0,Cholesterol,C[C@H](CCCC(C)C)[C@H]1CC[C@@H]2[C@@]1(CC[C@H]3[C@H]2CC=C4[C@@]3(CC[C@@H](C4)O)C)C,40.0,DMG-PEG2000,,0.75,2000.0,20.0,10.0,,,,mRNA,intratracheal,in_vivo,C57BL/6J mouse lung,lung tissue,,,,,,,-0.1495692625796933,lung_luminescence_x10e6,55.0,0.0,0.0,44.0,890.449714,99.54,2.0,14.0,11.7295,251.4786,0.95122,39.0,2.0,891.517,True,False,True,biodegradable amino,,,,,,,,,,,,,,,,,,,branched
LNPhub_R0000144,LNPhub_YX_2025,https://doi.org/10.1038/s41587-025-02928-x,LNPhub_YX_2025_LNP_000041,YX_TS41,CCCCCCCCCCSSSCCOC(=O)CCN(CCCN(C)CCCN(CCC(=O)OCCSSSCCCCCCCCCC)CCC(=O)OCCSSSCCCCCCCCCC)CCC(=O)OCCSSSCCCCCCCCCC,multitailed lipidoid,CN(CCCN)CCCN,primary_tertiary,CCC(=O)OCCSSS,ester/thioether,4,10H,C=CC(=O)OCCSSSCCCCCCCCCC,alkyl/alkenyl thiol,10H,C=CC(=O)OCCSSSCCCCCCCCCC,alkyl/alkenyl thiol,10H,C=CC(=O)OCCSSSCCCCCCCCCC,alkyl/alkenyl thiol,10H,C=CC(=O)OCCSSSCCCCCCCCCC,alkyl/alkenyl thiol,,,,,,,head–linker–multi-tail,DOPE,CCCCCCCC\C=C/CCCCCCCC(=O)OC[C@H](COP(O)(=O)OCCN)OC(=O)CCCCCCC\C=C/CCCCCCCC,30.0,Cholesterol,C[C@H](CCCC(C)C)[C@H]1CC[C@@H]2[C@@]1(CC[C@H]3[C@H]2CC=C4[C@@]3(CC[C@@H](C4)O)C)C,40.0,DMG-PEG2000,,0.75,2000.0,20.0,10.0,,,,mRNA,intratracheal,in_vivo,C57BL/6J mouse lung,lung tissue,,,,,,,,lung_luminescence_x10e6,90.0,0.0,0.0,76.0,1489.65847,114.92,0.0,23.0,22.7168,422.383,0.940299,63.0,3.0,1491.602,True,False,True,biodegradable amino,,,,,,,,,,,,,,,,,,,branched
LNPhub_R0000145,LNPhub_YX_2025,https://doi.org/10.1038/s41587-025-02928-x,LNPhub_YX_2025_LNP_000043,YX_TS43,CCCCCCCCCCCCCCSSSCCOC(=O)CCN(CCCN(C)CCCN(CCC(=O)OCCSSSCCCCCCCCCCCCCC)CCC(=O)OCCSSSCCCCCCCCCCCCCC)CCC(=O)OCCSSSCCCCCCCCCCCCCC,multitailed lipidoid,CN(CCCN)CCCN,primary_tertiary,CCC(=O)OCCSSS,ester/thioether,4,14H,C=CC(=O)OCCSSSCCCCCCCCCCCCCC,alkyl/alkenyl thiol,14H,C=CC(=O)OCCSSSCCCCCCCCCCCCCC,alkyl/alkenyl thiol,14H,C=CC(=O)OCCSSSCCCCCCCCCCCCCC,alkyl/alkenyl thiol,14H,C=CC(=O)OCCSSSCCCCCCCCCCCCCC,alkyl/alkenyl thiol,,,,,,,head–linker–multi-tail,DOPE,CCCCCCCC\C=C/CCCCCCCC(=O)OC[C@H](COP(O)(=O)OCCN)OC(=O)CCCCCCC\C=C/CCCCCCCC,30.0,Cholesterol,C[C@H](CCCC(C)C)[C@H]1CC[C@@H]2[C@@]1(CC[C@H]3[C@H]2CC=C4[C@@]3(CC[C@@H](C4)O)C)C,40.0,DMG-PEG2000,,0.75,2000.0,20.0,10.0,,,,mRNA,intratracheal,in_vivo,C57BL/6J mouse lung,lung tissue,,,,,,,0.9061195967553688,lung_luminescence_x10e6,106.0,0.0,0.0,92.0,1713.908871,114.92,0.0,23.0,28.9584,496.255,0.951807,79.0,3.0,1716.034,True,False,True,biodegradable amino,,,,,,,,,,,,,,,,,,,branched
LNPhub_R0000146,LNPhub_YX_2025,https://doi.org/10.1038/s41587-025-02928-x,LNPhub_YX_2025_LNP_000045,YX_TS45,CCCCCCCCCCSSSCC(C)OC(=O)CCN(CCCN(C)CCCN(CCC(=O)OC(C)CSSSCCCCCCCCCC)CCC(=O)OC(C)CSSSCCCCCCCCCC)CCC(=O)OC(C)CSSSCCCCCCCCCC,multitailed lipidoid,CN(CCCN)CCCN,primary_tertiary,CCC(=O)OCCSSS,ester/thioether,4,10M,C=CC(=O)OC(C)CSSSCCCCCCCCCC,alkyl/alkenyl thiol,10M,C=CC(=O)OC(C)CSSSCCCCCCCCCC,alkyl/alkenyl thiol,10M,C=CC(=O)OC(C)CSSSCCCCCCCCCC,alkyl/alkenyl thiol,10M,C=CC(=O)OC(C)CSSSCCCCCCCCCC,alkyl/alkenyl thiol,,,,,,,head–linker–multi-tail,DOPE,CCCCCCCC\C=C/CCCCCCCC(=O)OC[C@H](COP(O)(=O)OCCN)OC(=O)CCCCCCC\C=C/CCCCCCCC,30.0,Cholesterol,C[C@H](CCCC(C)C)[C@H]1CC[C@@H]2[C@@]1(CC[C@H]3[C@H]2CC=C4[C@@]3(CC[C@@H](C4)O)C)C,40.0,DMG-PEG2000,,0.75,2000.0,20.0,10.0,,,,mRNA,intratracheal,in_vivo,C57BL/6J mouse lung,lung tissue,,,,,,,0.6938479168588771,lung_luminescence_x10e6,94.0,0.0,0.0,76.0,1545.72107,114.92,0.0,23.0,24.2708,440.763,0.943662,67.0,3.0,1547.71,True,False,True,biodegradable amino,,,,,,,,,,,,,,,,,,,branched
LNPhub_R0000147,LNPhub_YX_2025,https://doi.org/10.1038/s41587-025-02928-x,LNPhub_YX_2025_LNP_000046,YX_TS46,CCCCCCCCCCCCSSSCC(C)OC(=O)CCN(CCCN(C)CCCN(CCC(=O)OC(C)CSSSCCCCCCCCCCCC)CCC(=O)OC(C)CSSSCCCCCCCCCCCC)CCC(=O)OC(C)CSSSCCCCCCCCCCCC,multitailed lipidoid,CN(CCCN)CCCN,primary_tertiary,CCC(=O)OCCSSS,ester/thioether,4,12M,C=CC(=O)OC(C)CSSSCCCCCCCCCCCC,alkyl/alkenyl thiol,12M,C=CC(=O)OC(C)CSSSCCCCCCCCCCCC,alkyl/alkenyl thiol,12M,C=CC(=O)OC(C)CSSSCCCCCCCCCCCC,alkyl/alkenyl thiol,12M,C=CC(=O)OC(C)CSSSCCCCCCCCCCCC,alkyl/alkenyl thiol,,,,,,,head–linker–multi-tail,DOPE,CCCCCCCC\C=C/CCCCCCCC(=O)OC[C@H](COP(O)(=O)OCCN)OC(=O)CCCCCCC\C=C/CCCCCCCC,30.0,Cholesterol,C[C@H](CCCC(C)C)[C@H]1CC[C@@H]2[C@@]1(CC[C@H]3[C@H]2CC=C4[C@@]3(CC[C@@H](C4)O)C)C,40.0,DMG-PEG2000,,0.75,2000.0,20.0,10.0,,,,mRNA,intratracheal,in_vivo,C57BL/6J mouse lung,lung tissue,,,,,,,0.1363988806019401,lung_luminescence_x10e6,102.0,0.0,0.0,84.0,1657.846271,114.92,0.0,23.0,27.3916,477.699,0.949367,75.0,3.0,1659.926,True,False,True,biodegradable amino,,,,,,,,,,,,,,,,,,,branched
LNPhub_R0000148,LNPhub_YX_2025,https://doi.org/10.1038/s41587-025-02928-x,LNPhub_YX_2025_LNP_000047,YX_TS47,CCCCCCCCCCCCCCSSSCC(C)OC(=O)CCN(CCCN(C)CCCN(CCC(=O)OC(C)CSSSCCCCCCCCCCCCCC)CCC(=O)OC(C)CSSSCCCCCCCCCCCCCC)CCC(=O)OC(C)CSSSCCCCCCCCCCCCCC,multitailed lipidoid,CN(CCCN)CCCN,primary_tertiary,CCC(=O)OCCSSS,ester/thioether,4,14M,C=CC(=O)OC(C)CSSSCCCCCCCCCCCCCC,alkyl/alkenyl thiol,14M,C=CC(=O)OC(C)CSSSCCCCCCCCCCCCCC,alkyl/alkenyl thiol,14M,C=CC(=O)OC(C)CSSSCCCCCCCCCCCCCC,alkyl/alkenyl thiol,14M,C=CC(=O)OC(C)CSSSCCCCCCCCCCCCCC,alkyl/alkenyl thiol,,,,,,,head–linker–multi-tail,DOPE,CCCCCCCC\C=C/CCCCCCCC(=O)OC[C@H](COP(O)(=O)OCCN)OC(=O)CCCCCCC\C=C/CCCCCCCC,30.0,Cholesterol,C[C@H](CCCC(C)C)[C@H]1CC[C@@H]2[C@@]1(CC[C@H]3[C@H]2CC=C4[C@@]3(CC[C@@H](C4)O)C)C,40.0,DMG-PEG2000,,0.75,2000.0,20.0,10.0,,,,mRNA,intratracheal,in_vivo,C57BL/6J mouse lung,lung tissue,,,,,,,-0.6459194279077949,lung_luminescence_x10e6,110.0,0.0,0.0,92.0,1769.971471,114.92,0.0,23.0,30.5124,514.635,0.954023,83.0,3.0,1772.142,True,False,True,biodegradable amino,,,,,,,,,,,,,,,,,,,branched
LNPhub_R0000149,LNPhub_YX_2025,https://doi.org/10.1038/s41587-025-02928-x,LNPhub_YX_2025_LNP_000048,YX_TS48,CCCCCCCCCCSSSCC(CC)OC(=O)CCN(CCCN(C)CCCN(CCC(=O)OC(CC)CSSSCCCCCCCCCC)CCC(=O)OC(CC)CSSSCCCCCCCCCC)CCC(=O)OC(CC)CSSSCCCCCCCCCC,multitailed lipidoid,CN(CCCN)CCCN,primary_tertiary,CCC(=O)OCCSSS,ester/thioether,4,10E,C=CC(=O)OC(CC)CSSSCCCCCCCCCC,alkyl/alkenyl thiol,10E,C=CC(=O)OC(CC)CSSSCCCCCCCCCC,alkyl/alkenyl thiol,10E,C=CC(=O)OC(CC)CSSSCCCCCCCCCC,alkyl/alkenyl thiol,10E,C=CC(=O)OC(CC)CSSSCCCCCCCCCC,alkyl/alkenyl thiol,,,,,,,head–linker–multi-tail,DOPE,CCCCCCCC\C=C/CCCCCCCC(=O)OC[C@H](COP(O)(=O)OCCN)OC(=O)CCCCCCC\C=C/CCCCCCCC,30.0,Cholesterol,C[C@H](CCCC(C)C)[C@H]1CC[C@@H]2[C@@]1(CC[C@H]3[C@H]2CC=C4[C@@]3(CC[C@@H](C4)O)C)C,40.0,DMG-PEG2000,,0.75,2000.0,20.0,10.0,,,,mRNA,intratracheal,in_vivo,C57BL/6J mouse lung,lung tissue,,,,,,,-0.5621444750129023,lung_luminescence_x10e6,98.0,0.0,0.0,80.0,1601.783671,114.92,0.0,23.0,25.8312,459.231,0.946667,71.0,3.0,1603.818,True,False,True,biodegradable amino,,,,,,,,,,,,,,,,,,,branched
LNPhub_R0000150,LNPhub_YX_2025,https://doi.org/10.1038/s41587-025-02928-x,LNPhub_YX_2025_LNP_000066,YX_TS66,CCCCCCCCCCCCSSSCC(C)OC(=O)CCN(CCC(=O)OC(C)CSSSCCCCCCCCCCCC)CCN(C)CCN(CCC(=O)OC(C)CSSSCCCCCCCCCCCC)CCC(=O)OC(C)CSSSCCCCCCCCCCCC,multitailed lipidoid,CN(CCN)CCN,primary_tertiary,CCC(=O)OCCSSS,ester/thioether,4,12M,C=CC(=O)OC(C)CSSSCCCCCCCCCCCC,alkyl/alkenyl thiol,12M,C=CC(=O)OC(C)CSSSCCCCCCCCCCCC,alkyl/alkenyl thiol,12M,C=CC(=O)OC(C)CSSSCCCCCCCCCCCC,alkyl/alkenyl thiol,12M,C=CC(=O)OC(C)CSSSCCCCCCCCCCCC,alkyl/alkenyl thiol,,,,,,,head–linker–multi-tail,DOPE,CCCCCCCC\C=C/CCCCCCCC(=O)OC[C@H](COP(O)(=O)OCCN)OC(=O)CCCCCCC\C=C/CCCCCCCC,30.0,Cholesterol,C[C@H](CCCC(C)C)[C@H]1CC[C@@H]2[C@@]1(CC[C@H]3[C@H]2CC=C4[C@@]3(CC[C@@H](C4)O)C)C,40.0,DMG-PEG2000,,0.75,2000.0,20.0,10.0,,,,mRNA,intratracheal,in_vivo,C57BL/6J mouse lung,lung tissue,,,,,,,-1.0559751596628977,lung_luminescence_x10e6,100.0,0.0,0.0,82.0,1629.814971,114.92,0.0,23.0,26.6114,468.465,0.948052,73.0,3.0,1631.872,True,False,True,biodegradable amino,,,,,,,,,,,,,,,,,,,branched
LNPhub_R0000151,LNPhub_YX_2025,https://doi.org/10.1038/s41587-025-02928-x,LNPhub_YX_2025_LNP_000068,YX_TS68,CCCCCCCCCCSSSCC(CC)OC(=O)CCN(CCC(=O)OC(CC)CSSSCCCCCCCCCC)CCN(C)CCN(CCC(=O)OC(CC)CSSSCCCCCCCCCC)CCC(=O)OC(CC)CSSSCCCCCCCCCC,multitailed lipidoid,CN(CCN)CCN,primary_tertiary,CCC(=O)OCCSSS,ester/thioether,4,10E,C=CC(=O)OC(CC)CSSSCCCCCCCCCC,alkyl/alkenyl thiol,10E,C=CC(=O)OC(CC)CSSSCCCCCCCCCC,alkyl/alkenyl thiol,10E,C=CC(=O)OC(CC)CSSSCCCCCCCCCC,alkyl/alkenyl thiol,10E,C=CC(=O)OC(CC)CSSSCCCCCCCCCC,alkyl/alkenyl thiol,,,,,,,head–linker–multi-tail,DOPE,CCCCCCCC\C=C/CCCCCCCC(=O)OC[C@H](COP(O)(=O)OCCN)OC(=O)CCCCCCC\C=C/CCCCCCCC,30.0,Cholesterol,C[C@H](CCCC(C)C)[C@H]1CC[C@@H]2[C@@]1(CC[C@H]3[C@H]2CC=C4[C@@]3(CC[C@@H](C4)O)C)C,40.0,DMG-PEG2000,,0.75,2000.0,20.0,10.0,,,,mRNA,intratracheal,in_vivo,C57BL/6J mouse lung,lung tissue,,,,,,,-0.9155104742672996,lung_luminescence_x10e6,96.0,0.0,0.0,78.0,1573.752371,114.92,0.0,23.0,25.051,449.997,0.945205,69.0,3.0,1575.764,True,False,True,biodegradable amino,,,,,,,,,,,,,,,,,,,branched
LNPhub_R0000152,LNPhub_YX_2025,https://doi.org/10.1038/s41587-025-02928-x,LNPhub_YX_2025_LNP_000069,YX_TS69,CCCCCCCCCCCCSSSCC(CC)OC(=O)CCN(CCC(=O)OC(CC)CSSSCCCCCCCCCCCC)CCN(C)CCN(CCC(=O)OC(CC)CSSSCCCCCCCCCCCC)CCC(=O)OC(CC)CSSSCCCCCCCCCCCC,multitailed lipidoid,CN(CCN)CCN,primary_tertiary,CCC(=O)OCCSSS,ester/thioether,4,12E,C=CC(=O)OC(CC)CSSSCCCCCCCCCCCC,alkyl/alkenyl thiol,12E,C=CC(=O)OC(CC)CSSSCCCCCCCCCCCC,alkyl/alkenyl thiol,12E,C=CC(=O)OC(CC)CSSSCCCCCCCCCCCC,alkyl/alkenyl thiol,12E,C=CC(=O)OC(CC)CSSSCCCCCCCCCCCC,alkyl/alkenyl thiol,,,,,,,head–linker–multi-tail,DOPE,CCCCCCCC\C=C/CCCCCCCC(=O)OC[C@H](COP(O)(=O)OCCN)OC(=O)CCCCCCC\C=C/CCCCCCCC,30.0,Cholesterol,C[C@H](CCCC(C)C)[C@H]1CC[C@@H]2[C@@]1(CC[C@H]3[C@H]2CC=C4[C@@]3(CC[C@@H](C4)O)C)C,40.0,DMG-PEG2000,,0.75,2000.0,20.0,10.0,,,,mRNA,intratracheal,in_vivo,C57BL/6J mouse lung,lung tissue,,,,,,,2.323362909273005,lung_luminescence_x10e6,104.0,0.0,0.0,86.0,1685.877571,114.92,0.0,23.0,28.1718,486.933,0.950617,77.0,3.0,1687.98,True,False,True,biodegradable amino,,,,,,,,,,,,,,,,,,,branched
LNPhub_R0000153,LNPhub_YX_2025,https://doi.org/10.1038/s41587-025-02928-x,LNPhub_YX_2025_LNP_000071,YX_TS41,CCCCCCCCCCSSSCCOC(=O)CCN(CCCN(C)CCCN(CCC(=O)OCCSSSCCCCCCCCCC)CCC(=O)OCCSSSCCCCCCCCCC)CCC(=O)OCCSSSCCCCCCCCCC,multitailed lipidoid,CN(CCCN)CCCN,primary_tertiary,CCC(=O)OCCSSS,ester/thioether,4,10H,C=CC(=O)OCCSSSCCCCCCCCCC,alkyl/alkenyl thiol,10H,C=CC(=O)OCCSSSCCCCCCCCCC,alkyl/alkenyl thiol,10H,C=CC(=O)OCCSSSCCCCCCCCCC,alkyl/alkenyl thiol,10H,C=CC(=O)OCCSSSCCCCCCCCCC,alkyl/alkenyl thiol,,,,,,,head–linker–multi-tail,DOPE,CCCCCCCC\C=C/CCCCCCCC(=O)OC[C@H](COP(O)(=O)OCCN)OC(=O)CCCCCCC\C=C/CCCCCCCC,50.0,Cholesterol,C[C@H](CCCC(C)C)[C@H]1CC[C@@H]2[C@@]1(CC[C@H]3[C@H]2CC=C4[C@@]3(CC[C@@H](C4)O)C)C,40.0,DMG-PEG2000,,0.75,2000.0,40.0,12.5,,,,mRNA,intratracheal,in_vivo,C57BL/6J mouse lung,lung tissue,104.9,,,,83.8,,,,90.0,0.0,0.0,76.0,1489.65847,114.92,0.0,23.0,22.7168,422.383,0.940299,63.0,3.0,1491.602,True,False,True,biodegradable amino,,,,,,,,,,,,,,,,,,,branched
LNPhub_R0000154,LNPhub_YX_2025,https://doi.org/10.1038/s41587-025-02928-x,LNPhub_YX_2025_LNP_000071,YX_TS41,CCCCCCCCCCSSSCCOC(=O)CCN(CCCN(C)CCCN(CCC(=O)OCCSSSCCCCCCCCCC)CCC(=O)OCCSSSCCCCCCCCCC)CCC(=O)OCCSSSCCCCCCCCCC,multitailed lipidoid,CN(CCCN)CCCN,primary_tertiary,CCC(=O)OCCSSS,ester/thioether,4,10H,C=CC(=O)OCCSSSCCCCCCCCCC,alkyl/alkenyl thiol,10H,C=CC(=O)OCCSSSCCCCCCCCCC,alkyl/alkenyl thiol,10H,C=CC(=O)OCCSSSCCCCCCCCCC,alkyl/alkenyl thiol,10H,C=CC(=O)OCCSSSCCCCCCCCCC,alkyl/alkenyl thiol,,,,,,,head–linker–multi-tail,DOPE,CCCCCCCC\C=C/CCCCCCCC(=O)OC[C@H](COP(O)(=O)OCCN)OC(=O)CCCCCCC\C=C/CCCCCCCC,50.0,Cholesterol,C[C@H](CCCC(C)C)[C@H]1CC[C@@H]2[C@@]1(CC[C@H]3[C@H]2CC=C4[C@@]3(CC[C@@H](C4)O)C)C,40.0,DMG-PEG2000,,0.75,2000.0,40.0,12.5,,,,mRNA,intratracheal,in_vivo,Mouse_Ai14_lung,Endothelial cells,104.9,,,,83.8,,,,90.0,0.0,0.0,76.0,1489.65847,114.92,0.0,23.0,22.7168,422.383,0.940299,63.0,3.0,1491.602,True,False,True,biodegradable amino,,,,,,,,,,,,,,,,,,,branched
LNPhub_R0000155,LNPhub_YX_2025,https://doi.org/10.1038/s41587-025-02928-x,LNPhub_YX_2025_LNP_000071,YX_TS41,CCCCCCCCCCSSSCCOC(=O)CCN(CCCN(C)CCCN(CCC(=O)OCCSSSCCCCCCCCCC)CCC(=O)OCCSSSCCCCCCCCCC)CCC(=O)OCCSSSCCCCCCCCCC,multitailed lipidoid,CN(CCCN)CCCN,primary_tertiary,CCC(=O)OCCSSS,ester/thioether,4,10H,C=CC(=O)OCCSSSCCCCCCCCCC,alkyl/alkenyl thiol,10H,C=CC(=O)OCCSSSCCCCCCCCCC,alkyl/alkenyl thiol,10H,C=CC(=O)OCCSSSCCCCCCCCCC,alkyl/alkenyl thiol,10H,C=CC(=O)OCCSSSCCCCCCCCCC,alkyl/alkenyl thiol,,,,,,,head–linker–multi-tail,DOPE,CCCCCCCC\C=C/CCCCCCCC(=O)OC[C@H](COP(O)(=O)OCCN)OC(=O)CCCCCCC\C=C/CCCCCCCC,50.0,Cholesterol,C[C@H](CCCC(C)C)[C@H]1CC[C@@H]2[C@@]1(CC[C@H]3[C@H]2CC=C4[C@@]3(CC[C@@H](C4)O)C)C,40.0,DMG-PEG2000,,0.75,2000.0,40.0,12.5,,,,mRNA,intratracheal,in_vivo,Mouse_Ai14_lung,Epithelial cells,104.9,,,,83.8,,,,90.0,0.0,0.0,76.0,1489.65847,114.92,0.0,23.0,22.7168,422.383,0.940299,63.0,3.0,1491.602,True,False,True,biodegradable amino,,,,,,,,,,,,,,,,,,,branched
LNPhub_R0000156,LNPhub_YX_2025,https://doi.org/10.1038/s41587-025-02928-x,LNPhub_YX_2025_LNP_000071,YX_TS41,CCCCCCCCCCSSSCCOC(=O)CCN(CCCN(C)CCCN(CCC(=O)OCCSSSCCCCCCCCCC)CCC(=O)OCCSSSCCCCCCCCCC)CCC(=O)OCCSSSCCCCCCCCCC,multitailed lipidoid,CN(CCCN)CCCN,primary_tertiary,CCC(=O)OCCSSS,ester/thioether,4,10H,C=CC(=O)OCCSSSCCCCCCCCCC,alkyl/alkenyl thiol,10H,C=CC(=O)OCCSSSCCCCCCCCCC,alkyl/alkenyl thiol,10H,C=CC(=O)OCCSSSCCCCCCCCCC,alkyl/alkenyl thiol,10H,C=CC(=O)OCCSSSCCCCCCCCCC,alkyl/alkenyl thiol,,,,,,,head–linker–multi-tail,DOPE,CCCCCCCC\C=C/CCCCCCCC(=O)OC[C@H](COP(O)(=O)OCCN)OC(=O)CCCCCCC\C=C/CCCCCCCC,50.0,Cholesterol,C[C@H](CCCC(C)C)[C@H]1CC[C@@H]2[C@@]1(CC[C@H]3[C@H]2CC=C4[C@@]3(CC[C@@H](C4)O)C)C,40.0,DMG-PEG2000,,0.75,2000.0,40.0,12.5,,,,mRNA,intratracheal,in_vivo,Mouse_Ai14_lung,Neutrophils,104.9,,,,83.8,,,,90.0,0.0,0.0,76.0,1489.65847,114.92,0.0,23.0,22.7168,422.383,0.940299,63.0,3.0,1491.602,True,False,True,biodegradable amino,,,,,,,,,,,,,,,,,,,branched
LNPhub_R0000157,LNPhub_YX_2025,https://doi.org/10.1038/s41587-025-02928-x,LNPhub_YX_2025_LNP_000071,YX_TS41,CCCCCCCCCCSSSCCOC(=O)CCN(CCCN(C)CCCN(CCC(=O)OCCSSSCCCCCCCCCC)CCC(=O)OCCSSSCCCCCCCCCC)CCC(=O)OCCSSSCCCCCCCCCC,multitailed lipidoid,CN(CCCN)CCCN,primary_tertiary,CCC(=O)OCCSSS,ester/thioether,4,10H,C=CC(=O)OCCSSSCCCCCCCCCC,alkyl/alkenyl thiol,10H,C=CC(=O)OCCSSSCCCCCCCCCC,alkyl/alkenyl thiol,10H,C=CC(=O)OCCSSSCCCCCCCCCC,alkyl/alkenyl thiol,10H,C=CC(=O)OCCSSSCCCCCCCCCC,alkyl/alkenyl thiol,,,,,,,head–linker–multi-tail,DOPE,CCCCCCCC\C=C/CCCCCCCC(=O)OC[C@H](COP(O)(=O)OCCN)OC(=O)CCCCCCC\C=C/CCCCCCCC,50.0,Cholesterol,C[C@H](CCCC(C)C)[C@H]1CC[C@@H]2[C@@]1(CC[C@H]3[C@H]2CC=C4[C@@]3(CC[C@@H](C4)O)C)C,40.0,DMG-PEG2000,,0.75,2000.0,40.0,12.5,,,,mRNA,intratracheal,in_vivo,Mouse_Ai14_lung,Macrophages,104.9,,,,83.8,,,,90.0,0.0,0.0,76.0,1489.65847,114.92,0.0,23.0,22.7168,422.383,0.940299,63.0,3.0,1491.602,True,False,True,biodegradable amino,,,,,,,,,,,,,,,,,,,branched
LNPhub_R0000158,LNPhub_YX_2025,https://doi.org/10.1038/s41587-025-02928-x,LNPhub_YX_2025_LNP_000071,YX_TS41,CCCCCCCCCCSSSCCOC(=O)CCN(CCCN(C)CCCN(CCC(=O)OCCSSSCCCCCCCCCC)CCC(=O)OCCSSSCCCCCCCCCC)CCC(=O)OCCSSSCCCCCCCCCC,multitailed lipidoid,CN(CCCN)CCCN,primary_tertiary,CCC(=O)OCCSSS,ester/thioether,4,10H,C=CC(=O)OCCSSSCCCCCCCCCC,alkyl/alkenyl thiol,10H,C=CC(=O)OCCSSSCCCCCCCCCC,alkyl/alkenyl thiol,10H,C=CC(=O)OCCSSSCCCCCCCCCC,alkyl/alkenyl thiol,10H,C=CC(=O)OCCSSSCCCCCCCCCC,alkyl/alkenyl thiol,,,,,,,head–linker–multi-tail,DOPE,CCCCCCCC\C=C/CCCCCCCC(=O)OC[C@H](COP(O)(=O)OCCN)OC(=O)CCCCCCC\C=C/CCCCCCCC,50.0,Cholesterol,C[C@H](CCCC(C)C)[C@H]1CC[C@@H]2[C@@]1(CC[C@H]3[C@H]2CC=C4[C@@]3(CC[C@@H](C4)O)C)C,40.0,DMG-PEG2000,,0.75,2000.0,40.0,12.5,,,,mRNA,ex_vivo,ex_vivo,Human_lung_tissue_slice,CD45+ cells,104.9,,,,83.8,,,,90.0,0.0,0.0,76.0,1489.65847,114.92,0.0,23.0,22.7168,422.383,0.940299,63.0,3.0,1491.602,True,False,True,biodegradable amino,,,,,,,,,,,,,,,,,,,branched
LNPhub_R0000159,LNPhub_YX_2025,https://doi.org/10.1038/s41587-025-02928-x,LNPhub_YX_2025_LNP_000071,YX_TS41,CCCCCCCCCCSSSCCOC(=O)CCN(CCCN(C)CCCN(CCC(=O)OCCSSSCCCCCCCCCC)CCC(=O)OCCSSSCCCCCCCCCC)CCC(=O)OCCSSSCCCCCCCCCC,multitailed lipidoid,CN(CCCN)CCCN,primary_tertiary,CCC(=O)OCCSSS,ester/thioether,4,10H,C=CC(=O)OCCSSSCCCCCCCCCC,alkyl/alkenyl thiol,10H,C=CC(=O)OCCSSSCCCCCCCCCC,alkyl/alkenyl thiol,10H,C=CC(=O)OCCSSSCCCCCCCCCC,alkyl/alkenyl thiol,10H,C=CC(=O)OCCSSSCCCCCCCCCC,alkyl/alkenyl thiol,,,,,,,head–linker–multi-tail,DOPE,CCCCCCCC\C=C/CCCCCCCC(=O)OC[C@H](COP(O)(=O)OCCN)OC(=O)CCCCCCC\C=C/CCCCCCCC,50.0,Cholesterol,C[C@H](CCCC(C)C)[C@H]1CC[C@@H]2[C@@]1(CC[C@H]3[C@H]2CC=C4[C@@]3(CC[C@@H](C4)O)C)C,40.0,DMG-PEG2000,,0.75,2000.0,40.0,12.5,,,,mRNA,ex_vivo,ex_vivo,Human_lung_tissue_slice,CD45- cells,104.9,,,,83.8,,,,90.0,0.0,0.0,76.0,1489.65847,114.92,0.0,23.0,22.7168,422.383,0.940299,63.0,3.0,1491.602,True,False,True,biodegradable amino,,,,,,,,,,,,,,,,,,,branched
LNPhub_R0004005,LNPhub_BL_2023,https://www.nature.com/articles/s41587-023-01679-x,LNPhub_BL_2023_LNP_000001,BL_A32-T5,CCCC#CCOC(=O)OC(C/C=C\CCCCCCCCOC(=O)CCN(CCCN(C)C)CCCN(C)C)CCCCCC,Ugi-3CR,CN(C)CCCNCCCN(C)C,secondary_tertiary,C=CC(=O)OCCCCCCCC/C=C\CC(CCCCCC)OC(=O)O,ester/carbonate acrylate,1,T5,CCCC#CCO,ricinoleic/aliphatic,,,,,,,,,,,,,,,,head–linker–tail,DOPE,[H][C@@](COP([O-])(OCC[NH3+])=O)(OC(CCCCCCC/C=C\\CCCCCCCC)=O)COC(CCCCCCC/C=C\\CCCCCCCC)=O,16.0,Cholesterol,C[C@H](CCCC(C)C)[C@H]1CC[C@@H]2[C@@]1(CC[C@H]3[C@H]2CC=C4[C@@]3(CC[C@@H](C4)O)C)C,46.5,DMPE-PEG2000,CCCCCCCCCCCCCC(=O)OCC(COP(=O)(OCCNCC(=O)OCCOCCOCCOCCOCCOCCOCCOCCOCCOCCOCCOCCOCCOCCOCCOCCOCCOCCOCCOCCOCCOCCOCCOCCOCCOCCOCCOCCOCCOCCOCCOCCOCCOCCOCCOCCOCCOCCOCCOCCOCCOCCOCCOC)O)OC(=O)CCCCCCCCCCCCC,2.5,2000.0,35.0,10.0,,,,mRNA,in_vitro,in_vitro,A549,in_vitro,,,,,,,-0.070772775395233,normalized_luminescence,46.0,0.0,0.0,30.0,649.5393724,71.55,0.0,8.0,8.0978,192.098,0.842105263,1.0,3.0,650.002,True,True,False,biodegradable acrylate,,,,,,,,,,,,,,,,,,,branched
LNPhub_R0004006,LNPhub_BL_2023,https://www.nature.com/articles/s41587-023-01679-x,LNPhub_BL_2023_LNP_000002,BL_A61-T4,CCC#CCOC(=O)OC(C/C=C\CCCCCCCCOC(=O)CCN(C)CCN(C)CCC(=O)OCCCCCCCC/C=C\CC(CCCCCC)OC(=O)OCC#CCC)CCCCCC,Ugi-3CR,CNCCNC,secondary,C=CC(=O)OCCCCCCCC/C=C\CC(CCCCCC)OC(=O)O,ester/carbonate acrylate,1,T4,CCC#CCO,ricinoleic/aliphatic,,,,,,,,,,,,,,,,head–linker–tail,DOPE,[H][C@@](COP([O-])(OCC[NH3+])=O)(OC(CCCCCCC/C=C\\CCCCCCCC)=O)COC(CCCCCCC/C=C\\CCCCCCCC)=O,16.0,Cholesterol,C[C@H](CCCC(C)C)[C@H]1CC[C@@H]2[C@@]1(CC[C@H]3[C@H]2CC=C4[C@@]3(CC[C@@H](C4)O)C)C,46.5,DMPE-PEG2000,CCCCCCCCCCCCCC(=O)OCC(COP(=O)(OCCNCC(=O)OCCOCCOCCOCCOCCOCCOCCOCCOCCOCCOCCOCCOCCOCCOCCOCCOCCOCCOCCOCCOCCOCCOCCOCCOCCOCCOCCOCCOCCOCCOCCOCCOCCOCCOCCOCCOCCOCCOCCOCCOCCOCCOCCOC)O)OC(=O)CCCCCCCCCCCCC,2.5,2000.0,35.0,10.0,,,,mRNA,in_vitro,in_vitro,A549,in_vitro,,,,,,,-1.4658256242802843,normalized_luminescence,70.0,0.0,0.0,45.0,984.7377974,130.14,0.0,12.0,13.8818,284.392,0.793103448,2.0,2.0,985.442,True,True,False,biodegradable acrylate,,,,,,,,,,,,,,,,,,,linear
LNPhub_R0004007,LNPhub_BL_2023,https://www.nature.com/articles/s41587-023-01679-x,LNPhub_BL_2023_LNP_000003,BL_A2-T10,CCCCCCC#CCCOC(=O)OC(C/C=C\CCCCCCCCOC(=O)CCN(CCC(=O)OCCCCCCCC/C=C\CC(CCCCCC)OC(=O)OCCC#CCCCCCC)CCN(C)C)CCCCCC,Ugi-3CR,CN(C)CCN,primary_tertiary,C=CC(=O)OCCCCCCCC/C=C\CC(CCCCCC)OC(=O)O,ester/carbonate acrylate,1,T10,CCCCCCC#CCCO,ricinoleic/aliphatic,,,,,,,,,,,,,,,,head–linker–tail,DOPE,[H][C@@](COP([O-])(OCC[NH3+])=O)(OC(CCCCCCC/C=C\\CCCCCCCC)=O)COC(CCCCCCC/C=C\\CCCCCCCC)=O,16.0,Cholesterol,C[C@H](CCCC(C)C)[C@H]1CC[C@@H]2[C@@]1(CC[C@H]3[C@H]2CC=C4[C@@]3(CC[C@@H](C4)O)C)C,46.5,DMPE-PEG2000,CCCCCCCCCCCCCC(=O)OCC(COP(=O)(OCCNCC(=O)OCCOCCOCCOCCOCCOCCOCCOCCOCCOCCOCCOCCOCCOCCOCCOCCOCCOCCOCCOCCOCCOCCOCCOCCOCCOCCOCCOCCOCCOCCOCCOCCOCCOCCOCCOCCOCCOCCOCCOCCOCCOCCOCCOC)O)OC(=O)CCCCCCCCCCCCC,2.5,2000.0,35.0,10.0,,,,mRNA,in_vitro,in_vitro,A549,in_vitro,,,,,,,-0.7078875884578744,normalized_luminescence,80.0,0.0,0.0,55.0,1124.894298,130.14,0.0,12.0,17.7828,330.562,0.823529412,2.0,2.0,1125.712,True,True,False,biodegradable acrylate,,,,,,,,,,,,,,,,,,,branched
LNPhub_R0004008,LNPhub_BL_2023,https://www.nature.com/articles/s41587-023-01679-x,LNPhub_BL_2023_LNP_000004,BL_A28-T1,CCCCCCCCCCCCCCCCCCOC(=O)OC(C/C=C\CCCCCCCCOC(=O)CCN(C)CCCN(C)CCCN(C)CCC(=O)OCCCCCCCC/C=C\CC(CCCCCC)OC(=O)OCCCCCCCCCCCCCCCCCC)CCCCCC,Ugi-3CR,CNCCCN(C)CCCNC,secondary_tertiary,C=CC(=O)OCCCCCCCC/C=C\CC(CCCCCC)OC(=O)O,ester/carbonate acrylate,1,T1,CCCCCCCCCCCCCCCCCCO,ricinoleic/aliphatic,,,,,,,,,,,,,,,,head–linker–tail,DOPE,[H][C@@](COP([O-])(OCC[NH3+])=O)(OC(CCCCCCC/C=C\\CCCCCCCC)=O)COC(CCCCCCC/C=C\\CCCCCCCC)=O,16.0,Cholesterol,C[C@H](CCCC(C)C)[C@H]1CC[C@@H]2[C@@]1(CC[C@H]3[C@H]2CC=C4[C@@]3(CC[C@@H](C4)O)C)C,46.5,DMPE-PEG2000,CCCCCCCCCCCCCC(=O)OCC(COP(=O)(OCCNCC(=O)OCCOCCOCCOCCOCCOCCOCCOCCOCCOCCOCCOCCOCCOCCOCCOCCOCCOCCOCCOCCOCCOCCOCCOCCOCCOCCOCCOCCOCCOCCOCCOCCOCCOCCOCCOCCOCCOCCOCCOCCOCCOCCOCCOC)O)OC(=O)CCCCCCCCCCCCC,2.5,2000.0,35.0,10.0,,,,mRNA,in_vitro,in_vitro,A549,in_vitro,,,,,,,0.8182299702325051,normalized_luminescence,102.0,0.0,0.0,82.0,1442.296449,133.38,0.0,13.0,26.29,434.081,0.91011236,2.0,3.0,1443.358,True,True,False,biodegradable acrylate,,,,,,,,,,,,,,,,,,,branched
LNPhub_R0004009,LNPhub_BL_2023,https://www.nature.com/articles/s41587-023-01679-x,LNPhub_BL_2023_LNP_000005,BL_A47-T7,CCCCCC#CCOC(=O)OC(C/C=C\CCCCCCCCOC(=O)CCN1CCN(CCC(=O)OCCCCCCCC/C=C\CC(CCCCCC)OC(=O)OCC#CCCCCC)CCN(CCC(=O)OCCCCCCCC/C=C\CC(CCCCCC)OC(=O)OCC#CCCCCC)CC1)CCCCCC,Ugi-3CR,C1CN2CCNCCN1CC2,secondary_tertiary,C=CC(=O)OCCCCCCCC/C=C\CC(CCCCCC)OC(=O)O,ester/carbonate acrylate,1,T7,CCCCCC#CCO,ricinoleic/aliphatic,,,,,,,,,,,,,,,,head–linker–tail,DOTAP,[H]C(C[N+](C)(C)C)(OC(CCCCCCC/C=C\CCCCCCCC)=O)COC(CCCCCCC/C=C\CCCCCCCC)=O,39.0,Cholesterol,C[C@H](CCCC(C)C)[C@H]1CC[C@@H]2[C@@]1(CC[C@H]3[C@H]2CC=C4[C@@]3(CC[C@@H](C4)O)C)C,30.0,DMPE-PEG2000,CCCCCCCCCCCCCC(=O)OCC(COP(=O)(OCCNCC(=O)OCCOCCOCCOCCOCCOCCOCCOCCOCCOCCOCCOCCOCCOCCOCCOCCOCCOCCOCCOCCOCCOCCOCCOCCOCCOCCOCCOCCOCCOCCOCCOCCOCCOCCOCCOCCOCCOCCOCCOCCOCCOCCOCCOC)O)OC(=O)CCCCCCCCCCCCC,1.0,2000.0,30.0,7.5,,,,mRNA,intratracheal,in_vivo,Mouse_B6,lung_epithelium,120.6,,,,,,,normalized_luminescence,114.0,1.0,0.0,72.0,1600.224072,195.21,0.0,18.0,23.9646,464.97,0.8125,3.0,3.0,1601.382,True,True,False,biodegradable acrylate,,,,,,88.0,,,,,,,,,,,,,macrocyclic
LNPhub_R0004010,LNPhub_BL_2023,https://www.nature.com/articles/s41587-023-01679-x,LNPhub_BL_2023_LNP_000006,BL_A51-T10,CCCCCCC#CCCOC(=O)OC(C/C=C\CCCCCCCCOC(=O)CCN1CCC(CO)CC1)CCCCCC,Ugi-3CR,C1CNCCC1CO,secondary,C=CC(=O)OCCCCCCCC/C=C\CC(CCCCCC)OC(=O)O,ester/carbonate acrylate,1,T10,CCCCCCC#CCCO,ricinoleic/aliphatic,,,,,,,,,,,,,,,,head–linker–tail,DOPE,[H][C@@](COP([O-])(OCC[NH3+])=O)(OC(CCCCCCC/C=C\\CCCCCCCC)=O)COC(CCCCCCC/C=C\\CCCCCCCC)=O,16.0,Cholesterol,C[C@H](CCCC(C)C)[C@H]1CC[C@@H]2[C@@]1(CC[C@H]3[C@H]2CC=C4[C@@]3(CC[C@@H](C4)O)C)C,46.5,DMPE-PEG2000,CCCCCCCCCCCCCC(=O)OCC(COP(=O)(OCCNCC(=O)OCCOCCOCCOCCOCCOCCOCCOCCOCCOCCOCCOCCOCCOCCOCCOCCOCCOCCOCCOCCOCCOCCOCCOCCOCCOCCOCCOCCOCCOCCOCCOCCOCCOCCOCCOCCOCCOCCOCCOCCOCCOCCOCCOC)O)OC(=O)CCCCCCCCCCCCC,2.5,2000.0,35.0,10.0,,,,mRNA,in_vitro,in_vitro,A549,in_vitro,,,,,,,-0.1886869158382427,normalized_luminescence,45.0,1.0,0.0,27.0,633.4968389,85.3,1.0,7.0,9.1571,184.0338,0.842105263,1.0,1.0,633.955,True,True,False,biodegradable acrylate,,,,,,,,,,,,,,,,,,,cyclic
LNPhub_R0004011,LNPhub_BL_2023,https://www.nature.com/articles/s41587-023-01679-x,LNPhub_BL_2023_LNP_000007,BL_A9-T8,CCCCCCC#CCOC(=O)OC(C/C=C\CCCCCCCCOC(=O)CCN(CCCN1CCN(C)CC1)CCC(=O)OCCCCCCCC/C=C\CC(CCCCCC)OC(=O)OCC#CCCCCCC)CCCCCC,Ugi-3CR,CN1CCN(CCCN)CC1,primary_tertiary,C=CC(=O)OCCCCCCCC/C=C\CC(CCCCCC)OC(=O)O,ester/carbonate acrylate,1,T8,CCCCCCC#CCO,ricinoleic/aliphatic,,,,,,,,,,,,,,,,head–linker–tail,DOPE,[H][C@@](COP([O-])(OCC[NH3+])=O)(OC(CCCCCCC/C=C\\CCCCCCCC)=O)COC(CCCCCCC/C=C\\CCCCCCCC)=O,16.0,Cholesterol,C[C@H](CCCC(C)C)[C@H]1CC[C@@H]2[C@@]1(CC[C@H]3[C@H]2CC=C4[C@@]3(CC[C@@H](C4)O)C)C,46.5,DMPE-PEG2000,CCCCCCCCCCCCCC(=O)OCC(COP(=O)(OCCNCC(=O)OCCOCCOCCOCCOCCOCCOCCOCCOCCOCCOCCOCCOCCOCCOCCOCCOCCOCCOCCOCCOCCOCCOCCOCCOCCOCCOCCOCCOCCOCCOCCOCCOCCOCCOCCOCCOCCOCCOCCOCCOCCOCCOCCOC)O)OC(=O)CCCCCCCCCCCCC,2.5,2000.0,35.0,10.0,,,,mRNA,in_vitro,in_vitro,A549,in_vitro,,,,,,,0.5774529525244742,normalized_luminescence,83.0,1.0,0.0,54.0,1165.920847,133.38,0.0,13.0,17.0785,341.328,0.828571429,2.0,3.0,1166.765,True,True,False,biodegradable acrylate,,,,,,,,,,,,,,,,,,,cyclic
LNPhub_R0004012,LNPhub_BL_2023,https://www.nature.com/articles/s41587-023-01679-x,LNPhub_BL_2023_LNP_000008,BL_A68-T7,CCCCCC#CCOC(=O)OC(C/C=C\CCCCCCCCOC(=O)CCN(CCC(=O)OCCCCCCCC/C=C\CC(CCCCCC)OC(=O)OCC#CCCCCC)CCN1CCCC1)CCCCCC,Ugi-3CR,NCCN1CCCC1,primary_tertiary,C=CC(=O)OCCCCCCCC/C=C\CC(CCCCCC)OC(=O)O,ester/carbonate acrylate,1,T7,CCCCCC#CCO,ricinoleic/aliphatic,,,,,,,,,,,,,,,,head–linker–tail,DOPE,[H][C@@](COP([O-])(OCC[NH3+])=O)(OC(CCCCCCC/C=C\\CCCCCCCC)=O)COC(CCCCCCC/C=C\\CCCCCCCC)=O,16.0,Cholesterol,C[C@H](CCCC(C)C)[C@H]1CC[C@@H]2[C@@]1(CC[C@H]3[C@H]2CC=C4[C@@]3(CC[C@@H](C4)O)C)C,46.5,DMPE-PEG2000,CCCCCCCCCCCCCC(=O)OCC(COP(=O)(OCCNCC(=O)OCCOCCOCCOCCOCCOCCOCCOCCOCCOCCOCCOCCOCCOCCOCCOCCOCCOCCOCCOCCOCCOCCOCCOCCOCCOCCOCCOCCOCCOCCOCCOCCOCCOCCOCCOCCOCCOCCOCCOCCOCCOCCOCCOC)O)OC(=O)CCCCCCCCCCCCC,2.5,2000.0,35.0,10.0,,,,mRNA,in_vitro,in_vitro,A549,in_vitro,,,,,,,-1.73819319181103,normalized_luminescence,78.0,1.0,0.0,51.0,1094.847348,130.14,0.0,12.0,16.7566,319.214,0.818181818,2.0,2.0,1095.642,True,True,False,biodegradable acrylate,,,,,,,,,,,,,,,,,,,cyclic
LNPhub_R0004013,LNPhub_BL_2023,https://www.nature.com/articles/s41587-023-01679-x,LNPhub_BL_2023_LNP_000009,BL_A45-T4,CCC#CCOC(=O)OC(C/C=C\CCCCCCCCOC(=O)CCN(CCC(=O)OCCCCCCCC/C=C\CC(CCCCCC)OC(=O)OCC#CCC)CCC1CCCCN1CC(C)C)CCCCCC,Ugi-3CR,CC(C)CN1CCCCC1CCN,primary_tertiary,C=CC(=O)OCCCCCCCC/C=C\CC(CCCCCC)OC(=O)O,ester/carbonate acrylate,1,T4,CCC#CCO,ricinoleic/aliphatic,,,,,,,,,,,,,,,,head–linker–tail,DOPE,[H][C@@](COP([O-])(OCC[NH3+])=O)(OC(CCCCCCC/C=C\\CCCCCCCC)=O)COC(CCCCCCC/C=C\\CCCCCCCC)=O,16.0,Cholesterol,C[C@H](CCCC(C)C)[C@H]1CC[C@@H]2[C@@]1(CC[C@H]3[C@H]2CC=C4[C@@]3(CC[C@@H](C4)O)C)C,46.5,DMPE-PEG2000,CCCCCCCCCCCCCC(=O)OCC(COP(=O)(OCCNCC(=O)OCCOCCOCCOCCOCCOCCOCCOCCOCCOCCOCCOCCOCCOCCOCCOCCOCCOCCOCCOCCOCCOCCOCCOCCOCCOCCOCCOCCOCCOCCOCCOCCOCCOCCOCCOCCOCCOCCOCCOCCOCCOCCOCCOC)O)OC(=O)CCCCCCCCCCCCC,2.5,2000.0,35.0,10.0,,,,mRNA,in_vitro,in_vitro,A549,in_vitro,,,,,,,0.7206204392636838,normalized_luminescence,77.0,1.0,0.0,47.0,1080.831698,130.14,0.0,12.0,16.2208,314.505,0.815384615,3.0,2.0,1081.615,True,True,False,biodegradable acrylate,,,,,,,,,,,,,,,,,,,cyclic-dendrimer
LNPhub_R0004014,LNPhub_BL_2023,https://www.nature.com/articles/s41587-023-01679-x,LNPhub_BL_2023_LNP_000010,BL_A41-T2,CCCCCCCC/C=C\CCCCCCCCOC(=O)OC(C/C=C\CCCCCCCCOC(=O)CCN1CCC[C@H]1CO)CCCCCC,Ugi-3CR,C1C[C@@H](CO)NC1,secondary,C=CC(=O)OCCCCCCCC/C=C\CC(CCCCCC)OC(=O)O,ester/carbonate acrylate,1,T2,CCCCCCCCC=CCCCCCCCCO,ricinoleic/aliphatic,,,,,,,,,,,,,,,,head–linker–tail,DOPE,[H][C@@](COP([O-])(OCC[NH3+])=O)(OC(CCCCCCC/C=C\\CCCCCCCC)=O)COC(CCCCCCC/C=C\\CCCCCCCC)=O,16.0,Cholesterol,C[C@H](CCCC(C)C)[C@H]1CC[C@@H]2[C@@]1(CC[C@H]3[C@H]2CC=C4[C@@]3(CC[C@@H](C4)O)C)C,46.5,DMPE-PEG2000,CCCCCCCCCCCCCC(=O)OCC(COP(=O)(OCCNCC(=O)OCCOCCOCCOCCOCCOCCOCCOCCOCCOCCOCCOCCOCCOCCOCCOCCOCCOCCOCCOCCOCCOCCOCCOCCOCCOCCOCCOCCOCCOCCOCCOCCOCCOCCOCCOCCOCCOCCOCCOCCOCCOCCOCCOC)O)OC(=O)CCCCCCCCCCCCC,2.5,2000.0,35.0,10.0,,,,mRNA,in_vitro,in_vitro,A549,in_vitro,,,,,,,0.0483731352435191,normalized_luminescence,52.0,1.0,0.0,37.0,733.6220394,85.3,1.0,7.0,12.5831,217.7648,0.866666667,2.0,1.0,734.16,True,True,False,biodegradable acrylate,,,,,,,,,,,,,,,,,,,cyclic
LNPhub_R0004015,LNPhub_BL_2023,https://www.nature.com/articles/s41587-023-01679-x,LNPhub_BL_2023_LNP_000011,BL_A2-T4,CCC#CCOC(=O)OC(C/C=C\CCCCCCCCOC(=O)CCN(CCC(=O)OCCCCCCCC/C=C\CC(CCCCCC)OC(=O)OCC#CCC)CCN(C)C)CCCCCC,Ugi-3CR,CN(C)CCN,primary_tertiary,C=CC(=O)OCCCCCCCC/C=C\CC(CCCCCC)OC(=O)O,ester/carbonate acrylate,1,T4,CCC#CCO,ricinoleic/aliphatic,,,,,,,,,,,,,,,,head–linker–tail,DOPE,[H][C@@](COP([O-])(OCC[NH3+])=O)(OC(CCCCCCC/C=C\\CCCCCCCC)=O)COC(CCCCCCC/C=C\\CCCCCCCC)=O,16.0,Cholesterol,C[C@H](CCCC(C)C)[C@H]1CC[C@@H]2[C@@]1(CC[C@H]3[C@H]2CC=C4[C@@]3(CC[C@@H](C4)O)C)C,46.5,DMPE-PEG2000,CCCCCCCCCCCCCC(=O)OCC(COP(=O)(OCCNCC(=O)OCCOCCOCCOCCOCCOCCOCCOCCOCCOCCOCCOCCOCCOCCOCCOCCOCCOCCOCCOCCOCCOCCOCCOCCOCCOCCOCCOCCOCCOCCOCCOCCOCCOCCOCCOCCOCCOCCOCCOCCOCCOCCOCCOC)O)OC(=O)CCCCCCCCCCCCC,2.5,2000.0,35.0,10.0,,,,mRNA,in_vitro,in_vitro,A549,in_vitro,,,,,,,1.3060855891547076,normalized_luminescence,70.0,0.0,0.0,45.0,984.7377974,130.14,0.0,12.0,13.8818,284.392,0.793103448,2.0,2.0,985.442,True,True,False,biodegradable acrylate,,,,,,,,,,,,,,,,,,,branched
LNPhub_R0004016,LNPhub_BL_2023,https://www.nature.com/articles/s41587-023-01679-x,LNPhub_BL_2023_LNP_000012,BL_A33-T6,CCCCC#CCOC(=O)OC(C/C=C\CCCCCCCCOC(=O)CCN(CCCN(C)C)CCCN(CCC(=O)OCCCCCCCC/C=C\CC(CCCCCC)OC(=O)OCC#CCCCC)CCC(=O)OCCCCCCCC/C=C\CC(CCCCCC)OC(=O)OCC#CCCCC)CCCCCC,Ugi-3CR,CN(C)CCCNCCCN,primary_secondary_tertiary,C=CC(=O)OCCCCCCCC/C=C\CC(CCCCCC)OC(=O)O,ester/carbonate acrylate,1,T6,CCCCC#CCO,ricinoleic/aliphatic,,,,,,,,,,,,,,,,head–linker–tail,DOPE,[H][C@@](COP([O-])(OCC[NH3+])=O)(OC(CCCCCCC/C=C\\CCCCCCCC)=O)COC(CCCCCCC/C=C\\CCCCCCCC)=O,16.0,Cholesterol,C[C@H](CCCC(C)C)[C@H]1CC[C@@H]2[C@@]1(CC[C@H]3[C@H]2CC=C4[C@@]3(CC[C@@H](C4)O)C)C,46.5,DMPE-PEG2000,CCCCCCCCCCCCCC(=O)OCC(COP(=O)(OCCNCC(=O)OCCOCCOCCOCCOCCOCCOCCOCCOCCOCCOCCOCCOCCOCCOCCOCCOCCOCCOCCOCCOCCOCCOCCOCCOCCOCCOCCOCCOCCOCCOCCOCCOCCOCCOCCOCCOCCOCCOCCOCCOCCOCCOCCOC)O)OC(=O)CCCCCCCCCCCCC,2.5,2000.0,35.0,10.0,,,,mRNA,in_vitro,in_vitro,A549,in_vitro,,,,,,,1.093639646011079,normalized_luminescence,113.0,0.0,0.0,77.0,1588.224072,195.21,0.0,18.0,23.8205,462.467,0.810526316,3.0,3.0,1589.371,True,True,False,biodegradable acrylate,,,,,,,,,,,,,,,,,,,branched
LNPhub_R0004017,LNPhub_BL_2023,https://www.nature.com/articles/s41587-023-01679-x,LNPhub_BL_2023_LNP_000013,BL_A63-T2,CCCCCCCC/C=C\CCCCCCCCOC(=O)OC(C/C=C\CCCCCCCCOC(=O)CCN(CCC(=O)OCCCCCCCC/C=C\CC(CCCCCC)OC(=O)OCCCCCCCC/C=C\CCCCCCCC)CCN(CCC(=O)OCCCCCCCC/C=C\CC(CCCCCC)OC(=O)OCCCCCCCC/C=C\CCCCCCCC)CCN1CCN(CCN(CCC(=O)OCCCCCCCC/C=C\CC(CCCCCC)OC(=O)OCCCCCCCC/C=C\CCCCCCCC)CCC(=O)OCCCCCCCC/C=C\CC(CCCCCC)OC(=O)OCCCCCCCC/C=C\CCCCCCCC)CC1)CCCCCC,Ugi-3CR,C(CNCCN1CCN(CCN)CC1)N,primary_secondary_tertiary,C=CC(=O)OCCCCCCCC/C=C\CC(CCCCCC)OC(=O)O,ester/carbonate acrylate,1,T2,CCCCCCCCC=CCCCCCCCCO,ricinoleic/aliphatic,,,,,,,,,,,,,,,,head–linker–tail,DOPE,[H][C@@](COP([O-])(OCC[NH3+])=O)(OC(CCCCCCC/C=C\\CCCCCCCC)=O)COC(CCCCCCC/C=C\\CCCCCCCC)=O,16.0,Cholesterol,C[C@H](CCCC(C)C)[C@H]1CC[C@@H]2[C@@]1(CC[C@H]3[C@H]2CC=C4[C@@]3(CC[C@@H](C4)O)C)C,46.5,DMPE-PEG2000,CCCCCCCCCCCCCC(=O)OCC(COP(=O)(OCCNCC(=O)OCCOCCOCCOCCOCCOCCOCCOCCOCCOCCOCCOCCOCCOCCOCCOCCOCCOCCOCCOCCOCCOCCOCCOCCOCCOCCOCCOCCOCCOCCOCCOCCOCCOCCOCCOCCOCCOCCOCCOCCOCCOCCOCCOC)O)OC(=O)CCCCCCCCCCCCC,2.5,2000.0,35.0,10.0,,,,mRNA,in_vitro,in_vitro,A549,in_vitro,,,,,,,0.6431779085865461,normalized_luminescence,240.0,1.0,0.0,189.0,3377.900873,325.35,0.0,30.0,62.21,1012.62,0.857142857,5.0,5.0,3380.4,True,True,False,biodegradable acrylate,,,,,,,,,,,,,,,,,,,cyclic-dendrimer
LNPhub_R0004018,LNPhub_BL_2023,https://www.nature.com/articles/s41587-023-01679-x,LNPhub_BL_2023_LNP_000014,BL_A72-T2,CCCCCCCC/C=C\CCCCCCCCOC(=O)OC(C/C=C\CCCCCCCCOC(=O)CCN1CCC1c1ccccc1)CCCCCC,Ugi-3CR,C1=CC=C(C=C1)C2CCN2,secondary,C=CC(=O)OCCCCCCCC/C=C\CC(CCCCCC)OC(=O)O,ester/carbonate acrylate,1,T2,CCCCCCCCC=CCCCCCCCCO,ricinoleic/aliphatic,,,,,,,,,,,,,,,,head–linker–tail,DOPE,[H][C@@](COP([O-])(OCC[NH3+])=O)(OC(CCCCCCC/C=C\\CCCCCCCC)=O)COC(CCCCCCC/C=C\\CCCCCCCC)=O,16.0,Cholesterol,C[C@H](CCCC(C)C)[C@H]1CC[C@@H]2[C@@]1(CC[C@H]3[C@H]2CC=C4[C@@]3(CC[C@@H](C4)O)C)C,46.5,DMPE-PEG2000,CCCCCCCCCCCCCC(=O)OCC(COP(=O)(OCCNCC(=O)OCCOCCOCCOCCOCCOCCOCCOCCOCCOCCOCCOCCOCCOCCOCCOCCOCCOCCOCCOCCOCCOCCOCCOCCOCCOCCOCCOCCOCCOCCOCCOCCOCCOCCOCCOCCOCCOCCOCCOCCOCCOCCOCCOC)O)OC(=O)CCCCCCCCCCCCC,2.5,2000.0,35.0,10.0,,,,mRNA,in_vitro,in_vitro,A549,in_vitro,,,,,,,-1.5048886641971078,normalized_luminescence,55.0,2.0,1.0,37.0,765.6271248,65.07,0.0,6.0,14.5734,231.457,0.755102041,2.0,1.0,766.205,True,True,False,biodegradable acrylate,,,,,,,,,,,,,,,,,,,cyclic
LNPhub_R0004019,LNPhub_BL_2023,https://www.nature.com/articles/s41587-023-01679-x,LNPhub_BL_2023_LNP_000015,BL_A18-T5,CCCC#CCOC(=O)OC(C/C=C\CCCCCCCCOC(=O)CCN(CCC(=O)OCCCCCCCC/C=C\CC(CCCCCC)OC(=O)OCC#CCCC)CCN(C)CCN(CCC(=O)OCCCCCCCC/C=C\CC(CCCCCC)OC(=O)OCC#CCCC)CCC(=O)OCCCCCCCC/C=C\CC(CCCCCC)OC(=O)OCC#CCCC)CCCCCC,Ugi-3CR,CN(CCN)CCN,primary_tertiary,C=CC(=O)OCCCCCCCC/C=C\CC(CCCCCC)OC(=O)O,ester/carbonate acrylate,1,T5,CCCC#CCO,ricinoleic/aliphatic,,,,,,,,,,,,,,,,head–linker–tail,DOPE,[H][C@@](COP([O-])(OCC[NH3+])=O)(OC(CCCCCCC/C=C\\CCCCCCCC)=O)COC(CCCCCCC/C=C\\CCCCCCCC)=O,16.0,Cholesterol,C[C@H](CCCC(C)C)[C@H]1CC[C@@H]2[C@@]1(CC[C@H]3[C@H]2CC=C4[C@@]3(CC[C@@H](C4)O)C)C,46.5,DMPE-PEG2000,CCCCCCCCCCCCCC(=O)OCC(COP(=O)(OCCNCC(=O)OCCOCCOCCOCCOCCOCCOCCOCCOCCOCCOCCOCCOCCOCCOCCOCCOCCOCCOCCOCCOCCOCCOCCOCCOCCOCCOCCOCCOCCOCCOCCOCCOCCOCCOCCOCCOCCOCCOCCOCCOCCOCCOCCOC)O)OC(=O)CCCCCCCCCCCCC,2.5,2000.0,35.0,10.0,,,,mRNA,in_vitro,in_vitro,A549,in_vitro,,,,,,,1.803416638388273,normalized_luminescence,140.0,0.0,0.0,94.0,1966.464696,257.04,0.0,23.0,29.1462,567.641,0.794871795,4.0,3.0,1967.88,True,True,False,biodegradable acrylate,,,,,,,,,,,,,,,,,,,branched
LNPhub_R0004020,LNPhub_BL_2023,https://www.nature.com/articles/s41587-023-01679-x,LNPhub_BL_2023_LNP_000016,BL_A16-T10,CCCCCCC#CCCOC(=O)OC(C/C=C\CCCCCCCCOC(=O)CCN(CCC(=O)OCCCCCCCC/C=C\CC(CCCCCC)OC(=O)OCCC#CCCCCCC)CCc1cn(CCC(=O)OCCCCCCCC/C=C\CC(CCCCCC)OC(=O)OCCC#CCCCCCC)cn1)CCCCCC,Ugi-3CR,C(CN)C1=CNC=N1,primary,C=CC(=O)OCCCCCCCC/C=C\CC(CCCCCC)OC(=O)O,ester/carbonate acrylate,1,T10,CCCCCCC#CCCO,ricinoleic/aliphatic,,,,,,,,,,,,,,,,head–linker–tail,DOPE,[H][C@@](COP([O-])(OCC[NH3+])=O)(OC(CCCCCCC/C=C\\CCCCCCCC)=O)COC(CCCCCCC/C=C\\CCCCCCCC)=O,16.0,Cholesterol,C[C@H](CCCC(C)C)[C@H]1CC[C@@H]2[C@@]1(CC[C@H]3[C@H]2CC=C4[C@@]3(CC[C@@H](C4)O)C)C,46.5,DMPE-PEG2000,CCCCCCCCCCCCCC(=O)OCC(COP(=O)(OCCNCC(=O)OCCOCCOCCOCCOCCOCCOCCOCCOCCOCCOCCOCCOCCOCCOCCOCCOCCOCCOCCOCCOCCOCCOCCOCCOCCOCCOCCOCCOCCOCCOCCOCCOCCOCCOCCOCCOCCOCCOCCOCCOCCOCCOCCOC)O)OC(=O)CCCCCCCCCCCCC,2.5,2000.0,35.0,10.0,,,,mRNA,in_vitro,in_vitro,A549,in_vitro,,,,,,,0.6369574658293241,normalized_luminescence,119.0,1.0,1.0,81.0,1666.271022,206.55,0.0,18.0,27.1268,485.723,0.792079208,3.0,3.0,1667.485,True,True,False,biodegradable acrylate,,,,,,,,,,,,,,,,,,,cyclic
LNPhub_R0004021,LNPhub_BL_2023,https://www.nature.com/articles/s41587-023-01679-x,LNPhub_BL_2023_LNP_000017,BL_A62-T7,CCCCCC#CCOC(=O)OC(C/C=C\CCCCCCCCOC(=O)CCN(C)CCCN(CCC(=O)OCCCCCCCC/C=C\CC(CCCCCC)OC(=O)OCC#CCCCCC)CCC(=O)OCCCCCCCC/C=C\CC(CCCCCC)OC(=O)OCC#CCCCCC)CCCCCC,Ugi-3CR,CNCCCN,primary_secondary,C=CC(=O)OCCCCCCCC/C=C\CC(CCCCCC)OC(=O)O,ester/carbonate acrylate,1,T7,CCCCCC#CCO,ricinoleic/aliphatic,,,,,,,,,,,,,,,,head–linker–tail,DOPE,[H][C@@](COP([O-])(OCC[NH3+])=O)(OC(CCCCCCC/C=C\\CCCCCCCC)=O)COC(CCCCCCC/C=C\\CCCCCCCC)=O,16.0,Cholesterol,C[C@H](CCCC(C)C)[C@H]1CC[C@@H]2[C@@]1(CC[C@H]3[C@H]2CC=C4[C@@]3(CC[C@@H](C4)O)C)C,46.5,DMPE-PEG2000,CCCCCCCCCCCCCC(=O)OCC(COP(=O)(OCCNCC(=O)OCCOCCOCCOCCOCCOCCOCCOCCOCCOCCOCCOCCOCCOCCOCCOCCOCCOCCOCCOCCOCCOCCOCCOCCOCCOCCOCCOCCOCCOCCOCCOCCOCCOCCOCCOCCOCCOCCOCCOCCOCCOCCOCCOC)O)OC(=O)CCCCCCCCCCCCC,2.5,2000.0,35.0,10.0,,,,mRNA,in_vitro,in_vitro,A549,in_vitro,,,,,,,-0.6691538003930326,normalized_luminescence,111.0,0.0,0.0,76.0,1559.197522,191.97,0.0,17.0,24.6689,454.204,0.808510638,3.0,2.0,1560.329,True,True,False,biodegradable acrylate,,,,,,,,,,,,,,,,,,,linear
LNPhub_R0004022,LNPhub_BL_2023,https://www.nature.com/articles/s41587-023-01679-x,LNPhub_BL_2023_LNP_000018,BL_A32-T2,CCCCCCCC/C=C\CCCCCCCCOC(=O)OC(C/C=C\CCCCCCCCOC(=O)CCN(CCCN(C)C)CCCN(C)C)CCCCCC,Ugi-3CR,CN(C)CCCNCCCN(C)C,secondary_tertiary,C=CC(=O)OCCCCCCCC/C=C\CC(CCCCCC)OC(=O)O,ester/carbonate acrylate,1,T2,CCCCCCCCC=CCCCCCCCCO,ricinoleic/aliphatic,,,,,,,,,,,,,,,,head–linker–tail,DOPE,[H][C@@](COP([O-])(OCC[NH3+])=O)(OC(CCCCCCC/C=C\\CCCCCCCC)=O)COC(CCCCCCC/C=C\\CCCCCCCC)=O,16.0,Cholesterol,C[C@H](CCCC(C)C)[C@H]1CC[C@@H]2[C@@]1(CC[C@H]3[C@H]2CC=C4[C@@]3(CC[C@@H](C4)O)C)C,46.5,DMPE-PEG2000,CCCCCCCCCCCCCC(=O)OCC(COP(=O)(OCCNCC(=O)OCCOCCOCCOCCOCCOCCOCCOCCOCCOCCOCCOCCOCCOCCOCCOCCOCCOCCOCCOCCOCCOCCOCCOCCOCCOCCOCCOCCOCCOCCOCCOCCOCCOCCOCCOCCOCCOCCOCCOCCOCCOCCOCCOC)O)OC(=O)CCCCCCCCCCCCC,2.5,2000.0,35.0,10.0,,,,mRNA,in_vitro,in_vitro,A549,in_vitro,,,,,,,-0.1719142743759235,normalized_luminescence,58.0,0.0,0.0,44.0,819.7428232,71.55,0.0,8.0,13.3318,248.866,0.88,1.0,3.0,820.342,True,True,False,biodegradable acrylate,,,,,,,,,,,,,,,,,,,branched
LNPhub_R0004023,LNPhub_BL_2023,https://www.nature.com/articles/s41587-023-01679-x,LNPhub_BL_2023_LNP_000019,BL_A13-T6,CCCCC#CCOC(=O)OC(C/C=C\CCCCCCCCOC(=O)CCN1CCN(CCN2CCCC2)CC1)CCCCCC,Ugi-3CR,C1CCN(C1)CCN2CCNCC2,secondary_tertiary,C=CC(=O)OCCCCCCCC/C=C\CC(CCCCCC)OC(=O)O,ester/carbonate acrylate,1,T6,CCCCC#CCO,ricinoleic/aliphatic,,,,,,,,,,,,,,,,head–linker–tail,DOPE,[H][C@@](COP([O-])(OCC[NH3+])=O)(OC(CCCCCCC/C=C\\CCCCCCCC)=O)COC(CCCCCCC/C=C\\CCCCCCCC)=O,16.0,Cholesterol,C[C@H](CCCC(C)C)[C@H]1CC[C@@H]2[C@@]1(CC[C@H]3[C@H]2CC=C4[C@@]3(CC[C@@H](C4)O)C)C,46.5,DMPE-PEG2000,CCCCCCCCCCCCCC(=O)OCC(COP(=O)(OCCNCC(=O)OCCOCCOCCOCCOCCOCCOCCOCCOCCOCCOCCOCCOCCOCCOCCOCCOCCOCCOCCOCCOCCOCCOCCOCCOCCOCCOCCOCCOCCOCCOCCOCCOCCOCCOCCOCCOCCOCCOCCOCCOCCOCCOCCOC)O)OC(=O)CCCCCCCCCCCCC,2.5,2000.0,35.0,10.0,,,,mRNA,in_vitro,in_vitro,A549,in_vitro,,,,,,,-0.1435404127405147,normalized_luminescence,47.0,2.0,0.0,26.0,659.5237223,71.55,0.0,8.0,7.9959,192.487,0.846153846,1.0,3.0,659.997,True,True,False,biodegradable acrylate,,,,,,,,,,,,,,,,,,,cyclic
LNPhub_R0004024,LNPhub_BL_2023,https://www.nature.com/articles/s41587-023-01679-x,LNPhub_BL_2023_LNP_000020,BL_A24-T1,CCCCCCCCCCCCCCCCCCOC(=O)OC(C/C=C\CCCCCCCCOC(=O)CCN1CCN(c2cccnc2)CC1)CCCCCC,Ugi-3CR,C1=CC(=CN=C1)N2CCNCC2,secondary_tertiary,C=CC(=O)OCCCCCCCC/C=C\CC(CCCCCC)OC(=O)O,ester/carbonate acrylate,1,T1,CCCCCCCCCCCCCCCCCCO,ricinoleic/aliphatic,,,,,,,,,,,,,,,,head–linker–tail,DOPE,[H][C@@](COP([O-])(OCC[NH3+])=O)(OC(CCCCCCC/C=C\\CCCCCCCC)=O)COC(CCCCCCC/C=C\\CCCCCCCC)=O,16.0,Cholesterol,C[C@H](CCCC(C)C)[C@H]1CC[C@@H]2[C@@]1(CC[C@H]3[C@H]2CC=C4[C@@]3(CC[C@@H](C4)O)C)C,46.5,DMPE-PEG2000,CCCCCCCCCCCCCC(=O)OCC(COP(=O)(OCCNCC(=O)OCCOCCOCCOCCOCCOCCOCCOCCOCCOCCOCCOCCOCCOCCOCCOCCOCCOCCOCCOCCOCCOCCOCCOCCOCCOCCOCCOCCOCCOCCOCCOCCOCCOCCOCCOCCOCCOCCOCCOCCOCCOCCOCCOC)O)OC(=O)CCCCCCCCCCCCC,2.5,2000.0,35.0,10.0,,,,mRNA,in_vitro,in_vitro,A549,in_vitro,,,,,,,0.1741128662299509,normalized_luminescence,57.0,2.0,1.0,38.0,797.6645729,81.2,0.0,8.0,13.5676,239.068,0.816326531,1.0,3.0,798.251,True,True,False,biodegradable acrylate,,,,,,,,,,,,,,,,,,,cyclic
LNPhub_R0004025,LNPhub_BL_2023,https://www.nature.com/articles/s41587-023-01679-x,LNPhub_BL_2023_LNP_000021,BL_A16-T6,CCCCC#CCOC(=O)OC(C/C=C\CCCCCCCCOC(=O)CCN(CCC(=O)OCCCCCCCC/C=C\CC(CCCCCC)OC(=O)OCC#CCCCC)CCc1cn(CCC(=O)OCCCCCCCC/C=C\CC(CCCCCC)OC(=O)OCC#CCCCC)cn1)CCCCCC,Ugi-3CR,C(CN)C1=CNC=N1,primary,C=CC(=O)OCCCCCCCC/C=C\CC(CCCCCC)OC(=O)O,ester/carbonate acrylate,1,T6,CCCCC#CCO,ricinoleic/aliphatic,,,,,,,,,,,,,,,,head–linker–tail,DOPE,[H][C@@](COP([O-])(OCC[NH3+])=O)(OC(CCCCCCC/C=C\\CCCCCCCC)=O)COC(CCCCCCC/C=C\\CCCCCCCC)=O,16.0,Cholesterol,C[C@H](CCCC(C)C)[C@H]1CC[C@@H]2[C@@]1(CC[C@H]3[C@H]2CC=C4[C@@]3(CC[C@@H](C4)O)C)C,46.5,DMPE-PEG2000,CCCCCCCCCCCCCC(=O)OCC(COP(=O)(OCCNCC(=O)OCCOCCOCCOCCOCCOCCOCCOCCOCCOCCOCCOCCOCCOCCOCCOCCOCCOCCOCCOCCOCCOCCOCCOCCOCCOCCOCCOCCOCCOCCOCCOCCOCCOCCOCCOCCOCCOCCOCCOCCOCCOCCOCCOC)O)OC(=O)CCCCCCCCCCCCC,2.5,2000.0,35.0,10.0,,,,mRNA,in_vitro,in_vitro,A549,in_vitro,,,,,,,0.9093489171590255,normalized_luminescence,110.0,1.0,1.0,72.0,1540.130171,206.55,0.0,18.0,23.6159,444.17,0.77173913,3.0,3.0,1541.242,True,True,False,biodegradable acrylate,,,,,,,,,,,,,,,,,,,cyclic
LNPhub_R0004026,LNPhub_BL_2023,https://www.nature.com/articles/s41587-023-01679-x,LNPhub_BL_2023_LNP_000022,BL_A47-T9,CCCCC#CCCOC(=O)OC(C/C=C\CCCCCCCCOC(=O)CCN1CCN(CCC(=O)OCCCCCCCC/C=C\CC(CCCCCC)OC(=O)OCCC#CCCCC)CCN(CCC(=O)OCCCCCCCC/C=C\CC(CCCCCC)OC(=O)OCCC#CCCCC)CC1)CCCCCC,Ugi-3CR,C1CN2CCNCCN1CC2,secondary_tertiary,C=CC(=O)OCCCCCCCC/C=C\CC(CCCCCC)OC(=O)O,ester/carbonate acrylate,1,T9,CCCCC#CCCO,ricinoleic/aliphatic,,,,,,,,,,,,,,,,head–linker–tail,DOPE,[H][C@@](COP([O-])(OCC[NH3+])=O)(OC(CCCCCCC/C=C\\CCCCCCCC)=O)COC(CCCCCCC/C=C\\CCCCCCCC)=O,16.0,Cholesterol,C[C@H](CCCC(C)C)[C@H]1CC[C@@H]2[C@@]1(CC[C@H]3[C@H]2CC=C4[C@@]3(CC[C@@H](C4)O)C)C,46.5,DMPE-PEG2000,CCCCCCCCCCCCCC(=O)OCC(COP(=O)(OCCNCC(=O)OCCOCCOCCOCCOCCOCCOCCOCCOCCOCCOCCOCCOCCOCCOCCOCCOCCOCCOCCOCCOCCOCCOCCOCCOCCOCCOCCOCCOCCOCCOCCOCCOCCOCCOCCOCCOCCOCCOCCOCCOCCOCCOCCOC)O)OC(=O)CCCCCCCCCCCCC,2.5,2000.0,35.0,10.0,,,,mRNA,in_vitro,in_vitro,A549,in_vitro,,,,,,,-0.6248084369736698,normalized_luminescence,114.0,1.0,0.0,72.0,1600.224072,195.21,0.0,18.0,23.9646,464.97,0.8125,3.0,3.0,1601.382,True,True,False,biodegradable acrylate,,,,,,,,,,,,,,,,,,,macrocyclic
LNPhub_R0004027,LNPhub_BL_2023,https://www.nature.com/articles/s41587-023-01679-x,LNPhub_BL_2023_LNP_000023,BL_A33-T4,CCC#CCOC(=O)OC(C/C=C\CCCCCCCCOC(=O)CCN(CCCN(C)C)CCCN(CCC(=O)OCCCCCCCC/C=C\CC(CCCCCC)OC(=O)OCC#CCC)CCC(=O)OCCCCCCCC/C=C\CC(CCCCCC)OC(=O)OCC#CCC)CCCCCC,Ugi-3CR,CN(C)CCCNCCCN,primary_secondary_tertiary,C=CC(=O)OCCCCCCCC/C=C\CC(CCCCCC)OC(=O)O,ester/carbonate acrylate,1,T4,CCC#CCO,ricinoleic/aliphatic,,,,,,,,,,,,,,,,head–linker–tail,DOPE,[H][C@@](COP([O-])(OCC[NH3+])=O)(OC(CCCCCCC/C=C\\CCCCCCCC)=O)COC(CCCCCCC/C=C\\CCCCCCCC)=O,16.0,Cholesterol,C[C@H](CCCC(C)C)[C@H]1CC[C@@H]2[C@@]1(CC[C@H]3[C@H]2CC=C4[C@@]3(CC[C@@H](C4)O)C)C,46.5,DMPE-PEG2000,CCCCCCCCCCCCCC(=O)OCC(COP(=O)(OCCNCC(=O)OCCOCCOCCOCCOCCOCCOCCOCCOCCOCCOCCOCCOCCOCCOCCOCCOCCOCCOCCOCCOCCOCCOCCOCCOCCOCCOCCOCCOCCOCCOCCOCCOCCOCCOCCOCCOCCOCCOCCOCCOCCOCCOCCOC)O)OC(=O)CCCCCCCCCCCCC,2.5,2000.0,35.0,10.0,,,,mRNA,in_vitro,in_vitro,A549,in_vitro,,,,,,,0.6894812949510294,normalized_luminescence,107.0,0.0,0.0,71.0,1504.130171,195.21,0.0,18.0,21.4799,434.765,0.797752809,3.0,3.0,1505.209,True,True,False,biodegradable acrylate,,,,,,,,,,,,,,,,,,,branched
LNPhub_R0004028,LNPhub_BL_2023,https://www.nature.com/articles/s41587-023-01679-x,LNPhub_BL_2023_LNP_000024,BL_A11-T10,CCCCCCC#CCCOC(=O)OC(C/C=C\CCCCCCCCOC(=O)CCN1CCC(CCCC2CCN(CCO)CC2)CC1)CCCCCC,Ugi-3CR,C(CC1CCNCC1)CC2CCN(CC2)CCO,secondary_tertiary,C=CC(=O)OCCCCCCCC/C=C\CC(CCCCCC)OC(=O)O,ester/carbonate acrylate,1,T10,CCCCCCC#CCCO,ricinoleic/aliphatic,,,,,,,,,,,,,,,,head–linker–tail,DOPE,[H][C@@](COP([O-])(OCC[NH3+])=O)(OC(CCCCCCC/C=C\\CCCCCCCC)=O)COC(CCCCCCC/C=C\\CCCCCCCC)=O,16.0,Cholesterol,C[C@H](CCCC(C)C)[C@H]1CC[C@@H]2[C@@]1(CC[C@H]3[C@H]2CC=C4[C@@]3(CC[C@@H](C4)O)C)C,46.5,DMPE-PEG2000,CCCCCCCCCCCCCC(=O)OCC(COP(=O)(OCCNCC(=O)OCCOCCOCCOCCOCCOCCOCCOCCOCCOCCOCCOCCOCCOCCOCCOCCOCCOCCOCCOCCOCCOCCOCCOCCOCCOCCOCCOCCOCCOCCOCCOCCOCCOCCOCCOCCOCCOCCOCCOCCOCCOCCOCCOC)O)OC(=O)CCCCCCCCCCCCC,2.5,2000.0,35.0,10.0,,,,mRNA,in_vitro,in_vitro,A549,in_vitro,,,,,,,-1.454962616356863,normalized_luminescence,55.0,2.0,0.0,32.0,772.6329384,88.54,1.0,8.0,11.0394,227.0488,0.872340426,1.0,2.0,773.197,True,True,False,biodegradable acrylate,,,,,,,,,,,,,,,,,,,cyclic-dendrimer
LNPhub_R0004029,LNPhub_BL_2023,https://www.nature.com/articles/s41587-023-01679-x,LNPhub_BL_2023_LNP_000025,BL_A70-T2,CCCCCCCC/C=C\CCCCCCCCOC(=O)OC(C/C=C\CCCCCCCCOC(=O)CCN(CCCN1CCOCC1)CCC(=O)OCCCCCCCC/C=C\CC(CCCCCC)OC(=O)OCCCCCCCC/C=C\CCCCCCCC)CCCCCC,Ugi-3CR,C(CN)CN1CCOCC1,primary_tertiary,C=CC(=O)OCCCCCCCC/C=C\CC(CCCCCC)OC(=O)O,ester/carbonate acrylate,1,T2,CCCCCCCCC=CCCCCCCCCO,ricinoleic/aliphatic,,,,,,,,,,,,,,,,head–linker–tail,DOPE,[H][C@@](COP([O-])(OCC[NH3+])=O)(OC(CCCCCCC/C=C\\CCCCCCCC)=O)COC(CCCCCCC/C=C\\CCCCCCCC)=O,16.0,Cholesterol,C[C@H](CCCC(C)C)[C@H]1CC[C@@H]2[C@@]1(CC[C@H]3[C@H]2CC=C4[C@@]3(CC[C@@H](C4)O)C)C,46.5,DMPE-PEG2000,CCCCCCCCCCCCCC(=O)OCC(COP(=O)(OCCNCC(=O)OCCOCCOCCOCCOCCOCCOCCOCCOCCOCCOCCOCCOCCOCCOCCOCCOCCOCCOCCOCCOCCOCCOCCOCCOCCOCCOCCOCCOCCOCCOCCOCCOCCOCCOCCOCCOCCOCCOCCOCCOCCOCCOCCOC)O)OC(=O)CCCCCCCCCCCCC,2.5,2000.0,35.0,10.0,,,,mRNA,in_vitro,in_vitro,A549,in_vitro,,,,,,,-1.6581177073955622,normalized_luminescence,100.0,1.0,0.0,76.0,1409.202214,139.37,0.0,13.0,25.2907,420.484,0.862068966,2.0,2.0,1410.24,True,True,False,biodegradable acrylate,,,,,,,,,,,,,,,,,,,cyclic
LNPhub_R0004030,LNPhub_BL_2023,https://www.nature.com/articles/s41587-023-01679-x,LNPhub_BL_2023_LNP_000026,BL_A67-T8,CCCCCCC#CCOC(=O)OC(C/C=C\CCCCCCCCOC(=O)CCN(CCC(=O)OCCCCCCCC/C=C\CC(CCCCCC)OC(=O)OCC#CCCCCCC)CC1OCCO1)CCCCCC,Ugi-3CR,NCC1OCCO1,primary,C=CC(=O)OCCCCCCCC/C=C\CC(CCCCCC)OC(=O)O,ester/carbonate acrylate,1,T8,CCCCCCC#CCO,ricinoleic/aliphatic,,,,,,,,,,,,,,,,head–linker–tail,DOPE,[H][C@@](COP([O-])(OCC[NH3+])=O)(OC(CCCCCCC/C=C\\CCCCCCCC)=O)COC(CCCCCCC/C=C\\CCCCCCCC)=O,16.0,Cholesterol,C[C@H](CCCC(C)C)[C@H]1CC[C@@H]2[C@@]1(CC[C@H]3[C@H]2CC=C4[C@@]3(CC[C@@H](C4)O)C)C,46.5,DMPE-PEG2000,CCCCCCCCCCCCCC(=O)OCC(COP(=O)(OCCNCC(=O)OCCOCCOCCOCCOCCOCCOCCOCCOCCOCCOCCOCCOCCOCCOCCOCCOCCOCCOCCOCCOCCOCCOCCOCCOCCOCCOCCOCCOCCOCCOCCOCCOCCOCCOCCOCCOCCOCCOCCOCCOCCOCCOCCOC)O)OC(=O)CCCCCCCCCCCCC,2.5,2000.0,35.0,10.0,,,,mRNA,in_vitro,in_vitro,A549,in_vitro,,,,,,,-0.6194931607280891,normalized_luminescence,79.0,1.0,0.0,52.0,1111.826278,145.36,0.0,13.0,16.8139,318.466,0.818181818,2.0,1.0,1112.625,True,True,False,biodegradable acrylate,,,,,,,,,,,,,,,,,,,cyclic
LNPhub_R0004031,LNPhub_BL_2023,https://www.nature.com/articles/s41587-023-01679-x,LNPhub_BL_2023_LNP_000027,BL_A38-T1,CCCCCCCCCCCCCCCCCCOC(=O)OC(C/C=C\CCCCCCCCOC(=O)CCN(CCC(=O)OCCCCCCCC/C=C\CC(CCCCCC)OC(=O)OCCCCCCCCCCCCCCCCCC)CCC1CCCCN1C)CCCCCC,Ugi-3CR,CN1CCCCC1CCN,primary_tertiary,C=CC(=O)OCCCCCCCC/C=C\CC(CCCCCC)OC(=O)O,ester/carbonate acrylate,1,T1,CCCCCCCCCCCCCCCCCCO,ricinoleic/aliphatic,,,,,,,,,,,,,,,,head–linker–tail,DOPE,[H][C@@](COP([O-])(OCC[NH3+])=O)(OC(CCCCCCC/C=C\\CCCCCCCC)=O)COC(CCCCCCC/C=C\\CCCCCCCC)=O,16.0,Cholesterol,C[C@H](CCCC(C)C)[C@H]1CC[C@@H]2[C@@]1(CC[C@H]3[C@H]2CC=C4[C@@]3(CC[C@@H](C4)O)C)C,46.5,DMPE-PEG2000,CCCCCCCCCCCCCC(=O)OCC(COP(=O)(OCCNCC(=O)OCCOCCOCCOCCOCCOCCOCCOCCOCCOCCOCCOCCOCCOCCOCCOCCOCCOCCOCCOCCOCCOCCOCCOCCOCCOCCOCCOCCOCCOCCOCCOCCOCCOCCOCCOCCOCCOCCOCCOCCOCCOCCOCCOC)O)OC(=O)CCCCCCCCCCCCC,2.5,2000.0,35.0,10.0,,,,mRNA,in_vitro,in_vitro,A549,in_vitro,,,,,,,-1.1523906484352904,normalized_luminescence,100.0,1.0,0.0,77.0,1411.25425,130.14,0.0,12.0,26.8908,423.682,0.909090909,3.0,2.0,1412.3,True,True,False,biodegradable acrylate,,,,,,,,,,,,,,,,,,,cyclic
LNPhub_R0004032,LNPhub_BL_2023,https://www.nature.com/articles/s41587-023-01679-x,LNPhub_BL_2023_LNP_000028,BL_A71-T8,CCCCCCC#CCOC(=O)OC(C/C=C\CCCCCCCCOC(=O)CCN(CCCn1ccnc1)CCC(=O)OCCCCCCCC/C=C\CC(CCCCCC)OC(=O)OCC#CCCCCCC)CCCCCC,Ugi-3CR,C(CN)CN1C=CN=C1,primary,C=CC(=O)OCCCCCCCC/C=C\CC(CCCCCC)OC(=O)O,ester/carbonate acrylate,1,T8,CCCCCCC#CCO,ricinoleic/aliphatic,,,,,,,,,,,,,,,,head–linker–tail,DOPE,[H][C@@](COP([O-])(OCC[NH3+])=O)(OC(CCCCCCC/C=C\\CCCCCCCC)=O)COC(CCCCCCC/C=C\\CCCCCCCC)=O,16.0,Cholesterol,C[C@H](CCCC(C)C)[C@H]1CC[C@@H]2[C@@]1(CC[C@H]3[C@H]2CC=C4[C@@]3(CC[C@@H](C4)O)C)C,46.5,DMPE-PEG2000,CCCCCCCCCCCCCC(=O)OCC(COP(=O)(OCCNCC(=O)OCCOCCOCCOCCOCCOCCOCCOCCOCCOCCOCCOCCOCCOCCOCCOCCOCCOCCOCCOCCOCCOCCOCCOCCOCCOCCOCCOCCOCCOCCOCCOCCOCCOCCOCCOCCOCCOCCOCCOCCOCCOCCOCCOC)O)OC(=O)CCCCCCCCCCCCC,2.5,2000.0,35.0,10.0,,,,mRNA,in_vitro,in_vitro,A549,in_vitro,,,,,,,0.7510635076705144,normalized_luminescence,81.0,1.0,1.0,54.0,1133.858247,144.72,0.0,13.0,17.7278,329.618,0.779411765,2.0,3.0,1134.679,True,True,False,biodegradable acrylate,,,,,,,,,,,,,,,,,,,cyclic
LNPhub_R0004033,LNPhub_BL_2023,https://www.nature.com/articles/s41587-023-01679-x,LNPhub_BL_2023_LNP_000029,BL_A62-T2,CCCCCCCC/C=C\CCCCCCCCOC(=O)OC(C/C=C\CCCCCCCCOC(=O)CCN(C)CCCN(CCC(=O)OCCCCCCCC/C=C\CC(CCCCCC)OC(=O)OCCCCCCCC/C=C\CCCCCCCC)CCC(=O)OCCCCCCCC/C=C\CC(CCCCCC)OC(=O)OCCCCCCCC/C=C\CCCCCCCC)CCCCCC,Ugi-3CR,CNCCCN,primary_secondary,C=CC(=O)OCCCCCCCC/C=C\CC(CCCCCC)OC(=O)O,ester/carbonate acrylate,1,T2,CCCCCCCCC=CCCCCCCCCO,ricinoleic/aliphatic,,,,,,,,,,,,,,,,head–linker–tail,DOPE,[H][C@@](COP([O-])(OCC[NH3+])=O)(OC(CCCCCCC/C=C\\CCCCCCCC)=O)COC(CCCCCCC/C=C\\CCCCCCCC)=O,16.0,Cholesterol,C[C@H](CCCC(C)C)[C@H]1CC[C@@H]2[C@@]1(CC[C@H]3[C@H]2CC=C4[C@@]3(CC[C@@H](C4)O)C)C,46.5,DMPE-PEG2000,CCCCCCCCCCCCCC(=O)OCC(COP(=O)(OCCNCC(=O)OCCOCCOCCOCCOCCOCCOCCOCCOCCOCCOCCOCCOCCOCCOCCOCCOCCOCCOCCOCCOCCOCCOCCOCCOCCOCCOCCOCCOCCOCCOCCOCCOCCOCCOCCOCCOCCOCCOCCOCCOCCOCCOCCOC)O)OC(=O)CCCCCCCCCCCCC,2.5,2000.0,35.0,10.0,,,,mRNA,in_vitro,in_vitro,A549,in_vitro,,,,,,,-1.19650090423147,normalized_luminescence,141.0,0.0,0.0,112.0,1985.713975,191.97,0.0,17.0,38.0303,596.806,0.85483871,3.0,2.0,1987.187,True,True,False,biodegradable acrylate,,,,,,,,,,,,,,,,,,,linear
LNPhub_R0004034,LNPhub_BL_2023,https://www.nature.com/articles/s41587-023-01679-x,LNPhub_BL_2023_LNP_000030,BL_A42-T2,CCCCCCCC/C=C\CCCCCCCCOC(=O)OC(C/C=C\CCCCCCCCOC(=O)CCN1CCCCC1CCO)CCCCCC,Ugi-3CR,C1CCNC(C1)CCO,secondary,C=CC(=O)OCCCCCCCC/C=C\CC(CCCCCC)OC(=O)O,ester/carbonate acrylate,1,T2,CCCCCCCCC=CCCCCCCCCO,ricinoleic/aliphatic,,,,,,,,,,,,,,,,head–linker–tail,DOPE,[H][C@@](COP([O-])(OCC[NH3+])=O)(OC(CCCCCCC/C=C\\CCCCCCCC)=O)COC(CCCCCCC/C=C\\CCCCCCCC)=O,16.0,Cholesterol,C[C@H](CCCC(C)C)[C@H]1CC[C@@H]2[C@@]1(CC[C@H]3[C@H]2CC=C4[C@@]3(CC[C@@H](C4)O)C)C,46.5,DMPE-PEG2000,CCCCCCCCCCCCCC(=O)OCC(COP(=O)(OCCNCC(=O)OCCOCCOCCOCCOCCOCCOCCOCCOCCOCCOCCOCCOCCOCCOCCOCCOCCOCCOCCOCCOCCOCCOCCOCCOCCOCCOCCOCCOCCOCCOCCOCCOCCOCCOCCOCCOCCOCCOCCOCCOCCOCCOCCOC)O)OC(=O)CCCCCCCCCCCCC,2.5,2000.0,35.0,10.0,,,,mRNA,in_vitro,in_vitro,A549,in_vitro,,,,,,,-0.6257712386012907,normalized_luminescence,54.0,1.0,0.0,38.0,761.6533395,85.3,1.0,7.0,13.3633,226.9988,0.872340426,2.0,1.0,762.214,True,True,False,biodegradable acrylate,,,,,,,,,,,,,,,,,,,cyclic
LNPhub_R0004035,LNPhub_BL_2023,https://www.nature.com/articles/s41587-023-01679-x,LNPhub_BL_2023_LNP_000031,BL_A40-T1,CCCCCCCCCCCCCCCCCCOC(=O)OC(C/C=C\CCCCCCCCOC(=O)CCN(CCC(=O)OCCCCCCCC/C=C\CC(CCCCCC)OC(=O)OCCCCCCCCCCCCCCCCCC)CCN1CCN(C)CC1)CCCCCC,Ugi-3CR,CN1CCN(CCN)CC1,primary_tertiary,C=CC(=O)OCCCCCCCC/C=C\CC(CCCCCC)OC(=O)O,ester/carbonate acrylate,1,T1,CCCCCCCCCCCCCCCCCCO,ricinoleic/aliphatic,,,,,,,,,,,,,,,,head–linker–tail,DOPE,[H][C@@](COP([O-])(OCC[NH3+])=O)(OC(CCCCCCC/C=C\\CCCCCCCC)=O)COC(CCCCCCC/C=C\\CCCCCCCC)=O,16.0,Cholesterol,C[C@H](CCCC(C)C)[C@H]1CC[C@@H]2[C@@]1(CC[C@H]3[C@H]2CC=C4[C@@]3(CC[C@@H](C4)O)C)C,46.5,DMPE-PEG2000,CCCCCCCCCCCCCC(=O)OCC(COP(=O)(OCCNCC(=O)OCCOCCOCCOCCOCCOCCOCCOCCOCCOCCOCCOCCOCCOCCOCCOCCOCCOCCOCCOCCOCCOCCOCCOCCOCCOCCOCCOCCOCCOCCOCCOCCOCCOCCOCCOCCOCCOCCOCCOCCOCCOCCOCCOC)O)OC(=O)CCCCCCCCCCCCC,2.5,2000.0,35.0,10.0,,,,mRNA,in_vitro,in_vitro,A549,in_vitro,,,,,,,-1.319606506751093,normalized_luminescence,100.0,1.0,0.0,77.0,1412.249498,133.38,0.0,13.0,25.2638,422.733,0.908045977,2.0,3.0,1413.288,True,True,False,biodegradable acrylate,,,,,,,,,,,,,,,,,,,cyclic
LNPhub_R0004036,LNPhub_BL_2023,https://www.nature.com/articles/s41587-023-01679-x,LNPhub_BL_2023_LNP_000032,BL_A47-T6,CCCCC#CCOC(=O)OC(C/C=C\CCCCCCCCOC(=O)CCN1CCN(CCC(=O)OCCCCCCCC/C=C\CC(CCCCCC)OC(=O)OCC#CCCCC)CCN(CCC(=O)OCCCCCCCC/C=C\CC(CCCCCC)OC(=O)OCC#CCCCC)CC1)CCCCCC,Ugi-3CR,C1CN2CCNCCN1CC2,secondary_tertiary,C=CC(=O)OCCCCCCCC/C=C\CC(CCCCCC)OC(=O)O,ester/carbonate acrylate,1,T6,CCCCC#CCO,ricinoleic/aliphatic,,,,,,,,,,,,,,,,head–linker–tail,DOPE,[H][C@@](COP([O-])(OCC[NH3+])=O)(OC(CCCCCCC/C=C\\CCCCCCCC)=O)COC(CCCCCCC/C=C\\CCCCCCCC)=O,16.0,Cholesterol,C[C@H](CCCC(C)C)[C@H]1CC[C@@H]2[C@@]1(CC[C@H]3[C@H]2CC=C4[C@@]3(CC[C@@H](C4)O)C)C,46.5,DMPE-PEG2000,CCCCCCCCCCCCCC(=O)OCC(COP(=O)(OCCNCC(=O)OCCOCCOCCOCCOCCOCCOCCOCCOCCOCCOCCOCCOCCOCCOCCOCCOCCOCCOCCOCCOCCOCCOCCOCCOCCOCCOCCOCCOCCOCCOCCOCCOCCOCCOCCOCCOCCOCCOCCOCCOCCOCCOCCOC)O)OC(=O)CCCCCCCCCCCCC,2.5,2000.0,35.0,10.0,,,,mRNA,in_vitro,in_vitro,A549,in_vitro,,,,,,,1.2123709569519914,normalized_luminescence,111.0,1.0,0.0,69.0,1558.177121,195.21,0.0,18.0,22.7943,451.119,0.806451613,3.0,3.0,1559.301,True,True,False,biodegradable acrylate,,,,,,,,,,,,,,,,,,,macrocyclic
LNPhub_R0004037,LNPhub_BL_2023,https://www.nature.com/articles/s41587-023-01679-x,LNPhub_BL_2023_LNP_000033,BL_A41-T9,CCCCC#CCCOC(=O)OC(C/C=C\CCCCCCCCOC(=O)CCN1CCC[C@H]1CO)CCCCCC,Ugi-3CR,C1C[C@@H](CO)NC1,secondary,C=CC(=O)OCCCCCCCC/C=C\CC(CCCCCC)OC(=O)O,ester/carbonate acrylate,1,T9,CCCCC#CCCO,ricinoleic/aliphatic,,,,,,,,,,,,,,,,head–linker–tail,DOPE,[H][C@@](COP([O-])(OCC[NH3+])=O)(OC(CCCCCCC/C=C\\CCCCCCCC)=O)COC(CCCCCCC/C=C\\CCCCCCCC)=O,16.0,Cholesterol,C[C@H](CCCC(C)C)[C@H]1CC[C@@H]2[C@@]1(CC[C@H]3[C@H]2CC=C4[C@@]3(CC[C@@H](C4)O)C)C,46.5,DMPE-PEG2000,CCCCCCCCCCCCCC(=O)OCC(COP(=O)(OCCNCC(=O)OCCOCCOCCOCCOCCOCCOCCOCCOCCOCCOCCOCCOCCOCCOCCOCCOCCOCCOCCOCCOCCOCCOCCOCCOCCOCCOCCOCCOCCOCCOCCOCCOCCOCCOCCOCCOCCOCCOCCOCCOCCOCCOCCOC)O)OC(=O)CCCCCCCCCCCCC,2.5,2000.0,35.0,10.0,,,,mRNA,in_vitro,in_vitro,A549,in_vitro,,,,,,,0.0200160798691351,normalized_luminescence,42.0,1.0,0.0,25.0,591.4498887,85.3,1.0,7.0,8.1293,170.2308,0.828571429,2.0,1.0,591.874,True,True,False,biodegradable acrylate,,,,,,,,,,,,,,,,,,,cyclic
LNPhub_R0004038,LNPhub_BL_2023,https://www.nature.com/articles/s41587-023-01679-x,LNPhub_BL_2023_LNP_000034,BL_A46-T3,CCCCC/C=C\C/C=C\CCCCCCCCOC(=O)OC(C/C=C\CCCCCCCCOC(=O)CCN(CCC(=O)OCCCCCCCC/C=C\CC(CCCCCC)OC(=O)OCCCCCCCC/C=C\C/C=C\CCCCC)CCN1CCC(C)CC1)CCCCCC,Ugi-3CR,CC1CCN(CC1)CCN,primary_tertiary,C=CC(=O)OCCCCCCCC/C=C\CC(CCCCCC)OC(=O)O,ester/carbonate acrylate,1,T3,CCCCCC=CCC=C=CCCCCCCCCO,ricinoleic/aliphatic,,,,,,,,,,,,,,,,head–linker–tail,DOPE,[H][C@@](COP([O-])(OCC[NH3+])=O)(OC(CCCCCCC/C=C\\CCCCCCCC)=O)COC(CCCCCCC/C=C\\CCCCCCCC)=O,16.0,Cholesterol,C[C@H](CCCC(C)C)[C@H]1CC[C@@H]2[C@@]1(CC[C@H]3[C@H]2CC=C4[C@@]3(CC[C@@H](C4)O)C)C,46.5,DMPE-PEG2000,CCCCCCCCCCCCCC(=O)OCC(COP(=O)(OCCNCC(=O)OCCOCCOCCOCCOCCOCCOCCOCCOCCOCCOCCOCCOCCOCCOCCOCCOCCOCCOCCOCCOCCOCCOCCOCCOCCOCCOCCOCCOCCOCCOCCOCCOCCOCCOCCOCCOCCOCCOCCOCCOCCOCCOCCOC)O)OC(=O)CCCCCCCCCCCCC,2.5,2000.0,35.0,10.0,,,,mRNA,in_vitro,in_vitro,A549,in_vitro,,,,,,,-0.9684614684222936,normalized_luminescence,100.0,1.0,0.0,73.0,1403.191649,130.14,0.0,12.0,25.8523,423.258,0.818181818,2.0,2.0,1404.236,True,True,False,biodegradable acrylate,,,,,,,,,,,,,,,,,,,cyclic
LNPhub_R0004039,LNPhub_BL_2023,https://www.nature.com/articles/s41587-023-01679-x,LNPhub_BL_2023_LNP_000035,BL_A26-T1,CCCCCCCCCCCCCCCCCCOC(=O)OC(C/C=C\CCCCCCCCOC(=O)CCN(C)CCCn1ccnc1)CCCCCC,Ugi-3CR,CNCCCN1C=CN=C1,secondary,C=CC(=O)OCCCCCCCC/C=C\CC(CCCCCC)OC(=O)O,ester/carbonate acrylate,1,T1,CCCCCCCCCCCCCCCCCCO,ricinoleic/aliphatic,,,,,,,,,,,,,,,,head–linker–tail,DOPE,[H][C@@](COP([O-])(OCC[NH3+])=O)(OC(CCCCCCC/C=C\\CCCCCCCC)=O)COC(CCCCCCC/C=C\\CCCCCCCC)=O,16.0,Cholesterol,C[C@H](CCCC(C)C)[C@H]1CC[C@@H]2[C@@]1(CC[C@H]3[C@H]2CC=C4[C@@]3(CC[C@@H](C4)O)C)C,46.5,DMPE-PEG2000,CCCCCCCCCCCCCC(=O)OCC(COP(=O)(OCCNCC(=O)OCCOCCOCCOCCOCCOCCOCCOCCOCCOCCOCCOCCOCCOCCOCCOCCOCCOCCOCCOCCOCCOCCOCCOCCOCCOCCOCCOCCOCCOCCOCCOCCOCCOCCOCCOCCOCCOCCOCCOCCOCCOCCOCCOC)O)OC(=O)CCCCCCCCCCCCC,2.5,2000.0,35.0,10.0,,,,mRNA,in_vitro,in_vitro,A549,in_vitro,,,,,,,-0.0841685301027854,normalized_luminescence,55.0,1.0,1.0,41.0,773.6645729,82.89,0.0,8.0,13.569,230.519,0.85106383,1.0,3.0,774.229,True,True,False,biodegradable acrylate,,,,,,,,,,,,,,,,,,,cyclic
LNPhub_R0004040,LNPhub_BL_2023,https://www.nature.com/articles/s41587-023-01679-x,LNPhub_BL_2023_LNP_000036,BL_A23-T4,CCC#CCOC(=O)OC(C/C=C\CCCCCCCCOC(=O)CCN1CCN(c2ccccn2)CC1)CCCCCC,Ugi-3CR,C1=CC(=NC=C1)N2CCNCC2,secondary_tertiary,C=CC(=O)OCCCCCCCC/C=C\CC(CCCCCC)OC(=O)O,ester/carbonate acrylate,1,T4,CCC#CCO,ricinoleic/aliphatic,,,,,,,,,,,,,,,,head–linker–tail,DOPE,[H][C@@](COP([O-])(OCC[NH3+])=O)(OC(CCCCCCC/C=C\\CCCCCCCC)=O)COC(CCCCCCC/C=C\\CCCCCCCC)=O,16.0,Cholesterol,C[C@H](CCCC(C)C)[C@H]1CC[C@@H]2[C@@]1(CC[C@H]3[C@H]2CC=C4[C@@]3(CC[C@@H](C4)O)C)C,46.5,DMPE-PEG2000,CCCCCCCCCCCCCC(=O)OCC(COP(=O)(OCCNCC(=O)OCCOCCOCCOCCOCCOCCOCCOCCOCCOCCOCCOCCOCCOCCOCCOCCOCCOCCOCCOCCOCCOCCOCCOCCOCCOCCOCCOCCOCCOCCOCCOCCOCCOCCOCCOCCOCCOCCOCCOCCOCCOCCOCCOC)O)OC(=O)CCCCCCCCCCCCC,2.5,2000.0,35.0,10.0,,,,mRNA,in_vitro,in_vitro,A549,in_vitro,,,,,,,1.2849446846432158,normalized_luminescence,44.0,2.0,1.0,22.0,611.4298219,81.2,0.0,8.0,7.7195,177.589,0.694444444,1.0,3.0,611.868,True,True,False,biodegradable acrylate,,,,,,,,,,,,,,,,,,,cyclic
LNPhub_R0004041,LNPhub_BL_2023,https://www.nature.com/articles/s41587-023-01679-x,LNPhub_BL_2023_LNP_000037,BL_A40-T8,CCCCCCC#CCOC(=O)OC(C/C=C\CCCCCCCCOC(=O)CCN(CCC(=O)OCCCCCCCC/C=C\CC(CCCCCC)OC(=O)OCC#CCCCCCC)CCN1CCN(C)CC1)CCCCCC,Ugi-3CR,CN1CCN(CCN)CC1,primary_tertiary,C=CC(=O)OCCCCCCCC/C=C\CC(CCCCCC)OC(=O)O,ester/carbonate acrylate,1,T8,CCCCCCC#CCO,ricinoleic/aliphatic,,,,,,,,,,,,,,,,head–linker–tail,DOPE,[H][C@@](COP([O-])(OCC[NH3+])=O)(OC(CCCCCCC/C=C\\CCCCCCCC)=O)COC(CCCCCCC/C=C\\CCCCCCCC)=O,16.0,Cholesterol,C[C@H](CCCC(C)C)[C@H]1CC[C@@H]2[C@@]1(CC[C@H]3[C@H]2CC=C4[C@@]3(CC[C@@H](C4)O)C)C,46.5,DMPE-PEG2000,CCCCCCCCCCCCCC(=O)OCC(COP(=O)(OCCNCC(=O)OCCOCCOCCOCCOCCOCCOCCOCCOCCOCCOCCOCCOCCOCCOCCOCCOCCOCCOCCOCCOCCOCCOCCOCCOCCOCCOCCOCCOCCOCCOCCOCCOCCOCCOCCOCCOCCOCCOCCOCCOCCOCCOCCOC)O)OC(=O)CCCCCCCCCCCCC,2.5,2000.0,35.0,10.0,,,,mRNA,in_vitro,in_vitro,A549,in_vitro,,,,,,,-0.8234759163716647,normalized_luminescence,82.0,1.0,0.0,53.0,1151.905197,133.38,0.0,13.0,16.6884,336.711,0.826086957,2.0,3.0,1152.738,True,True,False,biodegradable acrylate,,,,,,,,,,,,,,,,,,,cyclic
LNPhub_R0004042,LNPhub_BL_2023,https://www.nature.com/articles/s41587-023-01679-x,LNPhub_BL_2023_LNP_000038,BL_A14-T8,CCCCCCC#CCOC(=O)OC(C/C=C\CCCCCCCCOC(=O)CCN(C)CCN(CCN(C)CCC(=O)OCCCCCCCC/C=C\CC(CCCCCC)OC(=O)OCC#CCCCCCC)CCN(C)CCC(=O)OCCCCCCCC/C=C\CC(CCCCCC)OC(=O)OCC#CCCCCCC)CCCCCC,Ugi-3CR,CNCCN(CCNC)CCNC,secondary_tertiary,C=CC(=O)OCCCCCCCC/C=C\CC(CCCCCC)OC(=O)O,ester/carbonate acrylate,1,T8,CCCCCCC#CCO,ricinoleic/aliphatic,,,,,,,,,,,,,,,,head–linker–tail,DOPE,[H][C@@](COP([O-])(OCC[NH3+])=O)(OC(CCCCCCC/C=C\\CCCCCCCC)=O)COC(CCCCCCC/C=C\\CCCCCCCC)=O,16.0,Cholesterol,C[C@H](CCCC(C)C)[C@H]1CC[C@@H]2[C@@]1(CC[C@H]3[C@H]2CC=C4[C@@]3(CC[C@@H](C4)O)C)C,46.5,DMPE-PEG2000,CCCCCCCCCCCCCC(=O)OCC(COP(=O)(OCCNCC(=O)OCCOCCOCCOCCOCCOCCOCCOCCOCCOCCOCCOCCOCCOCCOCCOCCOCCOCCOCCOCCOCCOCCOCCOCCOCCOCCOCCOCCOCCOCCOCCOCCOCCOCCOCCOCCOCCOCCOCCOCCOCCOCCOCCOC)O)OC(=O)CCCCCCCCCCCCC,2.5,2000.0,35.0,10.0,,,,mRNA,in_vitro,in_vitro,A549,in_vitro,129.6,,,,,,-1.4377319776289623,normalized_luminescence,121.0,0.0,0.0,84.0,1701.344521,198.45,0.0,19.0,25.3127,498.432,0.823529412,3.0,4.0,1702.575,True,True,False,biodegradable acrylate,,,,,,78.0,,,,,,,,,,,,,branched
LNPhub_R0004043,LNPhub_BL_2023,https://www.nature.com/articles/s41587-023-01679-x,LNPhub_BL_2023_LNP_000039,BL_A71-T4,CCC#CCOC(=O)OC(C/C=C\CCCCCCCCOC(=O)CCN(CCCn1ccnc1)CCC(=O)OCCCCCCCC/C=C\CC(CCCCCC)OC(=O)OCC#CCC)CCCCCC,Ugi-3CR,C(CN)CN1C=CN=C1,primary,C=CC(=O)OCCCCCCCC/C=C\CC(CCCCCC)OC(=O)O,ester/carbonate acrylate,1,T4,CCC#CCO,ricinoleic/aliphatic,,,,,,,,,,,,,,,,head–linker–tail,DOPE,[H][C@@](COP([O-])(OCC[NH3+])=O)(OC(CCCCCCC/C=C\\CCCCCCCC)=O)COC(CCCCCCC/C=C\\CCCCCCCC)=O,16.0,Cholesterol,C[C@H](CCCC(C)C)[C@H]1CC[C@@H]2[C@@]1(CC[C@H]3[C@H]2CC=C4[C@@]3(CC[C@@H](C4)O)C)C,46.5,DMPE-PEG2000,CCCCCCCCCCCCCC(=O)OCC(COP(=O)(OCCNCC(=O)OCCOCCOCCOCCOCCOCCOCCOCCOCCOCCOCCOCCOCCOCCOCCOCCOCCOCCOCCOCCOCCOCCOCCOCCOCCOCCOCCOCCOCCOCCOCCOCCOCCOCCOCCOCCOCCOCCOCCOCCOCCOCCOCCOC)O)OC(=O)CCCCCCCCCCCCC,2.5,2000.0,35.0,10.0,,,,mRNA,in_vitro,in_vitro,A549,in_vitro,,,,,,,0.6264952666132475,normalized_luminescence,73.0,1.0,1.0,46.0,1021.733046,144.72,0.0,13.0,14.607,292.682,0.75,2.0,3.0,1022.463,True,True,False,biodegradable acrylate,,,,,,,,,,,,,,,,,,,cyclic
LNPhub_R0004044,LNPhub_BL_2023,https://www.nature.com/articles/s41587-023-01679-x,LNPhub_BL_2023_LNP_000040,BL_A16-T1,CCCCCCCCCCCCCCCCCCOC(=O)OC(C/C=C\CCCCCCCCOC(=O)CCN(CCC(=O)OCCCCCCCC/C=C\CC(CCCCCC)OC(=O)OCCCCCCCCCCCCCCCCCC)CCc1cn(CCC(=O)OCCCCCCCC/C=C\CC(CCCCCC)OC(=O)OCCCCCCCCCCCCCCCCCC)cn1)CCCCCC,Ugi-3CR,C(CN)C1=CNC=N1,primary,C=CC(=O)OCCCCCCCC/C=C\CC(CCCCCC)OC(=O)O,ester/carbonate acrylate,1,T1,CCCCCCCCCCCCCCCCCCO,ricinoleic/aliphatic,,,,,,,,,,,,,,,,head–linker–tail,DOPE,[H][C@@](COP([O-])(OCC[NH3+])=O)(OC(CCCCCCC/C=C\\CCCCCCCC)=O)COC(CCCCCCC/C=C\\CCCCCCCC)=O,16.0,Cholesterol,C[C@H](CCCC(C)C)[C@H]1CC[C@@H]2[C@@]1(CC[C@H]3[C@H]2CC=C4[C@@]3(CC[C@@H](C4)O)C)C,46.5,DMPE-PEG2000,CCCCCCCCCCCCCC(=O)OCC(COP(=O)(OCCNCC(=O)OCCOCCOCCOCCOCCOCCOCCOCCOCCOCCOCCOCCOCCOCCOCCOCCOCCOCCOCCOCCOCCOCCOCCOCCOCCOCCOCCOCCOCCOCCOCCOCCOCCOCCOCCOCCOCCOCCOCCOCCOCCOCCOCCOC)O)OC(=O)CCCCCCCCCCCCC,2.5,2000.0,35.0,10.0,,,,mRNA,in_vitro,in_vitro,A549,in_vitro,,,,,,,1.3847513943670926,normalized_luminescence,143.0,1.0,1.0,114.0,2014.740524,206.55,0.0,18.0,38.8196,600.905,0.88,3.0,3.0,2016.229,True,True,False,biodegradable acrylate,,,,,,,,,,,,,,,,,,,cyclic
LNPhub_R0004045,LNPhub_BL_2023,https://www.nature.com/articles/s41587-023-01679-x,LNPhub_BL_2023_LNP_000041,BL_A14-T5,CCCC#CCOC(=O)OC(C/C=C\CCCCCCCCOC(=O)CCN(C)CCN(CCN(C)CCC(=O)OCCCCCCCC/C=C\CC(CCCCCC)OC(=O)OCC#CCCC)CCN(C)CCC(=O)OCCCCCCCC/C=C\CC(CCCCCC)OC(=O)OCC#CCCC)CCCCCC,Ugi-3CR,CNCCN(CCNC)CCNC,secondary_tertiary,C=CC(=O)OCCCCCCCC/C=C\CC(CCCCCC)OC(=O)O,ester/carbonate acrylate,1,T5,CCCC#CCO,ricinoleic/aliphatic,,,,,,,,,,,,,,,,head–linker–tail,DOPE,[H][C@@](COP([O-])(OCC[NH3+])=O)(OC(CCCCCCC/C=C\\CCCCCCCC)=O)COC(CCCCCCC/C=C\\CCCCCCCC)=O,16.0,Cholesterol,C[C@H](CCCC(C)C)[C@H]1CC[C@@H]2[C@@]1(CC[C@H]3[C@H]2CC=C4[C@@]3(CC[C@@H](C4)O)C)C,46.5,DMPE-PEG2000,CCCCCCCCCCCCCC(=O)OCC(COP(=O)(OCCNCC(=O)OCCOCCOCCOCCOCCOCCOCCOCCOCCOCCOCCOCCOCCOCCOCCOCCOCCOCCOCCOCCOCCOCCOCCOCCOCCOCCOCCOCCOCCOCCOCCOCCOCCOCCOCCOCCOCCOCCOCCOCCOCCOCCOCCOC)O)OC(=O)CCCCCCCCCCCCC,2.5,2000.0,35.0,10.0,,,,mRNA,in_vitro,in_vitro,A549,in_vitro,,,,,,,-1.2676713332653888,normalized_luminescence,112.0,0.0,0.0,75.0,1575.20367,198.45,0.0,19.0,21.8018,456.879,0.806451613,3.0,4.0,1576.332,True,True,False,biodegradable acrylate,,,,,,,,,,,,,,,,,,,branched
LNPhub_R0004046,LNPhub_BL_2023,https://www.nature.com/articles/s41587-023-01679-x,LNPhub_BL_2023_LNP_000042,BL_A19-T10,CCCCCCC#CCCOC(=O)OC(C/C=C\CCCCCCCCOC(=O)CCN(CCC(=O)OCCCCCCCC/C=C\CC(CCCCCC)OC(=O)OCCC#CCCCCCC)CCN1CCCCC1)CCCCCC,Ugi-3CR,NCCN1CCCCC1,primary_tertiary,C=CC(=O)OCCCCCCCC/C=C\CC(CCCCCC)OC(=O)O,ester/carbonate acrylate,1,T10,CCCCCCC#CCCO,ricinoleic/aliphatic,,,,,,,,,,,,,,,,head–linker–tail,DOPE,[H][C@@](COP([O-])(OCC[NH3+])=O)(OC(CCCCCCC/C=C\\CCCCCCCC)=O)COC(CCCCCCC/C=C\\CCCCCCCC)=O,16.0,Cholesterol,C[C@H](CCCC(C)C)[C@H]1CC[C@@H]2[C@@]1(CC[C@H]3[C@H]2CC=C4[C@@]3(CC[C@@H](C4)O)C)C,46.5,DMPE-PEG2000,CCCCCCCCCCCCCC(=O)OCC(COP(=O)(OCCNCC(=O)OCCOCCOCCOCCOCCOCCOCCOCCOCCOCCOCCOCCOCCOCCOCCOCCOCCOCCOCCOCCOCCOCCOCCOCCOCCOCCOCCOCCOCCOCCOCCOCCOCCOCCOCCOCCOCCOCCOCCOCCOCCOCCOCCOC)O)OC(=O)CCCCCCCCCCCCC,2.5,2000.0,35.0,10.0,,,,mRNA,in_vitro,in_vitro,A549,in_vitro,,,,,,,-0.5905325473616537,normalized_luminescence,83.0,1.0,0.0,55.0,1164.925598,130.14,0.0,12.0,18.7071,342.299,0.830985915,2.0,2.0,1165.777,True,True,False,biodegradable acrylate,,,,,,,,,,,,,,,,,,,cyclic
LNPhub_R0004047,LNPhub_BL_2023,https://www.nature.com/articles/s41587-023-01679-x,LNPhub_BL_2023_LNP_000043,BL_A17-T2,CCCCCCCC/C=C\CCCCCCCCOC(=O)OC(C/C=C\CCCCCCCCOC(=O)CCN(CCC(=O)OCCCCCCCC/C=C\CC(CCCCCC)OC(=O)OCCCCCCCC/C=C\CCCCCCCC)CCN1CCOCC1)CCCCCC,Ugi-3CR,C(CN1CCOCC1)N,primary_tertiary,C=CC(=O)OCCCCCCCC/C=C\CC(CCCCCC)OC(=O)O,ester/carbonate acrylate,1,T2,CCCCCCCCC=CCCCCCCCCO,ricinoleic/aliphatic,,,,,,,,,,,,,,,,head–linker–tail,DOPE,[H][C@@](COP([O-])(OCC[NH3+])=O)(OC(CCCCCCC/C=C\\CCCCCCCC)=O)COC(CCCCCCC/C=C\\CCCCCCCC)=O,16.0,Cholesterol,C[C@H](CCCC(C)C)[C@H]1CC[C@@H]2[C@@]1(CC[C@H]3[C@H]2CC=C4[C@@]3(CC[C@@H](C4)O)C)C,46.5,DMPE-PEG2000,CCCCCCCCCCCCCC(=O)OCC(COP(=O)(OCCNCC(=O)OCCOCCOCCOCCOCCOCCOCCOCCOCCOCCOCCOCCOCCOCCOCCOCCOCCOCCOCCOCCOCCOCCOCCOCCOCCOCCOCCOCCOCCOCCOCCOCCOCCOCCOCCOCCOCCOCCOCCOCCOCCOCCOCCOC)O)OC(=O)CCCCCCCCCCCCC,2.5,2000.0,35.0,10.0,,,,mRNA,in_vitro,in_vitro,A549,in_vitro,,,,,,,1.3905213599313655,normalized_luminescence,99.0,1.0,0.0,75.0,1395.186564,139.37,0.0,13.0,24.9006,415.867,0.860465116,2.0,2.0,1396.213,True,True,False,biodegradable acrylate,,,,,,,,,,,,,,,,,,,cyclic
LNPhub_R0004048,LNPhub_BL_2023,https://www.nature.com/articles/s41587-023-01679-x,LNPhub_BL_2023_LNP_000044,BL_A14-T7,CCCCCC#CCOC(=O)OC(C/C=C\CCCCCCCCOC(=O)CCN(C)CCN(CCN(C)CCC(=O)OCCCCCCCC/C=C\CC(CCCCCC)OC(=O)OCC#CCCCCC)CCN(C)CCC(=O)OCCCCCCCC/C=C\CC(CCCCCC)OC(=O)OCC#CCCCCC)CCCCCC,Ugi-3CR,CNCCN(CCNC)CCNC,secondary_tertiary,C=CC(=O)OCCCCCCCC/C=C\CC(CCCCCC)OC(=O)O,ester/carbonate acrylate,1,T7,CCCCCC#CCO,ricinoleic/aliphatic,,,,,,,,,,,,,,,,head–linker–tail,DOTAP,[H]C(C[N+](C)(C)C)(OC(CCCCCCC/C=C\CCCCCCCC)=O)COC(CCCCCCC/C=C\CCCCCCCC)=O,39.0,Cholesterol,C[C@H](CCCC(C)C)[C@H]1CC[C@@H]2[C@@]1(CC[C@H]3[C@H]2CC=C4[C@@]3(CC[C@@H](C4)O)C)C,30.0,DMPE-PEG2000,CCCCCCCCCCCCCC(=O)OCC(COP(=O)(OCCNCC(=O)OCCOCCOCCOCCOCCOCCOCCOCCOCCOCCOCCOCCOCCOCCOCCOCCOCCOCCOCCOCCOCCOCCOCCOCCOCCOCCOCCOCCOCCOCCOCCOCCOCCOCCOCCOCCOCCOCCOCCOCCOCCOCCOCCOC)O)OC(=O)CCCCCCCCCCCCC,1.0,2000.0,30.0,7.5,,,,mRNA,intramuscular,in_vivo,Mouse_B6,muscle,,,,,,,-0.8718287412813316,normalized_luminescence,118.0,0.0,0.0,81.0,1659.297571,198.45,0.0,19.0,24.1424,484.581,0.818181818,3.0,4.0,1660.494,True,True,False,biodegradable acrylate,,,,,,,,,,,,,,,,,,,branched
LNPhub_R0004049,LNPhub_BL_2023,https://www.nature.com/articles/s41587-023-01679-x,LNPhub_BL_2023_LNP_000045,BL_A64-T9,CCCCC#CCCOC(=O)OC(C/C=C\CCCCCCCCOC(=O)CCN(CCC(=O)OCCCCCCCC/C=C\CC(CCCCCC)OC(=O)OCCC#CCCCC)CC(OCC)OCC)CCCCCC,Ugi-3CR,CCOC(CN)OCC,primary,C=CC(=O)OCCCCCCCC/C=C\CC(CCCCCC)OC(=O)O,ester/carbonate acrylate,1,T9,CCCCC#CCCO,ricinoleic/aliphatic,,,,,,,,,,,,,,,,head–linker–tail,DOPE,[H][C@@](COP([O-])(OCC[NH3+])=O)(OC(CCCCCCC/C=C\\CCCCCCCC)=O)COC(CCCCCCC/C=C\\CCCCCCCC)=O,16.0,Cholesterol,C[C@H](CCCC(C)C)[C@H]1CC[C@@H]2[C@@]1(CC[C@H]3[C@H]2CC=C4[C@@]3(CC[C@@H](C4)O)C)C,46.5,DMPE-PEG2000,CCCCCCCCCCCCCC(=O)OCC(COP(=O)(OCCNCC(=O)OCCOCCOCCOCCOCCOCCOCCOCCOCCOCCOCCOCCOCCOCCOCCOCCOCCOCCOCCOCCOCCOCCOCCOCCOCCOCCOCCOCCOCCOCCOCCOCCOCCOCCOCCOCCOCCOCCOCCOCCOCCOCCOCCOC)O)OC(=O)CCCCCCCCCCCCC,2.5,2000.0,35.0,10.0,,,,mRNA,in_vitro,in_vitro,A549,in_vitro,,,,,,,-1.0926451186632404,normalized_luminescence,79.0,0.0,0.0,54.0,1113.841928,145.36,0.0,13.0,17.0599,320.58,0.818181818,2.0,1.0,1114.641,True,True,False,biodegradable acrylate,,,,,,,,,,,,,,,,,,,branched
LNPhub_R0004050,LNPhub_BL_2023,https://www.nature.com/articles/s41587-023-01679-x,LNPhub_BL_2023_LNP_000046,BL_A21-T2,CCCCCCCC/C=C\CCCCCCCCOC(=O)OC(C/C=C\CCCCCCCCOC(=O)CCN(C)CCOCCOCCN(C)CCC(=O)OCCCCCCCC/C=C\CC(CCCCCC)OC(=O)OCCCCCCCC/C=C\CCCCCCCC)CCCCCC,Ugi-3CR,CNCCOCCOCCNC,secondary,C=CC(=O)OCCCCCCCC/C=C\CC(CCCCCC)OC(=O)O,ester/carbonate acrylate,1,T2,CCCCCCCCC=CCCCCCCCCO,ricinoleic/aliphatic,,,,,,,,,,,,,,,,head–linker–tail,DOPE,[H][C@@](COP([O-])(OCC[NH3+])=O)(OC(CCCCCCC/C=C\\CCCCCCCC)=O)COC(CCCCCCC/C=C\\CCCCCCCC)=O,16.0,Cholesterol,C[C@H](CCCC(C)C)[C@H]1CC[C@@H]2[C@@]1(CC[C@H]3[C@H]2CC=C4[C@@]3(CC[C@@H](C4)O)C)C,46.5,DMPE-PEG2000,CCCCCCCCCCCCCC(=O)OCC(COP(=O)(OCCNCC(=O)OCCOCCOCCOCCOCCOCCOCCOCCOCCOCCOCCOCCOCCOCCOCCOCCOCCOCCOCCOCCOCCOCCOCCOCCOCCOCCOCCOCCOCCOCCOCCOCCOCCOCCOCCOCCOCCOCCOCCOCCOCCOCCOCCOC)O)OC(=O)CCCCCCCCCCCCC,2.5,2000.0,35.0,10.0,,,,mRNA,in_vitro,in_vitro,A549,in_vitro,,,,,,,1.1559405572114467,normalized_luminescence,102.0,0.0,0.0,81.0,1441.228429,148.6,0.0,14.0,25.1632,428.8,0.863636364,2.0,2.0,1442.282,True,True,False,biodegradable acrylate,,,,,,,,,,,,,,,,,,,linear
LNPhub_R0004051,LNPhub_BL_2023,https://www.nature.com/articles/s41587-023-01679-x,LNPhub_BL_2023_LNP_000047,BL_A29-T6,CCCCC#CCOC(=O)OC(C/C=C\CCCCCCCCOC(=O)CCN(C)CCN(C)C)CCCCCC,Ugi-3CR,CNCCN(C)C,secondary_tertiary,C=CC(=O)OCCCCCCCC/C=C\CC(CCCCCC)OC(=O)O,ester/carbonate acrylate,1,T6,CCCCC#CCO,ricinoleic/aliphatic,,,,,,,,,,,,,,,,head–linker–tail,DOPE,[H][C@@](COP([O-])(OCC[NH3+])=O)(OC(CCCCCCC/C=C\\CCCCCCCC)=O)COC(CCCCCCC/C=C\\CCCCCCCC)=O,16.0,Cholesterol,C[C@H](CCCC(C)C)[C@H]1CC[C@@H]2[C@@]1(CC[C@H]3[C@H]2CC=C4[C@@]3(CC[C@@H](C4)O)C)C,46.5,DMPE-PEG2000,CCCCCCCCCCCCCC(=O)OCC(COP(=O)(OCCNCC(=O)OCCOCCOCCOCCOCCOCCOCCOCCOCCOCCOCCOCCOCCOCCOCCOCCOCCOCCOCCOCCOCCOCCOCCOCCOCCOCCOCCOCCOCCOCCOCCOCCOCCOCCOCCOCCOCCOCCOCCOCCOCCOCCOCCOC)O)OC(=O)CCCCCCCCCCCCC,2.5,2000.0,35.0,10.0,,,,mRNA,in_vitro,in_vitro,A549,in_vitro,,,,,,,0.554458926912933,normalized_luminescence,41.0,0.0,0.0,26.0,578.4658731,68.31,0.0,7.0,7.7759,169.984,0.823529412,1.0,2.0,578.879,True,True,False,biodegradable acrylate,,,,,,,,,,,,,,,,,,,branched
LNPhub_R0004052,LNPhub_BL_2023,https://www.nature.com/articles/s41587-023-01679-x,LNPhub_BL_2023_LNP_000048,BL_A1-T9,CCCCC#CCCOC(=O)OC(C/C=C\CCCCCCCCOC(=O)CCN(CCCN(C)C)CCC(=O)OCCCCCCCC/C=C\CC(CCCCCC)OC(=O)OCCC#CCCCC)CCCCCC,Ugi-3CR,CN(C)CCCN,primary_tertiary,C=CC(=O)OCCCCCCCC/C=C\CC(CCCCCC)OC(=O)O,ester/carbonate acrylate,1,T9,CCCCC#CCCO,ricinoleic/aliphatic,,,,,,,,,,,,,,,,head–linker–tail,DOPE,[H][C@@](COP([O-])(OCC[NH3+])=O)(OC(CCCCCCC/C=C\\CCCCCCCC)=O)COC(CCCCCCC/C=C\\CCCCCCCC)=O,16.0,Cholesterol,C[C@H](CCCC(C)C)[C@H]1CC[C@@H]2[C@@]1(CC[C@H]3[C@H]2CC=C4[C@@]3(CC[C@@H](C4)O)C)C,46.5,DMPE-PEG2000,CCCCCCCCCCCCCC(=O)OCC(COP(=O)(OCCNCC(=O)OCCOCCOCCOCCOCCOCCOCCOCCOCCOCCOCCOCCOCCOCCOCCOCCOCCOCCOCCOCCOCCOCCOCCOCCOCCOCCOCCOCCOCCOCCOCCOCCOCCOCCOCCOCCOCCOCCOCCOCCOCCOCCOCCOC)O)OC(=O)CCCCCCCCCCCCC,2.5,2000.0,35.0,10.0,,,,mRNA,in_vitro,in_vitro,A549,in_vitro,,,,,,,-0.9333053632096774,normalized_luminescence,77.0,0.0,0.0,52.0,1082.847348,130.14,0.0,12.0,16.6125,316.711,0.815384615,2.0,2.0,1083.631,True,True,False,biodegradable acrylate,,,,,,,,,,,,,,,,,,,branched
LNPhub_R0004053,LNPhub_BL_2023,https://www.nature.com/articles/s41587-023-01679-x,LNPhub_BL_2023_LNP_000049,BL_A29-T2,CCCCCCCC/C=C\CCCCCCCCOC(=O)OC(C/C=C\CCCCCCCCOC(=O)CCN(C)CCN(C)C)CCCCCC,Ugi-3CR,CNCCN(C)C,secondary_tertiary,C=CC(=O)OCCCCCCCC/C=C\CC(CCCCCC)OC(=O)O,ester/carbonate acrylate,1,T2,CCCCCCCCC=CCCCCCCCCO,ricinoleic/aliphatic,,,,,,,,,,,,,,,,head–linker–tail,DOPE,[H][C@@](COP([O-])(OCC[NH3+])=O)(OC(CCCCCCC/C=C\\CCCCCCCC)=O)COC(CCCCCCC/C=C\\CCCCCCCC)=O,16.0,Cholesterol,C[C@H](CCCC(C)C)[C@H]1CC[C@@H]2[C@@]1(CC[C@H]3[C@H]2CC=C4[C@@]3(CC[C@@H](C4)O)C)C,46.5,DMPE-PEG2000,CCCCCCCCCCCCCC(=O)OCC(COP(=O)(OCCNCC(=O)OCCOCCOCCOCCOCCOCCOCCOCCOCCOCCOCCOCCOCCOCCOCCOCCOCCOCCOCCOCCOCCOCCOCCOCCOCCOCCOCCOCCOCCOCCOCCOCCOCCOCCOCCOCCOCCOCCOCCOCCOCCOCCOCCOC)O)OC(=O)CCCCCCCCCCCCC,2.5,2000.0,35.0,10.0,,,,mRNA,in_vitro,in_vitro,A549,in_vitro,,,,,,,0.1042120169531571,normalized_luminescence,52.0,0.0,0.0,39.0,734.6536739,68.31,0.0,7.0,12.6198,222.135,0.866666667,1.0,2.0,735.192,True,True,False,biodegradable acrylate,,,,,,,,,,,,,,,,,,,branched
LNPhub_R0004054,LNPhub_BL_2023,https://www.nature.com/articles/s41587-023-01679-x,LNPhub_BL_2023_LNP_000050,BL_A14-T9,CCCCC#CCCOC(=O)OC(C/C=C\CCCCCCCCOC(=O)CCN(C)CCN(CCN(C)CCC(=O)OCCCCCCCC/C=C\CC(CCCCCC)OC(=O)OCCC#CCCCC)CCN(C)CCC(=O)OCCCCCCCC/C=C\CC(CCCCCC)OC(=O)OCCC#CCCCC)CCCCCC,Ugi-3CR,CNCCN(CCNC)CCNC,secondary_tertiary,C=CC(=O)OCCCCCCCC/C=C\CC(CCCCCC)OC(=O)O,ester/carbonate acrylate,1,T9,CCCCC#CCCO,ricinoleic/aliphatic,,,,,,,,,,,,,,,,head–linker–tail,DOTAP,[H]C(C[N+](C)(C)C)(OC(CCCCCCC/C=C\CCCCCCCC)=O)COC(CCCCCCC/C=C\CCCCCCCC)=O,39.0,Cholesterol,C[C@H](CCCC(C)C)[C@H]1CC[C@@H]2[C@@]1(CC[C@H]3[C@H]2CC=C4[C@@]3(CC[C@@H](C4)O)C)C,30.0,DMPE-PEG2000,CCCCCCCCCCCCCC(=O)OCC(COP(=O)(OCCNCC(=O)OCCOCCOCCOCCOCCOCCOCCOCCOCCOCCOCCOCCOCCOCCOCCOCCOCCOCCOCCOCCOCCOCCOCCOCCOCCOCCOCCOCCOCCOCCOCCOCCOCCOCCOCCOCCOCCOCCOCCOCCOCCOCCOCCOC)O)OC(=O)CCCCCCCCCCCCC,1.0,2000.0,30.0,7.5,,,,mRNA,intratracheal,in_vivo,Mouse_B6,lung_epithelium,140.0,,,,,,-1.0834931540626451,normalized_luminescence,118.0,0.0,0.0,81.0,1659.297571,198.45,0.0,19.0,24.1424,484.581,0.818181818,3.0,4.0,1660.494,True,True,False,biodegradable acrylate,,,,,,51.0,,,,,,,,,,,,,branched
LNPhub_R0004055,LNPhub_BL_2023,https://www.nature.com/articles/s41587-023-01679-x,LNPhub_BL_2023_LNP_000051,BL_A46-T10,CCCCCCC#CCCOC(=O)OC(C/C=C\CCCCCCCCOC(=O)CCN(CCC(=O)OCCCCCCCC/C=C\CC(CCCCCC)OC(=O)OCCC#CCCCCCC)CCN1CCC(C)CC1)CCCCCC,Ugi-3CR,CC1CCN(CC1)CCN,primary_tertiary,C=CC(=O)OCCCCCCCC/C=C\CC(CCCCCC)OC(=O)O,ester/carbonate acrylate,1,T10,CCCCCCC#CCCO,ricinoleic/aliphatic,,,,,,,,,,,,,,,,head–linker–tail,DOPE,[H][C@@](COP([O-])(OCC[NH3+])=O)(OC(CCCCCCC/C=C\\CCCCCCCC)=O)COC(CCCCCCC/C=C\\CCCCCCCC)=O,16.0,Cholesterol,C[C@H](CCCC(C)C)[C@H]1CC[C@@H]2[C@@]1(CC[C@H]3[C@H]2CC=C4[C@@]3(CC[C@@H](C4)O)C)C,46.5,DMPE-PEG2000,CCCCCCCCCCCCCC(=O)OCC(COP(=O)(OCCNCC(=O)OCCOCCOCCOCCOCCOCCOCCOCCOCCOCCOCCOCCOCCOCCOCCOCCOCCOCCOCCOCCOCCOCCOCCOCCOCCOCCOCCOCCOCCOCCOCCOCCOCCOCCOCCOCCOCCOCCOCCOCCOCCOCCOCCOC)O)OC(=O)CCCCCCCCCCCCC,2.5,2000.0,35.0,10.0,,,,mRNA,in_vitro,in_vitro,A549,in_vitro,,,,,,,-0.2029636002364805,normalized_luminescence,84.0,1.0,0.0,55.0,1178.941248,130.14,0.0,12.0,18.9531,346.846,0.833333333,2.0,2.0,1179.804,True,True,False,biodegradable acrylate,,,,,,,,,,,,,,,,,,,cyclic
LNPhub_R0004056,LNPhub_BL_2023,https://www.nature.com/articles/s41587-023-01679-x,LNPhub_BL_2023_LNP_000052,BL_A8-T6,CCCCC#CCOC(=O)OC(C/C=C\CCCCCCCCOC(=O)CCN(CCN(CC)CC)CCN(CC)CC)CCCCCC,Ugi-3CR,CCN(CC)CCNCCN(CC)CC,secondary_tertiary,C=CC(=O)OCCCCCCCC/C=C\CC(CCCCCC)OC(=O)O,ester/carbonate acrylate,1,T6,CCCCC#CCO,ricinoleic/aliphatic,,,,,,,,,,,,,,,,head–linker–tail,DOPE,[H][C@@](COP([O-])(OCC[NH3+])=O)(OC(CCCCCCC/C=C\\CCCCCCCC)=O)COC(CCCCCCC/C=C\\CCCCCCCC)=O,16.0,Cholesterol,C[C@H](CCCC(C)C)[C@H]1CC[C@@H]2[C@@]1(CC[C@H]3[C@H]2CC=C4[C@@]3(CC[C@@H](C4)O)C)C,46.5,DMPE-PEG2000,CCCCCCCCCCCCCC(=O)OCC(COP(=O)(OCCNCC(=O)OCCOCCOCCOCCOCCOCCOCCOCCOCCOCCOCCOCCOCCOCCOCCOCCOCCOCCOCCOCCOCCOCCOCCOCCOCCOCCOCCOCCOCCOCCOCCOCCOCCOCCOCCOCCOCCOCCOCCOCCOCCOCCOCCOC)O)OC(=O)CCCCCCCCCCCCC,2.5,2000.0,35.0,10.0,,,,mRNA,in_vitro,in_vitro,A549,in_vitro,,,,,,,0.101681945492445,normalized_luminescence,49.0,0.0,0.0,33.0,691.5863226,71.55,0.0,8.0,9.2681,205.949,0.853658537,1.0,3.0,692.083,True,True,False,biodegradable acrylate,,,,,,,,,,,,,,,,,,,branched
LNPhub_R0004057,LNPhub_BL_2023,https://www.nature.com/articles/s41587-023-01679-x,LNPhub_BL_2023_LNP_000053,BL_A61-T3,CCCCC/C=C\C/C=C\CCCCCCCCOC(=O)OC(C/C=C\CCCCCCCCOC(=O)CCN(C)CCN(C)CCC(=O)OCCCCCCCC/C=C\CC(CCCCCC)OC(=O)OCCCCCCCC/C=C\C/C=C\CCCCC)CCCCCC,Ugi-3CR,CNCCNC,secondary,C=CC(=O)OCCCCCCCC/C=C\CC(CCCCCC)OC(=O)O,ester/carbonate acrylate,1,T3,CCCCCC=CCC=C=CCCCCCCCCO,ricinoleic/aliphatic,,,,,,,,,,,,,,,,head–linker–tail,DOPE,[H][C@@](COP([O-])(OCC[NH3+])=O)(OC(CCCCCCC/C=C\\CCCCCCCC)=O)COC(CCCCCCC/C=C\\CCCCCCCC)=O,16.0,Cholesterol,C[C@H](CCCC(C)C)[C@H]1CC[C@@H]2[C@@]1(CC[C@H]3[C@H]2CC=C4[C@@]3(CC[C@@H](C4)O)C)C,46.5,DMPE-PEG2000,CCCCCCCCCCCCCC(=O)OCC(COP(=O)(OCCNCC(=O)OCCOCCOCCOCCOCCOCCOCCOCCOCCOCCOCCOCCOCCOCCOCCOCCOCCOCCOCCOCCOCCOCCOCCOCCOCCOCCOCCOCCOCCOCCOCCOCCOCCOCCOCCOCCOCCOCCOCCOCCOCCOCCOCCOC)O)OC(=O)CCCCCCCCCCCCC,2.5,2000.0,35.0,10.0,,,,mRNA,in_vitro,in_vitro,A549,in_vitro,,,,,,,-1.6555734496804064,normalized_luminescence,96.0,0.0,0.0,73.0,1349.144699,130.14,0.0,12.0,24.682,406.974,0.80952381,2.0,2.0,1350.144,True,True,False,biodegradable acrylate,,,,,,,,,,,,,,,,,,,linear
LNPhub_R0004058,LNPhub_BL_2023,https://www.nature.com/articles/s41587-023-01679-x,LNPhub_BL_2023_LNP_000054,BL_A23-T1,CCCCCCCCCCCCCCCCCCOC(=O)OC(C/C=C\CCCCCCCCOC(=O)CCN1CCN(c2ccccn2)CC1)CCCCCC,Ugi-3CR,C1=CC(=NC=C1)N2CCNCC2,secondary_tertiary,C=CC(=O)OCCCCCCCC/C=C\CC(CCCCCC)OC(=O)O,ester/carbonate acrylate,1,T1,CCCCCCCCCCCCCCCCCCO,ricinoleic/aliphatic,,,,,,,,,,,,,,,,head–linker–tail,DOPE,[H][C@@](COP([O-])(OCC[NH3+])=O)(OC(CCCCCCC/C=C\\CCCCCCCC)=O)COC(CCCCCCC/C=C\\CCCCCCCC)=O,16.0,Cholesterol,C[C@H](CCCC(C)C)[C@H]1CC[C@@H]2[C@@]1(CC[C@H]3[C@H]2CC=C4[C@@]3(CC[C@@H](C4)O)C)C,46.5,DMPE-PEG2000,CCCCCCCCCCCCCC(=O)OCC(COP(=O)(OCCNCC(=O)OCCOCCOCCOCCOCCOCCOCCOCCOCCOCCOCCOCCOCCOCCOCCOCCOCCOCCOCCOCCOCCOCCOCCOCCOCCOCCOCCOCCOCCOCCOCCOCCOCCOCCOCCOCCOCCOCCOCCOCCOCCOCCOCCOC)O)OC(=O)CCCCCCCCCCCCC,2.5,2000.0,35.0,10.0,,,,mRNA,in_vitro,in_vitro,A549,in_vitro,,,,,,,-0.4854142495166234,normalized_luminescence,57.0,2.0,1.0,38.0,797.6645729,81.2,0.0,8.0,13.5676,239.068,0.816326531,1.0,3.0,798.251,True,True,False,biodegradable acrylate,,,,,,,,,,,,,,,,,,,cyclic
LNPhub_R0004059,LNPhub_BL_2023,https://www.nature.com/articles/s41587-023-01679-x,LNPhub_BL_2023_LNP_000055,BL_A55-T3,CCCCC/C=C\C/C=C\CCCCCCCCOC(=O)OC(C/C=C\CCCCCCCCOC(=O)CCN(C)CCO)CCCCCC,Ugi-3CR,CNCCO,secondary,C=CC(=O)OCCCCCCCC/C=C\CC(CCCCCC)OC(=O)O,ester/carbonate acrylate,1,T3,CCCCCC=CCC=C=CCCCCCCCCO,ricinoleic/aliphatic,,,,,,,,,,,,,,,,head–linker–tail,DOPE,[H][C@@](COP([O-])(OCC[NH3+])=O)(OC(CCCCCCC/C=C\\CCCCCCCC)=O)COC(CCCCCCC/C=C\\CCCCCCCC)=O,16.0,Cholesterol,C[C@H](CCCC(C)C)[C@H]1CC[C@@H]2[C@@]1(CC[C@H]3[C@H]2CC=C4[C@@]3(CC[C@@H](C4)O)C)C,46.5,DMPE-PEG2000,CCCCCCCCCCCCCC(=O)OCC(COP(=O)(OCCNCC(=O)OCCOCCOCCOCCOCCOCCOCCOCCOCCOCCOCCOCCOCCOCCOCCOCCOCCOCCOCCOCCOCCOCCOCCOCCOCCOCCOCCOCCOCCOCCOCCOCCOCCOCCOCCOCCOCCOCCOCCOCCOCCOCCOCCOC)O)OC(=O)CCCCCCCCCCCCC,2.5,2000.0,35.0,10.0,,,,mRNA,in_vitro,in_vitro,A549,in_vitro,,,,,,,1.7556728830392043,normalized_luminescence,50.0,0.0,0.0,37.0,705.5907392,85.3,1.0,7.0,11.8265,210.5728,0.813953488,1.0,1.0,706.106,True,True,False,biodegradable acrylate,,,,,,,,,,,,,,,,,,,linear
LNPhub_R0004060,LNPhub_BL_2023,https://www.nature.com/articles/s41587-023-01679-x,LNPhub_BL_2023_LNP_000056,BL_A18-T1,CCCCCCCCCCCCCCCCCCOC(=O)OC(C/C=C\CCCCCCCCOC(=O)CCN(CCC(=O)OCCCCCCCC/C=C\CC(CCCCCC)OC(=O)OCCCCCCCCCCCCCCCCCC)CCN(C)CCN(CCC(=O)OCCCCCCCC/C=C\CC(CCCCCC)OC(=O)OCCCCCCCCCCCCCCCCCC)CCC(=O)OCCCCCCCC/C=C\CC(CCCCCC)OC(=O)OCCCCCCCCCCCCCCCCCC)CCCCCC,Ugi-3CR,CN(CCN)CCN,primary_tertiary,C=CC(=O)OCCCCCCCC/C=C\CC(CCCCCC)OC(=O)O,ester/carbonate acrylate,1,T1,CCCCCCCCCCCCCCCCCCO,ricinoleic/aliphatic,,,,,,,,,,,,,,,,head–linker–tail,DOPE,[H][C@@](COP([O-])(OCC[NH3+])=O)(OC(CCCCCCC/C=C\\CCCCCCCC)=O)COC(CCCCCCC/C=C\\CCCCCCCC)=O,16.0,Cholesterol,C[C@H](CCCC(C)C)[C@H]1CC[C@@H]2[C@@]1(CC[C@H]3[C@H]2CC=C4[C@@]3(CC[C@@H](C4)O)C)C,46.5,DMPE-PEG2000,CCCCCCCCCCCCCC(=O)OCC(COP(=O)(OCCNCC(=O)OCCOCCOCCOCCOCCOCCOCCOCCOCCOCCOCCOCCOCCOCCOCCOCCOCCOCCOCCOCCOCCOCCOCCOCCOCCOCCOCCOCCOCCOCCOCCOCCOCCOCCOCCOCCOCCOCCOCCOCCOCCOCCOCCOC)O)OC(=O)CCCCCCCCCCCCC,2.5,2000.0,35.0,10.0,,,,mRNA,in_vitro,in_vitro,A549,in_vitro,,,,,,,1.1175894982998995,normalized_luminescence,188.0,0.0,0.0,154.0,2655.341099,257.04,0.0,23.0,50.9782,795.089,0.903030303,4.0,3.0,2657.304,True,True,False,biodegradable acrylate,,,,,,,,,,,,,,,,,,,branched
LNPhub_R0004061,LNPhub_BL_2023,https://www.nature.com/articles/s41587-023-01679-x,LNPhub_BL_2023_LNP_000057,BL_A16-T3,CCCCC/C=C\C/C=C\CCCCCCCCOC(=O)OC(C/C=C\CCCCCCCCOC(=O)CCN(CCC(=O)OCCCCCCCC/C=C\CC(CCCCCC)OC(=O)OCCCCCCCC/C=C\C/C=C\CCCCC)CCc1cn(CCC(=O)OCCCCCCCC/C=C\CC(CCCCCC)OC(=O)OCCCCCCCC/C=C\C/C=C\CCCCC)cn1)CCCCCC,Ugi-3CR,C(CN)C1=CNC=N1,primary,C=CC(=O)OCCCCCCCC/C=C\CC(CCCCCC)OC(=O)O,ester/carbonate acrylate,1,T3,CCCCCC=CCC=C=CCCCCCCCCO,ricinoleic/aliphatic,,,,,,,,,,,,,,,,head–linker–tail,DOPE,[H][C@@](COP([O-])(OCC[NH3+])=O)(OC(CCCCCCC/C=C\\CCCCCCCC)=O)COC(CCCCCCC/C=C\\CCCCCCCC)=O,16.0,Cholesterol,C[C@H](CCCC(C)C)[C@H]1CC[C@@H]2[C@@]1(CC[C@H]3[C@H]2CC=C4[C@@]3(CC[C@@H](C4)O)C)C,46.5,DMPE-PEG2000,CCCCCCCCCCCCCC(=O)OCC(COP(=O)(OCCNCC(=O)OCCOCCOCCOCCOCCOCCOCCOCCOCCOCCOCCOCCOCCOCCOCCOCCOCCOCCOCCOCCOCCOCCOCCOCCOCCOCCOCCOCCOCCOCCOCCOCCOCCOCCOCCOCCOCCOCCOCCOCCOCCOCCOCCOC)O)OC(=O)CCCCCCCCCCCCC,2.5,2000.0,35.0,10.0,,,,mRNA,in_vitro,in_vitro,A549,in_vitro,,,,,,,1.7316296368190558,normalized_luminescence,143.0,1.0,1.0,108.0,2002.646623,206.55,0.0,18.0,37.4756,600.341,0.784,3.0,3.0,2004.133,True,True,False,biodegradable acrylate,,,,,,,,,,,,,,,,,,,cyclic
LNPhub_R0004062,LNPhub_BL_2023,https://www.nature.com/articles/s41587-023-01679-x,LNPhub_BL_2023_LNP_000058,BL_A6-T3,CCCCC/C=C\C/C=C\CCCCCCCCOC(=O)OC(C/C=C\CCCCCCCCOC(=O)CCN(CCCN1CCN(CCCN(CCC(=O)OCCCCCCCC/C=C\CC(CCCCCC)OC(=O)OCCCCCCCC/C=C\C/C=C\CCCCC)CCC(=O)OCCCCCCCC/C=C\CC(CCCCCC)OC(=O)OCCCCCCCC/C=C\C/C=C\CCCCC)CC1)CCC(=O)OCCCCCCCC/C=C\CC(CCCCCC)OC(=O)OCCCCCCCC/C=C\C/C=C\CCCCC)CCCCCC,Ugi-3CR,C(CN)CN1CCN(CCCN)CC1,primary_tertiary,C=CC(=O)OCCCCCCCC/C=C\CC(CCCCCC)OC(=O)O,ester/carbonate acrylate,1,T3,CCCCCC=CCC=C=CCCCCCCCCO,ricinoleic/aliphatic,,,,,,,,,,,,,,,,head–linker–tail,DOPE,[H][C@@](COP([O-])(OCC[NH3+])=O)(OC(CCCCCCC/C=C\\CCCCCCCC)=O)COC(CCCCCCC/C=C\\CCCCCCCC)=O,16.0,Cholesterol,C[C@H](CCCC(C)C)[C@H]1CC[C@@H]2[C@@]1(CC[C@H]3[C@H]2CC=C4[C@@]3(CC[C@@H](C4)O)C)C,46.5,DMPE-PEG2000,CCCCCCCCCCCCCC(=O)OCC(COP(=O)(OCCNCC(=O)OCCOCCOCCOCCOCCOCCOCCOCCOCCOCCOCCOCCOCCOCCOCCOCCOCCOCCOCCOCCOCCOCCOCCOCCOCCOCCOCCOCCOCCOCCOCCOCCOCCOCCOCCOCCOCCOCCOCCOCCOCCOCCOCCOC)O)OC(=O)CCCCCCCCCCCCC,2.5,2000.0,35.0,10.0,,,,mRNA,in_vitro,in_vitro,A549,in_vitro,,,,,,,1.7418175339181052,normalized_luminescence,194.0,1.0,0.0,148.0,2722.289398,260.28,0.0,24.0,49.6522,818.954,0.811764706,4.0,4.0,2724.31,True,True,False,biodegradable acrylate,,,,,,,,,,,,,,,,,,,cyclic-dendrimer
LNPhub_R0004063,LNPhub_BL_2023,https://www.nature.com/articles/s41587-023-01679-x,LNPhub_BL_2023_LNP_000059,BL_A20-T8,CCCCCCC#CCOC(=O)OC(C/C=C\CCCCCCCCOC(=O)CCN1CCN=C1C)CCCCCC,Ugi-3CR,C1CN=C(N1)C,secondary,C=CC(=O)OCCCCCCCC/C=C\CC(CCCCCC)OC(=O)O,ester/carbonate acrylate,1,T8,CCCCCCC#CCO,ricinoleic/aliphatic,,,,,,,,,,,,,,,,head–linker–tail,DOPE,[H][C@@](COP([O-])(OCC[NH3+])=O)(OC(CCCCCCC/C=C\\CCCCCCCC)=O)COC(CCCCCCC/C=C\\CCCCCCCC)=O,16.0,Cholesterol,C[C@H](CCCC(C)C)[C@H]1CC[C@@H]2[C@@]1(CC[C@H]3[C@H]2CC=C4[C@@]3(CC[C@@H](C4)O)C)C,46.5,DMPE-PEG2000,CCCCCCCCCCCCCC(=O)OCC(COP(=O)(OCCNCC(=O)OCCOCCOCCOCCOCCOCCOCCOCCOCCOCCOCCOCCOCCOCCOCCOCCOCCOCCOCCOCCOCCOCCOCCOCCOCCOCCOCCOCCOCCOCCOCCOCCOCCOCCOCCOCCOCCOCCOCCOCCOCCOCCOCCOC)O)OC(=O)CCCCCCCCCCCCC,2.5,2000.0,35.0,10.0,,,,mRNA,in_vitro,in_vitro,A549,in_vitro,,,,,,,1.6801015017223713,normalized_luminescence,42.0,1.0,0.0,25.0,588.450223,77.43,0.0,7.0,8.7967,172.716,0.8,1.0,2.0,588.874,True,True,False,biodegradable acrylate,,,,,,,,,,,,,,,,,,,cyclic
LNPhub_R0004064,LNPhub_BL_2023,https://www.nature.com/articles/s41587-023-01679-x,LNPhub_BL_2023_LNP_000060,BL_A66-T4,CCC#CCOC(=O)OC(C/C=C\CCCCCCCCOC(=O)CCN(CCC(=O)OCCCCCCCC/C=C\CC(CCCCCC)OC(=O)OCC#CCC)CCC1OCCO1)CCCCCC,Ugi-3CR,NCCC1OCCO1,primary,C=CC(=O)OCCCCCCCC/C=C\CC(CCCCCC)OC(=O)O,ester/carbonate acrylate,1,T4,CCC#CCO,ricinoleic/aliphatic,,,,,,,,,,,,,,,,head–linker–tail,DOPE,[H][C@@](COP([O-])(OCC[NH3+])=O)(OC(CCCCCCC/C=C\\CCCCCCCC)=O)COC(CCCCCCC/C=C\\CCCCCCCC)=O,16.0,Cholesterol,C[C@H](CCCC(C)C)[C@H]1CC[C@@H]2[C@@]1(CC[C@H]3[C@H]2CC=C4[C@@]3(CC[C@@H](C4)O)C)C,46.5,DMPE-PEG2000,CCCCCCCCCCCCCC(=O)OCC(COP(=O)(OCCNCC(=O)OCCOCCOCCOCCOCCOCCOCCOCCOCCOCCOCCOCCOCCOCCOCCOCCOCCOCCOCCOCCOCCOCCOCCOCCOCCOCCOCCOCCOCCOCCOCCOCCOCCOCCOCCOCCOCCOCCOCCOCCOCCOCCOCCOC)O)OC(=O)CCCCCCCCCCCCC,2.5,2000.0,35.0,10.0,,,,mRNA,in_vitro,in_vitro,A549,in_vitro,,,,,,,-0.9974044518097044,normalized_luminescence,72.0,1.0,0.0,45.0,1013.716728,145.36,0.0,13.0,14.0832,286.147,0.796610169,2.0,1.0,1014.436,True,True,False,biodegradable acrylate,,,,,,,,,,,,,,,,,,,cyclic
LNPhub_R0004065,LNPhub_BL_2023,https://www.nature.com/articles/s41587-023-01679-x,LNPhub_BL_2023_LNP_000061,BL_A9-T10,CCCCCCC#CCCOC(=O)OC(C/C=C\CCCCCCCCOC(=O)CCN(CCCN1CCN(C)CC1)CCC(=O)OCCCCCCCC/C=C\CC(CCCCCC)OC(=O)OCCC#CCCCCCC)CCCCCC,Ugi-3CR,CN1CCN(CCCN)CC1,primary_tertiary,C=CC(=O)OCCCCCCCC/C=C\CC(CCCCCC)OC(=O)O,ester/carbonate acrylate,1,T10,CCCCCCC#CCCO,ricinoleic/aliphatic,,,,,,,,,,,,,,,,head–linker–tail,DOPE,[H][C@@](COP([O-])(OCC[NH3+])=O)(OC(CCCCCCC/C=C\\CCCCCCCC)=O)COC(CCCCCCC/C=C\\CCCCCCCC)=O,16.0,Cholesterol,C[C@H](CCCC(C)C)[C@H]1CC[C@@H]2[C@@]1(CC[C@H]3[C@H]2CC=C4[C@@]3(CC[C@@H](C4)O)C)C,46.5,DMPE-PEG2000,CCCCCCCCCCCCCC(=O)OCC(COP(=O)(OCCNCC(=O)OCCOCCOCCOCCOCCOCCOCCOCCOCCOCCOCCOCCOCCOCCOCCOCCOCCOCCOCCOCCOCCOCCOCCOCCOCCOCCOCCOCCOCCOCCOCCOCCOCCOCCOCCOCCOCCOCCOCCOCCOCCOCCOCCOC)O)OC(=O)CCCCCCCCCCCCC,2.5,2000.0,35.0,10.0,,,,mRNA,in_vitro,in_vitro,A549,in_vitro,,,,,,,0.218048259467901,normalized_luminescence,85.0,1.0,0.0,56.0,1193.952147,133.38,0.0,13.0,17.8587,350.562,0.833333333,2.0,3.0,1194.819,True,True,False,biodegradable acrylate,,,,,,,,,,,,,,,,,,,cyclic
LNPhub_R0004066,LNPhub_BL_2023,https://www.nature.com/articles/s41587-023-01679-x,LNPhub_BL_2023_LNP_000062,BL_A43-T10,CCCCCCC#CCCOC(=O)OC(C/C=C\CCCCCCCCOC(=O)CCN(CCC(=O)OCCCCCCCC/C=C\CC(CCCCCC)OC(=O)OCCC#CCCCCCC)CC1CCCCN1C)CCCCCC,Ugi-3CR,CN1CCCCC1CN,primary_tertiary,C=CC(=O)OCCCCCCCC/C=C\CC(CCCCCC)OC(=O)O,ester/carbonate acrylate,1,T10,CCCCCCC#CCCO,ricinoleic/aliphatic,,,,,,,,,,,,,,,,head–linker–tail,DOPE,[H][C@@](COP([O-])(OCC[NH3+])=O)(OC(CCCCCCC/C=C\\CCCCCCCC)=O)COC(CCCCCCC/C=C\\CCCCCCCC)=O,16.0,Cholesterol,C[C@H](CCCC(C)C)[C@H]1CC[C@@H]2[C@@]1(CC[C@H]3[C@H]2CC=C4[C@@]3(CC[C@@H](C4)O)C)C,46.5,DMPE-PEG2000,CCCCCCCCCCCCCC(=O)OCC(COP(=O)(OCCNCC(=O)OCCOCCOCCOCCOCCOCCOCCOCCOCCOCCOCCOCCOCCOCCOCCOCCOCCOCCOCCOCCOCCOCCOCCOCCOCCOCCOCCOCCOCCOCCOCCOCCOCCOCCOCCOCCOCCOCCOCCOCCOCCOCCOCCOC)O)OC(=O)CCCCCCCCCCCCC,2.5,2000.0,35.0,10.0,,,,mRNA,in_vitro,in_vitro,A549,in_vitro,,,,,,,-0.3685615617436563,normalized_luminescence,83.0,1.0,0.0,54.0,1164.925598,130.14,0.0,12.0,18.7055,342.277,0.830985915,3.0,2.0,1165.777,True,True,False,biodegradable acrylate,,,,,,,,,,,,,,,,,,,cyclic
LNPhub_R0004067,LNPhub_BL_2023,https://www.nature.com/articles/s41587-023-01679-x,LNPhub_BL_2023_LNP_000063,BL_A4-T7,CCCCCC#CCOC(=O)OC(C/C=C\CCCCCCCCOC(=O)CCN(CCC(=O)OCCCCCCCC/C=C\CC(CCCCCC)OC(=O)OCC#CCCCCC)CCN(CC)CC)CCCCCC,Ugi-3CR,CCN(CC)CCN,primary_tertiary,C=CC(=O)OCCCCCCCC/C=C\CC(CCCCCC)OC(=O)O,ester/carbonate acrylate,1,T7,CCCCCC#CCO,ricinoleic/aliphatic,,,,,,,,,,,,,,,,head–linker–tail,DOTAP,[H]C(C[N+](C)(C)C)(OC(CCCCCCC/C=C\CCCCCCCC)=O)COC(CCCCCCC/C=C\CCCCCCCC)=O,39.0,Cholesterol,C[C@H](CCCC(C)C)[C@H]1CC[C@@H]2[C@@]1(CC[C@H]3[C@H]2CC=C4[C@@]3(CC[C@@H](C4)O)C)C,30.0,DMPE-PEG2000,CCCCCCCCCCCCCC(=O)OCC(COP(=O)(OCCNCC(=O)OCCOCCOCCOCCOCCOCCOCCOCCOCCOCCOCCOCCOCCOCCOCCOCCOCCOCCOCCOCCOCCOCCOCCOCCOCCOCCOCCOCCOCCOCCOCCOCCOCCOCCOCCOCCOCCOCCOCCOCCOCCOCCOCCOC)O)OC(=O)CCCCCCCCCCCCC,1.0,2000.0,30.0,7.5,,,,mRNA,intratracheal,in_vivo,Mouse_B6,lung_epithelium,115.3,,,,,,-1.1528584418099308,normalized_luminescence,78.0,0.0,0.0,53.0,1096.862998,130.14,0.0,12.0,17.0026,321.328,0.818181818,2.0,2.0,1097.658,True,True,False,biodegradable acrylate,,,,,,93.0,,,,,,,,,,,,,branched
LNPhub_R0004068,LNPhub_BL_2023,https://www.nature.com/articles/s41587-023-01679-x,LNPhub_BL_2023_LNP_000064,BL_A10-T8,CCCCCCC#CCOC(=O)OC(C/C=C\CCCCCCCCOC(=O)CCN(CCC(=O)OCCCCCCCC/C=C\CC(CCCCCC)OC(=O)OCC#CCCCCCC)CCc1ccncc1)CCCCCC,Ugi-3CR,NCCC1=CC=NC=C1,primary,C=CC(=O)OCCCCCCCC/C=C\CC(CCCCCC)OC(=O)O,ester/carbonate acrylate,1,T8,CCCCCCC#CCO,ricinoleic/aliphatic,,,,,,,,,,,,,,,,head–linker–tail,DOPE,[H][C@@](COP([O-])(OCC[NH3+])=O)(OC(CCCCCCC/C=C\\CCCCCCCC)=O)COC(CCCCCCC/C=C\\CCCCCCCC)=O,16.0,Cholesterol,C[C@H](CCCC(C)C)[C@H]1CC[C@@H]2[C@@]1(CC[C@H]3[C@H]2CC=C4[C@@]3(CC[C@@H](C4)O)C)C,46.5,DMPE-PEG2000,CCCCCCCCCCCCCC(=O)OCC(COP(=O)(OCCNCC(=O)OCCOCCOCCOCCOCCOCCOCCOCCOCCOCCOCCOCCOCCOCCOCCOCCOCCOCCOCCOCCOCCOCCOCCOCCOCCOCCOCCOCCOCCOCCOCCOCCOCCOCCOCCOCCOCCOCCOCCOCCOCCOCCOCCOC)O)OC(=O)CCCCCCCCCCCCC,2.5,2000.0,35.0,10.0,,,,mRNA,in_vitro,in_vitro,A549,in_vitro,,,,,,,0.7684473338081497,normalized_luminescence,81.0,1.0,1.0,53.0,1130.847348,139.79,0.0,12.0,18.0787,330.715,0.753623188,2.0,2.0,1131.675,True,True,False,biodegradable acrylate,,,,,,,,,,,,,,,,,,,cyclic
LNPhub_R0004069,LNPhub_BL_2023,https://www.nature.com/articles/s41587-023-01679-x,LNPhub_BL_2023_LNP_000065,BL_A59-T1,CCCCCCCCCCCCCCCCCCOC(=O)OC(C/C=C\CCCCCCCCOC(=O)CCN(CCCN(CCC(=O)OCCCCCCCC/C=C\CC(CCCCCC)OC(=O)OCCCCCCCCCCCCCCCCCC)CCC(=O)OCCCCCCCC/C=C\CC(CCCCCC)OC(=O)OCCCCCCCCCCCCCCCCCC)CCC(=O)OCCCCCCCC/C=C\CC(CCCCCC)OC(=O)OCCCCCCCCCCCCCCCCCC)CCCCCC,Ugi-3CR,C(CN)CN,primary,C=CC(=O)OCCCCCCCC/C=C\CC(CCCCCC)OC(=O)O,ester/carbonate acrylate,1,T1,CCCCCCCCCCCCCCCCCCO,ricinoleic/aliphatic,,,,,,,,,,,,,,,,head–linker–tail,DOPE,[H][C@@](COP([O-])(OCC[NH3+])=O)(OC(CCCCCCC/C=C\\CCCCCCCC)=O)COC(CCCCCCC/C=C\\CCCCCCCC)=O,16.0,Cholesterol,C[C@H](CCCC(C)C)[C@H]1CC[C@@H]2[C@@]1(CC[C@H]3[C@H]2CC=C4[C@@]3(CC[C@@H](C4)O)C)C,46.5,DMPE-PEG2000,CCCCCCCCCCCCCC(=O)OCC(COP(=O)(OCCNCC(=O)OCCOCCOCCOCCOCCOCCOCCOCCOCCOCCOCCOCCOCCOCCOCCOCCOCCOCCOCCOCCOCCOCCOCCOCCOCCOCCOCCOCCOCCOCCOCCOCCOCCOCCOCCOCCOCCOCCOCCOCCOCCOCCOCCOC)O)OC(=O)CCCCCCCCCCCCC,2.5,2000.0,35.0,10.0,,,,mRNA,in_vitro,in_vitro,A549,in_vitro,,,,,,,-1.0494740039745971,normalized_luminescence,185.0,0.0,0.0,152.0,2612.2989,253.8,0.0,22.0,51.4365,782.209,0.901840491,4.0,2.0,2614.235,True,True,False,biodegradable acrylate,,,,,,,,,,,,,,,,,,,linear
LNPhub_R0004070,LNPhub_BL_2023,https://www.nature.com/articles/s41587-023-01679-x,LNPhub_BL_2023_LNP_000066,BL_A25-T3,CCCCC/C=C\C/C=C\CCCCCCCCOC(=O)OC(C/C=C\CCCCCCCCOC(=O)CCN1CCN(c2ccncc2)CC1)CCCCCC,Ugi-3CR,C1=CC(N2CCNCC2)=CN=C1,secondary_tertiary,C=CC(=O)OCCCCCCCC/C=C\CC(CCCCCC)OC(=O)O,ester/carbonate acrylate,1,T3,CCCCCC=CCC=C=CCCCCCCCCO,ricinoleic/aliphatic,,,,,,,,,,,,,,,,head–linker–tail,DOPE,[H][C@@](COP([O-])(OCC[NH3+])=O)(OC(CCCCCCC/C=C\\CCCCCCCC)=O)COC(CCCCCCC/C=C\\CCCCCCCC)=O,16.0,Cholesterol,C[C@H](CCCC(C)C)[C@H]1CC[C@@H]2[C@@]1(CC[C@H]3[C@H]2CC=C4[C@@]3(CC[C@@H](C4)O)C)C,46.5,DMPE-PEG2000,CCCCCCCCCCCCCC(=O)OCC(COP(=O)(OCCNCC(=O)OCCOCCOCCOCCOCCOCCOCCOCCOCCOCCOCCOCCOCCOCCOCCOCCOCCOCCOCCOCCOCCOCCOCCOCCOCCOCCOCCOCCOCCOCCOCCOCCOCCOCCOCCOCCOCCOCCOCCOCCOCCOCCOCCOC)O)OC(=O)CCCCCCCCCCCCC,2.5,2000.0,35.0,10.0,,,,mRNA,in_vitro,in_vitro,A549,in_vitro,,,,,,,1.3141290485831942,normalized_luminescence,57.0,2.0,1.0,36.0,793.6332728,81.2,0.0,8.0,13.1196,238.88,0.734693878,1.0,3.0,794.219,True,True,False,biodegradable acrylate,,,,,,,,,,,,,,,,,,,cyclic
LNPhub_R0004071,LNPhub_BL_2023,https://www.nature.com/articles/s41587-023-01679-x,LNPhub_BL_2023_LNP_000067,BL_A62-T5,CCCC#CCOC(=O)OC(C/C=C\CCCCCCCCOC(=O)CCN(C)CCCN(CCC(=O)OCCCCCCCC/C=C\CC(CCCCCC)OC(=O)OCC#CCCC)CCC(=O)OCCCCCCCC/C=C\CC(CCCCCC)OC(=O)OCC#CCCC)CCCCCC,Ugi-3CR,CNCCCN,primary_secondary,C=CC(=O)OCCCCCCCC/C=C\CC(CCCCCC)OC(=O)O,ester/carbonate acrylate,1,T5,CCCC#CCO,ricinoleic/aliphatic,,,,,,,,,,,,,,,,head–linker–tail,DOPE,[H][C@@](COP([O-])(OCC[NH3+])=O)(OC(CCCCCCC/C=C\\CCCCCCCC)=O)COC(CCCCCCC/C=C\\CCCCCCCC)=O,16.0,Cholesterol,C[C@H](CCCC(C)C)[C@H]1CC[C@@H]2[C@@]1(CC[C@H]3[C@H]2CC=C4[C@@]3(CC[C@@H](C4)O)C)C,46.5,DMPE-PEG2000,CCCCCCCCCCCCCC(=O)OCC(COP(=O)(OCCNCC(=O)OCCOCCOCCOCCOCCOCCOCCOCCOCCOCCOCCOCCOCCOCCOCCOCCOCCOCCOCCOCCOCCOCCOCCOCCOCCOCCOCCOCCOCCOCCOCCOCCOCCOCCOCCOCCOCCOCCOCCOCCOCCOCCOCCOC)O)OC(=O)CCCCCCCCCCCCC,2.5,2000.0,35.0,10.0,,,,mRNA,in_vitro,in_vitro,A549,in_vitro,,,,,,,-1.0699388633100415,normalized_luminescence,105.0,0.0,0.0,70.0,1475.103622,191.97,0.0,17.0,22.3283,426.502,0.795454545,3.0,2.0,1476.167,True,True,False,biodegradable acrylate,,,,,,,,,,,,,,,,,,,linear
LNPhub_R0004072,LNPhub_BL_2023,https://www.nature.com/articles/s41587-023-01679-x,LNPhub_BL_2023_LNP_000068,BL_A14-T4,CCC#CCOC(=O)OC(C/C=C\CCCCCCCCOC(=O)CCN(C)CCN(CCN(C)CCC(=O)OCCCCCCCC/C=C\CC(CCCCCC)OC(=O)OCC#CCC)CCN(C)CCC(=O)OCCCCCCCC/C=C\CC(CCCCCC)OC(=O)OCC#CCC)CCCCCC,Ugi-3CR,CNCCN(CCNC)CCNC,secondary_tertiary,C=CC(=O)OCCCCCCCC/C=C\CC(CCCCCC)OC(=O)O,ester/carbonate acrylate,1,T4,CCC#CCO,ricinoleic/aliphatic,,,,,,,,,,,,,,,,head–linker–tail,DOPE,[H][C@@](COP([O-])(OCC[NH3+])=O)(OC(CCCCCCC/C=C\\CCCCCCCC)=O)COC(CCCCCCC/C=C\\CCCCCCCC)=O,16.0,Cholesterol,C[C@H](CCCC(C)C)[C@H]1CC[C@@H]2[C@@]1(CC[C@H]3[C@H]2CC=C4[C@@]3(CC[C@@H](C4)O)C)C,46.5,DMPE-PEG2000,CCCCCCCCCCCCCC(=O)OCC(COP(=O)(OCCNCC(=O)OCCOCCOCCOCCOCCOCCOCCOCCOCCOCCOCCOCCOCCOCCOCCOCCOCCOCCOCCOCCOCCOCCOCCOCCOCCOCCOCCOCCOCCOCCOCCOCCOCCOCCOCCOCCOCCOCCOCCOCCOCCOCCOCCOC)O)OC(=O)CCCCCCCCCCCCC,2.5,2000.0,35.0,10.0,,,,mRNA,in_vitro,in_vitro,A549,in_vitro,132.8,,,,,,-1.1239457469055096,normalized_luminescence,109.0,0.0,0.0,72.0,1533.15672,198.45,0.0,19.0,20.6315,443.028,0.8,3.0,4.0,1534.251,True,True,False,biodegradable acrylate,,,,,,92.0,,,,,,,,,,,,,branched
LNPhub_R0004073,LNPhub_BL_2023,https://www.nature.com/articles/s41587-023-01679-x,LNPhub_BL_2023_LNP_000069,BL_A56-T4,CCC#CCOC(=O)OC(C/C=C\CCCCCCCCOC(=O)CCN(CCO)CCC(=O)OCCCCCCCC/C=C\CC(CCCCCC)OC(=O)OCC#CCC)CCCCCC,Ugi-3CR,C(CO)N,primary,C=CC(=O)OCCCCCCCC/C=C\CC(CCCCCC)OC(=O)O,ester/carbonate acrylate,1,T4,CCC#CCO,ricinoleic/aliphatic,,,,,,,,,,,,,,,,head–linker–tail,DOPE,[H][C@@](COP([O-])(OCC[NH3+])=O)(OC(CCCCCCC/C=C\\CCCCCCCC)=O)COC(CCCCCCC/C=C\\CCCCCCCC)=O,16.0,Cholesterol,C[C@H](CCCC(C)C)[C@H]1CC[C@@H]2[C@@]1(CC[C@H]3[C@H]2CC=C4[C@@]3(CC[C@@H](C4)O)C)C,46.5,DMPE-PEG2000,CCCCCCCCCCCCCC(=O)OCC(COP(=O)(OCCNCC(=O)OCCOCCOCCOCCOCCOCCOCCOCCOCCOCCOCCOCCOCCOCCOCCOCCOCCOCCOCCOCCOCCOCCOCCOCCOCCOCCOCCOCCOCCOCCOCCOCCOCCOCCOCCOCCOCCOCCOCCOCCOCCOCCOCCOC)O)OC(=O)CCCCCCCCCCCCC,2.5,2000.0,35.0,10.0,,,,mRNA,in_vitro,in_vitro,A549,in_vitro,,,,,,,-0.6962810055688194,normalized_luminescence,68.0,0.0,0.0,44.0,957.6905129,147.13,1.0,12.0,13.3125,272.9238,0.785714286,2.0,1.0,958.372,True,True,False,biodegradable acrylate,,,,,,,,,,,,,,,,,,,linear
LNPhub_R0004074,LNPhub_BL_2023,https://www.nature.com/articles/s41587-023-01679-x,LNPhub_BL_2023_LNP_000070,BL_A66-T8,CCCCCCC#CCOC(=O)OC(C/C=C\CCCCCCCCOC(=O)CCN(CCC(=O)OCCCCCCCC/C=C\CC(CCCCCC)OC(=O)OCC#CCCCCCC)CCC1OCCO1)CCCCCC,Ugi-3CR,NCCC1OCCO1,primary,C=CC(=O)OCCCCCCCC/C=C\CC(CCCCCC)OC(=O)O,ester/carbonate acrylate,1,T8,CCCCCCC#CCO,ricinoleic/aliphatic,,,,,,,,,,,,,,,,head–linker–tail,DOPE,[H][C@@](COP([O-])(OCC[NH3+])=O)(OC(CCCCCCC/C=C\\CCCCCCCC)=O)COC(CCCCCCC/C=C\\CCCCCCCC)=O,16.0,Cholesterol,C[C@H](CCCC(C)C)[C@H]1CC[C@@H]2[C@@]1(CC[C@H]3[C@H]2CC=C4[C@@]3(CC[C@@H](C4)O)C)C,46.5,DMPE-PEG2000,CCCCCCCCCCCCCC(=O)OCC(COP(=O)(OCCNCC(=O)OCCOCCOCCOCCOCCOCCOCCOCCOCCOCCOCCOCCOCCOCCOCCOCCOCCOCCOCCOCCOCCOCCOCCOCCOCCOCCOCCOCCOCCOCCOCCOCCOCCOCCOCCOCCOCCOCCOCCOCCOCCOCCOCCOC)O)OC(=O)CCCCCCCCCCCCC,2.5,2000.0,35.0,10.0,,,,mRNA,in_vitro,in_vitro,A549,in_vitro,,,,,,,-0.5195187404102047,normalized_luminescence,80.0,1.0,0.0,53.0,1125.841928,145.36,0.0,13.0,17.204,323.083,0.820895522,2.0,1.0,1126.652,True,True,False,biodegradable acrylate,,,,,,,,,,,,,,,,,,,cyclic
LNPhub_R0004075,LNPhub_BL_2023,https://www.nature.com/articles/s41587-023-01679-x,LNPhub_BL_2023_LNP_000071,BL_A12-T9,CCCCC#CCCOC(=O)OC(C/C=C\CCCCCCCCOC(=O)CCN1CCC(N2CCN(CC)CC2)CC1)CCCCCC,Ugi-3CR,CCN1CCN(CC1)C2CCNCC2,secondary_tertiary,C=CC(=O)OCCCCCCCC/C=C\CC(CCCCCC)OC(=O)O,ester/carbonate acrylate,1,T9,CCCCC#CCCO,ricinoleic/aliphatic,,,,,,,,,,,,,,,,head–linker–tail,DOPE,[H][C@@](COP([O-])(OCC[NH3+])=O)(OC(CCCCCCC/C=C\\CCCCCCCC)=O)COC(CCCCCCC/C=C\\CCCCCCCC)=O,16.0,Cholesterol,C[C@H](CCCC(C)C)[C@H]1CC[C@@H]2[C@@]1(CC[C@H]3[C@H]2CC=C4[C@@]3(CC[C@@H](C4)O)C)C,46.5,DMPE-PEG2000,CCCCCCCCCCCCCC(=O)OCC(COP(=O)(OCCNCC(=O)OCCOCCOCCOCCOCCOCCOCCOCCOCCOCCOCCOCCOCCOCCOCCOCCOCCOCCOCCOCCOCCOCCOCCOCCOCCOCCOCCOCCOCCOCCOCCOCCOCCOCCOCCOCCOCCOCCOCCOCCOCCOCCOCCOC)O)OC(=O)CCCCCCCCCCCCC,2.5,2000.0,35.0,10.0,,,,mRNA,in_vitro,in_vitro,A549,in_vitro,,,,,,,0.6208342229194983,normalized_luminescence,49.0,2.0,0.0,26.0,687.5550224,71.55,0.0,8.0,8.7745,201.699,0.853658537,1.0,3.0,688.051,True,True,False,biodegradable acrylate,,,,,,,,,,,,,,,,,,,cyclic-dendrimer
LNPhub_R0004076,LNPhub_BL_2023,https://www.nature.com/articles/s41587-023-01679-x,LNPhub_BL_2023_LNP_000072,BL_A26-T6,CCCCC#CCOC(=O)OC(C/C=C\CCCCCCCCOC(=O)CCN(C)CCCn1ccnc1)CCCCCC,Ugi-3CR,CNCCCN1C=CN=C1,secondary,C=CC(=O)OCCCCCCCC/C=C\CC(CCCCCC)OC(=O)O,ester/carbonate acrylate,1,T6,CCCCC#CCO,ricinoleic/aliphatic,,,,,,,,,,,,,,,,head–linker–tail,DOPE,[H][C@@](COP([O-])(OCC[NH3+])=O)(OC(CCCCCCC/C=C\\CCCCCCCC)=O)COC(CCCCCCC/C=C\\CCCCCCCC)=O,16.0,Cholesterol,C[C@H](CCCC(C)C)[C@H]1CC[C@@H]2[C@@]1(CC[C@H]3[C@H]2CC=C4[C@@]3(CC[C@@H](C4)O)C)C,46.5,DMPE-PEG2000,CCCCCCCCCCCCCC(=O)OCC(COP(=O)(OCCNCC(=O)OCCOCCOCCOCCOCCOCCOCCOCCOCCOCCOCCOCCOCCOCCOCCOCCOCCOCCOCCOCCOCCOCCOCCOCCOCCOCCOCCOCCOCCOCCOCCOCCOCCOCCOCCOCCOCCOCCOCCOCCOCCOCCOCCOC)O)OC(=O)CCCCCCCCCCCCC,2.5,2000.0,35.0,10.0,,,,mRNA,in_vitro,in_vitro,A549,in_vitro,,,,,,,0.9407238037298548,normalized_luminescence,44.0,1.0,1.0,27.0,615.4611221,82.89,0.0,8.0,8.5011,178.274,0.75,1.0,3.0,615.9,True,True,False,biodegradable acrylate,,,,,,,,,,,,,,,,,,,cyclic
LNPhub_R0004077,LNPhub_BL_2023,https://www.nature.com/articles/s41587-023-01679-x,LNPhub_BL_2023_LNP_000073,BL_A32-T4,CCC#CCOC(=O)OC(C/C=C\CCCCCCCCOC(=O)CCN(CCCN(C)C)CCCN(C)C)CCCCCC,Ugi-3CR,CN(C)CCCNCCCN(C)C,secondary_tertiary,C=CC(=O)OCCCCCCCC/C=C\CC(CCCCCC)OC(=O)O,ester/carbonate acrylate,1,T4,CCC#CCO,ricinoleic/aliphatic,,,,,,,,,,,,,,,,head–linker–tail,DOPE,[H][C@@](COP([O-])(OCC[NH3+])=O)(OC(CCCCCCC/C=C\\CCCCCCCC)=O)COC(CCCCCCC/C=C\\CCCCCCCC)=O,16.0,Cholesterol,C[C@H](CCCC(C)C)[C@H]1CC[C@@H]2[C@@]1(CC[C@H]3[C@H]2CC=C4[C@@]3(CC[C@@H](C4)O)C)C,46.5,DMPE-PEG2000,CCCCCCCCCCCCCC(=O)OCC(COP(=O)(OCCNCC(=O)OCCOCCOCCOCCOCCOCCOCCOCCOCCOCCOCCOCCOCCOCCOCCOCCOCCOCCOCCOCCOCCOCCOCCOCCOCCOCCOCCOCCOCCOCCOCCOCCOCCOCCOCCOCCOCCOCCOCCOCCOCCOCCOCCOC)O)OC(=O)CCCCCCCCCCCCC,2.5,2000.0,35.0,10.0,,,,mRNA,in_vitro,in_vitro,A549,in_vitro,,,,,,,-0.0838075585703613,normalized_luminescence,45.0,0.0,0.0,29.0,635.5237223,71.55,0.0,8.0,7.7077,187.481,0.837837838,1.0,3.0,635.975,True,True,False,biodegradable acrylate,,,,,,,,,,,,,,,,,,,branched
LNPhub_R0004078,LNPhub_BL_2023,https://www.nature.com/articles/s41587-023-01679-x,LNPhub_BL_2023_LNP_000074,BL_A41-T3,CCCCC/C=C\C/C=C\CCCCCCCCOC(=O)OC(C/C=C\CCCCCCCCOC(=O)CCN1CCC[C@H]1CO)CCCCCC,Ugi-3CR,C1C[C@@H](CO)NC1,secondary,C=CC(=O)OCCCCCCCC/C=C\CC(CCCCCC)OC(=O)O,ester/carbonate acrylate,1,T3,CCCCCC=CCC=C=CCCCCCCCCO,ricinoleic/aliphatic,,,,,,,,,,,,,,,,head–linker–tail,DOPE,[H][C@@](COP([O-])(OCC[NH3+])=O)(OC(CCCCCCC/C=C\\CCCCCCCC)=O)COC(CCCCCCC/C=C\\CCCCCCCC)=O,16.0,Cholesterol,C[C@H](CCCC(C)C)[C@H]1CC[C@@H]2[C@@]1(CC[C@H]3[C@H]2CC=C4[C@@]3(CC[C@@H](C4)O)C)C,46.5,DMPE-PEG2000,CCCCCCCCCCCCCC(=O)OCC(COP(=O)(OCCNCC(=O)OCCOCCOCCOCCOCCOCCOCCOCCOCCOCCOCCOCCOCCOCCOCCOCCOCCOCCOCCOCCOCCOCCOCCOCCOCCOCCOCCOCCOCCOCCOCCOCCOCCOCCOCCOCCOCCOCCOCCOCCOCCOCCOCCOC)O)OC(=O)CCCCCCCCCCCCC,2.5,2000.0,35.0,10.0,,,,mRNA,in_vitro,in_vitro,A549,in_vitro,,,,,,,-0.0206201045289326,normalized_luminescence,52.0,1.0,0.0,36.0,731.6063893,85.3,1.0,7.0,12.3591,217.6708,0.822222222,2.0,1.0,732.144,True,True,False,biodegradable acrylate,,,,,,,,,,,,,,,,,,,cyclic
LNPhub_R0004079,LNPhub_BL_2023,https://www.nature.com/articles/s41587-023-01679-x,LNPhub_BL_2023_LNP_000075,BL_A1-T6,CCCCC#CCOC(=O)OC(C/C=C\CCCCCCCCOC(=O)CCN(CCCN(C)C)CCC(=O)OCCCCCCCC/C=C\CC(CCCCCC)OC(=O)OCC#CCCCC)CCCCCC,Ugi-3CR,CN(C)CCCN,primary_tertiary,C=CC(=O)OCCCCCCCC/C=C\CC(CCCCCC)OC(=O)O,ester/carbonate acrylate,1,T6,CCCCC#CCO,ricinoleic/aliphatic,,,,,,,,,,,,,,,,head–linker–tail,DOPE,[H][C@@](COP([O-])(OCC[NH3+])=O)(OC(CCCCCCC/C=C\\CCCCCCCC)=O)COC(CCCCCCC/C=C\\CCCCCCCC)=O,16.0,Cholesterol,C[C@H](CCCC(C)C)[C@H]1CC[C@@H]2[C@@]1(CC[C@H]3[C@H]2CC=C4[C@@]3(CC[C@@H](C4)O)C)C,46.5,DMPE-PEG2000,CCCCCCCCCCCCCC(=O)OCC(COP(=O)(OCCNCC(=O)OCCOCCOCCOCCOCCOCCOCCOCCOCCOCCOCCOCCOCCOCCOCCOCCOCCOCCOCCOCCOCCOCCOCCOCCOCCOCCOCCOCCOCCOCCOCCOCCOCCOCCOCCOCCOCCOCCOCCOCCOCCOCCOCCOC)O)OC(=O)CCCCCCCCCCCCC,2.5,2000.0,35.0,10.0,,,,mRNA,in_vitro,in_vitro,A549,in_vitro,,,,,,,-0.0141461678374685,normalized_luminescence,75.0,0.0,0.0,50.0,1054.816048,130.14,0.0,12.0,15.8323,307.477,0.80952381,2.0,2.0,1055.577,True,True,False,biodegradable acrylate,,,,,,,,,,,,,,,,,,,branched
LNPhub_R0004080,LNPhub_BL_2023,https://www.nature.com/articles/s41587-023-01679-x,LNPhub_BL_2023_LNP_000076,BL_A36-T2,CCCCCCCC/C=C\CCCCCCCCOC(=O)OC(C/C=C\CCCCCCCCOC(=O)CCN1CCN(CCN(C)C)CC1)CCCCCC,Ugi-3CR,CN(C)CCN1CCNCC1,secondary_tertiary,C=CC(=O)OCCCCCCCC/C=C\CC(CCCCCC)OC(=O)O,ester/carbonate acrylate,1,T2,CCCCCCCCC=CCCCCCCCCO,ricinoleic/aliphatic,,,,,,,,,,,,,,,,head–linker–tail,DOPE,[H][C@@](COP([O-])(OCC[NH3+])=O)(OC(CCCCCCC/C=C\\CCCCCCCC)=O)COC(CCCCCCC/C=C\\CCCCCCCC)=O,16.0,Cholesterol,C[C@H](CCCC(C)C)[C@H]1CC[C@@H]2[C@@]1(CC[C@H]3[C@H]2CC=C4[C@@]3(CC[C@@H](C4)O)C)C,46.5,DMPE-PEG2000,CCCCCCCCCCCCCC(=O)OCC(COP(=O)(OCCNCC(=O)OCCOCCOCCOCCOCCOCCOCCOCCOCCOCCOCCOCCOCCOCCOCCOCCOCCOCCOCCOCCOCCOCCOCCOCCOCCOCCOCCOCCOCCOCCOCCOCCOCCOCCOCCOCCOCCOCCOCCOCCOCCOCCOCCOC)O)OC(=O)CCCCCCCCCCCCC,2.5,2000.0,35.0,10.0,,,,mRNA,in_vitro,in_vitro,A549,in_vitro,,,,,,,1.4986486704631663,normalized_luminescence,56.0,1.0,0.0,39.0,789.695873,71.55,0.0,8.0,12.3056,237.518,0.875,1.0,3.0,790.272,True,True,False,biodegradable acrylate,,,,,,,,,,,,,,,,,,,cyclic
LNPhub_R0004081,LNPhub_BL_2023,https://www.nature.com/articles/s41587-023-01679-x,LNPhub_BL_2023_LNP_000077,BL_A1-T2,CCCCCCCC/C=C\CCCCCCCCOC(=O)OC(C/C=C\CCCCCCCCOC(=O)CCN(CCCN(C)C)CCC(=O)OCCCCCCCC/C=C\CC(CCCCCC)OC(=O)OCCCCCCCC/C=C\CCCCCCCC)CCCCCC,Ugi-3CR,CN(C)CCCN,primary_tertiary,C=CC(=O)OCCCCCCCC/C=C\CC(CCCCCC)OC(=O)O,ester/carbonate acrylate,1,T2,CCCCCCCCC=CCCCCCCCCO,ricinoleic/aliphatic,,,,,,,,,,,,,,,,head–linker–tail,DOTAP,[H]C(C[N+](C)(C)C)(OC(CCCCCCC/C=C\CCCCCCCC)=O)COC(CCCCCCC/C=C\CCCCCCCC)=O,39.0,Cholesterol,C[C@H](CCCC(C)C)[C@H]1CC[C@@H]2[C@@]1(CC[C@H]3[C@H]2CC=C4[C@@]3(CC[C@@H](C4)O)C)C,30.0,DMPE-PEG2000,CCCCCCCCCCCCCC(=O)OCC(COP(=O)(OCCNCC(=O)OCCOCCOCCOCCOCCOCCOCCOCCOCCOCCOCCOCCOCCOCCOCCOCCOCCOCCOCCOCCOCCOCCOCCOCCOCCOCCOCCOCCOCCOCCOCCOCCOCCOCCOCCOCCOCCOCCOCCOCCOCCOCCOCCOC)O)OC(=O)CCCCCCCCCCCCC,1.0,2000.0,30.0,7.5,,,,mRNA,intratracheal,in_vivo,Mouse_B6,lung_epithelium,,,,,,,0.6170299834214221,normalized_luminescence,97.0,0.0,0.0,76.0,1367.191649,130.14,0.0,12.0,25.5201,411.779,0.858823529,2.0,2.0,1368.203,True,True,False,biodegradable acrylate,,,,,,,,,,,,,,,,,,,branched
LNPhub_R0004082,LNPhub_BL_2023,https://www.nature.com/articles/s41587-023-01679-x,LNPhub_BL_2023_LNP_000078,BL_A7-T10,CCCCCCC#CCCOC(=O)OC(C/C=C\CCCCCCCCOC(=O)CCN(C)CCCCCCN(C)CCC(=O)OCCCCCCCC/C=C\CC(CCCCCC)OC(=O)OCCC#CCCCCCC)CCCCCC,Ugi-3CR,CNCCCCCCNC,secondary,C=CC(=O)OCCCCCCCC/C=C\CC(CCCCCC)OC(=O)O,ester/carbonate acrylate,1,T10,CCCCCCC#CCCO,ricinoleic/aliphatic,,,,,,,,,,,,,,,,head–linker–tail,DOPE,[H][C@@](COP([O-])(OCC[NH3+])=O)(OC(CCCCCCC/C=C\\CCCCCCCC)=O)COC(CCCCCCC/C=C\\CCCCCCCC)=O,16.0,Cholesterol,C[C@H](CCCC(C)C)[C@H]1CC[C@@H]2[C@@]1(CC[C@H]3[C@H]2CC=C4[C@@]3(CC[C@@H](C4)O)C)C,46.5,DMPE-PEG2000,CCCCCCCCCCCCCC(=O)OCC(COP(=O)(OCCNCC(=O)OCCOCCOCCOCCOCCOCCOCCOCCOCCOCCOCCOCCOCCOCCOCCOCCOCCOCCOCCOCCOCCOCCOCCOCCOCCOCCOCCOCCOCCOCCOCCOCCOCCOCCOCCOCCOCCOCCOCCOCCOCCOCCOCCOC)O)OC(=O)CCCCCCCCCCCCC,2.5,2000.0,35.0,10.0,,,,mRNA,in_vitro,in_vitro,A549,in_vitro,,,,,,,0.999812624075002,normalized_luminescence,84.0,0.0,0.0,59.0,1180.956898,130.14,0.0,12.0,19.3432,349.03,0.833333333,2.0,2.0,1181.82,True,True,False,biodegradable acrylate,,,,,,,,,,,,,,,,,,,linear
LNPhub_R0004083,LNPhub_BL_2023,https://www.nature.com/articles/s41587-023-01679-x,LNPhub_BL_2023_LNP_000079,BL_A1-T5,CCCC#CCOC(=O)OC(C/C=C\CCCCCCCCOC(=O)CCN(CCCN(C)C)CCC(=O)OCCCCCCCC/C=C\CC(CCCCCC)OC(=O)OCC#CCCC)CCCCCC,Ugi-3CR,CN(C)CCCN,primary_tertiary,C=CC(=O)OCCCCCCCC/C=C\CC(CCCCCC)OC(=O)O,ester/carbonate acrylate,1,T5,CCCC#CCO,ricinoleic/aliphatic,,,,,,,,,,,,,,,,head–linker–tail,DOPE,[H][C@@](COP([O-])(OCC[NH3+])=O)(OC(CCCCCCC/C=C\\CCCCCCCC)=O)COC(CCCCCCC/C=C\\CCCCCCCC)=O,16.0,Cholesterol,C[C@H](CCCC(C)C)[C@H]1CC[C@@H]2[C@@]1(CC[C@H]3[C@H]2CC=C4[C@@]3(CC[C@@H](C4)O)C)C,46.5,DMPE-PEG2000,CCCCCCCCCCCCCC(=O)OCC(COP(=O)(OCCNCC(=O)OCCOCCOCCOCCOCCOCCOCCOCCOCCOCCOCCOCCOCCOCCOCCOCCOCCOCCOCCOCCOCCOCCOCCOCCOCCOCCOCCOCCOCCOCCOCCOCCOCCOCCOCCOCCOCCOCCOCCOCCOCCOCCOCCOC)O)OC(=O)CCCCCCCCCCCCC,2.5,2000.0,35.0,10.0,,,,mRNA,in_vitro,in_vitro,A549,in_vitro,,,,,,,-0.0873564092810672,normalized_luminescence,73.0,0.0,0.0,48.0,1026.784748,130.14,0.0,12.0,15.0521,298.243,0.803278689,2.0,2.0,1027.523,True,True,False,biodegradable acrylate,,,,,,,,,,,,,,,,,,,branched
LNPhub_R0004084,LNPhub_BL_2023,https://www.nature.com/articles/s41587-023-01679-x,LNPhub_BL_2023_LNP_000080,BL_A14-T8,CCCCCCC#CCOC(=O)OC(C/C=C\CCCCCCCCOC(=O)CCN(C)CCN(CCN(C)CCC(=O)OCCCCCCCC/C=C\CC(CCCCCC)OC(=O)OCC#CCCCCCC)CCN(C)CCC(=O)OCCCCCCCC/C=C\CC(CCCCCC)OC(=O)OCC#CCCCCCC)CCCCCC,Ugi-3CR,CNCCN(CCNC)CCNC,secondary_tertiary,C=CC(=O)OCCCCCCCC/C=C\CC(CCCCCC)OC(=O)O,ester/carbonate acrylate,1,T8,CCCCCCC#CCO,ricinoleic/aliphatic,,,,,,,,,,,,,,,,head–linker–tail,DOTAP,[H]C(C[N+](C)(C)C)(OC(CCCCCCC/C=C\CCCCCCCC)=O)COC(CCCCCCC/C=C\CCCCCCCC)=O,39.0,Cholesterol,C[C@H](CCCC(C)C)[C@H]1CC[C@@H]2[C@@]1(CC[C@H]3[C@H]2CC=C4[C@@]3(CC[C@@H](C4)O)C)C,30.0,DMPE-PEG2000,CCCCCCCCCCCCCC(=O)OCC(COP(=O)(OCCNCC(=O)OCCOCCOCCOCCOCCOCCOCCOCCOCCOCCOCCOCCOCCOCCOCCOCCOCCOCCOCCOCCOCCOCCOCCOCCOCCOCCOCCOCCOCCOCCOCCOCCOCCOCCOCCOCCOCCOCCOCCOCCOCCOCCOCCOC)O)OC(=O)CCCCCCCCCCCCC,1.0,2000.0,30.0,7.5,,,,mRNA,intratracheal,in_vivo,Mouse_B6,lung_epithelium,129.6,,,,,,-1.144441437834713,normalized_luminescence,121.0,0.0,0.0,84.0,1701.344521,198.45,0.0,19.0,25.3127,498.432,0.823529412,3.0,4.0,1702.575,True,True,False,biodegradable acrylate,,,,,,78.0,,,,,,,,,,,,,branched
LNPhub_R0004085,LNPhub_BL_2023,https://www.nature.com/articles/s41587-023-01679-x,LNPhub_BL_2023_LNP_000081,BL_A19-T8,CCCCCCC#CCOC(=O)OC(C/C=C\CCCCCCCCOC(=O)CCN(CCC(=O)OCCCCCCCC/C=C\CC(CCCCCC)OC(=O)OCC#CCCCCCC)CCN1CCCCC1)CCCCCC,Ugi-3CR,NCCN1CCCCC1,primary_tertiary,C=CC(=O)OCCCCCCCC/C=C\CC(CCCCCC)OC(=O)O,ester/carbonate acrylate,1,T8,CCCCCCC#CCO,ricinoleic/aliphatic,,,,,,,,,,,,,,,,head–linker–tail,DOTAP,[H]C(C[N+](C)(C)C)(OC(CCCCCCC/C=C\CCCCCCCC)=O)COC(CCCCCCC/C=C\CCCCCCCC)=O,39.0,Cholesterol,C[C@H](CCCC(C)C)[C@H]1CC[C@@H]2[C@@]1(CC[C@H]3[C@H]2CC=C4[C@@]3(CC[C@@H](C4)O)C)C,30.0,DMPE-PEG2000,CCCCCCCCCCCCCC(=O)OCC(COP(=O)(OCCNCC(=O)OCCOCCOCCOCCOCCOCCOCCOCCOCCOCCOCCOCCOCCOCCOCCOCCOCCOCCOCCOCCOCCOCCOCCOCCOCCOCCOCCOCCOCCOCCOCCOCCOCCOCCOCCOCCOCCOCCOCCOCCOCCOCCOCCOC)O)OC(=O)CCCCCCCCCCCCC,1.0,2000.0,30.0,7.5,,,,mRNA,intratracheal,in_vivo,Mouse_B6,lung_epithelium,131.6,,,,,,-0.1428191797427093,normalized_luminescence,81.0,1.0,0.0,53.0,1136.894298,130.14,0.0,12.0,17.9269,333.065,0.826086957,2.0,2.0,1137.723,True,True,False,biodegradable acrylate,,,,,,71.0,,,,,,,,,,,,,cyclic
LNPhub_R0004086,LNPhub_BL_2023,https://www.nature.com/articles/s41587-023-01679-x,LNPhub_BL_2023_LNP_000082,BL_A29-T10,CCCCCCC#CCCOC(=O)OC(C/C=C\CCCCCCCCOC(=O)CCN(C)CCN(C)C)CCCCCC,Ugi-3CR,CNCCN(C)C,secondary_tertiary,C=CC(=O)OCCCCCCCC/C=C\CC(CCCCCC)OC(=O)O,ester/carbonate acrylate,1,T10,CCCCCCC#CCCO,ricinoleic/aliphatic,,,,,,,,,,,,,,,,head–linker–tail,DOPE,[H][C@@](COP([O-])(OCC[NH3+])=O)(OC(CCCCCCC/C=C\\CCCCCCCC)=O)COC(CCCCCCC/C=C\\CCCCCCCC)=O,16.0,Cholesterol,C[C@H](CCCC(C)C)[C@H]1CC[C@@H]2[C@@]1(CC[C@H]3[C@H]2CC=C4[C@@]3(CC[C@@H](C4)O)C)C,46.5,DMPE-PEG2000,CCCCCCCCCCCCCC(=O)OCC(COP(=O)(OCCNCC(=O)OCCOCCOCCOCCOCCOCCOCCOCCOCCOCCOCCOCCOCCOCCOCCOCCOCCOCCOCCOCCOCCOCCOCCOCCOCCOCCOCCOCCOCCOCCOCCOCCOCCOCCOCCOCCOCCOCCOCCOCCOCCOCCOCCOC)O)OC(=O)CCCCCCCCCCCCC,2.5,2000.0,35.0,10.0,,,,mRNA,in_vitro,in_vitro,A549,in_vitro,,,,,,,-0.8471172384958703,normalized_luminescence,44.0,0.0,0.0,29.0,620.5128233,68.31,0.0,7.0,8.9462,183.835,0.837837838,1.0,2.0,620.96,True,True,False,biodegradable acrylate,,,,,,,,,,,,,,,,,,,branched
LNPhub_R0004087,LNPhub_BL_2023,https://www.nature.com/articles/s41587-023-01679-x,LNPhub_BL_2023_LNP_000083,BL_A3-T3,CCCCC/C=C\C/C=C\CCCCCCCCOC(=O)OC(C/C=C\CCCCCCCCOC(=O)CCN(CCCN(CC)CC)CCC(=O)OCCCCCCCC/C=C\CC(CCCCCC)OC(=O)OCCCCCCCC/C=C\C/C=C\CCCCC)CCCCCC,Ugi-3CR,CCN(CC)CCCN,primary_tertiary,C=CC(=O)OCCCCCCCC/C=C\CC(CCCCCC)OC(=O)O,ester/carbonate acrylate,1,T3,CCCCCC=CCC=C=CCCCCCCCCO,ricinoleic/aliphatic,,,,,,,,,,,,,,,,head–linker–tail,DOTAP,[H]C(C[N+](C)(C)C)(OC(CCCCCCC/C=C\CCCCCCCC)=O)COC(CCCCCCC/C=C\CCCCCCCC)=O,39.0,Cholesterol,C[C@H](CCCC(C)C)[C@H]1CC[C@@H]2[C@@]1(CC[C@H]3[C@H]2CC=C4[C@@]3(CC[C@@H](C4)O)C)C,30.0,DMPE-PEG2000,CCCCCCCCCCCCCC(=O)OCC(COP(=O)(OCCNCC(=O)OCCOCCOCCOCCOCCOCCOCCOCCOCCOCCOCCOCCOCCOCCOCCOCCOCCOCCOCCOCCOCCOCCOCCOCCOCCOCCOCCOCCOCCOCCOCCOCCOCCOCCOCCOCCOCCOCCOCCOCCOCCOCCOCCOC)O)OC(=O)CCCCCCCCCCCCC,1.0,2000.0,30.0,7.5,,,,mRNA,intratracheal,in_vivo,Mouse_B6,lung_epithelium,,,,,,,-1.1374282997658265,normalized_luminescence,99.0,0.0,0.0,76.0,1391.191649,130.14,0.0,12.0,25.8523,420.825,0.816091954,2.0,2.0,1392.225,True,True,False,biodegradable acrylate,,,,,,,,,,,,,,,,,,,branched
LNPhub_R0004088,LNPhub_BL_2023,https://www.nature.com/articles/s41587-023-01679-x,LNPhub_BL_2023_LNP_000084,BL_A4-T9,CCCCC#CCCOC(=O)OC(C/C=C\CCCCCCCCOC(=O)CCN(CCC(=O)OCCCCCCCC/C=C\CC(CCCCCC)OC(=O)OCCC#CCCCC)CCN(CC)CC)CCCCCC,Ugi-3CR,CCN(CC)CCN,primary_tertiary,C=CC(=O)OCCCCCCCC/C=C\CC(CCCCCC)OC(=O)O,ester/carbonate acrylate,1,T9,CCCCC#CCCO,ricinoleic/aliphatic,,,,,,,,,,,,,,,,head–linker–tail,DOTAP,[H]C(C[N+](C)(C)C)(OC(CCCCCCC/C=C\CCCCCCCC)=O)COC(CCCCCCC/C=C\CCCCCCCC)=O,39.0,Cholesterol,C[C@H](CCCC(C)C)[C@H]1CC[C@@H]2[C@@]1(CC[C@H]3[C@H]2CC=C4[C@@]3(CC[C@@H](C4)O)C)C,30.0,DMPE-PEG2000,CCCCCCCCCCCCCC(=O)OCC(COP(=O)(OCCNCC(=O)OCCOCCOCCOCCOCCOCCOCCOCCOCCOCCOCCOCCOCCOCCOCCOCCOCCOCCOCCOCCOCCOCCOCCOCCOCCOCCOCCOCCOCCOCCOCCOCCOCCOCCOCCOCCOCCOCCOCCOCCOCCOCCOCCOC)O)OC(=O)CCCCCCCCCCCCC,1.0,2000.0,30.0,7.5,,,,mRNA,intratracheal,in_vivo,Mouse_B6,lung_epithelium,134.7,,,,,,0.9001767257053206,normalized_luminescence,78.0,0.0,0.0,53.0,1096.862998,130.14,0.0,12.0,17.0026,321.328,0.818181818,2.0,2.0,1097.658,True,True,False,biodegradable acrylate,,,,,,92.0,,,,,,,,,,,,,branched
LNPhub_R0004089,LNPhub_BL_2023,https://www.nature.com/articles/s41587-023-01679-x,LNPhub_BL_2023_LNP_000085,BL_A53-T5,CCCC#CCOC(=O)OC(C/C=C\CCCCCCCCOC(=O)CCN1CCC(O)CC1)CCCCCC,Ugi-3CR,C1CNCCC1O,secondary,C=CC(=O)OCCCCCCCC/C=C\CC(CCCCCC)OC(=O)O,ester/carbonate acrylate,1,T5,CCCC#CCO,ricinoleic/aliphatic,,,,,,,,,,,,,,,,head–linker–tail,DOPE,[H][C@@](COP([O-])(OCC[NH3+])=O)(OC(CCCCCCC/C=C\\CCCCCCCC)=O)COC(CCCCCCC/C=C\\CCCCCCCC)=O,16.0,Cholesterol,C[C@H](CCCC(C)C)[C@H]1CC[C@@H]2[C@@]1(CC[C@H]3[C@H]2CC=C4[C@@]3(CC[C@@H](C4)O)C)C,46.5,DMPE-PEG2000,CCCCCCCCCCCCCC(=O)OCC(COP(=O)(OCCNCC(=O)OCCOCCOCCOCCOCCOCCOCCOCCOCCOCCOCCOCCOCCOCCOCCOCCOCCOCCOCCOCCOCCOCCOCCOCCOCCOCCOCCOCCOCCOCCOCCOCCOCCOCCOCCOCCOCCOCCOCCOCCOCCOCCOCCOC)O)OC(=O)CCCCCCCCCCCCC,2.5,2000.0,35.0,10.0,,,,mRNA,in_vitro,in_vitro,A549,in_vitro,,,,,,,-0.3423597147309969,normalized_luminescence,40.0,1.0,0.0,22.0,563.4185885,85.3,1.0,7.0,7.3491,160.9968,0.818181818,1.0,1.0,563.82,True,True,False,biodegradable acrylate,,,,,,,,,,,,,,,,,,,cyclic
LNPhub_R0004090,LNPhub_BL_2023,https://www.nature.com/articles/s41587-023-01679-x,LNPhub_BL_2023_LNP_000086,BL_A14-T2,CCCCCCCC/C=C\CCCCCCCCOC(=O)OC(C/C=C\CCCCCCCCOC(=O)CCN(C)CCN(CCN(C)CCC(=O)OCCCCCCCC/C=C\CC(CCCCCC)OC(=O)OCCCCCCCC/C=C\CCCCCCCC)CCN(C)CCC(=O)OCCCCCCCC/C=C\CC(CCCCCC)OC(=O)OCCCCCCCC/C=C\CCCCCCCC)CCCCCC,Ugi-3CR,CNCCN(CCNC)CCNC,secondary_tertiary,C=CC(=O)OCCCCCCCC/C=C\CC(CCCCCC)OC(=O)O,ester/carbonate acrylate,1,T2,CCCCCCCCC=CCCCCCCCCO,ricinoleic/aliphatic,,,,,,,,,,,,,,,,head–linker–tail,DOPE,[H][C@@](COP([O-])(OCC[NH3+])=O)(OC(CCCCCCC/C=C\\CCCCCCCC)=O)COC(CCCCCCC/C=C\\CCCCCCCC)=O,16.0,Cholesterol,C[C@H](CCCC(C)C)[C@H]1CC[C@@H]2[C@@]1(CC[C@H]3[C@H]2CC=C4[C@@]3(CC[C@@H](C4)O)C)C,46.5,DMPE-PEG2000,CCCCCCCCCCCCCC(=O)OCC(COP(=O)(OCCNCC(=O)OCCOCCOCCOCCOCCOCCOCCOCCOCCOCCOCCOCCOCCOCCOCCOCCOCCOCCOCCOCCOCCOCCOCCOCCOCCOCCOCCOCCOCCOCCOCCOCCOCCOCCOCCOCCOCCOCCOCCOCCOCCOCCOCCOC)O)OC(=O)CCCCCCCCCCCCC,2.5,2000.0,35.0,10.0,,,,mRNA,in_vitro,in_vitro,A549,in_vitro,,,,,,,1.2888414088649618,normalized_luminescence,148.0,0.0,0.0,117.0,2085.814023,198.45,0.0,19.0,37.5038,627.183,0.860465116,3.0,4.0,2087.352,True,True,False,biodegradable acrylate,,,,,,,,,,,,,,,,,,,branched
LNPhub_R0004091,LNPhub_BL_2023,https://www.nature.com/articles/s41587-023-01679-x,LNPhub_BL_2023_LNP_000087,BL_A1-T2,CCCCCCCC/C=C\CCCCCCCCOC(=O)OC(C/C=C\CCCCCCCCOC(=O)CCN(CCCN(C)C)CCC(=O)OCCCCCCCC/C=C\CC(CCCCCC)OC(=O)OCCCCCCCC/C=C\CCCCCCCC)CCCCCC,Ugi-3CR,CN(C)CCCN,primary_tertiary,C=CC(=O)OCCCCCCCC/C=C\CC(CCCCCC)OC(=O)O,ester/carbonate acrylate,1,T2,CCCCCCCCC=CCCCCCCCCO,ricinoleic/aliphatic,,,,,,,,,,,,,,,,head–linker–tail,DOPE,[H][C@@](COP([O-])(OCC[NH3+])=O)(OC(CCCCCCC/C=C\\CCCCCCCC)=O)COC(CCCCCCC/C=C\\CCCCCCCC)=O,16.0,Cholesterol,C[C@H](CCCC(C)C)[C@H]1CC[C@@H]2[C@@]1(CC[C@H]3[C@H]2CC=C4[C@@]3(CC[C@@H](C4)O)C)C,46.5,DMPE-PEG2000,CCCCCCCCCCCCCC(=O)OCC(COP(=O)(OCCNCC(=O)OCCOCCOCCOCCOCCOCCOCCOCCOCCOCCOCCOCCOCCOCCOCCOCCOCCOCCOCCOCCOCCOCCOCCOCCOCCOCCOCCOCCOCCOCCOCCOCCOCCOCCOCCOCCOCCOCCOCCOCCOCCOCCOCCOC)O)OC(=O)CCCCCCCCCCCCC,2.5,2000.0,35.0,10.0,,,,mRNA,in_vitro,in_vitro,A549,in_vitro,,,,,,,2.031254228085837,normalized_luminescence,97.0,0.0,0.0,76.0,1367.191649,130.14,0.0,12.0,25.5201,411.779,0.858823529,2.0,2.0,1368.203,True,True,False,biodegradable acrylate,,,,,,,,,,,,,,,,,,,branched
LNPhub_R0004092,LNPhub_BL_2023,https://www.nature.com/articles/s41587-023-01679-x,LNPhub_BL_2023_LNP_000088,BL_A41-T5,CCCC#CCOC(=O)OC(C/C=C\CCCCCCCCOC(=O)CCN1CCC[C@H]1CO)CCCCCC,Ugi-3CR,C1C[C@@H](CO)NC1,secondary,C=CC(=O)OCCCCCCCC/C=C\CC(CCCCCC)OC(=O)O,ester/carbonate acrylate,1,T5,CCCC#CCO,ricinoleic/aliphatic,,,,,,,,,,,,,,,,head–linker–tail,DOPE,[H][C@@](COP([O-])(OCC[NH3+])=O)(OC(CCCCCCC/C=C\\CCCCCCCC)=O)COC(CCCCCCC/C=C\\CCCCCCCC)=O,16.0,Cholesterol,C[C@H](CCCC(C)C)[C@H]1CC[C@@H]2[C@@]1(CC[C@H]3[C@H]2CC=C4[C@@]3(CC[C@@H](C4)O)C)C,46.5,DMPE-PEG2000,CCCCCCCCCCCCCC(=O)OCC(COP(=O)(OCCNCC(=O)OCCOCCOCCOCCOCCOCCOCCOCCOCCOCCOCCOCCOCCOCCOCCOCCOCCOCCOCCOCCOCCOCCOCCOCCOCCOCCOCCOCCOCCOCCOCCOCCOCCOCCOCCOCCOCCOCCOCCOCCOCCOCCOCCOC)O)OC(=O)CCCCCCCCCCCCC,2.5,2000.0,35.0,10.0,,,,mRNA,in_vitro,in_vitro,A549,in_vitro,,,,,,,0.6056028654514852,normalized_luminescence,40.0,1.0,0.0,23.0,563.4185885,85.3,1.0,7.0,7.3491,160.9968,0.818181818,2.0,1.0,563.82,True,True,False,biodegradable acrylate,,,,,,,,,,,,,,,,,,,cyclic
LNPhub_R0004093,LNPhub_BL_2023,https://www.nature.com/articles/s41587-023-01679-x,LNPhub_BL_2023_LNP_000089,BL_A48-T10,CCCCCCC#CCCOC(=O)OC(C/C=C\CCCCCCCCOC(=O)CCN1CCCN(CCC(=O)OCCCCCCCC/C=C\CC(CCCCCC)OC(=O)OCCC#CCCCCCC)CCN(CCC(=O)OCCCCCCCC/C=C\CC(CCCCCC)OC(=O)OCCC#CCCCCCC)CCCN(CCC(=O)OCCCCCCCC/C=C\CC(CCCCCC)OC(=O)OCCC#CCCCCCC)CC1)CCCCCC,Ugi-3CR,C1CNCCNCCCNCCNC1,secondary,C=CC(=O)OCCCCCCCC/C=C\CC(CCCCCC)OC(=O)O,ester/carbonate acrylate,1,T10,CCCCCCC#CCCO,ricinoleic/aliphatic,,,,,,,,,,,,,,,,head–linker–tail,DOPE,[H][C@@](COP([O-])(OCC[NH3+])=O)(OC(CCCCCCC/C=C\\CCCCCCCC)=O)COC(CCCCCCC/C=C\\CCCCCCCC)=O,16.0,Cholesterol,C[C@H](CCCC(C)C)[C@H]1CC[C@@H]2[C@@]1(CC[C@H]3[C@H]2CC=C4[C@@]3(CC[C@@H](C4)O)C)C,46.5,DMPE-PEG2000,CCCCCCCCCCCCCC(=O)OCC(COP(=O)(OCCNCC(=O)OCCOCCOCCOCCOCCOCCOCCOCCOCCOCCOCCOCCOCCOCCOCCOCCOCCOCCOCCOCCOCCOCCOCCOCCOCCOCCOCCOCCOCCOCCOCCOCCOCCOCCOCCOCCOCCOCCOCCOCCOCCOCCOCCOC)O)OC(=O)CCCCCCCCCCCCC,2.5,2000.0,35.0,10.0,,,,mRNA,in_vitro,in_vitro,A549,in_vitro,,,,,,,-0.5090739569461269,normalized_luminescence,162.0,1.0,0.0,104.0,2273.788596,260.28,0.0,24.0,35.8538,666.13,0.826086957,4.0,4.0,2275.446,True,True,False,biodegradable acrylate,,,,,,,,,,,,,,,,,,,macrocyclic
LNPhub_R0004094,LNPhub_BL_2023,https://www.nature.com/articles/s41587-023-01679-x,LNPhub_BL_2023_LNP_000090,BL_A8-T8,CCCCCCC#CCOC(=O)OC(C/C=C\CCCCCCCCOC(=O)CCN(CCN(CC)CC)CCN(CC)CC)CCCCCC,Ugi-3CR,CCN(CC)CCNCCN(CC)CC,secondary_tertiary,C=CC(=O)OCCCCCCCC/C=C\CC(CCCCCC)OC(=O)O,ester/carbonate acrylate,1,T8,CCCCCCC#CCO,ricinoleic/aliphatic,,,,,,,,,,,,,,,,head–linker–tail,DOPE,[H][C@@](COP([O-])(OCC[NH3+])=O)(OC(CCCCCCC/C=C\\CCCCCCCC)=O)COC(CCCCCCC/C=C\\CCCCCCCC)=O,16.0,Cholesterol,C[C@H](CCCC(C)C)[C@H]1CC[C@@H]2[C@@]1(CC[C@H]3[C@H]2CC=C4[C@@]3(CC[C@@H](C4)O)C)C,46.5,DMPE-PEG2000,CCCCCCCCCCCCCC(=O)OCC(COP(=O)(OCCNCC(=O)OCCOCCOCCOCCOCCOCCOCCOCCOCCOCCOCCOCCOCCOCCOCCOCCOCCOCCOCCOCCOCCOCCOCCOCCOCCOCCOCCOCCOCCOCCOCCOCCOCCOCCOCCOCCOCCOCCOCCOCCOCCOCCOCCOC)O)OC(=O)CCCCCCCCCCCCC,2.5,2000.0,35.0,10.0,,,,mRNA,in_vitro,in_vitro,A549,in_vitro,,,,,,,0.2463293849394688,normalized_luminescence,51.0,0.0,0.0,35.0,719.6176227,71.55,0.0,8.0,10.0483,215.183,0.860465116,1.0,3.0,720.137,True,True,False,biodegradable acrylate,,,,,,,,,,,,,,,,,,,branched
LNPhub_R0004095,LNPhub_BL_2023,https://www.nature.com/articles/s41587-023-01679-x,LNPhub_BL_2023_LNP_000091,BL_A45-T8,CCCCCCC#CCOC(=O)OC(C/C=C\CCCCCCCCOC(=O)CCN(CCC(=O)OCCCCCCCC/C=C\CC(CCCCCC)OC(=O)OCC#CCCCCCC)CCC1CCCCN1CC(C)C)CCCCCC,Ugi-3CR,CC(C)CN1CCCCC1CCN,primary_tertiary,C=CC(=O)OCCCCCCCC/C=C\CC(CCCCCC)OC(=O)O,ester/carbonate acrylate,1,T8,CCCCCCC#CCO,ricinoleic/aliphatic,,,,,,,,,,,,,,,,head–linker–tail,DOPE,[H][C@@](COP([O-])(OCC[NH3+])=O)(OC(CCCCCCC/C=C\\CCCCCCCC)=O)COC(CCCCCCC/C=C\\CCCCCCCC)=O,16.0,Cholesterol,C[C@H](CCCC(C)C)[C@H]1CC[C@@H]2[C@@]1(CC[C@H]3[C@H]2CC=C4[C@@]3(CC[C@@H](C4)O)C)C,46.5,DMPE-PEG2000,CCCCCCCCCCCCCC(=O)OCC(COP(=O)(OCCNCC(=O)OCCOCCOCCOCCOCCOCCOCCOCCOCCOCCOCCOCCOCCOCCOCCOCCOCCOCCOCCOCCOCCOCCOCCOCCOCCOCCOCCOCCOCCOCCOCCOCCOCCOCCOCCOCCOCCOCCOCCOCCOCCOCCOCCOC)O)OC(=O)CCCCCCCCCCCCC,2.5,2000.0,35.0,10.0,,,,mRNA,in_vitro,in_vitro,A549,in_vitro,,,,,,,0.6090550253473419,normalized_luminescence,85.0,1.0,0.0,55.0,1192.956898,130.14,0.0,12.0,19.3416,351.441,0.835616438,3.0,2.0,1193.831,True,True,False,biodegradable acrylate,,,,,,,,,,,,,,,,,,,cyclic-dendrimer
LNPhub_R0004096,LNPhub_BL_2023,https://www.nature.com/articles/s41587-023-01679-x,LNPhub_BL_2023_LNP_000092,BL_A19-T2,CCCCCCCC/C=C\CCCCCCCCOC(=O)OC(C/C=C\CCCCCCCCOC(=O)CCN(CCC(=O)OCCCCCCCC/C=C\CC(CCCCCC)OC(=O)OCCCCCCCC/C=C\CCCCCCCC)CCN1CCCCC1)CCCCCC,Ugi-3CR,NCCN1CCCCC1,primary_tertiary,C=CC(=O)OCCCCCCCC/C=C\CC(CCCCCC)OC(=O)O,ester/carbonate acrylate,1,T2,CCCCCCCCC=CCCCCCCCCO,ricinoleic/aliphatic,,,,,,,,,,,,,,,,head–linker–tail,DOPE,[H][C@@](COP([O-])(OCC[NH3+])=O)(OC(CCCCCCC/C=C\\CCCCCCCC)=O)COC(CCCCCCC/C=C\\CCCCCCCC)=O,16.0,Cholesterol,C[C@H](CCCC(C)C)[C@H]1CC[C@@H]2[C@@]1(CC[C@H]3[C@H]2CC=C4[C@@]3(CC[C@@H](C4)O)C)C,46.5,DMPE-PEG2000,CCCCCCCCCCCCCC(=O)OCC(COP(=O)(OCCNCC(=O)OCCOCCOCCOCCOCCOCCOCCOCCOCCOCCOCCOCCOCCOCCOCCOCCOCCOCCOCCOCCOCCOCCOCCOCCOCCOCCOCCOCCOCCOCCOCCOCCOCCOCCOCCOCCOCCOCCOCCOCCOCCOCCOCCOC)O)OC(=O)CCCCCCCCCCCCC,2.5,2000.0,35.0,10.0,,,,mRNA,in_vitro,in_vitro,A549,in_vitro,,,,,,,0.7029338409413478,normalized_luminescence,99.0,1.0,0.0,75.0,1393.207299,130.14,0.0,12.0,26.0543,418.899,0.862068966,2.0,2.0,1394.241,True,True,False,biodegradable acrylate,,,,,,,,,,,,,,,,,,,cyclic
LNPhub_R0004097,LNPhub_BL_2023,https://www.nature.com/articles/s41587-023-01679-x,LNPhub_BL_2023_LNP_000093,BL_A68-T6,CCCCC#CCOC(=O)OC(C/C=C\CCCCCCCCOC(=O)CCN(CCC(=O)OCCCCCCCC/C=C\CC(CCCCCC)OC(=O)OCC#CCCCC)CCN1CCCC1)CCCCCC,Ugi-3CR,NCCN1CCCC1,primary_tertiary,C=CC(=O)OCCCCCCCC/C=C\CC(CCCCCC)OC(=O)O,ester/carbonate acrylate,1,T6,CCCCC#CCO,ricinoleic/aliphatic,,,,,,,,,,,,,,,,head–linker–tail,DOPE,[H][C@@](COP([O-])(OCC[NH3+])=O)(OC(CCCCCCC/C=C\\CCCCCCCC)=O)COC(CCCCCCC/C=C\\CCCCCCCC)=O,16.0,Cholesterol,C[C@H](CCCC(C)C)[C@H]1CC[C@@H]2[C@@]1(CC[C@H]3[C@H]2CC=C4[C@@]3(CC[C@@H](C4)O)C)C,46.5,DMPE-PEG2000,CCCCCCCCCCCCCC(=O)OCC(COP(=O)(OCCNCC(=O)OCCOCCOCCOCCOCCOCCOCCOCCOCCOCCOCCOCCOCCOCCOCCOCCOCCOCCOCCOCCOCCOCCOCCOCCOCCOCCOCCOCCOCCOCCOCCOCCOCCOCCOCCOCCOCCOCCOCCOCCOCCOCCOCCOC)O)OC(=O)CCCCCCCCCCCCC,2.5,2000.0,35.0,10.0,,,,mRNA,in_vitro,in_vitro,A549,in_vitro,,,,,,,-1.6057069368380728,normalized_luminescence,76.0,1.0,0.0,49.0,1066.816048,130.14,0.0,12.0,15.9764,309.98,0.8125,2.0,2.0,1067.588,True,True,False,biodegradable acrylate,,,,,,,,,,,,,,,,,,,cyclic
LNPhub_R0004098,LNPhub_BL_2023,https://www.nature.com/articles/s41587-023-01679-x,LNPhub_BL_2023_LNP_000094,BL_A25-T4,CCC#CCOC(=O)OC(C/C=C\CCCCCCCCOC(=O)CCN1CCN(c2ccncc2)CC1)CCCCCC,Ugi-3CR,C1=CC(N2CCNCC2)=CN=C1,secondary_tertiary,C=CC(=O)OCCCCCCCC/C=C\CC(CCCCCC)OC(=O)O,ester/carbonate acrylate,1,T4,CCC#CCO,ricinoleic/aliphatic,,,,,,,,,,,,,,,,head–linker–tail,DOPE,[H][C@@](COP([O-])(OCC[NH3+])=O)(OC(CCCCCCC/C=C\\CCCCCCCC)=O)COC(CCCCCCC/C=C\\CCCCCCCC)=O,16.0,Cholesterol,C[C@H](CCCC(C)C)[C@H]1CC[C@@H]2[C@@]1(CC[C@H]3[C@H]2CC=C4[C@@]3(CC[C@@H](C4)O)C)C,46.5,DMPE-PEG2000,CCCCCCCCCCCCCC(=O)OCC(COP(=O)(OCCNCC(=O)OCCOCCOCCOCCOCCOCCOCCOCCOCCOCCOCCOCCOCCOCCOCCOCCOCCOCCOCCOCCOCCOCCOCCOCCOCCOCCOCCOCCOCCOCCOCCOCCOCCOCCOCCOCCOCCOCCOCCOCCOCCOCCOCCOC)O)OC(=O)CCCCCCCCCCCCC,2.5,2000.0,35.0,10.0,,,,mRNA,in_vitro,in_vitro,A549,in_vitro,,,,,,,0.3632623354322774,normalized_luminescence,44.0,2.0,1.0,22.0,611.4298219,81.2,0.0,8.0,7.7195,177.589,0.694444444,1.0,3.0,611.868,True,True,False,biodegradable acrylate,,,,,,,,,,,,,,,,,,,cyclic
LNPhub_R0004099,LNPhub_BL_2023,https://www.nature.com/articles/s41587-023-01679-x,LNPhub_BL_2023_LNP_000095,BL_A39-T5,CCCC#CCOC(=O)OC(C/C=C\CCCCCCCCOC(=O)CCN1CCN(CC2CCN(C)CC2)CC1)CCCCCC,Ugi-3CR,CN1CCC(CC1)CN2CCNCC2,secondary_tertiary,C=CC(=O)OCCCCCCCC/C=C\CC(CCCCCC)OC(=O)O,ester/carbonate acrylate,1,T5,CCCC#CCO,ricinoleic/aliphatic,,,,,,,,,,,,,,,,head–linker–tail,DOPE,[H][C@@](COP([O-])(OCC[NH3+])=O)(OC(CCCCCCC/C=C\\CCCCCCCC)=O)COC(CCCCCCC/C=C\\CCCCCCCC)=O,16.0,Cholesterol,C[C@H](CCCC(C)C)[C@H]1CC[C@@H]2[C@@]1(CC[C@H]3[C@H]2CC=C4[C@@]3(CC[C@@H](C4)O)C)C,46.5,DMPE-PEG2000,CCCCCCCCCCCCCC(=O)OCC(COP(=O)(OCCNCC(=O)OCCOCCOCCOCCOCCOCCOCCOCCOCCOCCOCCOCCOCCOCCOCCOCCOCCOCCOCCOCCOCCOCCOCCOCCOCCOCCOCCOCCOCCOCCOCCOCCOCCOCCOCCOCCOCCOCCOCCOCCOCCOCCOCCOC)O)OC(=O)CCCCCCCCCCCCC,2.5,2000.0,35.0,10.0,,,,mRNA,in_vitro,in_vitro,A549,in_vitro,,,,,,,0.1637927276931652,normalized_luminescence,47.0,2.0,0.0,24.0,659.5237223,71.55,0.0,8.0,7.8518,192.417,0.846153846,1.0,3.0,659.997,True,True,False,biodegradable acrylate,,,,,,,,,,,,,,,,,,,cyclic-dendrimer
LNPhub_R0004100,LNPhub_BL_2023,https://www.nature.com/articles/s41587-023-01679-x,LNPhub_BL_2023_LNP_000096,BL_A15-T1,CCCCCCCCCCCCCCCCCCOC(=O)OC(C/C=C\CCCCCCCCOC(=O)CCN(CCCN(C)CCCN(CCC(=O)OCCCCCCCC/C=C\CC(CCCCCC)OC(=O)OCCCCCCCCCCCCCCCCCC)CCC(=O)OCCCCCCCC/C=C\CC(CCCCCC)OC(=O)OCCCCCCCCCCCCCCCCCC)CCC(=O)OCCCCCCCC/C=C\CC(CCCCCC)OC(=O)OCCCCCCCCCCCCCCCCCC)CCCCCC,Ugi-3CR,CN(CCCN)CCCN,primary_tertiary,C=CC(=O)OCCCCCCCC/C=C\CC(CCCCCC)OC(=O)O,ester/carbonate acrylate,1,T1,CCCCCCCCCCCCCCCCCCO,ricinoleic/aliphatic,,,,,,,,,,,,,,,,head–linker–tail,DOPE,[H][C@@](COP([O-])(OCC[NH3+])=O)(OC(CCCCCCC/C=C\\CCCCCCCC)=O)COC(CCCCCCC/C=C\\CCCCCCCC)=O,16.0,Cholesterol,C[C@H](CCCC(C)C)[C@H]1CC[C@@H]2[C@@]1(CC[C@H]3[C@H]2CC=C4[C@@]3(CC[C@@H](C4)O)C)C,46.5,DMPE-PEG2000,CCCCCCCCCCCCCC(=O)OCC(COP(=O)(OCCNCC(=O)OCCOCCOCCOCCOCCOCCOCCOCCOCCOCCOCCOCCOCCOCCOCCOCCOCCOCCOCCOCCOCCOCCOCCOCCOCCOCCOCCOCCOCCOCCOCCOCCOCCOCCOCCOCCOCCOCCOCCOCCOCCOCCOCCOC)O)OC(=O)CCCCCCCCCCCCC,2.5,2000.0,35.0,10.0,,,,mRNA,in_vitro,in_vitro,A549,in_vitro,,,,,,,1.3983062855588242,normalized_luminescence,190.0,0.0,0.0,156.0,2683.372399,257.04,0.0,23.0,51.7584,804.323,0.904191617,4.0,3.0,2685.358,True,True,False,biodegradable acrylate,,,,,,,,,,,,,,,,,,,branched
LNPhub_R0004101,LNPhub_BL_2023,https://www.nature.com/articles/s41587-023-01679-x,LNPhub_BL_2023_LNP_000097,BL_A36-T10,CCCCCCC#CCCOC(=O)OC(C/C=C\CCCCCCCCOC(=O)CCN1CCN(CCN(C)C)CC1)CCCCCC,Ugi-3CR,CN(C)CCN1CCNCC1,secondary_tertiary,C=CC(=O)OCCCCCCCC/C=C\CC(CCCCCC)OC(=O)O,ester/carbonate acrylate,1,T10,CCCCCCC#CCCO,ricinoleic/aliphatic,,,,,,,,,,,,,,,,head–linker–tail,DOPE,[H][C@@](COP([O-])(OCC[NH3+])=O)(OC(CCCCCCC/C=C\\CCCCCCCC)=O)COC(CCCCCCC/C=C\\CCCCCCCC)=O,16.0,Cholesterol,C[C@H](CCCC(C)C)[C@H]1CC[C@@H]2[C@@]1(CC[C@H]3[C@H]2CC=C4[C@@]3(CC[C@@H](C4)O)C)C,46.5,DMPE-PEG2000,CCCCCCCCCCCCCC(=O)OCC(COP(=O)(OCCNCC(=O)OCCOCCOCCOCCOCCOCCOCCOCCOCCOCCOCCOCCOCCOCCOCCOCCOCCOCCOCCOCCOCCOCCOCCOCCOCCOCCOCCOCCOCCOCCOCCOCCOCCOCCOCCOCCOCCOCCOCCOCCOCCOCCOCCOC)O)OC(=O)CCCCCCCCCCCCC,2.5,2000.0,35.0,10.0,,,,mRNA,in_vitro,in_vitro,A549,in_vitro,,,,,,,0.0864820814087209,normalized_luminescence,48.0,1.0,0.0,29.0,675.5550224,71.55,0.0,8.0,8.632,199.218,0.85,1.0,3.0,676.04,True,True,False,biodegradable acrylate,,,,,,,,,,,,,,,,,,,cyclic
LNPhub_R0004102,LNPhub_BL_2023,https://www.nature.com/articles/s41587-023-01679-x,LNPhub_BL_2023_LNP_000098,BL_A72-T1,CCCCCCCCCCCCCCCCCCOC(=O)OC(C/C=C\CCCCCCCCOC(=O)CCN1CCC1c1ccccc1)CCCCCC,Ugi-3CR,C1=CC=C(C=C1)C2CCN2,secondary,C=CC(=O)OCCCCCCCC/C=C\CC(CCCCCC)OC(=O)O,ester/carbonate acrylate,1,T1,CCCCCCCCCCCCCCCCCCO,ricinoleic/aliphatic,,,,,,,,,,,,,,,,head–linker–tail,DOPE,[H][C@@](COP([O-])(OCC[NH3+])=O)(OC(CCCCCCC/C=C\\CCCCCCCC)=O)COC(CCCCCCC/C=C\\CCCCCCCC)=O,16.0,Cholesterol,C[C@H](CCCC(C)C)[C@H]1CC[C@@H]2[C@@]1(CC[C@H]3[C@H]2CC=C4[C@@]3(CC[C@@H](C4)O)C)C,46.5,DMPE-PEG2000,CCCCCCCCCCCCCC(=O)OCC(COP(=O)(OCCNCC(=O)OCCOCCOCCOCCOCCOCCOCCOCCOCCOCCOCCOCCOCCOCCOCCOCCOCCOCCOCCOCCOCCOCCOCCOCCOCCOCCOCCOCCOCCOCCOCCOCCOCCOCCOCCOCCOCCOCCOCCOCCOCCOCCOCCOC)O)OC(=O)CCCCCCCCCCCCC,2.5,2000.0,35.0,10.0,,,,mRNA,in_vitro,in_vitro,A549,in_vitro,,,,,,,-1.6701657729597716,normalized_luminescence,55.0,2.0,1.0,38.0,767.6427748,65.07,0.0,6.0,14.7974,231.551,0.795918367,2.0,1.0,768.221,True,True,False,biodegradable acrylate,,,,,,,,,,,,,,,,,,,cyclic
LNPhub_R0004103,LNPhub_BL_2023,https://www.nature.com/articles/s41587-023-01679-x,LNPhub_BL_2023_LNP_000099,BL_A56-T2,CCCCCCCC/C=C\CCCCCCCCOC(=O)OC(C/C=C\CCCCCCCCOC(=O)CCN(CCO)CCC(=O)OCCCCCCCC/C=C\CC(CCCCCC)OC(=O)OCCCCCCCC/C=C\CCCCCCCC)CCCCCC,Ugi-3CR,C(CO)N,primary,C=CC(=O)OCCCCCCCC/C=C\CC(CCCCCC)OC(=O)O,ester/carbonate acrylate,1,T2,CCCCCCCCC=CCCCCCCCCO,ricinoleic/aliphatic,,,,,,,,,,,,,,,,head–linker–tail,DOPE,[H][C@@](COP([O-])(OCC[NH3+])=O)(OC(CCCCCCC/C=C\\CCCCCCCC)=O)COC(CCCCCCC/C=C\\CCCCCCCC)=O,16.0,Cholesterol,C[C@H](CCCC(C)C)[C@H]1CC[C@@H]2[C@@]1(CC[C@H]3[C@H]2CC=C4[C@@]3(CC[C@@H](C4)O)C)C,46.5,DMPE-PEG2000,CCCCCCCCCCCCCC(=O)OCC(COP(=O)(OCCNCC(=O)OCCOCCOCCOCCOCCOCCOCCOCCOCCOCCOCCOCCOCCOCCOCCOCCOCCOCCOCCOCCOCCOCCOCCOCCOCCOCCOCCOCCOCCOCCOCCOCCOCCOCCOCCOCCOCCOCCOCCOCCOCCOCCOCCOC)O)OC(=O)CCCCCCCCCCCCC,2.5,2000.0,35.0,10.0,,,,mRNA,in_vitro,in_vitro,A549,in_vitro,,,,,,,-0.7260170946182538,normalized_luminescence,94.0,0.0,0.0,74.0,1326.128715,147.13,1.0,12.0,24.5607,395.6938,0.853658537,2.0,1.0,1327.106,True,True,False,biodegradable acrylate,,,,,,,,,,,,,,,,,,,linear
LNPhub_R0004104,LNPhub_BL_2023,https://www.nature.com/articles/s41587-023-01679-x,LNPhub_BL_2023_LNP_000100,BL_A19-T7,CCCCCC#CCOC(=O)OC(C/C=C\CCCCCCCCOC(=O)CCN(CCC(=O)OCCCCCCCC/C=C\CC(CCCCCC)OC(=O)OCC#CCCCCC)CCN1CCCCC1)CCCCCC,Ugi-3CR,NCCN1CCCCC1,primary_tertiary,C=CC(=O)OCCCCCCCC/C=C\CC(CCCCCC)OC(=O)O,ester/carbonate acrylate,1,T7,CCCCCC#CCO,ricinoleic/aliphatic,,,,,,,,,,,,,,,,head–linker–tail,DOPE,[H][C@@](COP([O-])(OCC[NH3+])=O)(OC(CCCCCCC/C=C\\CCCCCCCC)=O)COC(CCCCCCC/C=C\\CCCCCCCC)=O,16.0,Cholesterol,C[C@H](CCCC(C)C)[C@H]1CC[C@@H]2[C@@]1(CC[C@H]3[C@H]2CC=C4[C@@]3(CC[C@@H](C4)O)C)C,46.5,DMPE-PEG2000,CCCCCCCCCCCCCC(=O)OCC(COP(=O)(OCCNCC(=O)OCCOCCOCCOCCOCCOCCOCCOCCOCCOCCOCCOCCOCCOCCOCCOCCOCCOCCOCCOCCOCCOCCOCCOCCOCCOCCOCCOCCOCCOCCOCCOCCOCCOCCOCCOCCOCCOCCOCCOCCOCCOCCOCCOC)O)OC(=O)CCCCCCCCCCCCC,2.5,2000.0,35.0,10.0,,,,mRNA,in_vitro,in_vitro,A549,in_vitro,,,,,,,1.2987164258844397,normalized_luminescence,79.0,1.0,0.0,51.0,1108.862998,130.14,0.0,12.0,17.1467,323.831,0.820895522,2.0,2.0,1109.669,True,True,False,biodegradable acrylate,,,,,,,,,,,,,,,,,,,cyclic
LNPhub_R0004105,LNPhub_BL_2023,https://www.nature.com/articles/s41587-023-01679-x,LNPhub_BL_2023_LNP_000101,BL_A61-T9,CCCCC#CCCOC(=O)OC(C/C=C\CCCCCCCCOC(=O)CCN(C)CCN(C)CCC(=O)OCCCCCCCC/C=C\CC(CCCCCC)OC(=O)OCCC#CCCCC)CCCCCC,Ugi-3CR,CNCCNC,secondary,C=CC(=O)OCCCCCCCC/C=C\CC(CCCCCC)OC(=O)O,ester/carbonate acrylate,1,T9,CCCCC#CCCO,ricinoleic/aliphatic,,,,,,,,,,,,,,,,head–linker–tail,DOPE,[H][C@@](COP([O-])(OCC[NH3+])=O)(OC(CCCCCCC/C=C\\CCCCCCCC)=O)COC(CCCCCCC/C=C\\CCCCCCCC)=O,16.0,Cholesterol,C[C@H](CCCC(C)C)[C@H]1CC[C@@H]2[C@@]1(CC[C@H]3[C@H]2CC=C4[C@@]3(CC[C@@H](C4)O)C)C,46.5,DMPE-PEG2000,CCCCCCCCCCCCCC(=O)OCC(COP(=O)(OCCNCC(=O)OCCOCCOCCOCCOCCOCCOCCOCCOCCOCCOCCOCCOCCOCCOCCOCCOCCOCCOCCOCCOCCOCCOCCOCCOCCOCCOCCOCCOCCOCCOCCOCCOCCOCCOCCOCCOCCOCCOCCOCCOCCOCCOCCOC)O)OC(=O)CCCCCCCCCCCCC,2.5,2000.0,35.0,10.0,,,,mRNA,in_vitro,in_vitro,A549,in_vitro,,,,,,,-0.5708719123725914,normalized_luminescence,76.0,0.0,0.0,51.0,1068.831698,130.14,0.0,12.0,16.2224,312.094,0.8125,2.0,2.0,1069.604,True,True,False,biodegradable acrylate,,,,,,,,,,,,,,,,,,,linear
LNPhub_R0004106,LNPhub_BL_2023,https://www.nature.com/articles/s41587-023-01679-x,LNPhub_BL_2023_LNP_000102,BL_A67-T9,CCCCC#CCCOC(=O)OC(C/C=C\CCCCCCCCOC(=O)CCN(CCC(=O)OCCCCCCCC/C=C\CC(CCCCCC)OC(=O)OCCC#CCCCC)CC1OCCO1)CCCCCC,Ugi-3CR,NCC1OCCO1,primary,C=CC(=O)OCCCCCCCC/C=C\CC(CCCCCC)OC(=O)O,ester/carbonate acrylate,1,T9,CCCCC#CCCO,ricinoleic/aliphatic,,,,,,,,,,,,,,,,head–linker–tail,DOPE,[H][C@@](COP([O-])(OCC[NH3+])=O)(OC(CCCCCCC/C=C\\CCCCCCCC)=O)COC(CCCCCCC/C=C\\CCCCCCCC)=O,16.0,Cholesterol,C[C@H](CCCC(C)C)[C@H]1CC[C@@H]2[C@@]1(CC[C@H]3[C@H]2CC=C4[C@@]3(CC[C@@H](C4)O)C)C,46.5,DMPE-PEG2000,CCCCCCCCCCCCCC(=O)OCC(COP(=O)(OCCNCC(=O)OCCOCCOCCOCCOCCOCCOCCOCCOCCOCCOCCOCCOCCOCCOCCOCCOCCOCCOCCOCCOCCOCCOCCOCCOCCOCCOCCOCCOCCOCCOCCOCCOCCOCCOCCOCCOCCOCCOCCOCCOCCOCCOCCOC)O)OC(=O)CCCCCCCCCCCCC,2.5,2000.0,35.0,10.0,,,,mRNA,in_vitro,in_vitro,A549,in_vitro,,,,,,,-1.429066553782152,normalized_luminescence,77.0,1.0,0.0,50.0,1083.794978,145.36,0.0,13.0,16.0337,309.232,0.8125,2.0,1.0,1084.571,True,True,False,biodegradable acrylate,,,,,,,,,,,,,,,,,,,cyclic
LNPhub_R0004107,LNPhub_BL_2023,https://www.nature.com/articles/s41587-023-01679-x,LNPhub_BL_2023_LNP_000103,BL_A28-T7,CCCCCC#CCOC(=O)OC(C/C=C\CCCCCCCCOC(=O)CCN(C)CCCN(C)CCCN(C)CCC(=O)OCCCCCCCC/C=C\CC(CCCCCC)OC(=O)OCC#CCCCCC)CCCCCC,Ugi-3CR,CNCCCN(C)CCCNC,secondary_tertiary,C=CC(=O)OCCCCCCCC/C=C\CC(CCCCCC)OC(=O)O,ester/carbonate acrylate,1,T7,CCCCCC#CCO,ricinoleic/aliphatic,,,,,,,,,,,,,,,,head–linker–tail,DOTAP,[H]C(C[N+](C)(C)C)(OC(CCCCCCC/C=C\CCCCCCCC)=O)COC(CCCCCCC/C=C\CCCCCCCC)=O,39.0,Cholesterol,C[C@H](CCCC(C)C)[C@H]1CC[C@@H]2[C@@]1(CC[C@H]3[C@H]2CC=C4[C@@]3(CC[C@@H](C4)O)C)C,30.0,DMPE-PEG2000,CCCCCCCCCCCCCC(=O)OCC(COP(=O)(OCCNCC(=O)OCCOCCOCCOCCOCCOCCOCCOCCOCCOCCOCCOCCOCCOCCOCCOCCOCCOCCOCCOCCOCCOCCOCCOCCOCCOCCOCCOCCOCCOCCOCCOCCOCCOCCOCCOCCOCCOCCOCCOCCOCCOCCOCCOC)O)OC(=O)CCCCCCCCCCCCC,1.0,2000.0,30.0,7.5,,,,mRNA,intratracheal,in_vivo,Mouse_B6,lung_epithelium,,,,,,,-0.0246674725916445,normalized_luminescence,82.0,0.0,0.0,56.0,1153.920847,133.38,0.0,13.0,16.9344,338.825,0.826086957,2.0,3.0,1154.754,True,True,False,biodegradable acrylate,,,,,,,,,,,,,,,,,,,branched
LNPhub_R0004108,LNPhub_BL_2023,https://www.nature.com/articles/s41587-023-01679-x,LNPhub_BL_2023_LNP_000104,BL_A30-T5,CCCC#CCOC(=O)OC(C/C=C\CCCCCCCCOC(=O)CCN(CCCN1CCCCC1)CCC(=O)OCCCCCCCC/C=C\CC(CCCCCC)OC(=O)OCC#CCCC)CCCCCC,Ugi-3CR,C1CCN(CC1)CCCN,primary_tertiary,C=CC(=O)OCCCCCCCC/C=C\CC(CCCCCC)OC(=O)O,ester/carbonate acrylate,1,T5,CCCC#CCO,ricinoleic/aliphatic,,,,,,,,,,,,,,,,head–linker–tail,DOPE,[H][C@@](COP([O-])(OCC[NH3+])=O)(OC(CCCCCCC/C=C\\CCCCCCCC)=O)COC(CCCCCCC/C=C\\CCCCCCCC)=O,16.0,Cholesterol,C[C@H](CCCC(C)C)[C@H]1CC[C@@H]2[C@@]1(CC[C@H]3[C@H]2CC=C4[C@@]3(CC[C@@H](C4)O)C)C,46.5,DMPE-PEG2000,CCCCCCCCCCCCCC(=O)OCC(COP(=O)(OCCNCC(=O)OCCOCCOCCOCCOCCOCCOCCOCCOCCOCCOCCOCCOCCOCCOCCOCCOCCOCCOCCOCCOCCOCCOCCOCCOCCOCCOCCOCCOCCOCCOCCOCCOCCOCCOCCOCCOCCOCCOCCOCCOCCOCCOCCOC)O)OC(=O)CCCCCCCCCCCCC,2.5,2000.0,35.0,10.0,,,,mRNA,in_vitro,in_vitro,A549,in_vitro,,,,,,,-0.3167179929410239,normalized_luminescence,76.0,1.0,0.0,48.0,1066.816048,130.14,0.0,12.0,15.9764,309.98,0.8125,2.0,2.0,1067.588,True,True,False,biodegradable acrylate,,,,,,,,,,,,,,,,,,,cyclic
LNPhub_R0004109,LNPhub_BL_2023,https://www.nature.com/articles/s41587-023-01679-x,LNPhub_BL_2023_LNP_000105,BL_A64-T2,CCCCCCCC/C=C\CCCCCCCCOC(=O)OC(C/C=C\CCCCCCCCOC(=O)CCN(CCC(=O)OCCCCCCCC/C=C\CC(CCCCCC)OC(=O)OCCCCCCCC/C=C\CCCCCCCC)CC(OCC)OCC)CCCCCC,Ugi-3CR,CCOC(CN)OCC,primary,C=CC(=O)OCCCCCCCC/C=C\CC(CCCCCC)OC(=O)O,ester/carbonate acrylate,1,T2,CCCCCCCCC=CCCCCCCCCO,ricinoleic/aliphatic,,,,,,,,,,,,,,,,head–linker–tail,DOPE,[H][C@@](COP([O-])(OCC[NH3+])=O)(OC(CCCCCCC/C=C\\CCCCCCCC)=O)COC(CCCCCCC/C=C\\CCCCCCCC)=O,16.0,Cholesterol,C[C@H](CCCC(C)C)[C@H]1CC[C@@H]2[C@@]1(CC[C@H]3[C@H]2CC=C4[C@@]3(CC[C@@H](C4)O)C)C,46.5,DMPE-PEG2000,CCCCCCCCCCCCCC(=O)OCC(COP(=O)(OCCNCC(=O)OCCOCCOCCOCCOCCOCCOCCOCCOCCOCCOCCOCCOCCOCCOCCOCCOCCOCCOCCOCCOCCOCCOCCOCCOCCOCCOCCOCCOCCOCCOCCOCCOCCOCCOCCOCCOCCOCCOCCOCCOCCOCCOCCOC)O)OC(=O)CCCCCCCCCCCCC,2.5,2000.0,35.0,10.0,,,,mRNA,in_vitro,in_vitro,A549,in_vitro,,,,,,,-1.1776718754234037,normalized_luminescence,99.0,0.0,0.0,78.0,1398.18623,145.36,0.0,13.0,25.9675,415.648,0.860465116,2.0,1.0,1399.213,True,True,False,biodegradable acrylate,,,,,,,,,,,,,,,,,,,branched
LNPhub_R0004110,LNPhub_BL_2023,https://www.nature.com/articles/s41587-023-01679-x,LNPhub_BL_2023_LNP_000106,BL_A66-T9,CCCCC#CCCOC(=O)OC(C/C=C\CCCCCCCCOC(=O)CCN(CCC(=O)OCCCCCCCC/C=C\CC(CCCCCC)OC(=O)OCCC#CCCCC)CCC1OCCO1)CCCCCC,Ugi-3CR,NCCC1OCCO1,primary,C=CC(=O)OCCCCCCCC/C=C\CC(CCCCCC)OC(=O)O,ester/carbonate acrylate,1,T9,CCCCC#CCCO,ricinoleic/aliphatic,,,,,,,,,,,,,,,,head–linker–tail,DOPE,[H][C@@](COP([O-])(OCC[NH3+])=O)(OC(CCCCCCC/C=C\\CCCCCCCC)=O)COC(CCCCCCC/C=C\\CCCCCCCC)=O,16.0,Cholesterol,C[C@H](CCCC(C)C)[C@H]1CC[C@@H]2[C@@]1(CC[C@H]3[C@H]2CC=C4[C@@]3(CC[C@@H](C4)O)C)C,46.5,DMPE-PEG2000,CCCCCCCCCCCCCC(=O)OCC(COP(=O)(OCCNCC(=O)OCCOCCOCCOCCOCCOCCOCCOCCOCCOCCOCCOCCOCCOCCOCCOCCOCCOCCOCCOCCOCCOCCOCCOCCOCCOCCOCCOCCOCCOCCOCCOCCOCCOCCOCCOCCOCCOCCOCCOCCOCCOCCOCCOC)O)OC(=O)CCCCCCCCCCCCC,2.5,2000.0,35.0,10.0,,,,mRNA,in_vitro,in_vitro,A549,in_vitro,,,,,,,-0.7090252888511094,normalized_luminescence,78.0,1.0,0.0,51.0,1097.810628,145.36,0.0,13.0,16.4238,313.849,0.815384615,2.0,1.0,1098.598,True,True,False,biodegradable acrylate,,,,,,,,,,,,,,,,,,,cyclic
LNPhub_R0004111,LNPhub_BL_2023,https://www.nature.com/articles/s41587-023-01679-x,LNPhub_BL_2023_LNP_000107,BL_A33-T9,CCCCC#CCCOC(=O)OC(C/C=C\CCCCCCCCOC(=O)CCN(CCCN(C)C)CCCN(CCC(=O)OCCCCCCCC/C=C\CC(CCCCCC)OC(=O)OCCC#CCCCC)CCC(=O)OCCCCCCCC/C=C\CC(CCCCCC)OC(=O)OCCC#CCCCC)CCCCCC,Ugi-3CR,CN(C)CCCNCCCN,primary_secondary_tertiary,C=CC(=O)OCCCCCCCC/C=C\CC(CCCCCC)OC(=O)O,ester/carbonate acrylate,1,T9,CCCCC#CCCO,ricinoleic/aliphatic,,,,,,,,,,,,,,,,head–linker–tail,DOPE,[H][C@@](COP([O-])(OCC[NH3+])=O)(OC(CCCCCCC/C=C\\CCCCCCCC)=O)COC(CCCCCCC/C=C\\CCCCCCCC)=O,16.0,Cholesterol,C[C@H](CCCC(C)C)[C@H]1CC[C@@H]2[C@@]1(CC[C@H]3[C@H]2CC=C4[C@@]3(CC[C@@H](C4)O)C)C,46.5,DMPE-PEG2000,CCCCCCCCCCCCCC(=O)OCC(COP(=O)(OCCNCC(=O)OCCOCCOCCOCCOCCOCCOCCOCCOCCOCCOCCOCCOCCOCCOCCOCCOCCOCCOCCOCCOCCOCCOCCOCCOCCOCCOCCOCCOCCOCCOCCOCCOCCOCCOCCOCCOCCOCCOCCOCCOCCOCCOCCOC)O)OC(=O)CCCCCCCCCCCCC,2.5,2000.0,35.0,10.0,,,,mRNA,in_vitro,in_vitro,A549,in_vitro,,,,,,,1.3309072961555646,normalized_luminescence,116.0,0.0,0.0,80.0,1630.271022,195.21,0.0,18.0,24.9908,476.318,0.816326531,3.0,3.0,1631.452,True,True,False,biodegradable acrylate,,,,,,,,,,,,,,,,,,,branched
LNPhub_R0004112,LNPhub_BL_2023,https://www.nature.com/articles/s41587-023-01679-x,LNPhub_BL_2023_LNP_000108,BL_A45-T6,CCCCC#CCOC(=O)OC(C/C=C\CCCCCCCCOC(=O)CCN(CCC(=O)OCCCCCCCC/C=C\CC(CCCCCC)OC(=O)OCC#CCCCC)CCC1CCCCN1CC(C)C)CCCCCC,Ugi-3CR,CC(C)CN1CCCCC1CCN,primary_tertiary,C=CC(=O)OCCCCCCCC/C=C\CC(CCCCCC)OC(=O)O,ester/carbonate acrylate,1,T6,CCCCC#CCO,ricinoleic/aliphatic,,,,,,,,,,,,,,,,head–linker–tail,DOPE,[H][C@@](COP([O-])(OCC[NH3+])=O)(OC(CCCCCCC/C=C\\CCCCCCCC)=O)COC(CCCCCCC/C=C\\CCCCCCCC)=O,16.0,Cholesterol,C[C@H](CCCC(C)C)[C@H]1CC[C@@H]2[C@@]1(CC[C@H]3[C@H]2CC=C4[C@@]3(CC[C@@H](C4)O)C)C,46.5,DMPE-PEG2000,CCCCCCCCCCCCCC(=O)OCC(COP(=O)(OCCNCC(=O)OCCOCCOCCOCCOCCOCCOCCOCCOCCOCCOCCOCCOCCOCCOCCOCCOCCOCCOCCOCCOCCOCCOCCOCCOCCOCCOCCOCCOCCOCCOCCOCCOCCOCCOCCOCCOCCOCCOCCOCCOCCOCCOCCOC)O)OC(=O)CCCCCCCCCCCCC,2.5,2000.0,35.0,10.0,,,,mRNA,in_vitro,in_vitro,A549,in_vitro,,,,,,,0.5079329315132828,normalized_luminescence,81.0,1.0,0.0,51.0,1136.894298,130.14,0.0,12.0,17.7812,332.973,0.826086957,3.0,2.0,1137.723,True,True,False,biodegradable acrylate,,,,,,,,,,,,,,,,,,,cyclic-dendrimer
LNPhub_R0004113,LNPhub_BL_2023,https://www.nature.com/articles/s41587-023-01679-x,LNPhub_BL_2023_LNP_000109,BL_A56-T6,CCCCC#CCOC(=O)OC(C/C=C\CCCCCCCCOC(=O)CCN(CCO)CCC(=O)OCCCCCCCC/C=C\CC(CCCCCC)OC(=O)OCC#CCCCC)CCCCCC,Ugi-3CR,C(CO)N,primary,C=CC(=O)OCCCCCCCC/C=C\CC(CCCCCC)OC(=O)O,ester/carbonate acrylate,1,T6,CCCCC#CCO,ricinoleic/aliphatic,,,,,,,,,,,,,,,,head–linker–tail,DOPE,[H][C@@](COP([O-])(OCC[NH3+])=O)(OC(CCCCCCC/C=C\\CCCCCCCC)=O)COC(CCCCCCC/C=C\\CCCCCCCC)=O,16.0,Cholesterol,C[C@H](CCCC(C)C)[C@H]1CC[C@@H]2[C@@]1(CC[C@H]3[C@H]2CC=C4[C@@]3(CC[C@@H](C4)O)C)C,46.5,DMPE-PEG2000,CCCCCCCCCCCCCC(=O)OCC(COP(=O)(OCCNCC(=O)OCCOCCOCCOCCOCCOCCOCCOCCOCCOCCOCCOCCOCCOCCOCCOCCOCCOCCOCCOCCOCCOCCOCCOCCOCCOCCOCCOCCOCCOCCOCCOCCOCCOCCOCCOCCOCCOCCOCCOCCOCCOCCOCCOC)O)OC(=O)CCCCCCCCCCCCC,2.5,2000.0,35.0,10.0,,,,mRNA,in_vitro,in_vitro,A549,in_vitro,,,,,,,-1.59735831453174,normalized_luminescence,72.0,0.0,0.0,48.0,1013.753113,147.13,1.0,12.0,14.8729,291.3918,0.8,2.0,1.0,1014.48,True,True,False,biodegradable acrylate,,,,,,,,,,,,,,,,,,,linear
LNPhub_R0004114,LNPhub_BL_2023,https://www.nature.com/articles/s41587-023-01679-x,LNPhub_BL_2023_LNP_000110,BL_A25-T10,CCCCCCC#CCCOC(=O)OC(C/C=C\CCCCCCCCOC(=O)CCN1CCN(c2ccncc2)CC1)CCCCCC,Ugi-3CR,C1=CC(N2CCNCC2)=CN=C1,secondary_tertiary,C=CC(=O)OCCCCCCCC/C=C\CC(CCCCCC)OC(=O)O,ester/carbonate acrylate,1,T10,CCCCCCC#CCCO,ricinoleic/aliphatic,,,,,,,,,,,,,,,,head–linker–tail,DOPE,[H][C@@](COP([O-])(OCC[NH3+])=O)(OC(CCCCCCC/C=C\\CCCCCCCC)=O)COC(CCCCCCC/C=C\\CCCCCCCC)=O,16.0,Cholesterol,C[C@H](CCCC(C)C)[C@H]1CC[C@@H]2[C@@]1(CC[C@H]3[C@H]2CC=C4[C@@]3(CC[C@@H](C4)O)C)C,46.5,DMPE-PEG2000,CCCCCCCCCCCCCC(=O)OCC(COP(=O)(OCCNCC(=O)OCCOCCOCCOCCOCCOCCOCCOCCOCCOCCOCCOCCOCCOCCOCCOCCOCCOCCOCCOCCOCCOCCOCCOCCOCCOCCOCCOCCOCCOCCOCCOCCOCCOCCOCCOCCOCCOCCOCCOCCOCCOCCOCCOC)O)OC(=O)CCCCCCCCCCCCC,2.5,2000.0,35.0,10.0,,,,mRNA,in_vitro,in_vitro,A549,in_vitro,,,,,,,1.358226937546007,normalized_luminescence,49.0,2.0,1.0,27.0,681.5080722,81.2,0.0,8.0,9.67,200.674,0.731707317,1.0,3.0,682.003,True,True,False,biodegradable acrylate,,,,,,,,,,,,,,,,,,,cyclic
LNPhub_R0004115,LNPhub_BL_2023,https://www.nature.com/articles/s41587-023-01679-x,LNPhub_BL_2023_LNP_000111,BL_A10-T7,CCCCCC#CCOC(=O)OC(C/C=C\CCCCCCCCOC(=O)CCN(CCC(=O)OCCCCCCCC/C=C\CC(CCCCCC)OC(=O)OCC#CCCCCC)CCc1ccncc1)CCCCCC,Ugi-3CR,NCCC1=CC=NC=C1,primary,C=CC(=O)OCCCCCCCC/C=C\CC(CCCCCC)OC(=O)O,ester/carbonate acrylate,1,T7,CCCCCC#CCO,ricinoleic/aliphatic,,,,,,,,,,,,,,,,head–linker–tail,DOPE,[H][C@@](COP([O-])(OCC[NH3+])=O)(OC(CCCCCCC/C=C\\CCCCCCCC)=O)COC(CCCCCCC/C=C\\CCCCCCCC)=O,16.0,Cholesterol,C[C@H](CCCC(C)C)[C@H]1CC[C@@H]2[C@@]1(CC[C@H]3[C@H]2CC=C4[C@@]3(CC[C@@H](C4)O)C)C,46.5,DMPE-PEG2000,CCCCCCCCCCCCCC(=O)OCC(COP(=O)(OCCNCC(=O)OCCOCCOCCOCCOCCOCCOCCOCCOCCOCCOCCOCCOCCOCCOCCOCCOCCOCCOCCOCCOCCOCCOCCOCCOCCOCCOCCOCCOCCOCCOCCOCCOCCOCCOCCOCCOCCOCCOCCOCCOCCOCCOCCOC)O)OC(=O)CCCCCCCCCCCCC,2.5,2000.0,35.0,10.0,,,,mRNA,in_vitro,in_vitro,A549,in_vitro,,,,,,,0.4881116705084688,normalized_luminescence,79.0,1.0,1.0,51.0,1102.816048,139.79,0.0,12.0,17.2985,321.481,0.746268657,2.0,2.0,1103.621,True,True,False,biodegradable acrylate,,,,,,,,,,,,,,,,,,,cyclic
LNPhub_R0004116,LNPhub_BL_2023,https://www.nature.com/articles/s41587-023-01679-x,LNPhub_BL_2023_LNP_000112,BL_A52-T3,CCCCC/C=C\C/C=C\CCCCCCCCOC(=O)OC(C/C=C\CCCCCCCCOC(=O)CCN1CCC(CCO)CC1)CCCCCC,Ugi-3CR,C1CNCCC1CCO,secondary,C=CC(=O)OCCCCCCCC/C=C\CC(CCCCCC)OC(=O)O,ester/carbonate acrylate,1,T3,CCCCCC=CCC=C=CCCCCCCCCO,ricinoleic/aliphatic,,,,,,,,,,,,,,,,head–linker–tail,DOPE,[H][C@@](COP([O-])(OCC[NH3+])=O)(OC(CCCCCCC/C=C\\CCCCCCCC)=O)COC(CCCCCCC/C=C\\CCCCCCCC)=O,16.0,Cholesterol,C[C@H](CCCC(C)C)[C@H]1CC[C@@H]2[C@@]1(CC[C@H]3[C@H]2CC=C4[C@@]3(CC[C@@H](C4)O)C)C,46.5,DMPE-PEG2000,CCCCCCCCCCCCCC(=O)OCC(COP(=O)(OCCNCC(=O)OCCOCCOCCOCCOCCOCCOCCOCCOCCOCCOCCOCCOCCOCCOCCOCCOCCOCCOCCOCCOCCOCCOCCOCCOCCOCCOCCOCCOCCOCCOCCOCCOCCOCCOCCOCCOCCOCCOCCOCCOCCOCCOCCOC)O)OC(=O)CCCCCCCCCCCCC,2.5,2000.0,35.0,10.0,,,,mRNA,in_vitro,in_vitro,A549,in_vitro,,,,,,,-0.2609847804718587,normalized_luminescence,54.0,1.0,0.0,37.0,759.6376894,85.3,1.0,7.0,12.9968,226.8568,0.829787234,1.0,1.0,760.198,True,True,False,biodegradable acrylate,,,,,,,,,,,,,,,,,,,cyclic
LNPhub_R0004117,LNPhub_BL_2023,https://www.nature.com/articles/s41587-023-01679-x,LNPhub_BL_2023_LNP_000113,BL_A59-T5,CCCC#CCOC(=O)OC(C/C=C\CCCCCCCCOC(=O)CCN(CCCN(CCC(=O)OCCCCCCCC/C=C\CC(CCCCCC)OC(=O)OCC#CCCC)CCC(=O)OCCCCCCCC/C=C\CC(CCCCCC)OC(=O)OCC#CCCC)CCC(=O)OCCCCCCCC/C=C\CC(CCCCCC)OC(=O)OCC#CCCC)CCCCCC,Ugi-3CR,C(CN)CN,primary,C=CC(=O)OCCCCCCCC/C=C\CC(CCCCCC)OC(=O)O,ester/carbonate acrylate,1,T5,CCCC#CCO,ricinoleic/aliphatic,,,,,,,,,,,,,,,,head–linker–tail,DOPE,[H][C@@](COP([O-])(OCC[NH3+])=O)(OC(CCCCCCC/C=C\\CCCCCCCC)=O)COC(CCCCCCC/C=C\\CCCCCCCC)=O,16.0,Cholesterol,C[C@H](CCCC(C)C)[C@H]1CC[C@@H]2[C@@]1(CC[C@H]3[C@H]2CC=C4[C@@]3(CC[C@@H](C4)O)C)C,46.5,DMPE-PEG2000,CCCCCCCCCCCCCC(=O)OCC(COP(=O)(OCCNCC(=O)OCCOCCOCCOCCOCCOCCOCCOCCOCCOCCOCCOCCOCCOCCOCCOCCOCCOCCOCCOCCOCCOCCOCCOCCOCCOCCOCCOCCOCCOCCOCCOCCOCCOCCOCCOCCOCCOCCOCCOCCOCCOCCOCCOC)O)OC(=O)CCCCCCCCCCCCC,2.5,2000.0,35.0,10.0,,,,mRNA,in_vitro,in_vitro,A549,in_vitro,,,,,,,-0.5332904363921974,normalized_luminescence,137.0,0.0,0.0,92.0,1923.422497,253.8,0.0,22.0,29.6045,554.761,0.791304348,4.0,2.0,1924.811,True,True,False,biodegradable acrylate,,,,,,,,,,,,,,,,,,,linear
LNPhub_R0004118,LNPhub_BL_2023,https://www.nature.com/articles/s41587-023-01679-x,LNPhub_BL_2023_LNP_000114,BL_A4-T6,CCCCC#CCOC(=O)OC(C/C=C\CCCCCCCCOC(=O)CCN(CCC(=O)OCCCCCCCC/C=C\CC(CCCCCC)OC(=O)OCC#CCCCC)CCN(CC)CC)CCCCCC,Ugi-3CR,CCN(CC)CCN,primary_tertiary,C=CC(=O)OCCCCCCCC/C=C\CC(CCCCCC)OC(=O)O,ester/carbonate acrylate,1,T6,CCCCC#CCO,ricinoleic/aliphatic,,,,,,,,,,,,,,,,head–linker–tail,DOPE,[H][C@@](COP([O-])(OCC[NH3+])=O)(OC(CCCCCCC/C=C\\CCCCCCCC)=O)COC(CCCCCCC/C=C\\CCCCCCCC)=O,16.0,Cholesterol,C[C@H](CCCC(C)C)[C@H]1CC[C@@H]2[C@@]1(CC[C@H]3[C@H]2CC=C4[C@@]3(CC[C@@H](C4)O)C)C,46.5,DMPE-PEG2000,CCCCCCCCCCCCCC(=O)OCC(COP(=O)(OCCNCC(=O)OCCOCCOCCOCCOCCOCCOCCOCCOCCOCCOCCOCCOCCOCCOCCOCCOCCOCCOCCOCCOCCOCCOCCOCCOCCOCCOCCOCCOCCOCCOCCOCCOCCOCCOCCOCCOCCOCCOCCOCCOCCOCCOCCOC)O)OC(=O)CCCCCCCCCCCCC,2.5,2000.0,35.0,10.0,,,,mRNA,in_vitro,in_vitro,A549,in_vitro,,,,,,,1.4225319707324326,normalized_luminescence,76.0,0.0,0.0,51.0,1068.831698,130.14,0.0,12.0,16.2224,312.094,0.8125,2.0,2.0,1069.604,True,True,False,biodegradable acrylate,,,,,,,,,,,,,,,,,,,branched
LNPhub_R0004119,LNPhub_BL_2023,https://www.nature.com/articles/s41587-023-01679-x,LNPhub_BL_2023_LNP_000115,BL_A21-T6,CCCCC#CCOC(=O)OC(C/C=C\CCCCCCCCOC(=O)CCN(C)CCOCCOCCN(C)CCC(=O)OCCCCCCCC/C=C\CC(CCCCCC)OC(=O)OCC#CCCCC)CCCCCC,Ugi-3CR,CNCCOCCOCCNC,secondary,C=CC(=O)OCCCCCCCC/C=C\CC(CCCCCC)OC(=O)O,ester/carbonate acrylate,1,T6,CCCCC#CCO,ricinoleic/aliphatic,,,,,,,,,,,,,,,,head–linker–tail,DOPE,[H][C@@](COP([O-])(OCC[NH3+])=O)(OC(CCCCCCC/C=C\\CCCCCCCC)=O)COC(CCCCCCC/C=C\\CCCCCCCC)=O,16.0,Cholesterol,C[C@H](CCCC(C)C)[C@H]1CC[C@@H]2[C@@]1(CC[C@H]3[C@H]2CC=C4[C@@]3(CC[C@@H](C4)O)C)C,46.5,DMPE-PEG2000,CCCCCCCCCCCCCC(=O)OCC(COP(=O)(OCCNCC(=O)OCCOCCOCCOCCOCCOCCOCCOCCOCCOCCOCCOCCOCCOCCOCCOCCOCCOCCOCCOCCOCCOCCOCCOCCOCCOCCOCCOCCOCCOCCOCCOCCOCCOCCOCCOCCOCCOCCOCCOCCOCCOCCOCCOC)O)OC(=O)CCCCCCCCCCCCC,2.5,2000.0,35.0,10.0,,,,mRNA,in_vitro,in_vitro,A549,in_vitro,,,,,,,0.5402157283108985,normalized_luminescence,80.0,0.0,0.0,55.0,1128.852827,148.6,0.0,14.0,15.4754,324.498,0.818181818,2.0,2.0,1129.656,True,True,False,biodegradable acrylate,,,,,,,,,,,,,,,,,,,linear
LNPhub_R0004120,LNPhub_BL_2023,https://www.nature.com/articles/s41587-023-01679-x,LNPhub_BL_2023_LNP_000116,BL_A69-T7,CCCCCC#CCOC(=O)OC(C/C=C\CCCCCCCCOC(=O)CCN(CCCN1CCCC1)CCC(=O)OCCCCCCCC/C=C\CC(CCCCCC)OC(=O)OCC#CCCCCC)CCCCCC,Ugi-3CR,C1CCN(C1)CCCN,primary_tertiary,C=CC(=O)OCCCCCCCC/C=C\CC(CCCCCC)OC(=O)O,ester/carbonate acrylate,1,T7,CCCCCC#CCO,ricinoleic/aliphatic,,,,,,,,,,,,,,,,head–linker–tail,DOPE,[H][C@@](COP([O-])(OCC[NH3+])=O)(OC(CCCCCCC/C=C\\CCCCCCCC)=O)COC(CCCCCCC/C=C\\CCCCCCCC)=O,16.0,Cholesterol,C[C@H](CCCC(C)C)[C@H]1CC[C@@H]2[C@@]1(CC[C@H]3[C@H]2CC=C4[C@@]3(CC[C@@H](C4)O)C)C,46.5,DMPE-PEG2000,CCCCCCCCCCCCCC(=O)OCC(COP(=O)(OCCNCC(=O)OCCOCCOCCOCCOCCOCCOCCOCCOCCOCCOCCOCCOCCOCCOCCOCCOCCOCCOCCOCCOCCOCCOCCOCCOCCOCCOCCOCCOCCOCCOCCOCCOCCOCCOCCOCCOCCOCCOCCOCCOCCOCCOCCOC)O)OC(=O)CCCCCCCCCCCCC,2.5,2000.0,35.0,10.0,,,,mRNA,in_vitro,in_vitro,A549,in_vitro,,,,,,,-1.3599908295645085,normalized_luminescence,79.0,1.0,0.0,52.0,1108.862998,130.14,0.0,12.0,17.1467,323.831,0.820895522,2.0,2.0,1109.669,True,True,False,biodegradable acrylate,,,,,,,,,,,,,,,,,,,cyclic
LNPhub_R0004121,LNPhub_BL_2023,https://www.nature.com/articles/s41587-023-01679-x,LNPhub_BL_2023_LNP_000117,BL_A67-T6,CCCCC#CCOC(=O)OC(C/C=C\CCCCCCCCOC(=O)CCN(CCC(=O)OCCCCCCCC/C=C\CC(CCCCCC)OC(=O)OCC#CCCCC)CC1OCCO1)CCCCCC,Ugi-3CR,NCC1OCCO1,primary,C=CC(=O)OCCCCCCCC/C=C\CC(CCCCCC)OC(=O)O,ester/carbonate acrylate,1,T6,CCCCC#CCO,ricinoleic/aliphatic,,,,,,,,,,,,,,,,head–linker–tail,DOPE,[H][C@@](COP([O-])(OCC[NH3+])=O)(OC(CCCCCCC/C=C\\CCCCCCCC)=O)COC(CCCCCCC/C=C\\CCCCCCCC)=O,16.0,Cholesterol,C[C@H](CCCC(C)C)[C@H]1CC[C@@H]2[C@@]1(CC[C@H]3[C@H]2CC=C4[C@@]3(CC[C@@H](C4)O)C)C,46.5,DMPE-PEG2000,CCCCCCCCCCCCCC(=O)OCC(COP(=O)(OCCNCC(=O)OCCOCCOCCOCCOCCOCCOCCOCCOCCOCCOCCOCCOCCOCCOCCOCCOCCOCCOCCOCCOCCOCCOCCOCCOCCOCCOCCOCCOCCOCCOCCOCCOCCOCCOCCOCCOCCOCCOCCOCCOCCOCCOCCOC)O)OC(=O)CCCCCCCCCCCCC,2.5,2000.0,35.0,10.0,,,,mRNA,in_vitro,in_vitro,A549,in_vitro,,,,,,,-1.2497453920616304,normalized_luminescence,75.0,1.0,0.0,48.0,1055.763678,145.36,0.0,13.0,15.2535,299.998,0.806451613,2.0,1.0,1056.517,True,True,False,biodegradable acrylate,,,,,,,,,,,,,,,,,,,cyclic
LNPhub_R0004122,LNPhub_BL_2023,https://www.nature.com/articles/s41587-023-01679-x,LNPhub_BL_2023_LNP_000118,BL_A29-T4,CCC#CCOC(=O)OC(C/C=C\CCCCCCCCOC(=O)CCN(C)CCN(C)C)CCCCCC,Ugi-3CR,CNCCN(C)C,secondary_tertiary,C=CC(=O)OCCCCCCCC/C=C\CC(CCCCCC)OC(=O)O,ester/carbonate acrylate,1,T4,CCC#CCO,ricinoleic/aliphatic,,,,,,,,,,,,,,,,head–linker–tail,DOPE,[H][C@@](COP([O-])(OCC[NH3+])=O)(OC(CCCCCCC/C=C\\CCCCCCCC)=O)COC(CCCCCCC/C=C\\CCCCCCCC)=O,16.0,Cholesterol,C[C@H](CCCC(C)C)[C@H]1CC[C@@H]2[C@@]1(CC[C@H]3[C@H]2CC=C4[C@@]3(CC[C@@H](C4)O)C)C,46.5,DMPE-PEG2000,CCCCCCCCCCCCCC(=O)OCC(COP(=O)(OCCNCC(=O)OCCOCCOCCOCCOCCOCCOCCOCCOCCOCCOCCOCCOCCOCCOCCOCCOCCOCCOCCOCCOCCOCCOCCOCCOCCOCCOCCOCCOCCOCCOCCOCCOCCOCCOCCOCCOCCOCCOCCOCCOCCOCCOCCOC)O)OC(=O)CCCCCCCCCCCCC,2.5,2000.0,35.0,10.0,,,,mRNA,in_vitro,in_vitro,A549,in_vitro,,,,,,,-0.520471333566886,normalized_luminescence,39.0,0.0,0.0,24.0,550.434573,68.31,0.0,7.0,6.9957,160.75,0.8125,1.0,2.0,550.825,True,True,False,biodegradable acrylate,,,,,,,,,,,,,,,,,,,branched
LNPhub_R0004123,LNPhub_BL_2023,https://www.nature.com/articles/s41587-023-01679-x,LNPhub_BL_2023_LNP_000119,BL_A38-T9,CCCCC#CCCOC(=O)OC(C/C=C\CCCCCCCCOC(=O)CCN(CCC(=O)OCCCCCCCC/C=C\CC(CCCCCC)OC(=O)OCCC#CCCCC)CCC1CCCCN1C)CCCCCC,Ugi-3CR,CN1CCCCC1CCN,primary_tertiary,C=CC(=O)OCCCCCCCC/C=C\CC(CCCCCC)OC(=O)O,ester/carbonate acrylate,1,T9,CCCCC#CCCO,ricinoleic/aliphatic,,,,,,,,,,,,,,,,head–linker–tail,DOPE,[H][C@@](COP([O-])(OCC[NH3+])=O)(OC(CCCCCCC/C=C\\CCCCCCCC)=O)COC(CCCCCCC/C=C\\CCCCCCCC)=O,16.0,Cholesterol,C[C@H](CCCC(C)C)[C@H]1CC[C@@H]2[C@@]1(CC[C@H]3[C@H]2CC=C4[C@@]3(CC[C@@H](C4)O)C)C,46.5,DMPE-PEG2000,CCCCCCCCCCCCCC(=O)OCC(COP(=O)(OCCNCC(=O)OCCOCCOCCOCCOCCOCCOCCOCCOCCOCCOCCOCCOCCOCCOCCOCCOCCOCCOCCOCCOCCOCCOCCOCCOCCOCCOCCOCCOCCOCCOCCOCCOCCOCCOCCOCCOCCOCCOCCOCCOCCOCCOCCOC)O)OC(=O)CCCCCCCCCCCCC,2.5,2000.0,35.0,10.0,,,,mRNA,in_vitro,in_vitro,A549,in_vitro,,,,,,,0.5696399168916668,normalized_luminescence,80.0,1.0,0.0,51.0,1122.878648,130.14,0.0,12.0,17.5352,328.426,0.823529412,3.0,2.0,1123.696,True,True,False,biodegradable acrylate,,,,,,,,,,,,,,,,,,,cyclic
LNPhub_R0004124,LNPhub_BL_2023,https://www.nature.com/articles/s41587-023-01679-x,LNPhub_BL_2023_LNP_000120,BL_A34-T1,CCCCCCCCCCCCCCCCCCOC(=O)OC(C/C=C\CCCCCCCCOC(=O)CCN(CCCN(CCC(=O)OCCCCCCCC/C=C\CC(CCCCCC)OC(=O)OCCCCCCCCCCCCCCCCCC)CCN(CCCN(CCC(=O)OCCCCCCCC/C=C\CC(CCCCCC)OC(=O)OCCCCCCCCCCCCCCCCCC)CCC(=O)OCCCCCCCC/C=C\CC(CCCCCC)OC(=O)OCCCCCCCCCCCCCCCCCC)CCC(=O)OCCCCCCCC/C=C\CC(CCCCCC)OC(=O)OCCCCCCCCCCCCCCCCCC)CCC(=O)OCCCCCCCC/C=C\CC(CCCCCC)OC(=O)OCCCCCCCCCCCCCCCCCC)CCCCCC,Ugi-3CR,C(CN)CNCCNCCCN,primary_secondary,C=CC(=O)OCCCCCCCC/C=C\CC(CCCCCC)OC(=O)O,ester/carbonate acrylate,1,T1,CCCCCCCCCCCCCCCCCCO,ricinoleic/aliphatic,,,,,,,,,,,,,,,,head–linker–tail,DOPE,[H][C@@](COP([O-])(OCC[NH3+])=O)(OC(CCCCCCC/C=C\\CCCCCCCC)=O)COC(CCCCCCC/C=C\\CCCCCCCC)=O,16.0,Cholesterol,C[C@H](CCCC(C)C)[C@H]1CC[C@@H]2[C@@]1(CC[C@H]3[C@H]2CC=C4[C@@]3(CC[C@@H](C4)O)C)C,46.5,DMPE-PEG2000,CCCCCCCCCCCCCC(=O)OCC(COP(=O)(OCCNCC(=O)OCCOCCOCCOCCOCCOCCOCCOCCOCCOCCOCCOCCOCCOCCOCCOCCOCCOCCOCCOCCOCCOCCOCCOCCOCCOCCOCCOCCOCCOCCOCCOCCOCCOCCOCCOCCOCCOCCOCCOCCOCCOCCOCCOC)O)OC(=O)CCCCCCCCCCCCC,2.5,2000.0,35.0,10.0,,,,mRNA,in_vitro,in_vitro,A549,in_vitro,,,,,,,1.5560704022446468,normalized_luminescence,282.0,0.0,0.0,233.0,3981.5062,383.94,0.0,34.0,77.1586,1192.062,0.903225806,6.0,4.0,3984.454,True,True,False,biodegradable acrylate,,,,,,,,,,,,,,,,,,,linear
LNPhub_R0004125,LNPhub_BL_2023,https://www.nature.com/articles/s41587-023-01679-x,LNPhub_BL_2023_LNP_000121,BL_A52-T6,CCCCC#CCOC(=O)OC(C/C=C\CCCCCCCCOC(=O)CCN1CCC(CCO)CC1)CCCCCC,Ugi-3CR,C1CNCCC1CCO,secondary,C=CC(=O)OCCCCCCCC/C=C\CC(CCCCCC)OC(=O)O,ester/carbonate acrylate,1,T6,CCCCC#CCO,ricinoleic/aliphatic,,,,,,,,,,,,,,,,head–linker–tail,DOPE,[H][C@@](COP([O-])(OCC[NH3+])=O)(OC(CCCCCCC/C=C\\CCCCCCCC)=O)COC(CCCCCCC/C=C\\CCCCCCCC)=O,16.0,Cholesterol,C[C@H](CCCC(C)C)[C@H]1CC[C@@H]2[C@@]1(CC[C@H]3[C@H]2CC=C4[C@@]3(CC[C@@H](C4)O)C)C,46.5,DMPE-PEG2000,CCCCCCCCCCCCCC(=O)OCC(COP(=O)(OCCNCC(=O)OCCOCCOCCOCCOCCOCCOCCOCCOCCOCCOCCOCCOCCOCCOCCOCCOCCOCCOCCOCCOCCOCCOCCOCCOCCOCCOCCOCCOCCOCCOCCOCCOCCOCCOCCOCCOCCOCCOCCOCCOCCOCCOCCOC)O)OC(=O)CCCCCCCCCCCCC,2.5,2000.0,35.0,10.0,,,,mRNA,in_vitro,in_vitro,A549,in_vitro,,,,,,,-0.1553545524503443,normalized_luminescence,43.0,1.0,0.0,25.0,605.4655387,85.3,1.0,7.0,8.3769,174.7998,0.833333333,1.0,1.0,605.901,True,True,False,biodegradable acrylate,,,,,,,,,,,,,,,,,,,cyclic
LNPhub_R0004126,LNPhub_BL_2023,https://www.nature.com/articles/s41587-023-01679-x,LNPhub_BL_2023_LNP_000122,BL_A43-T2,CCCCCCCC/C=C\CCCCCCCCOC(=O)OC(C/C=C\CCCCCCCCOC(=O)CCN(CCC(=O)OCCCCCCCC/C=C\CC(CCCCCC)OC(=O)OCCCCCCCC/C=C\CCCCCCCC)CC1CCCCN1C)CCCCCC,Ugi-3CR,CN1CCCCC1CN,primary_tertiary,C=CC(=O)OCCCCCCCC/C=C\CC(CCCCCC)OC(=O)O,ester/carbonate acrylate,1,T2,CCCCCCCCC=CCCCCCCCCO,ricinoleic/aliphatic,,,,,,,,,,,,,,,,head–linker–tail,DOPE,[H][C@@](COP([O-])(OCC[NH3+])=O)(OC(CCCCCCC/C=C\\CCCCCCCC)=O)COC(CCCCCCC/C=C\\CCCCCCCC)=O,16.0,Cholesterol,C[C@H](CCCC(C)C)[C@H]1CC[C@@H]2[C@@]1(CC[C@H]3[C@H]2CC=C4[C@@]3(CC[C@@H](C4)O)C)C,46.5,DMPE-PEG2000,CCCCCCCCCCCCCC(=O)OCC(COP(=O)(OCCNCC(=O)OCCOCCOCCOCCOCCOCCOCCOCCOCCOCCOCCOCCOCCOCCOCCOCCOCCOCCOCCOCCOCCOCCOCCOCCOCCOCCOCCOCCOCCOCCOCCOCCOCCOCCOCCOCCOCCOCCOCCOCCOCCOCCOCCOC)O)OC(=O)CCCCCCCCCCCCC,2.5,2000.0,35.0,10.0,,,,mRNA,in_vitro,in_vitro,A549,in_vitro,,,,,,,-1.224188543398473,normalized_luminescence,99.0,1.0,0.0,74.0,1393.207299,130.14,0.0,12.0,26.0527,418.877,0.862068966,3.0,2.0,1394.241,True,True,False,biodegradable acrylate,,,,,,,,,,,,,,,,,,,cyclic
LNPhub_R0004127,LNPhub_BL_2023,https://www.nature.com/articles/s41587-023-01679-x,LNPhub_BL_2023_LNP_000123,BL_A24-T2,CCCCCCCC/C=C\CCCCCCCCOC(=O)OC(C/C=C\CCCCCCCCOC(=O)CCN1CCN(c2cccnc2)CC1)CCCCCC,Ugi-3CR,C1=CC(=CN=C1)N2CCNCC2,secondary_tertiary,C=CC(=O)OCCCCCCCC/C=C\CC(CCCCCC)OC(=O)O,ester/carbonate acrylate,1,T2,CCCCCCCCC=CCCCCCCCCO,ricinoleic/aliphatic,,,,,,,,,,,,,,,,head–linker–tail,DOPE,[H][C@@](COP([O-])(OCC[NH3+])=O)(OC(CCCCCCC/C=C\\CCCCCCCC)=O)COC(CCCCCCC/C=C\\CCCCCCCC)=O,16.0,Cholesterol,C[C@H](CCCC(C)C)[C@H]1CC[C@@H]2[C@@]1(CC[C@H]3[C@H]2CC=C4[C@@]3(CC[C@@H](C4)O)C)C,46.5,DMPE-PEG2000,CCCCCCCCCCCCCC(=O)OCC(COP(=O)(OCCNCC(=O)OCCOCCOCCOCCOCCOCCOCCOCCOCCOCCOCCOCCOCCOCCOCCOCCOCCOCCOCCOCCOCCOCCOCCOCCOCCOCCOCCOCCOCCOCCOCCOCCOCCOCCOCCOCCOCCOCCOCCOCCOCCOCCOCCOC)O)OC(=O)CCCCCCCCCCCCC,2.5,2000.0,35.0,10.0,,,,mRNA,in_vitro,in_vitro,A549,in_vitro,,,,,,,-0.0394388675377006,normalized_luminescence,57.0,2.0,1.0,37.0,795.6489228,81.2,0.0,8.0,13.3436,238.974,0.775510204,1.0,3.0,796.235,True,True,False,biodegradable acrylate,,,,,,,,,,,,,,,,,,,cyclic
LNPhub_R0004128,LNPhub_BL_2023,https://www.nature.com/articles/s41587-023-01679-x,LNPhub_BL_2023_LNP_000124,BL_A31-T4,CCC#CCOC(=O)OC(C/C=C\CCCCCCCCOC(=O)CCN(CCCN(CCC(=O)OCCCCCCCC/C=C\CC(CCCCCC)OC(=O)OCC#CCC)CCC(=O)OCCCCCCCC/C=C\CC(CCCCCC)OC(=O)OCC#CCC)CCCN(CCC(=O)OCCCCCCCC/C=C\CC(CCCCCC)OC(=O)OCC#CCC)CCC(=O)OCCCCCCCC/C=C\CC(CCCCCC)OC(=O)OCC#CCC)CCCCCC,Ugi-3CR,C(CN)CNCCCN,primary_secondary,C=CC(=O)OCCCCCCCC/C=C\CC(CCCCCC)OC(=O)O,ester/carbonate acrylate,1,T4,CCC#CCO,ricinoleic/aliphatic,,,,,,,,,,,,,,,,head–linker–tail,DOPE,[H][C@@](COP([O-])(OCC[NH3+])=O)(OC(CCCCCCC/C=C\\CCCCCCCC)=O)COC(CCCCCCC/C=C\\CCCCCCCC)=O,16.0,Cholesterol,C[C@H](CCCC(C)C)[C@H]1CC[C@@H]2[C@@]1(CC[C@H]3[C@H]2CC=C4[C@@]3(CC[C@@H](C4)O)C)C,46.5,DMPE-PEG2000,CCCCCCCCCCCCCC(=O)OCC(COP(=O)(OCCNCC(=O)OCCOCCOCCOCCOCCOCCOCCOCCOCCOCCOCCOCCOCCOCCOCCOCCOCCOCCOCCOCCOCCOCCOCCOCCOCCOCCOCCOCCOCCOCCOCCOCCOCCOCCOCCOCCOCCOCCOCCOCCOCCOCCOCCOC)O)OC(=O)CCCCCCCCCCCCC,2.5,2000.0,35.0,10.0,,,,mRNA,in_vitro,in_vitro,A549,in_vitro,,,,,,,0.2262494372580027,normalized_luminescence,169.0,0.0,0.0,113.0,2372.73662,318.87,0.0,28.0,35.2521,682.049,0.787234043,5.0,3.0,2374.443,True,True,False,biodegradable acrylate,,,,,,,,,,,,,,,,,,,linear
LNPhub_R0004129,LNPhub_BL_2023,https://www.nature.com/articles/s41587-023-01679-x,LNPhub_BL_2023_LNP_000125,BL_A22-T10,CCCCCCC#CCCOC(=O)OC(C/C=C\CCCCCCCCOC(=O)CCN(CCC(=O)OCCCCCCCC/C=C\CC(CCCCCC)OC(=O)OCCC#CCCCCCC)CCc1ccccn1)CCCCCC,Ugi-3CR,C1=CC(=NC=C1)CCN,primary,C=CC(=O)OCCCCCCCC/C=C\CC(CCCCCC)OC(=O)O,ester/carbonate acrylate,1,T10,CCCCCCC#CCCO,ricinoleic/aliphatic,,,,,,,,,,,,,,,,head–linker–tail,DOPE,[H][C@@](COP([O-])(OCC[NH3+])=O)(OC(CCCCCCC/C=C\\CCCCCCCC)=O)COC(CCCCCCC/C=C\\CCCCCCCC)=O,16.0,Cholesterol,C[C@H](CCCC(C)C)[C@H]1CC[C@@H]2[C@@]1(CC[C@H]3[C@H]2CC=C4[C@@]3(CC[C@@H](C4)O)C)C,46.5,DMPE-PEG2000,CCCCCCCCCCCCCC(=O)OCC(COP(=O)(OCCNCC(=O)OCCOCCOCCOCCOCCOCCOCCOCCOCCOCCOCCOCCOCCOCCOCCOCCOCCOCCOCCOCCOCCOCCOCCOCCOCCOCCOCCOCCOCCOCCOCCOCCOCCOCCOCCOCCOCCOCCOCCOCCOCCOCCOCCOC)O)OC(=O)CCCCCCCCCCCCC,2.5,2000.0,35.0,10.0,,,,mRNA,in_vitro,in_vitro,A549,in_vitro,,,,,,,-0.3750579017543499,normalized_luminescence,83.0,1.0,1.0,55.0,1158.878648,139.79,0.0,12.0,18.8589,339.949,0.76056338,2.0,2.0,1159.729,True,True,False,biodegradable acrylate,,,,,,,,,,,,,,,,,,,cyclic
LNPhub_R0004130,LNPhub_BL_2023,https://www.nature.com/articles/s41587-023-01679-x,LNPhub_BL_2023_LNP_000077,BL_A1-T2,CCCCCCCC/C=C\CCCCCCCCOC(=O)OC(C/C=C\CCCCCCCCOC(=O)CCN(CCCN(C)C)CCC(=O)OCCCCCCCC/C=C\CC(CCCCCC)OC(=O)OCCCCCCCC/C=C\CCCCCCCC)CCCCCC,Ugi-3CR,CN(C)CCCN,primary_tertiary,C=CC(=O)OCCCCCCCC/C=C\CC(CCCCCC)OC(=O)O,ester/carbonate acrylate,1,T2,CCCCCCCCC=CCCCCCCCCO,ricinoleic/aliphatic,,,,,,,,,,,,,,,,head–linker–tail,DOTAP,[H]C(C[N+](C)(C)C)(OC(CCCCCCC/C=C\CCCCCCCC)=O)COC(CCCCCCC/C=C\CCCCCCCC)=O,39.0,Cholesterol,C[C@H](CCCC(C)C)[C@H]1CC[C@@H]2[C@@]1(CC[C@H]3[C@H]2CC=C4[C@@]3(CC[C@@H](C4)O)C)C,30.0,DMPE-PEG2000,CCCCCCCCCCCCCC(=O)OCC(COP(=O)(OCCNCC(=O)OCCOCCOCCOCCOCCOCCOCCOCCOCCOCCOCCOCCOCCOCCOCCOCCOCCOCCOCCOCCOCCOCCOCCOCCOCCOCCOCCOCCOCCOCCOCCOCCOCCOCCOCCOCCOCCOCCOCCOCCOCCOCCOCCOC)O)OC(=O)CCCCCCCCCCCCC,1.0,2000.0,30.0,7.5,,,,mRNA,intratracheal,in_vivo,Mouse_B6,lung_epithelium,,,,,,,0.1773540456956656,normalized_luminescence,97.0,0.0,0.0,76.0,1367.191649,130.14,0.0,12.0,25.5201,411.779,0.858823529,2.0,2.0,1368.203,True,True,False,biodegradable acrylate,,,,,,,,,,,,,,,,,,,branched
LNPhub_R0004131,LNPhub_BL_2023,https://www.nature.com/articles/s41587-023-01679-x,LNPhub_BL_2023_LNP_000126,BL_A39-T4,CCC#CCOC(=O)OC(C/C=C\CCCCCCCCOC(=O)CCN1CCN(CC2CCN(C)CC2)CC1)CCCCCC,Ugi-3CR,CN1CCC(CC1)CN2CCNCC2,secondary_tertiary,C=CC(=O)OCCCCCCCC/C=C\CC(CCCCCC)OC(=O)O,ester/carbonate acrylate,1,T4,CCC#CCO,ricinoleic/aliphatic,,,,,,,,,,,,,,,,head–linker–tail,DOPE,[H][C@@](COP([O-])(OCC[NH3+])=O)(OC(CCCCCCC/C=C\\CCCCCCCC)=O)COC(CCCCCCC/C=C\\CCCCCCCC)=O,16.0,Cholesterol,C[C@H](CCCC(C)C)[C@H]1CC[C@@H]2[C@@]1(CC[C@H]3[C@H]2CC=C4[C@@]3(CC[C@@H](C4)O)C)C,46.5,DMPE-PEG2000,CCCCCCCCCCCCCC(=O)OCC(COP(=O)(OCCNCC(=O)OCCOCCOCCOCCOCCOCCOCCOCCOCCOCCOCCOCCOCCOCCOCCOCCOCCOCCOCCOCCOCCOCCOCCOCCOCCOCCOCCOCCOCCOCCOCCOCCOCCOCCOCCOCCOCCOCCOCCOCCOCCOCCOCCOC)O)OC(=O)CCCCCCCCCCCCC,2.5,2000.0,35.0,10.0,,,,mRNA,in_vitro,in_vitro,A549,in_vitro,,,,,,,-1.1998788792192965,normalized_luminescence,46.0,2.0,0.0,23.0,645.5080722,71.55,0.0,8.0,7.4617,187.8,0.842105263,1.0,3.0,645.97,True,True,False,biodegradable acrylate,,,,,,,,,,,,,,,,,,,cyclic-dendrimer
LNPhub_R0004132,LNPhub_BL_2023,https://www.nature.com/articles/s41587-023-01679-x,LNPhub_BL_2023_LNP_000127,BL_A22-T1,CCCCCCCCCCCCCCCCCCOC(=O)OC(C/C=C\CCCCCCCCOC(=O)CCN(CCC(=O)OCCCCCCCC/C=C\CC(CCCCCC)OC(=O)OCCCCCCCCCCCCCCCCCC)CCc1ccccn1)CCCCCC,Ugi-3CR,C1=CC(=NC=C1)CCN,primary,C=CC(=O)OCCCCCCCC/C=C\CC(CCCCCC)OC(=O)O,ester/carbonate acrylate,1,T1,CCCCCCCCCCCCCCCCCCO,ricinoleic/aliphatic,,,,,,,,,,,,,,,,head–linker–tail,DOPE,[H][C@@](COP([O-])(OCC[NH3+])=O)(OC(CCCCCCC/C=C\\CCCCCCCC)=O)COC(CCCCCCC/C=C\\CCCCCCCC)=O,16.0,Cholesterol,C[C@H](CCCC(C)C)[C@H]1CC[C@@H]2[C@@]1(CC[C@H]3[C@H]2CC=C4[C@@]3(CC[C@@H](C4)O)C)C,46.5,DMPE-PEG2000,CCCCCCCCCCCCCC(=O)OCC(COP(=O)(OCCNCC(=O)OCCOCCOCCOCCOCCOCCOCCOCCOCCOCCOCCOCCOCCOCCOCCOCCOCCOCCOCCOCCOCCOCCOCCOCCOCCOCCOCCOCCOCCOCCOCCOCCOCCOCCOCCOCCOCCOCCOCCOCCOCCOCCOCCOC)O)OC(=O)CCCCCCCCCCCCC,2.5,2000.0,35.0,10.0,,,,mRNA,in_vitro,in_vitro,A549,in_vitro,,,,,,,2.182616550288277,normalized_luminescence,99.0,1.0,1.0,77.0,1391.191649,139.79,0.0,12.0,26.6541,416.737,0.850574713,2.0,2.0,1392.225,True,True,False,biodegradable acrylate,,,,,,,,,,,,,,,,,,,cyclic
LNPhub_R0004133,LNPhub_BL_2023,https://www.nature.com/articles/s41587-023-01679-x,LNPhub_BL_2023_LNP_000128,BL_A15-T6,CCCCC#CCOC(=O)OC(C/C=C\CCCCCCCCOC(=O)CCN(CCCN(C)CCCN(CCC(=O)OCCCCCCCC/C=C\CC(CCCCCC)OC(=O)OCC#CCCCC)CCC(=O)OCCCCCCCC/C=C\CC(CCCCCC)OC(=O)OCC#CCCCC)CCC(=O)OCCCCCCCC/C=C\CC(CCCCCC)OC(=O)OCC#CCCCC)CCCCCC,Ugi-3CR,CN(CCCN)CCCN,primary_tertiary,C=CC(=O)OCCCCCCCC/C=C\CC(CCCCCC)OC(=O)O,ester/carbonate acrylate,1,T6,CCCCC#CCO,ricinoleic/aliphatic,,,,,,,,,,,,,,,,head–linker–tail,DOPE,[H][C@@](COP([O-])(OCC[NH3+])=O)(OC(CCCCCCC/C=C\\CCCCCCCC)=O)COC(CCCCCCC/C=C\\CCCCCCCC)=O,16.0,Cholesterol,C[C@H](CCCC(C)C)[C@H]1CC[C@@H]2[C@@]1(CC[C@H]3[C@H]2CC=C4[C@@]3(CC[C@@H](C4)O)C)C,46.5,DMPE-PEG2000,CCCCCCCCCCCCCC(=O)OCC(COP(=O)(OCCNCC(=O)OCCOCCOCCOCCOCCOCCOCCOCCOCCOCCOCCOCCOCCOCCOCCOCCOCCOCCOCCOCCOCCOCCOCCOCCOCCOCCOCCOCCOCCOCCOCCOCCOCCOCCOCCOCCOCCOCCOCCOCCOCCOCCOCCOC)O)OC(=O)CCCCCCCCCCCCC,2.5,2000.0,35.0,10.0,,,,mRNA,in_vitro,in_vitro,A549,in_vitro,,,,,,,0.4556828131213228,normalized_luminescence,146.0,0.0,0.0,100.0,2050.558596,257.04,0.0,23.0,31.4868,595.343,0.804878049,4.0,3.0,2052.042,True,True,False,biodegradable acrylate,,,,,,,,,,,,,,,,,,,branched
LNPhub_R0004134,LNPhub_BL_2023,https://www.nature.com/articles/s41587-023-01679-x,LNPhub_BL_2023_LNP_000129,BL_A18-T2,CCCCCCCC/C=C\CCCCCCCCOC(=O)OC(C/C=C\CCCCCCCCOC(=O)CCN(CCC(=O)OCCCCCCCC/C=C\CC(CCCCCC)OC(=O)OCCCCCCCC/C=C\CCCCCCCC)CCN(C)CCN(CCC(=O)OCCCCCCCC/C=C\CC(CCCCCC)OC(=O)OCCCCCCCC/C=C\CCCCCCCC)CCC(=O)OCCCCCCCC/C=C\CC(CCCCCC)OC(=O)OCCCCCCCC/C=C\CCCCCCCC)CCCCCC,Ugi-3CR,CN(CCN)CCN,primary_tertiary,C=CC(=O)OCCCCCCCC/C=C\CC(CCCCCC)OC(=O)O,ester/carbonate acrylate,1,T2,CCCCCCCCC=CCCCCCCCCO,ricinoleic/aliphatic,,,,,,,,,,,,,,,,head–linker–tail,DOPE,[H][C@@](COP([O-])(OCC[NH3+])=O)(OC(CCCCCCC/C=C\\CCCCCCCC)=O)COC(CCCCCCC/C=C\\CCCCCCCC)=O,16.0,Cholesterol,C[C@H](CCCC(C)C)[C@H]1CC[C@@H]2[C@@]1(CC[C@H]3[C@H]2CC=C4[C@@]3(CC[C@@H](C4)O)C)C,46.5,DMPE-PEG2000,CCCCCCCCCCCCCC(=O)OCC(COP(=O)(OCCNCC(=O)OCCOCCOCCOCCOCCOCCOCCOCCOCCOCCOCCOCCOCCOCCOCCOCCOCCOCCOCCOCCOCCOCCOCCOCCOCCOCCOCCOCCOCCOCCOCCOCCOCCOCCOCCOCCOCCOCCOCCOCCOCCOCCOCCOC)O)OC(=O)CCCCCCCCCCCCC,2.5,2000.0,35.0,10.0,,,,mRNA,in_vitro,in_vitro,A549,in_vitro,,,,,,,1.2074871751722156,normalized_luminescence,188.0,0.0,0.0,150.0,2647.278499,257.04,0.0,23.0,50.0822,794.713,0.854545455,4.0,3.0,2649.24,True,True,False,biodegradable acrylate,,,,,,,,,,,,,,,,,,,branched
LNPhub_R0004135,LNPhub_BL_2023,https://www.nature.com/articles/s41587-023-01679-x,LNPhub_BL_2023_LNP_000130,BL_A5-T9,CCCCC#CCCOC(=O)OC(C/C=C\CCCCCCCCOC(=O)CCN(C)CCCN(C)CCC(=O)OCCCCCCCC/C=C\CC(CCCCCC)OC(=O)OCCC#CCCCC)CCCCCC,Ugi-3CR,CNCCCNC,secondary,C=CC(=O)OCCCCCCCC/C=C\CC(CCCCCC)OC(=O)O,ester/carbonate acrylate,1,T9,CCCCC#CCCO,ricinoleic/aliphatic,,,,,,,,,,,,,,,,head–linker–tail,DOPE,[H][C@@](COP([O-])(OCC[NH3+])=O)(OC(CCCCCCC/C=C\\CCCCCCCC)=O)COC(CCCCCCC/C=C\\CCCCCCCC)=O,16.0,Cholesterol,C[C@H](CCCC(C)C)[C@H]1CC[C@@H]2[C@@]1(CC[C@H]3[C@H]2CC=C4[C@@]3(CC[C@@H](C4)O)C)C,46.5,DMPE-PEG2000,CCCCCCCCCCCCCC(=O)OCC(COP(=O)(OCCNCC(=O)OCCOCCOCCOCCOCCOCCOCCOCCOCCOCCOCCOCCOCCOCCOCCOCCOCCOCCOCCOCCOCCOCCOCCOCCOCCOCCOCCOCCOCCOCCOCCOCCOCCOCCOCCOCCOCCOCCOCCOCCOCCOCCOCCOC)O)OC(=O)CCCCCCCCCCCCC,2.5,2000.0,35.0,10.0,,,,mRNA,in_vitro,in_vitro,A549,in_vitro,,,,,,,-0.6040843066146161,normalized_luminescence,77.0,0.0,0.0,52.0,1082.847348,130.14,0.0,12.0,16.6125,316.711,0.815384615,2.0,2.0,1083.631,True,True,False,biodegradable acrylate,,,,,,,,,,,,,,,,,,,linear
LNPhub_R0004136,LNPhub_BL_2023,https://www.nature.com/articles/s41587-023-01679-x,LNPhub_BL_2023_LNP_000131,BL_A13-T4,CCC#CCOC(=O)OC(C/C=C\CCCCCCCCOC(=O)CCN1CCN(CCN2CCCC2)CC1)CCCCCC,Ugi-3CR,C1CCN(C1)CCN2CCNCC2,secondary_tertiary,C=CC(=O)OCCCCCCCC/C=C\CC(CCCCCC)OC(=O)O,ester/carbonate acrylate,1,T4,CCC#CCO,ricinoleic/aliphatic,,,,,,,,,,,,,,,,head–linker–tail,DOPE,[H][C@@](COP([O-])(OCC[NH3+])=O)(OC(CCCCCCC/C=C\\CCCCCCCC)=O)COC(CCCCCCC/C=C\\CCCCCCCC)=O,16.0,Cholesterol,C[C@H](CCCC(C)C)[C@H]1CC[C@@H]2[C@@]1(CC[C@H]3[C@H]2CC=C4[C@@]3(CC[C@@H](C4)O)C)C,46.5,DMPE-PEG2000,CCCCCCCCCCCCCC(=O)OCC(COP(=O)(OCCNCC(=O)OCCOCCOCCOCCOCCOCCOCCOCCOCCOCCOCCOCCOCCOCCOCCOCCOCCOCCOCCOCCOCCOCCOCCOCCOCCOCCOCCOCCOCCOCCOCCOCCOCCOCCOCCOCCOCCOCCOCCOCCOCCOCCOCCOC)O)OC(=O)CCCCCCCCCCCCC,2.5,2000.0,35.0,10.0,,,,mRNA,in_vitro,in_vitro,A549,in_vitro,,,,,,,-0.9459708451423992,normalized_luminescence,45.0,2.0,0.0,24.0,631.4924222,71.55,0.0,8.0,7.2157,183.253,0.837837838,1.0,3.0,631.943,True,True,False,biodegradable acrylate,,,,,,,,,,,,,,,,,,,cyclic
LNPhub_R0004137,LNPhub_BL_2023,https://www.nature.com/articles/s41587-023-01679-x,LNPhub_BL_2023_LNP_000132,BL_A62-T4,CCC#CCOC(=O)OC(C/C=C\CCCCCCCCOC(=O)CCN(C)CCCN(CCC(=O)OCCCCCCCC/C=C\CC(CCCCCC)OC(=O)OCC#CCC)CCC(=O)OCCCCCCCC/C=C\CC(CCCCCC)OC(=O)OCC#CCC)CCCCCC,Ugi-3CR,CNCCCN,primary_secondary,C=CC(=O)OCCCCCCCC/C=C\CC(CCCCCC)OC(=O)O,ester/carbonate acrylate,1,T4,CCC#CCO,ricinoleic/aliphatic,,,,,,,,,,,,,,,,head–linker–tail,DOPE,[H][C@@](COP([O-])(OCC[NH3+])=O)(OC(CCCCCCC/C=C\\CCCCCCCC)=O)COC(CCCCCCC/C=C\\CCCCCCCC)=O,16.0,Cholesterol,C[C@H](CCCC(C)C)[C@H]1CC[C@@H]2[C@@]1(CC[C@H]3[C@H]2CC=C4[C@@]3(CC[C@@H](C4)O)C)C,46.5,DMPE-PEG2000,CCCCCCCCCCCCCC(=O)OCC(COP(=O)(OCCNCC(=O)OCCOCCOCCOCCOCCOCCOCCOCCOCCOCCOCCOCCOCCOCCOCCOCCOCCOCCOCCOCCOCCOCCOCCOCCOCCOCCOCCOCCOCCOCCOCCOCCOCCOCCOCCOCCOCCOCCOCCOCCOCCOCCOCCOC)O)OC(=O)CCCCCCCCCCCCC,2.5,2000.0,35.0,10.0,,,,mRNA,in_vitro,in_vitro,A549,in_vitro,,,,,,,0.3223662715253867,normalized_luminescence,102.0,0.0,0.0,67.0,1433.056672,191.97,0.0,17.0,21.158,412.651,0.788235294,3.0,2.0,1434.086,True,True,False,biodegradable acrylate,,,,,,,,,,,,,,,,,,,linear
LNPhub_R0004138,LNPhub_BL_2023,https://www.nature.com/articles/s41587-023-01679-x,LNPhub_BL_2023_LNP_000133,BL_A9-T1,CCCCCCCCCCCCCCCCCCOC(=O)OC(C/C=C\CCCCCCCCOC(=O)CCN(CCCN1CCN(C)CC1)CCC(=O)OCCCCCCCC/C=C\CC(CCCCCC)OC(=O)OCCCCCCCCCCCCCCCCCC)CCCCCC,Ugi-3CR,CN1CCN(CCCN)CC1,primary_tertiary,C=CC(=O)OCCCCCCCC/C=C\CC(CCCCCC)OC(=O)O,ester/carbonate acrylate,1,T1,CCCCCCCCCCCCCCCCCCO,ricinoleic/aliphatic,,,,,,,,,,,,,,,,head–linker–tail,DOPE,[H][C@@](COP([O-])(OCC[NH3+])=O)(OC(CCCCCCC/C=C\\CCCCCCCC)=O)COC(CCCCCCC/C=C\\CCCCCCCC)=O,16.0,Cholesterol,C[C@H](CCCC(C)C)[C@H]1CC[C@@H]2[C@@]1(CC[C@H]3[C@H]2CC=C4[C@@]3(CC[C@@H](C4)O)C)C,46.5,DMPE-PEG2000,CCCCCCCCCCCCCC(=O)OCC(COP(=O)(OCCNCC(=O)OCCOCCOCCOCCOCCOCCOCCOCCOCCOCCOCCOCCOCCOCCOCCOCCOCCOCCOCCOCCOCCOCCOCCOCCOCCOCCOCCOCCOCCOCCOCCOCCOCCOCCOCCOCCOCCOCCOCCOCCOCCOCCOCCOC)O)OC(=O)CCCCCCCCCCCCC,2.5,2000.0,35.0,10.0,,,,mRNA,in_vitro,in_vitro,A549,in_vitro,,,,,,,2.3964175819565985,normalized_luminescence,101.0,1.0,0.0,78.0,1426.265149,133.38,0.0,13.0,25.6539,427.35,0.909090909,2.0,3.0,1427.315,True,True,False,biodegradable acrylate,,,,,,,,,,,,,,,,,,,cyclic
LNPhub_R0004139,LNPhub_BL_2023,https://www.nature.com/articles/s41587-023-01679-x,LNPhub_BL_2023_LNP_000134,BL_A10-T4,CCC#CCOC(=O)OC(C/C=C\CCCCCCCCOC(=O)CCN(CCC(=O)OCCCCCCCC/C=C\CC(CCCCCC)OC(=O)OCC#CCC)CCc1ccncc1)CCCCCC,Ugi-3CR,NCCC1=CC=NC=C1,primary,C=CC(=O)OCCCCCCCC/C=C\CC(CCCCCC)OC(=O)O,ester/carbonate acrylate,1,T4,CCC#CCO,ricinoleic/aliphatic,,,,,,,,,,,,,,,,head–linker–tail,DOPE,[H][C@@](COP([O-])(OCC[NH3+])=O)(OC(CCCCCCC/C=C\\CCCCCCCC)=O)COC(CCCCCCC/C=C\\CCCCCCCC)=O,16.0,Cholesterol,C[C@H](CCCC(C)C)[C@H]1CC[C@@H]2[C@@]1(CC[C@H]3[C@H]2CC=C4[C@@]3(CC[C@@H](C4)O)C)C,46.5,DMPE-PEG2000,CCCCCCCCCCCCCC(=O)OCC(COP(=O)(OCCNCC(=O)OCCOCCOCCOCCOCCOCCOCCOCCOCCOCCOCCOCCOCCOCCOCCOCCOCCOCCOCCOCCOCCOCCOCCOCCOCCOCCOCCOCCOCCOCCOCCOCCOCCOCCOCCOCCOCCOCCOCCOCCOCCOCCOCCOC)O)OC(=O)CCCCCCCCCCCCC,2.5,2000.0,35.0,10.0,,,,mRNA,in_vitro,in_vitro,A549,in_vitro,,,,,,,-0.2550470781638003,normalized_luminescence,73.0,1.0,1.0,45.0,1018.722147,139.79,0.0,12.0,14.9579,293.779,0.721311475,2.0,2.0,1019.459,True,True,False,biodegradable acrylate,,,,,,,,,,,,,,,,,,,cyclic
LNPhub_R0004140,LNPhub_BL_2023,https://www.nature.com/articles/s41587-023-01679-x,LNPhub_BL_2023_LNP_000135,BL_A68-T2,CCCCCCCC/C=C\CCCCCCCCOC(=O)OC(C/C=C\CCCCCCCCOC(=O)CCN(CCC(=O)OCCCCCCCC/C=C\CC(CCCCCC)OC(=O)OCCCCCCCC/C=C\CCCCCCCC)CCN1CCCC1)CCCCCC,Ugi-3CR,NCCN1CCCC1,primary_tertiary,C=CC(=O)OCCCCCCCC/C=C\CC(CCCCCC)OC(=O)O,ester/carbonate acrylate,1,T2,CCCCCCCCC=CCCCCCCCCO,ricinoleic/aliphatic,,,,,,,,,,,,,,,,head–linker–tail,DOPE,[H][C@@](COP([O-])(OCC[NH3+])=O)(OC(CCCCCCC/C=C\\CCCCCCCC)=O)COC(CCCCCCC/C=C\\CCCCCCCC)=O,16.0,Cholesterol,C[C@H](CCCC(C)C)[C@H]1CC[C@@H]2[C@@]1(CC[C@H]3[C@H]2CC=C4[C@@]3(CC[C@@H](C4)O)C)C,46.5,DMPE-PEG2000,CCCCCCCCCCCCCC(=O)OCC(COP(=O)(OCCNCC(=O)OCCOCCOCCOCCOCCOCCOCCOCCOCCOCCOCCOCCOCCOCCOCCOCCOCCOCCOCCOCCOCCOCCOCCOCCOCCOCCOCCOCCOCCOCCOCCOCCOCCOCCOCCOCCOCCOCCOCCOCCOCCOCCOCCOC)O)OC(=O)CCCCCCCCCCCCC,2.5,2000.0,35.0,10.0,,,,mRNA,in_vitro,in_vitro,A549,in_vitro,,,,,,,-1.7648548645621935,normalized_luminescence,98.0,1.0,0.0,75.0,1379.191649,130.14,0.0,12.0,25.6642,414.282,0.860465116,2.0,2.0,1380.214,True,True,False,biodegradable acrylate,,,,,,,,,,,,,,,,,,,cyclic
LNPhub_R0004141,LNPhub_BL_2023,https://www.nature.com/articles/s41587-023-01679-x,LNPhub_BL_2023_LNP_000136,BL_A60-T9,CCCCC#CCCOC(=O)OC(C/C=C\CCCCCCCCOC(=O)CCN(CCC(=O)OCCCCCCCC/C=C\CC(CCCCCC)OC(=O)OCCC#CCCCC)CC(O)CO)CCCCCC,Ugi-3CR,C(C(CO)O)N,primary,C=CC(=O)OCCCCCCCC/C=C\CC(CCCCCC)OC(=O)O,ester/carbonate acrylate,1,T9,CCCCC#CCCO,ricinoleic/aliphatic,,,,,,,,,,,,,,,,head–linker–tail,DOPE,[H][C@@](COP([O-])(OCC[NH3+])=O)(OC(CCCCCCC/C=C\\CCCCCCCC)=O)COC(CCCCCCC/C=C\\CCCCCCCC)=O,16.0,Cholesterol,C[C@H](CCCC(C)C)[C@H]1CC[C@@H]2[C@@]1(CC[C@H]3[C@H]2CC=C4[C@@]3(CC[C@@H](C4)O)C)C,46.5,DMPE-PEG2000,CCCCCCCCCCCCCC(=O)OCC(COP(=O)(OCCNCC(=O)OCCOCCOCCOCCOCCOCCOCCOCCOCCOCCOCCOCCOCCOCCOCCOCCOCCOCCOCCOCCOCCOCCOCCOCCOCCOCCOCCOCCOCCOCCOCCOCCOCCOCCOCCOCCOCCOCCOCCOCCOCCOCCOCCOC)O)OC(=O)CCCCCCCCCCCCC,2.5,2000.0,35.0,10.0,,,,mRNA,in_vitro,in_vitro,A549,in_vitro,,,,,,,-0.2052144876178066,normalized_luminescence,76.0,0.0,0.0,51.0,1071.794978,167.36,2.0,13.0,15.014,306.6326,0.80952381,3.0,1.0,1072.56,True,True,False,biodegradable acrylate,,,,,,,,,,,,,,,,,,,branched
LNPhub_R0004142,LNPhub_BL_2023,https://www.nature.com/articles/s41587-023-01679-x,LNPhub_BL_2023_LNP_000137,BL_A40-T2,CCCCCCCC/C=C\CCCCCCCCOC(=O)OC(C/C=C\CCCCCCCCOC(=O)CCN(CCC(=O)OCCCCCCCC/C=C\CC(CCCCCC)OC(=O)OCCCCCCCC/C=C\CCCCCCCC)CCN1CCN(C)CC1)CCCCCC,Ugi-3CR,CN1CCN(CCN)CC1,primary_tertiary,C=CC(=O)OCCCCCCCC/C=C\CC(CCCCCC)OC(=O)O,ester/carbonate acrylate,1,T2,CCCCCCCCC=CCCCCCCCCO,ricinoleic/aliphatic,,,,,,,,,,,,,,,,head–linker–tail,DOPE,[H][C@@](COP([O-])(OCC[NH3+])=O)(OC(CCCCCCC/C=C\\CCCCCCCC)=O)COC(CCCCCCC/C=C\\CCCCCCCC)=O,16.0,Cholesterol,C[C@H](CCCC(C)C)[C@H]1CC[C@@H]2[C@@]1(CC[C@H]3[C@H]2CC=C4[C@@]3(CC[C@@H](C4)O)C)C,46.5,DMPE-PEG2000,CCCCCCCCCCCCCC(=O)OCC(COP(=O)(OCCNCC(=O)OCCOCCOCCOCCOCCOCCOCCOCCOCCOCCOCCOCCOCCOCCOCCOCCOCCOCCOCCOCCOCCOCCOCCOCCOCCOCCOCCOCCOCCOCCOCCOCCOCCOCCOCCOCCOCCOCCOCCOCCOCCOCCOCCOC)O)OC(=O)CCCCCCCCCCCCC,2.5,2000.0,35.0,10.0,,,,mRNA,in_vitro,in_vitro,A549,in_vitro,,,,,,,-0.958340102392471,normalized_luminescence,100.0,1.0,0.0,75.0,1408.218198,133.38,0.0,13.0,24.8158,422.545,0.862068966,2.0,3.0,1409.256,True,True,False,biodegradable acrylate,,,,,,,,,,,,,,,,,,,cyclic
LNPhub_R0004143,LNPhub_BL_2023,https://www.nature.com/articles/s41587-023-01679-x,LNPhub_BL_2023_LNP_000138,BL_A68-T1,CCCCCCCCCCCCCCCCCCOC(=O)OC(C/C=C\CCCCCCCCOC(=O)CCN(CCC(=O)OCCCCCCCC/C=C\CC(CCCCCC)OC(=O)OCCCCCCCCCCCCCCCCCC)CCN1CCCC1)CCCCCC,Ugi-3CR,NCCN1CCCC1,primary_tertiary,C=CC(=O)OCCCCCCCC/C=C\CC(CCCCCC)OC(=O)O,ester/carbonate acrylate,1,T1,CCCCCCCCCCCCCCCCCCO,ricinoleic/aliphatic,,,,,,,,,,,,,,,,head–linker–tail,DOPE,[H][C@@](COP([O-])(OCC[NH3+])=O)(OC(CCCCCCC/C=C\\CCCCCCCC)=O)COC(CCCCCCC/C=C\\CCCCCCCC)=O,16.0,Cholesterol,C[C@H](CCCC(C)C)[C@H]1CC[C@@H]2[C@@]1(CC[C@H]3[C@H]2CC=C4[C@@]3(CC[C@@H](C4)O)C)C,46.5,DMPE-PEG2000,CCCCCCCCCCCCCC(=O)OCC(COP(=O)(OCCNCC(=O)OCCOCCOCCOCCOCCOCCOCCOCCOCCOCCOCCOCCOCCOCCOCCOCCOCCOCCOCCOCCOCCOCCOCCOCCOCCOCCOCCOCCOCCOCCOCCOCCOCCOCCOCCOCCOCCOCCOCCOCCOCCOCCOCCOC)O)OC(=O)CCCCCCCCCCCCC,2.5,2000.0,35.0,10.0,,,,mRNA,in_vitro,in_vitro,A549,in_vitro,,,,,,,-2.169427245053776,normalized_luminescence,98.0,1.0,0.0,77.0,1383.222949,130.14,0.0,12.0,26.1122,414.47,0.906976744,2.0,2.0,1384.246,True,True,False,biodegradable acrylate,,,,,,,,,,,,,,,,,,,cyclic
LNPhub_R0004144,LNPhub_BL_2023,https://www.nature.com/articles/s41587-023-01679-x,LNPhub_BL_2023_LNP_000139,BL_A64-T5,CCCC#CCOC(=O)OC(C/C=C\CCCCCCCCOC(=O)CCN(CCC(=O)OCCCCCCCC/C=C\CC(CCCCCC)OC(=O)OCC#CCCC)CC(OCC)OCC)CCCCCC,Ugi-3CR,CCOC(CN)OCC,primary,C=CC(=O)OCCCCCCCC/C=C\CC(CCCCCC)OC(=O)O,ester/carbonate acrylate,1,T5,CCCC#CCO,ricinoleic/aliphatic,,,,,,,,,,,,,,,,head–linker–tail,DOPE,[H][C@@](COP([O-])(OCC[NH3+])=O)(OC(CCCCCCC/C=C\\CCCCCCCC)=O)COC(CCCCCCC/C=C\\CCCCCCCC)=O,16.0,Cholesterol,C[C@H](CCCC(C)C)[C@H]1CC[C@@H]2[C@@]1(CC[C@H]3[C@H]2CC=C4[C@@]3(CC[C@@H](C4)O)C)C,46.5,DMPE-PEG2000,CCCCCCCCCCCCCC(=O)OCC(COP(=O)(OCCNCC(=O)OCCOCCOCCOCCOCCOCCOCCOCCOCCOCCOCCOCCOCCOCCOCCOCCOCCOCCOCCOCCOCCOCCOCCOCCOCCOCCOCCOCCOCCOCCOCCOCCOCCOCCOCCOCCOCCOCCOCCOCCOCCOCCOCCOC)O)OC(=O)CCCCCCCCCCCCC,2.5,2000.0,35.0,10.0,,,,mRNA,in_vitro,in_vitro,A549,in_vitro,,,,,,,-0.5984773497131545,normalized_luminescence,75.0,0.0,0.0,50.0,1057.779328,145.36,0.0,13.0,15.4995,302.112,0.806451613,2.0,1.0,1058.533,True,True,False,biodegradable acrylate,,,,,,,,,,,,,,,,,,,branched
LNPhub_R0004145,LNPhub_BL_2023,https://www.nature.com/articles/s41587-023-01679-x,LNPhub_BL_2023_LNP_000140,BL_A59-T6,CCCCC#CCOC(=O)OC(C/C=C\CCCCCCCCOC(=O)CCN(CCCN(CCC(=O)OCCCCCCCC/C=C\CC(CCCCCC)OC(=O)OCC#CCCCC)CCC(=O)OCCCCCCCC/C=C\CC(CCCCCC)OC(=O)OCC#CCCCC)CCC(=O)OCCCCCCCC/C=C\CC(CCCCCC)OC(=O)OCC#CCCCC)CCCCCC,Ugi-3CR,C(CN)CN,primary,C=CC(=O)OCCCCCCCC/C=C\CC(CCCCCC)OC(=O)O,ester/carbonate acrylate,1,T6,CCCCC#CCO,ricinoleic/aliphatic,,,,,,,,,,,,,,,,head–linker–tail,DOPE,[H][C@@](COP([O-])(OCC[NH3+])=O)(OC(CCCCCCC/C=C\\CCCCCCCC)=O)COC(CCCCCCC/C=C\\CCCCCCCC)=O,16.0,Cholesterol,C[C@H](CCCC(C)C)[C@H]1CC[C@@H]2[C@@]1(CC[C@H]3[C@H]2CC=C4[C@@]3(CC[C@@H](C4)O)C)C,46.5,DMPE-PEG2000,CCCCCCCCCCCCCC(=O)OCC(COP(=O)(OCCNCC(=O)OCCOCCOCCOCCOCCOCCOCCOCCOCCOCCOCCOCCOCCOCCOCCOCCOCCOCCOCCOCCOCCOCCOCCOCCOCCOCCOCCOCCOCCOCCOCCOCCOCCOCCOCCOCCOCCOCCOCCOCCOCCOCCOCCOC)O)OC(=O)CCCCCCCCCCCCC,2.5,2000.0,35.0,10.0,,,,mRNA,in_vitro,in_vitro,A549,in_vitro,,,,,,,-1.247502705652919,normalized_luminescence,141.0,0.0,0.0,96.0,1979.485097,253.8,0.0,22.0,31.1649,573.229,0.798319328,4.0,2.0,1980.919,True,True,False,biodegradable acrylate,,,,,,,,,,,,,,,,,,,linear
LNPhub_R0004146,LNPhub_BL_2023,https://www.nature.com/articles/s41587-023-01679-x,LNPhub_BL_2023_LNP_000141,BL_A2-T7,CCCCCC#CCOC(=O)OC(C/C=C\CCCCCCCCOC(=O)CCN(CCC(=O)OCCCCCCCC/C=C\CC(CCCCCC)OC(=O)OCC#CCCCCC)CCN(C)C)CCCCCC,Ugi-3CR,CN(C)CCN,primary_tertiary,C=CC(=O)OCCCCCCCC/C=C\CC(CCCCCC)OC(=O)O,ester/carbonate acrylate,1,T7,CCCCCC#CCO,ricinoleic/aliphatic,,,,,,,,,,,,,,,,head–linker–tail,DOTAP,[H]C(C[N+](C)(C)C)(OC(CCCCCCC/C=C\CCCCCCCC)=O)COC(CCCCCCC/C=C\CCCCCCCC)=O,39.0,Cholesterol,C[C@H](CCCC(C)C)[C@H]1CC[C@@H]2[C@@]1(CC[C@H]3[C@H]2CC=C4[C@@]3(CC[C@@H](C4)O)C)C,30.0,DMPE-PEG2000,CCCCCCCCCCCCCC(=O)OCC(COP(=O)(OCCNCC(=O)OCCOCCOCCOCCOCCOCCOCCOCCOCCOCCOCCOCCOCCOCCOCCOCCOCCOCCOCCOCCOCCOCCOCCOCCOCCOCCOCCOCCOCCOCCOCCOCCOCCOCCOCCOCCOCCOCCOCCOCCOCCOCCOCCOC)O)OC(=O)CCCCCCCCCCCCC,1.0,2000.0,30.0,7.5,,,,mRNA,intratracheal,in_vivo,Mouse_B6,lung_epithelium,,,,,,,-0.9772159041011332,normalized_luminescence,76.0,0.0,0.0,51.0,1068.831698,130.14,0.0,12.0,16.2224,312.094,0.8125,2.0,2.0,1069.604,True,True,False,biodegradable acrylate,,,,,,,,,,,,,,,,,,,branched
LNPhub_R0004147,LNPhub_BL_2023,https://www.nature.com/articles/s41587-023-01679-x,LNPhub_BL_2023_LNP_000142,BL_A26-T9,CCCCC#CCCOC(=O)OC(C/C=C\CCCCCCCCOC(=O)CCN(C)CCCn1ccnc1)CCCCCC,Ugi-3CR,CNCCCN1C=CN=C1,secondary,C=CC(=O)OCCCCCCCC/C=C\CC(CCCCCC)OC(=O)O,ester/carbonate acrylate,1,T9,CCCCC#CCCO,ricinoleic/aliphatic,,,,,,,,,,,,,,,,head–linker–tail,DOPE,[H][C@@](COP([O-])(OCC[NH3+])=O)(OC(CCCCCCC/C=C\\CCCCCCCC)=O)COC(CCCCCCC/C=C\\CCCCCCCC)=O,16.0,Cholesterol,C[C@H](CCCC(C)C)[C@H]1CC[C@@H]2[C@@]1(CC[C@H]3[C@H]2CC=C4[C@@]3(CC[C@@H](C4)O)C)C,46.5,DMPE-PEG2000,CCCCCCCCCCCCCC(=O)OCC(COP(=O)(OCCNCC(=O)OCCOCCOCCOCCOCCOCCOCCOCCOCCOCCOCCOCCOCCOCCOCCOCCOCCOCCOCCOCCOCCOCCOCCOCCOCCOCCOCCOCCOCCOCCOCCOCCOCCOCCOCCOCCOCCOCCOCCOCCOCCOCCOCCOC)O)OC(=O)CCCCCCCCCCCCC,2.5,2000.0,35.0,10.0,,,,mRNA,in_vitro,in_vitro,A549,in_vitro,,,,,,,0.0066850941380919,normalized_luminescence,45.0,1.0,1.0,28.0,629.4767721,82.89,0.0,8.0,8.8912,182.891,0.756756757,1.0,3.0,629.927,True,True,False,biodegradable acrylate,,,,,,,,,,,,,,,,,,,cyclic
LNPhub_R0004148,LNPhub_BL_2023,https://www.nature.com/articles/s41587-023-01679-x,LNPhub_BL_2023_LNP_000143,BL_A5-T3,CCCCC/C=C\C/C=C\CCCCCCCCOC(=O)OC(C/C=C\CCCCCCCCOC(=O)CCN(C)CCCN(C)CCC(=O)OCCCCCCCC/C=C\CC(CCCCCC)OC(=O)OCCCCCCCC/C=C\C/C=C\CCCCC)CCCCCC,Ugi-3CR,CNCCCNC,secondary,C=CC(=O)OCCCCCCCC/C=C\CC(CCCCCC)OC(=O)O,ester/carbonate acrylate,1,T3,CCCCCC=CCC=C=CCCCCCCCCO,ricinoleic/aliphatic,,,,,,,,,,,,,,,,head–linker–tail,DOPE,[H][C@@](COP([O-])(OCC[NH3+])=O)(OC(CCCCCCC/C=C\\CCCCCCCC)=O)COC(CCCCCCC/C=C\\CCCCCCCC)=O,16.0,Cholesterol,C[C@H](CCCC(C)C)[C@H]1CC[C@@H]2[C@@]1(CC[C@H]3[C@H]2CC=C4[C@@]3(CC[C@@H](C4)O)C)C,46.5,DMPE-PEG2000,CCCCCCCCCCCCCC(=O)OCC(COP(=O)(OCCNCC(=O)OCCOCCOCCOCCOCCOCCOCCOCCOCCOCCOCCOCCOCCOCCOCCOCCOCCOCCOCCOCCOCCOCCOCCOCCOCCOCCOCCOCCOCCOCCOCCOCCOCCOCCOCCOCCOCCOCCOCCOCCOCCOCCOCCOC)O)OC(=O)CCCCCCCCCCCCC,2.5,2000.0,35.0,10.0,,,,mRNA,in_vitro,in_vitro,A549,in_vitro,,,,,,,1.3038588671853288,normalized_luminescence,97.0,0.0,0.0,74.0,1363.160349,130.14,0.0,12.0,25.0721,411.591,0.811764706,2.0,2.0,1364.171,True,True,False,biodegradable acrylate,,,,,,,,,,,,,,,,,,,linear
LNPhub_R0004149,LNPhub_BL_2023,https://www.nature.com/articles/s41587-023-01679-x,LNPhub_BL_2023_LNP_000144,BL_A15-T8,CCCCCCC#CCOC(=O)OC(C/C=C\CCCCCCCCOC(=O)CCN(CCCN(C)CCCN(CCC(=O)OCCCCCCCC/C=C\CC(CCCCCC)OC(=O)OCC#CCCCCCC)CCC(=O)OCCCCCCCC/C=C\CC(CCCCCC)OC(=O)OCC#CCCCCCC)CCC(=O)OCCCCCCCC/C=C\CC(CCCCCC)OC(=O)OCC#CCCCCCC)CCCCCC,Ugi-3CR,CN(CCCN)CCCN,primary_tertiary,C=CC(=O)OCCCCCCCC/C=C\CC(CCCCCC)OC(=O)O,ester/carbonate acrylate,1,T8,CCCCCCC#CCO,ricinoleic/aliphatic,,,,,,,,,,,,,,,,head–linker–tail,DOPE,[H][C@@](COP([O-])(OCC[NH3+])=O)(OC(CCCCCCC/C=C\\CCCCCCCC)=O)COC(CCCCCCC/C=C\\CCCCCCCC)=O,16.0,Cholesterol,C[C@H](CCCC(C)C)[C@H]1CC[C@@H]2[C@@]1(CC[C@H]3[C@H]2CC=C4[C@@]3(CC[C@@H](C4)O)C)C,46.5,DMPE-PEG2000,CCCCCCCCCCCCCC(=O)OCC(COP(=O)(OCCNCC(=O)OCCOCCOCCOCCOCCOCCOCCOCCOCCOCCOCCOCCOCCOCCOCCOCCOCCOCCOCCOCCOCCOCCOCCOCCOCCOCCOCCOCCOCCOCCOCCOCCOCCOCCOCCOCCOCCOCCOCCOCCOCCOCCOCCOC)O)OC(=O)CCCCCCCCCCCCC,2.5,2000.0,35.0,10.0,,,,mRNA,in_vitro,in_vitro,A549,in_vitro,,,,,,,0.0965578080302382,normalized_luminescence,154.0,0.0,0.0,108.0,2162.683797,257.04,0.0,23.0,34.6076,632.279,0.816793893,4.0,3.0,2164.258,True,True,False,biodegradable acrylate,,,,,,,,,,,,,,,,,,,branched
LNPhub_R0004150,LNPhub_BL_2023,https://www.nature.com/articles/s41587-023-01679-x,LNPhub_BL_2023_LNP_000145,BL_A4-T4,CCC#CCOC(=O)OC(C/C=C\CCCCCCCCOC(=O)CCN(CCC(=O)OCCCCCCCC/C=C\CC(CCCCCC)OC(=O)OCC#CCC)CCN(CC)CC)CCCCCC,Ugi-3CR,CCN(CC)CCN,primary_tertiary,C=CC(=O)OCCCCCCCC/C=C\CC(CCCCCC)OC(=O)O,ester/carbonate acrylate,1,T4,CCC#CCO,ricinoleic/aliphatic,,,,,,,,,,,,,,,,head–linker–tail,DOPE,[H][C@@](COP([O-])(OCC[NH3+])=O)(OC(CCCCCCC/C=C\\CCCCCCCC)=O)COC(CCCCCCC/C=C\\CCCCCCCC)=O,16.0,Cholesterol,C[C@H](CCCC(C)C)[C@H]1CC[C@@H]2[C@@]1(CC[C@H]3[C@H]2CC=C4[C@@]3(CC[C@@H](C4)O)C)C,46.5,DMPE-PEG2000,CCCCCCCCCCCCCC(=O)OCC(COP(=O)(OCCNCC(=O)OCCOCCOCCOCCOCCOCCOCCOCCOCCOCCOCCOCCOCCOCCOCCOCCOCCOCCOCCOCCOCCOCCOCCOCCOCCOCCOCCOCCOCCOCCOCCOCCOCCOCCOCCOCCOCCOCCOCCOCCOCCOCCOCCOC)O)OC(=O)CCCCCCCCCCCCC,2.5,2000.0,35.0,7.5,,,,mRNA,intratracheal,in_vivo,Mouse_B6,lung_epithelium,,,,,,,-0.8866635665364269,normalized_luminescence,72.0,0.0,0.0,47.0,1012.769098,130.14,0.0,12.0,14.662,293.626,0.8,2.0,2.0,1013.496,True,True,False,biodegradable acrylate,,,,,,,,,,,,,,,,,,,branched
LNPhub_R0004151,LNPhub_BL_2023,https://www.nature.com/articles/s41587-023-01679-x,LNPhub_BL_2023_LNP_000146,BL_A44-T2,CCCCCCCC/C=C\CCCCCCCCOC(=O)OC(C/C=C\CCCCCCCCOC(=O)CCN(CCC(=O)OCCCCCCCC/C=C\CC(CCCCCC)OC(=O)OCCCCCCCC/C=C\CCCCCCCC)CCC1CCCCN1C(C)C)CCCCCC,Ugi-3CR,CC(C)N1CCCCC1CCN,primary_tertiary,C=CC(=O)OCCCCCCCC/C=C\CC(CCCCCC)OC(=O)O,ester/carbonate acrylate,1,T2,CCCCCCCCC=CCCCCCCCCO,ricinoleic/aliphatic,,,,,,,,,,,,,,,,head–linker–tail,DOPE,[H][C@@](COP([O-])(OCC[NH3+])=O)(OC(CCCCCCC/C=C\\CCCCCCCC)=O)COC(CCCCCCC/C=C\\CCCCCCCC)=O,16.0,Cholesterol,C[C@H](CCCC(C)C)[C@H]1CC[C@@H]2[C@@]1(CC[C@H]3[C@H]2CC=C4[C@@]3(CC[C@@H](C4)O)C)C,46.5,DMPE-PEG2000,CCCCCCCCCCCCCC(=O)OCC(COP(=O)(OCCNCC(=O)OCCOCCOCCOCCOCCOCCOCCOCCOCCOCCOCCOCCOCCOCCOCCOCCOCCOCCOCCOCCOCCOCCOCCOCCOCCOCCOCCOCCOCCOCCOCCOCCOCCOCCOCCOCCOCCOCCOCCOCCOCCOCCOCCOC)O)OC(=O)CCCCCCCCCCCCC,2.5,2000.0,35.0,10.0,,,,mRNA,in_vitro,in_vitro,A549,in_vitro,,,,,,,0.1287125111471773,normalized_luminescence,102.0,1.0,0.0,76.0,1435.25425,130.14,0.0,12.0,27.2214,432.706,0.866666667,3.0,2.0,1436.322,True,True,False,biodegradable acrylate,,,,,,,,,,,,,,,,,,,cyclic-dendrimer
LNPhub_R0004152,LNPhub_BL_2023,https://www.nature.com/articles/s41587-023-01679-x,LNPhub_BL_2023_LNP_000147,BL_A16-T4,CCC#CCOC(=O)OC(C/C=C\CCCCCCCCOC(=O)CCN(CCC(=O)OCCCCCCCC/C=C\CC(CCCCCC)OC(=O)OCC#CCC)CCc1cn(CCC(=O)OCCCCCCCC/C=C\CC(CCCCCC)OC(=O)OCC#CCC)cn1)CCCCCC,Ugi-3CR,C(CN)C1=CNC=N1,primary,C=CC(=O)OCCCCCCCC/C=C\CC(CCCCCC)OC(=O)O,ester/carbonate acrylate,1,T4,CCC#CCO,ricinoleic/aliphatic,,,,,,,,,,,,,,,,head–linker–tail,DOPE,[H][C@@](COP([O-])(OCC[NH3+])=O)(OC(CCCCCCC/C=C\\CCCCCCCC)=O)COC(CCCCCCC/C=C\\CCCCCCCC)=O,16.0,Cholesterol,C[C@H](CCCC(C)C)[C@H]1CC[C@@H]2[C@@]1(CC[C@H]3[C@H]2CC=C4[C@@]3(CC[C@@H](C4)O)C)C,46.5,DMPE-PEG2000,CCCCCCCCCCCCCC(=O)OCC(COP(=O)(OCCNCC(=O)OCCOCCOCCOCCOCCOCCOCCOCCOCCOCCOCCOCCOCCOCCOCCOCCOCCOCCOCCOCCOCCOCCOCCOCCOCCOCCOCCOCCOCCOCCOCCOCCOCCOCCOCCOCCOCCOCCOCCOCCOCCOCCOCCOC)O)OC(=O)CCCCCCCCCCCCC,2.5,2000.0,35.0,10.0,,,,mRNA,in_vitro,in_vitro,A549,in_vitro,,,,,,,0.2266946744377895,normalized_luminescence,104.0,1.0,1.0,66.0,1456.036271,206.55,0.0,18.0,21.2753,416.468,0.755813953,3.0,3.0,1457.08,True,True,False,biodegradable acrylate,,,,,,,,,,,,,,,,,,,cyclic
LNPhub_R0004153,LNPhub_BL_2023,https://www.nature.com/articles/s41587-023-01679-x,LNPhub_BL_2023_LNP_000148,BL_A2-T6,CCCCC#CCOC(=O)OC(C/C=C\CCCCCCCCOC(=O)CCN(CCC(=O)OCCCCCCCC/C=C\CC(CCCCCC)OC(=O)OCC#CCCCC)CCN(C)C)CCCCCC,Ugi-3CR,CN(C)CCN,primary_tertiary,C=CC(=O)OCCCCCCCC/C=C\CC(CCCCCC)OC(=O)O,ester/carbonate acrylate,1,T6,CCCCC#CCO,ricinoleic/aliphatic,,,,,,,,,,,,,,,,head–linker–tail,DOPE,[H][C@@](COP([O-])(OCC[NH3+])=O)(OC(CCCCCCC/C=C\\CCCCCCCC)=O)COC(CCCCCCC/C=C\\CCCCCCCC)=O,16.0,Cholesterol,C[C@H](CCCC(C)C)[C@H]1CC[C@@H]2[C@@]1(CC[C@H]3[C@H]2CC=C4[C@@]3(CC[C@@H](C4)O)C)C,46.5,DMPE-PEG2000,CCCCCCCCCCCCCC(=O)OCC(COP(=O)(OCCNCC(=O)OCCOCCOCCOCCOCCOCCOCCOCCOCCOCCOCCOCCOCCOCCOCCOCCOCCOCCOCCOCCOCCOCCOCCOCCOCCOCCOCCOCCOCCOCCOCCOCCOCCOCCOCCOCCOCCOCCOCCOCCOCCOCCOCCOC)O)OC(=O)CCCCCCCCCCCCC,2.5,2000.0,35.0,10.0,,,,mRNA,in_vitro,in_vitro,A549,in_vitro,,,,,,,1.0235590934498853,normalized_luminescence,74.0,0.0,0.0,49.0,1040.800398,130.14,0.0,12.0,15.4422,302.86,0.806451613,2.0,2.0,1041.55,True,True,False,biodegradable acrylate,,,,,,,,,,,,,,,,,,,branched
LNPhub_R0004154,LNPhub_BL_2023,https://www.nature.com/articles/s41587-023-01679-x,LNPhub_BL_2023_LNP_000149,BL_A41-T6,CCCCC#CCOC(=O)OC(C/C=C\CCCCCCCCOC(=O)CCN1CCC[C@H]1CO)CCCCCC,Ugi-3CR,C1C[C@@H](CO)NC1,secondary,C=CC(=O)OCCCCCCCC/C=C\CC(CCCCCC)OC(=O)O,ester/carbonate acrylate,1,T6,CCCCC#CCO,ricinoleic/aliphatic,,,,,,,,,,,,,,,,head–linker–tail,DOPE,[H][C@@](COP([O-])(OCC[NH3+])=O)(OC(CCCCCCC/C=C\\CCCCCCCC)=O)COC(CCCCCCC/C=C\\CCCCCCCC)=O,16.0,Cholesterol,C[C@H](CCCC(C)C)[C@H]1CC[C@@H]2[C@@]1(CC[C@H]3[C@H]2CC=C4[C@@]3(CC[C@@H](C4)O)C)C,46.5,DMPE-PEG2000,CCCCCCCCCCCCCC(=O)OCC(COP(=O)(OCCNCC(=O)OCCOCCOCCOCCOCCOCCOCCOCCOCCOCCOCCOCCOCCOCCOCCOCCOCCOCCOCCOCCOCCOCCOCCOCCOCCOCCOCCOCCOCCOCCOCCOCCOCCOCCOCCOCCOCCOCCOCCOCCOCCOCCOCCOC)O)OC(=O)CCCCCCCCCCCCC,2.5,2000.0,35.0,10.0,,,,mRNA,in_vitro,in_vitro,A549,in_vitro,,,,,,,0.4605954260368578,normalized_luminescence,41.0,1.0,0.0,24.0,577.4342386,85.3,1.0,7.0,7.7392,165.6138,0.823529412,2.0,1.0,577.847,True,True,False,biodegradable acrylate,,,,,,,,,,,,,,,,,,,cyclic
LNPhub_R0004155,LNPhub_BL_2023,https://www.nature.com/articles/s41587-023-01679-x,LNPhub_BL_2023_LNP_000150,BL_A2-T8,CCCCCCC#CCOC(=O)OC(C/C=C\CCCCCCCCOC(=O)CCN(CCC(=O)OCCCCCCCC/C=C\CC(CCCCCC)OC(=O)OCC#CCCCCCC)CCN(C)C)CCCCCC,Ugi-3CR,CN(C)CCN,primary_tertiary,C=CC(=O)OCCCCCCCC/C=C\CC(CCCCCC)OC(=O)O,ester/carbonate acrylate,1,T8,CCCCCCC#CCO,ricinoleic/aliphatic,,,,,,,,,,,,,,,,head–linker–tail,DOPE,[H][C@@](COP([O-])(OCC[NH3+])=O)(OC(CCCCCCC/C=C\\CCCCCCCC)=O)COC(CCCCCCC/C=C\\CCCCCCCC)=O,16.0,Cholesterol,C[C@H](CCCC(C)C)[C@H]1CC[C@@H]2[C@@]1(CC[C@H]3[C@H]2CC=C4[C@@]3(CC[C@@H](C4)O)C)C,46.5,DMPE-PEG2000,CCCCCCCCCCCCCC(=O)OCC(COP(=O)(OCCNCC(=O)OCCOCCOCCOCCOCCOCCOCCOCCOCCOCCOCCOCCOCCOCCOCCOCCOCCOCCOCCOCCOCCOCCOCCOCCOCCOCCOCCOCCOCCOCCOCCOCCOCCOCCOCCOCCOCCOCCOCCOCCOCCOCCOCCOC)O)OC(=O)CCCCCCCCCCCCC,2.5,2000.0,35.0,10.0,,,,mRNA,in_vitro,in_vitro,A549,in_vitro,,,,,,,1.491342859052604,normalized_luminescence,78.0,0.0,0.0,53.0,1096.862998,130.14,0.0,12.0,17.0026,321.328,0.818181818,2.0,2.0,1097.658,True,True,False,biodegradable acrylate,,,,,,,,,,,,,,,,,,,branched
LNPhub_R0004156,LNPhub_BL_2023,https://www.nature.com/articles/s41587-023-01679-x,LNPhub_BL_2023_LNP_000151,BL_A4-T5,CCCC#CCOC(=O)OC(C/C=C\CCCCCCCCOC(=O)CCN(CCC(=O)OCCCCCCCC/C=C\CC(CCCCCC)OC(=O)OCC#CCCC)CCN(CC)CC)CCCCCC,Ugi-3CR,CCN(CC)CCN,primary_tertiary,C=CC(=O)OCCCCCCCC/C=C\CC(CCCCCC)OC(=O)O,ester/carbonate acrylate,1,T5,CCCC#CCO,ricinoleic/aliphatic,,,,,,,,,,,,,,,,head–linker–tail,DOPE,[H][C@@](COP([O-])(OCC[NH3+])=O)(OC(CCCCCCC/C=C\\CCCCCCCC)=O)COC(CCCCCCC/C=C\\CCCCCCCC)=O,16.0,Cholesterol,C[C@H](CCCC(C)C)[C@H]1CC[C@@H]2[C@@]1(CC[C@H]3[C@H]2CC=C4[C@@]3(CC[C@@H](C4)O)C)C,46.5,DMPE-PEG2000,CCCCCCCCCCCCCC(=O)OCC(COP(=O)(OCCNCC(=O)OCCOCCOCCOCCOCCOCCOCCOCCOCCOCCOCCOCCOCCOCCOCCOCCOCCOCCOCCOCCOCCOCCOCCOCCOCCOCCOCCOCCOCCOCCOCCOCCOCCOCCOCCOCCOCCOCCOCCOCCOCCOCCOCCOC)O)OC(=O)CCCCCCCCCCCCC,2.5,2000.0,35.0,7.5,,,,mRNA,intratracheal,in_vivo,Mouse_B6,lung_epithelium,,,,,,,-0.9733843541774518,normalized_luminescence,74.0,0.0,0.0,49.0,1040.800398,130.14,0.0,12.0,15.4422,302.86,0.806451613,2.0,2.0,1041.55,True,True,False,biodegradable acrylate,,,,,,,,,,,,,,,,,,,branched
LNPhub_R0004157,LNPhub_BL_2023,https://www.nature.com/articles/s41587-023-01679-x,LNPhub_BL_2023_LNP_000152,BL_A32-T1,CCCCCCCCCCCCCCCCCCOC(=O)OC(C/C=C\CCCCCCCCOC(=O)CCN(CCCN(C)C)CCCN(C)C)CCCCCC,Ugi-3CR,CN(C)CCCNCCCN(C)C,secondary_tertiary,C=CC(=O)OCCCCCCCC/C=C\CC(CCCCCC)OC(=O)O,ester/carbonate acrylate,1,T1,CCCCCCCCCCCCCCCCCCO,ricinoleic/aliphatic,,,,,,,,,,,,,,,,head–linker–tail,DOPE,[H][C@@](COP([O-])(OCC[NH3+])=O)(OC(CCCCCCC/C=C\\CCCCCCCC)=O)COC(CCCCCCC/C=C\\CCCCCCCC)=O,16.0,Cholesterol,C[C@H](CCCC(C)C)[C@H]1CC[C@@H]2[C@@]1(CC[C@H]3[C@H]2CC=C4[C@@]3(CC[C@@H](C4)O)C)C,46.5,DMPE-PEG2000,CCCCCCCCCCCCCC(=O)OCC(COP(=O)(OCCNCC(=O)OCCOCCOCCOCCOCCOCCOCCOCCOCCOCCOCCOCCOCCOCCOCCOCCOCCOCCOCCOCCOCCOCCOCCOCCOCCOCCOCCOCCOCCOCCOCCOCCOCCOCCOCCOCCOCCOCCOCCOCCOCCOCCOCCOC)O)OC(=O)CCCCCCCCCCCCC,2.5,2000.0,35.0,10.0,,,,mRNA,in_vitro,in_vitro,A549,in_vitro,,,,,,,-0.0505204322864946,normalized_luminescence,58.0,0.0,0.0,45.0,821.7584733,71.55,0.0,8.0,13.5558,248.96,0.92,1.0,3.0,822.358,True,True,False,biodegradable acrylate,,,,,,,,,,,,,,,,,,,branched
LNPhub_R0004158,LNPhub_BL_2023,https://www.nature.com/articles/s41587-023-01679-x,LNPhub_BL_2023_LNP_000153,BL_A65-T4,CCC#CCOC(=O)OC(C/C=C\CCCCCCCCOC(=O)CCN(CCC(=O)OCCCCCCCC/C=C\CC(CCCCCC)OC(=O)OCC#CCC)CC(OC)OC)CCCCCC,Ugi-3CR,COC(CN)OC,primary,C=CC(=O)OCCCCCCCC/C=C\CC(CCCCCC)OC(=O)O,ester/carbonate acrylate,1,T4,CCC#CCO,ricinoleic/aliphatic,,,,,,,,,,,,,,,,head–linker–tail,DOPE,[H][C@@](COP([O-])(OCC[NH3+])=O)(OC(CCCCCCC/C=C\\CCCCCCCC)=O)COC(CCCCCCC/C=C\\CCCCCCCC)=O,16.0,Cholesterol,C[C@H](CCCC(C)C)[C@H]1CC[C@@H]2[C@@]1(CC[C@H]3[C@H]2CC=C4[C@@]3(CC[C@@H](C4)O)C)C,46.5,DMPE-PEG2000,CCCCCCCCCCCCCC(=O)OCC(COP(=O)(OCCNCC(=O)OCCOCCOCCOCCOCCOCCOCCOCCOCCOCCOCCOCCOCCOCCOCCOCCOCCOCCOCCOCCOCCOCCOCCOCCOCCOCCOCCOCCOCCOCCOCCOCCOCCOCCOCCOCCOCCOCCOCCOCCOCCOCCOCCOC)O)OC(=O)CCCCCCCCCCCCC,2.5,2000.0,35.0,10.0,,,,mRNA,in_vitro,in_vitro,A549,in_vitro,,,,,,,-0.7954570037737062,normalized_luminescence,71.0,0.0,0.0,46.0,1001.716728,145.36,0.0,13.0,13.9391,283.644,0.793103448,2.0,1.0,1002.425,True,True,False,biodegradable acrylate,,,,,,,,,,,,,,,,,,,branched
LNPhub_R0004159,LNPhub_BL_2023,https://www.nature.com/articles/s41587-023-01679-x,LNPhub_BL_2023_LNP_000154,BL_A27-T3,CCCCC/C=C\C/C=C\CCCCCCCCOC(=O)OC(C/C=C\CCCCCCCCOC(=O)CCN(CCCN1CCCCCC1)CCC(=O)OCCCCCCCC/C=C\CC(CCCCCC)OC(=O)OCCCCCCCC/C=C\C/C=C\CCCCC)CCCCCC,Ugi-3CR,C1CCCN(CC1)CCC[NH],primary_tertiary,C=CC(=O)OCCCCCCCC/C=C\CC(CCCCCC)OC(=O)O,ester/carbonate acrylate,1,T3,CCCCCC=CCC=C=CCCCCCCCCO,ricinoleic/aliphatic,,,,,,,,,,,,,,,,head–linker–tail,DOPE,[H][C@@](COP([O-])(OCC[NH3+])=O)(OC(CCCCCCC/C=C\\CCCCCCCC)=O)COC(CCCCCCC/C=C\\CCCCCCCC)=O,16.0,Cholesterol,C[C@H](CCCC(C)C)[C@H]1CC[C@@H]2[C@@]1(CC[C@H]3[C@H]2CC=C4[C@@]3(CC[C@@H](C4)O)C)C,46.5,DMPE-PEG2000,CCCCCCCCCCCCCC(=O)OCC(COP(=O)(OCCNCC(=O)OCCOCCOCCOCCOCCOCCOCCOCCOCCOCCOCCOCCOCCOCCOCCOCCOCCOCCOCCOCCOCCOCCOCCOCCOCCOCCOCCOCCOCCOCCOCCOCCOCCOCCOCCOCCOCCOCCOCCOCCOCCOCCOCCOC)O)OC(=O)CCCCCCCCCCCCC,2.5,2000.0,35.0,10.0,,,,mRNA,in_vitro,in_vitro,A549,in_vitro,,,,,,,-0.0999803090440819,normalized_luminescence,101.0,1.0,0.0,74.0,1417.207299,130.14,0.0,12.0,26.3865,427.945,0.820224719,2.0,2.0,1418.263,True,True,False,biodegradable acrylate,,,,,,,,,,,,,,,,,,,cyclic
LNPhub_R0004160,LNPhub_BL_2023,https://www.nature.com/articles/s41587-023-01679-x,LNPhub_BL_2023_LNP_000155,BL_A37-T2,CCCCCCCC/C=C\CCCCCCCCOC(=O)OC(C/C=C\CCCCCCCCOC(=O)CCN(CCC(=O)OCCCCCCCC/C=C\CC(CCCCCC)OC(=O)OCCCCCCCC/C=C\CCCCCCCC)CCN1CCCCN(C)CC1)CCCCCC,Ugi-3CR,CN1CCCCN(CCN)CC1,primary_tertiary,C=CC(=O)OCCCCCCCC/C=C\CC(CCCCCC)OC(=O)O,ester/carbonate acrylate,1,T2,CCCCCCCCC=CCCCCCCCCO,ricinoleic/aliphatic,,,,,,,,,,,,,,,,head–linker–tail,DOPE,[H][C@@](COP([O-])(OCC[NH3+])=O)(OC(CCCCCCC/C=C\\CCCCCCCC)=O)COC(CCCCCCC/C=C\\CCCCCCCC)=O,16.0,Cholesterol,C[C@H](CCCC(C)C)[C@H]1CC[C@@H]2[C@@]1(CC[C@H]3[C@H]2CC=C4[C@@]3(CC[C@@H](C4)O)C)C,46.5,DMPE-PEG2000,CCCCCCCCCCCCCC(=O)OCC(COP(=O)(OCCNCC(=O)OCCOCCOCCOCCOCCOCCOCCOCCOCCOCCOCCOCCOCCOCCOCCOCCOCCOCCOCCOCCOCCOCCOCCOCCOCCOCCOCCOCCOCCOCCOCCOCCOCCOCCOCCOCCOCCOCCOCCOCCOCCOCCOCCOC)O)OC(=O)CCCCCCCCCCCCC,2.5,2000.0,35.0,10.0,,,,mRNA,in_vitro,in_vitro,A549,in_vitro,,,,,,,-0.2409007232522389,normalized_luminescence,102.0,1.0,0.0,75.0,1436.249498,133.38,0.0,13.0,25.596,431.779,0.865168539,2.0,3.0,1437.31,True,True,False,biodegradable acrylate,,,,,,,,,,,,,,,,,,,macrocyclic
LNPhub_R0004161,LNPhub_BL_2023,https://www.nature.com/articles/s41587-023-01679-x,LNPhub_BL_2023_LNP_000156,BL_A23-T9,CCCCC#CCCOC(=O)OC(C/C=C\CCCCCCCCOC(=O)CCN1CCN(c2ccccn2)CC1)CCCCCC,Ugi-3CR,C1=CC(=NC=C1)N2CCNCC2,secondary_tertiary,C=CC(=O)OCCCCCCCC/C=C\CC(CCCCCC)OC(=O)O,ester/carbonate acrylate,1,T9,CCCCC#CCCO,ricinoleic/aliphatic,,,,,,,,,,,,,,,,head–linker–tail,DOPE,[H][C@@](COP([O-])(OCC[NH3+])=O)(OC(CCCCCCC/C=C\\CCCCCCCC)=O)COC(CCCCCCC/C=C\\CCCCCCCC)=O,16.0,Cholesterol,C[C@H](CCCC(C)C)[C@H]1CC[C@@H]2[C@@]1(CC[C@H]3[C@H]2CC=C4[C@@]3(CC[C@@H](C4)O)C)C,46.5,DMPE-PEG2000,CCCCCCCCCCCCCC(=O)OCC(COP(=O)(OCCNCC(=O)OCCOCCOCCOCCOCCOCCOCCOCCOCCOCCOCCOCCOCCOCCOCCOCCOCCOCCOCCOCCOCCOCCOCCOCCOCCOCCOCCOCCOCCOCCOCCOCCOCCOCCOCCOCCOCCOCCOCCOCCOCCOCCOCCOC)O)OC(=O)CCCCCCCCCCCCC,2.5,2000.0,35.0,10.0,,,,mRNA,in_vitro,in_vitro,A549,in_vitro,,,,,,,-0.3117328797666041,normalized_luminescence,47.0,2.0,1.0,25.0,653.4767721,81.2,0.0,8.0,8.8898,191.44,0.717948718,1.0,3.0,653.949,True,True,False,biodegradable acrylate,,,,,,,,,,,,,,,,,,,cyclic
LNPhub_R0004162,LNPhub_BL_2023,https://www.nature.com/articles/s41587-023-01679-x,LNPhub_BL_2023_LNP_000157,BL_A63-T8,CCCCCCC#CCOC(=O)OC(C/C=C\CCCCCCCCOC(=O)CCN(CCC(=O)OCCCCCCCC/C=C\CC(CCCCCC)OC(=O)OCC#CCCCCCC)CCN(CCC(=O)OCCCCCCCC/C=C\CC(CCCCCC)OC(=O)OCC#CCCCCCC)CCN1CCN(CCN(CCC(=O)OCCCCCCCC/C=C\CC(CCCCCC)OC(=O)OCC#CCCCCCC)CCC(=O)OCCCCCCCC/C=C\CC(CCCCCC)OC(=O)OCC#CCCCCCC)CC1)CCCCCC,Ugi-3CR,C(CNCCN1CCN(CCN)CC1)N,primary_secondary_tertiary,C=CC(=O)OCCCCCCCC/C=C\CC(CCCCCC)OC(=O)O,ester/carbonate acrylate,1,T8,CCCCCCC#CCO,ricinoleic/aliphatic,,,,,,,,,,,,,,,,head–linker–tail,DOPE,[H][C@@](COP([O-])(OCC[NH3+])=O)(OC(CCCCCCC/C=C\\CCCCCCCC)=O)COC(CCCCCCC/C=C\\CCCCCCCC)=O,16.0,Cholesterol,C[C@H](CCCC(C)C)[C@H]1CC[C@@H]2[C@@]1(CC[C@H]3[C@H]2CC=C4[C@@]3(CC[C@@H](C4)O)C)C,46.5,DMPE-PEG2000,CCCCCCCCCCCCCC(=O)OCC(COP(=O)(OCCNCC(=O)OCCOCCOCCOCCOCCOCCOCCOCCOCCOCCOCCOCCOCCOCCOCCOCCOCCOCCOCCOCCOCCOCCOCCOCCOCCOCCOCCOCCOCCOCCOCCOCCOCCOCCOCCOCCOCCOCCOCCOCCOCCOCCOCCOC)O)OC(=O)CCCCCCCCCCCCC,2.5,2000.0,35.0,10.0,,,,mRNA,in_vitro,in_vitro,A549,in_vitro,,,,,,,1.4351813041716166,normalized_luminescence,195.0,1.0,0.0,134.0,2737.11837,325.35,0.0,30.0,41.8915,798.035,0.818181818,5.0,5.0,2739.105,True,True,False,biodegradable acrylate,,,,,,,,,,,,,,,,,,,cyclic-dendrimer
LNPhub_R0004163,LNPhub_BL_2023,https://www.nature.com/articles/s41587-023-01679-x,LNPhub_BL_2023_LNP_000158,BL_A60-T4,CCC#CCOC(=O)OC(C/C=C\CCCCCCCCOC(=O)CCN(CCC(=O)OCCCCCCCC/C=C\CC(CCCCCC)OC(=O)OCC#CCC)CC(O)CO)CCCCCC,Ugi-3CR,C(C(CO)O)N,primary,C=CC(=O)OCCCCCCCC/C=C\CC(CCCCCC)OC(=O)O,ester/carbonate acrylate,1,T4,CCC#CCO,ricinoleic/aliphatic,,,,,,,,,,,,,,,,head–linker–tail,DOPE,[H][C@@](COP([O-])(OCC[NH3+])=O)(OC(CCCCCCC/C=C\\CCCCCCCC)=O)COC(CCCCCCC/C=C\\CCCCCCCC)=O,16.0,Cholesterol,C[C@H](CCCC(C)C)[C@H]1CC[C@@H]2[C@@]1(CC[C@H]3[C@H]2CC=C4[C@@]3(CC[C@@H](C4)O)C)C,46.5,DMPE-PEG2000,CCCCCCCCCCCCCC(=O)OCC(COP(=O)(OCCNCC(=O)OCCOCCOCCOCCOCCOCCOCCOCCOCCOCCOCCOCCOCCOCCOCCOCCOCCOCCOCCOCCOCCOCCOCCOCCOCCOCCOCCOCCOCCOCCOCCOCCOCCOCCOCCOCCOCCOCCOCCOCCOCCOCCOCCOC)O)OC(=O)CCCCCCCCCCCCC,2.5,2000.0,35.0,10.0,,,,mRNA,in_vitro,in_vitro,A549,in_vitro,,,,,,,-0.8715855543825762,normalized_luminescence,70.0,0.0,0.0,45.0,987.7010775,167.36,2.0,13.0,12.6734,278.9306,0.789473684,3.0,1.0,988.398,True,True,False,biodegradable acrylate,,,,,,,,,,,,,,,,,,,branched
LNPhub_R0004164,LNPhub_BL_2023,https://www.nature.com/articles/s41587-023-01679-x,LNPhub_BL_2023_LNP_000159,BL_A37-T7,CCCCCC#CCOC(=O)OC(C/C=C\CCCCCCCCOC(=O)CCN(CCC(=O)OCCCCCCCC/C=C\CC(CCCCCC)OC(=O)OCC#CCCCCC)CCN1CCCCN(C)CC1)CCCCCC,Ugi-3CR,CN1CCCCN(CCN)CC1,primary_tertiary,C=CC(=O)OCCCCCCCC/C=C\CC(CCCCCC)OC(=O)O,ester/carbonate acrylate,1,T7,CCCCCC#CCO,ricinoleic/aliphatic,,,,,,,,,,,,,,,,head–linker–tail,DOPE,[H][C@@](COP([O-])(OCC[NH3+])=O)(OC(CCCCCCC/C=C\\CCCCCCCC)=O)COC(CCCCCCC/C=C\\CCCCCCCC)=O,16.0,Cholesterol,C[C@H](CCCC(C)C)[C@H]1CC[C@@H]2[C@@]1(CC[C@H]3[C@H]2CC=C4[C@@]3(CC[C@@H](C4)O)C)C,46.5,DMPE-PEG2000,CCCCCCCCCCCCCC(=O)OCC(COP(=O)(OCCNCC(=O)OCCOCCOCCOCCOCCOCCOCCOCCOCCOCCOCCOCCOCCOCCOCCOCCOCCOCCOCCOCCOCCOCCOCCOCCOCCOCCOCCOCCOCCOCCOCCOCCOCCOCCOCCOCCOCCOCCOCCOCCOCCOCCOCCOC)O)OC(=O)CCCCCCCCCCCCC,2.5,2000.0,35.0,10.0,,,,mRNA,in_vitro,in_vitro,A549,in_vitro,,,,,,,-0.0076623515588085,normalized_luminescence,82.0,1.0,0.0,51.0,1151.905197,133.38,0.0,13.0,16.6884,336.711,0.826086957,2.0,3.0,1152.738,True,True,False,biodegradable acrylate,,,,,,,,,,,,,,,,,,,macrocyclic
LNPhub_R0004165,LNPhub_BL_2023,https://www.nature.com/articles/s41587-023-01679-x,LNPhub_BL_2023_LNP_000160,BL_A54-T9,CCCCC#CCCOC(=O)OC(C/C=C\CCCCCCCCOC(=O)CCN1CCN(CCOCCO)CC1)CCCCCC,Ugi-3CR,C1CN(CCN1)CCOCCO,secondary_tertiary,C=CC(=O)OCCCCCCCC/C=C\CC(CCCCCC)OC(=O)O,ester/carbonate acrylate,1,T9,CCCCC#CCCO,ricinoleic/aliphatic,,,,,,,,,,,,,,,,head–linker–tail,DOPE,[H][C@@](COP([O-])(OCC[NH3+])=O)(OC(CCCCCCC/C=C\\CCCCCCCC)=O)COC(CCCCCCC/C=C\\CCCCCCCC)=O,16.0,Cholesterol,C[C@H](CCCC(C)C)[C@H]1CC[C@@H]2[C@@]1(CC[C@H]3[C@H]2CC=C4[C@@]3(CC[C@@H](C4)O)C)C,46.5,DMPE-PEG2000,CCCCCCCCCCCCCC(=O)OCC(COP(=O)(OCCNCC(=O)OCCOCCOCCOCCOCCOCCOCCOCCOCCOCCOCCOCCOCCOCCOCCOCCOCCOCCOCCOCCOCCOCCOCCOCCOCCOCCOCCOCCOCCOCCOCCOCCOCCOCCOCCOCCOCCOCCOCCOCCOCCOCCOCCOC)O)OC(=O)CCCCCCCCCCCCC,2.5,2000.0,35.0,10.0,,,,mRNA,in_vitro,in_vitro,A549,in_vitro,,,,,,,-0.9570892659914474,normalized_luminescence,47.0,1.0,0.0,29.0,664.5026525,97.77,1.0,9.0,7.2991,189.3348,0.842105263,1.0,2.0,664.969,True,True,False,biodegradable acrylate,,,,,,,,,,,,,,,,,,,cyclic
LNPhub_R0004166,LNPhub_BL_2023,https://www.nature.com/articles/s41587-023-01679-x,LNPhub_BL_2023_LNP_000161,BL_A17-T7,CCCCCC#CCOC(=O)OC(C/C=C\CCCCCCCCOC(=O)CCN(CCC(=O)OCCCCCCCC/C=C\CC(CCCCCC)OC(=O)OCC#CCCCCC)CCN1CCOCC1)CCCCCC,Ugi-3CR,C(CN1CCOCC1)N,primary_tertiary,C=CC(=O)OCCCCCCCC/C=C\CC(CCCCCC)OC(=O)O,ester/carbonate acrylate,1,T7,CCCCCC#CCO,ricinoleic/aliphatic,,,,,,,,,,,,,,,,head–linker–tail,DOPE,[H][C@@](COP([O-])(OCC[NH3+])=O)(OC(CCCCCCC/C=C\\CCCCCCCC)=O)COC(CCCCCCC/C=C\\CCCCCCCC)=O,16.0,Cholesterol,C[C@H](CCCC(C)C)[C@H]1CC[C@@H]2[C@@]1(CC[C@H]3[C@H]2CC=C4[C@@]3(CC[C@@H](C4)O)C)C,46.5,DMPE-PEG2000,CCCCCCCCCCCCCC(=O)OCC(COP(=O)(OCCNCC(=O)OCCOCCOCCOCCOCCOCCOCCOCCOCCOCCOCCOCCOCCOCCOCCOCCOCCOCCOCCOCCOCCOCCOCCOCCOCCOCCOCCOCCOCCOCCOCCOCCOCCOCCOCCOCCOCCOCCOCCOCCOCCOCCOCCOC)O)OC(=O)CCCCCCCCCCCCC,2.5,2000.0,35.0,10.0,,,,mRNA,in_vitro,in_vitro,A549,in_vitro,,,,,,,0.7221904508003988,normalized_luminescence,79.0,1.0,0.0,51.0,1110.842262,139.37,0.0,13.0,15.993,320.799,0.818181818,2.0,2.0,1111.641,True,True,False,biodegradable acrylate,,,,,,,,,,,,,,,,,,,cyclic
LNPhub_R0004167,LNPhub_BL_2023,https://www.nature.com/articles/s41587-023-01679-x,LNPhub_BL_2023_LNP_000162,BL_A72-T6,CCCCC#CCOC(=O)OC(C/C=C\CCCCCCCCOC(=O)CCN1CCC1c1ccccc1)CCCCCC,Ugi-3CR,C1=CC=C(C=C1)C2CCN2,secondary,C=CC(=O)OCCCCCCCC/C=C\CC(CCCCCC)OC(=O)O,ester/carbonate acrylate,1,T6,CCCCC#CCO,ricinoleic/aliphatic,,,,,,,,,,,,,,,,head–linker–tail,DOPE,[H][C@@](COP([O-])(OCC[NH3+])=O)(OC(CCCCCCC/C=C\\CCCCCCCC)=O)COC(CCCCCCC/C=C\\CCCCCCCC)=O,16.0,Cholesterol,C[C@H](CCCC(C)C)[C@H]1CC[C@@H]2[C@@]1(CC[C@H]3[C@H]2CC=C4[C@@]3(CC[C@@H](C4)O)C)C,46.5,DMPE-PEG2000,CCCCCCCCCCCCCC(=O)OCC(COP(=O)(OCCNCC(=O)OCCOCCOCCOCCOCCOCCOCCOCCOCCOCCOCCOCCOCCOCCOCCOCCOCCOCCOCCOCCOCCOCCOCCOCCOCCOCCOCCOCCOCCOCCOCCOCCOCCOCCOCCOCCOCCOCCOCCOCCOCCOCCOCCOC)O)OC(=O)CCCCCCCCCCCCC,2.5,2000.0,35.0,10.0,,,,mRNA,in_vitro,in_vitro,A549,in_vitro,,,,,,,-1.1207546191202196,normalized_luminescence,44.0,2.0,1.0,24.0,609.439324,65.07,0.0,6.0,9.7295,179.306,0.684210526,2.0,1.0,609.892,True,True,False,biodegradable acrylate,,,,,,,,,,,,,,,,,,,cyclic
LNPhub_R0004168,LNPhub_BL_2023,https://www.nature.com/articles/s41587-023-01679-x,LNPhub_BL_2023_LNP_000163,BL_A63-T9,CCCCC#CCCOC(=O)OC(C/C=C\CCCCCCCCOC(=O)CCN(CCC(=O)OCCCCCCCC/C=C\CC(CCCCCC)OC(=O)OCCC#CCCCC)CCN(CCC(=O)OCCCCCCCC/C=C\CC(CCCCCC)OC(=O)OCCC#CCCCC)CCN1CCN(CCN(CCC(=O)OCCCCCCCC/C=C\CC(CCCCCC)OC(=O)OCCC#CCCCC)CCC(=O)OCCCCCCCC/C=C\CC(CCCCCC)OC(=O)OCCC#CCCCC)CC1)CCCCCC,Ugi-3CR,C(CNCCN1CCN(CCN)CC1)N,primary_secondary_tertiary,C=CC(=O)OCCCCCCCC/C=C\CC(CCCCCC)OC(=O)O,ester/carbonate acrylate,1,T9,CCCCC#CCCO,ricinoleic/aliphatic,,,,,,,,,,,,,,,,head–linker–tail,DOPE,[H][C@@](COP([O-])(OCC[NH3+])=O)(OC(CCCCCCC/C=C\\CCCCCCCC)=O)COC(CCCCCCC/C=C\\CCCCCCCC)=O,16.0,Cholesterol,C[C@H](CCCC(C)C)[C@H]1CC[C@@H]2[C@@]1(CC[C@H]3[C@H]2CC=C4[C@@]3(CC[C@@H](C4)O)C)C,46.5,DMPE-PEG2000,CCCCCCCCCCCCCC(=O)OCC(COP(=O)(OCCNCC(=O)OCCOCCOCCOCCOCCOCCOCCOCCOCCOCCOCCOCCOCCOCCOCCOCCOCCOCCOCCOCCOCCOCCOCCOCCOCCOCCOCCOCCOCCOCCOCCOCCOCCOCCOCCOCCOCCOCCOCCOCCOCCOCCOCCOC)O)OC(=O)CCCCCCCCCCCCC,2.5,2000.0,35.0,10.0,,,,mRNA,in_vitro,in_vitro,A549,in_vitro,,,,,,,0.6300128743740747,normalized_luminescence,190.0,1.0,0.0,129.0,2667.040119,325.35,0.0,30.0,39.941,774.95,0.8125,5.0,5.0,2668.97,True,True,False,biodegradable acrylate,,,,,,,,,,,,,,,,,,,cyclic-dendrimer
LNPhub_R0004169,LNPhub_BL_2023,https://www.nature.com/articles/s41587-023-01679-x,LNPhub_BL_2023_LNP_000164,BL_A14-T7,CCCCCC#CCOC(=O)OC(C/C=C\CCCCCCCCOC(=O)CCN(C)CCN(CCN(C)CCC(=O)OCCCCCCCC/C=C\CC(CCCCCC)OC(=O)OCC#CCCCCC)CCN(C)CCC(=O)OCCCCCCCC/C=C\CC(CCCCCC)OC(=O)OCC#CCCCCC)CCCCCC,Ugi-3CR,CNCCN(CCNC)CCNC,secondary_tertiary,C=CC(=O)OCCCCCCCC/C=C\CC(CCCCCC)OC(=O)O,ester/carbonate acrylate,1,T7,CCCCCC#CCO,ricinoleic/aliphatic,,,,,,,,,,,,,,,,head–linker–tail,DOPE,[H][C@@](COP([O-])(OCC[NH3+])=O)(OC(CCCCCCC/C=C\\CCCCCCCC)=O)COC(CCCCCCC/C=C\\CCCCCCCC)=O,16.0,Cholesterol,C[C@H](CCCC(C)C)[C@H]1CC[C@@H]2[C@@]1(CC[C@H]3[C@H]2CC=C4[C@@]3(CC[C@@H](C4)O)C)C,46.5,DMPE-PEG2000,CCCCCCCCCCCCCC(=O)OCC(COP(=O)(OCCNCC(=O)OCCOCCOCCOCCOCCOCCOCCOCCOCCOCCOCCOCCOCCOCCOCCOCCOCCOCCOCCOCCOCCOCCOCCOCCOCCOCCOCCOCCOCCOCCOCCOCCOCCOCCOCCOCCOCCOCCOCCOCCOCCOCCOCCOC)O)OC(=O)CCCCCCCCCCCCC,2.5,2000.0,35.0,10.0,,,,mRNA,in_vitro,in_vitro,A549,in_vitro,,,,,,,-1.318745227612646,normalized_luminescence,118.0,0.0,0.0,81.0,1659.297571,198.45,0.0,19.0,24.1424,484.581,0.818181818,3.0,4.0,1660.494,True,True,False,biodegradable acrylate,,,,,,,,,,,,,,,,,,,branched
LNPhub_R0004170,LNPhub_BL_2023,https://www.nature.com/articles/s41587-023-01679-x,LNPhub_BL_2023_LNP_000165,BL_A27-T9,CCCCC#CCCOC(=O)OC(C/C=C\CCCCCCCCOC(=O)CCN(CCCN1CCCCCC1)CCC(=O)OCCCCCCCC/C=C\CC(CCCCCC)OC(=O)OCCC#CCCCC)CCCCCC,Ugi-3CR,C1CCCN(CC1)CCC[NH],primary_tertiary,C=CC(=O)OCCCCCCCC/C=C\CC(CCCCCC)OC(=O)O,ester/carbonate acrylate,1,T9,CCCCC#CCCO,ricinoleic/aliphatic,,,,,,,,,,,,,,,,head–linker–tail,DOPE,[H][C@@](COP([O-])(OCC[NH3+])=O)(OC(CCCCCCC/C=C\\CCCCCCCC)=O)COC(CCCCCCC/C=C\\CCCCCCCC)=O,16.0,Cholesterol,C[C@H](CCCC(C)C)[C@H]1CC[C@@H]2[C@@]1(CC[C@H]3[C@H]2CC=C4[C@@]3(CC[C@@H](C4)O)C)C,46.5,DMPE-PEG2000,CCCCCCCCCCCCCC(=O)OCC(COP(=O)(OCCNCC(=O)OCCOCCOCCOCCOCCOCCOCCOCCOCCOCCOCCOCCOCCOCCOCCOCCOCCOCCOCCOCCOCCOCCOCCOCCOCCOCCOCCOCCOCCOCCOCCOCCOCCOCCOCCOCCOCCOCCOCCOCCOCCOCCOCCOC)O)OC(=O)CCCCCCCCCCCCC,2.5,2000.0,35.0,10.0,,,,mRNA,in_vitro,in_vitro,A549,in_vitro,,,,,,,0.0330567447327417,normalized_luminescence,81.0,1.0,0.0,52.0,1136.894298,130.14,0.0,12.0,17.9269,333.065,0.826086957,2.0,2.0,1137.723,True,True,False,biodegradable acrylate,,,,,,,,,,,,,,,,,,,cyclic
LNPhub_R0004171,LNPhub_BL_2023,https://www.nature.com/articles/s41587-023-01679-x,LNPhub_BL_2023_LNP_000166,BL_A25-T1,CCCCCCCCCCCCCCCCCCOC(=O)OC(C/C=C\CCCCCCCCOC(=O)CCN1CCN(c2ccncc2)CC1)CCCCCC,Ugi-3CR,C1=CC(N2CCNCC2)=CN=C1,secondary_tertiary,C=CC(=O)OCCCCCCCC/C=C\CC(CCCCCC)OC(=O)O,ester/carbonate acrylate,1,T1,CCCCCCCCCCCCCCCCCCO,ricinoleic/aliphatic,,,,,,,,,,,,,,,,head–linker–tail,DOPE,[H][C@@](COP([O-])(OCC[NH3+])=O)(OC(CCCCCCC/C=C\\CCCCCCCC)=O)COC(CCCCCCC/C=C\\CCCCCCCC)=O,16.0,Cholesterol,C[C@H](CCCC(C)C)[C@H]1CC[C@@H]2[C@@]1(CC[C@H]3[C@H]2CC=C4[C@@]3(CC[C@@H](C4)O)C)C,46.5,DMPE-PEG2000,CCCCCCCCCCCCCC(=O)OCC(COP(=O)(OCCNCC(=O)OCCOCCOCCOCCOCCOCCOCCOCCOCCOCCOCCOCCOCCOCCOCCOCCOCCOCCOCCOCCOCCOCCOCCOCCOCCOCCOCCOCCOCCOCCOCCOCCOCCOCCOCCOCCOCCOCCOCCOCCOCCOCCOCCOC)O)OC(=O)CCCCCCCCCCCCC,2.5,2000.0,35.0,10.0,,,,mRNA,in_vitro,in_vitro,A549,in_vitro,,,,,,,1.2512110921400068,normalized_luminescence,57.0,2.0,1.0,38.0,797.6645729,81.2,0.0,8.0,13.5676,239.068,0.816326531,1.0,3.0,798.251,True,True,False,biodegradable acrylate,,,,,,,,,,,,,,,,,,,cyclic
LNPhub_R0004172,LNPhub_BL_2023,https://www.nature.com/articles/s41587-023-01679-x,LNPhub_BL_2023_LNP_000167,BL_A54-T8,CCCCCCC#CCOC(=O)OC(C/C=C\CCCCCCCCOC(=O)CCN1CCN(CCOCCO)CC1)CCCCCC,Ugi-3CR,C1CN(CCN1)CCOCCO,secondary_tertiary,C=CC(=O)OCCCCCCCC/C=C\CC(CCCCCC)OC(=O)O,ester/carbonate acrylate,1,T8,CCCCCCC#CCO,ricinoleic/aliphatic,,,,,,,,,,,,,,,,head–linker–tail,DOPE,[H][C@@](COP([O-])(OCC[NH3+])=O)(OC(CCCCCCC/C=C\\CCCCCCCC)=O)COC(CCCCCCC/C=C\\CCCCCCCC)=O,16.0,Cholesterol,C[C@H](CCCC(C)C)[C@H]1CC[C@@H]2[C@@]1(CC[C@H]3[C@H]2CC=C4[C@@]3(CC[C@@H](C4)O)C)C,46.5,DMPE-PEG2000,CCCCCCCCCCCCCC(=O)OCC(COP(=O)(OCCNCC(=O)OCCOCCOCCOCCOCCOCCOCCOCCOCCOCCOCCOCCOCCOCCOCCOCCOCCOCCOCCOCCOCCOCCOCCOCCOCCOCCOCCOCCOCCOCCOCCOCCOCCOCCOCCOCCOCCOCCOCCOCCOCCOCCOCCOC)O)OC(=O)CCCCCCCCCCCCC,2.5,2000.0,35.0,10.0,,,,mRNA,in_vitro,in_vitro,A549,in_vitro,,,,,,,-1.2715700177147076,normalized_luminescence,48.0,1.0,0.0,30.0,678.5183026,97.77,1.0,9.0,7.6892,193.9518,0.846153846,1.0,2.0,678.996,True,True,False,biodegradable acrylate,,,,,,,,,,,,,,,,,,,cyclic
LNPhub_R0004173,LNPhub_BL_2023,https://www.nature.com/articles/s41587-023-01679-x,LNPhub_BL_2023_LNP_000168,BL_A17-T4,CCC#CCOC(=O)OC(C/C=C\CCCCCCCCOC(=O)CCN(CCC(=O)OCCCCCCCC/C=C\CC(CCCCCC)OC(=O)OCC#CCC)CCN1CCOCC1)CCCCCC,Ugi-3CR,C(CN1CCOCC1)N,primary_tertiary,C=CC(=O)OCCCCCCCC/C=C\CC(CCCCCC)OC(=O)O,ester/carbonate acrylate,1,T4,CCC#CCO,ricinoleic/aliphatic,,,,,,,,,,,,,,,,head–linker–tail,DOPE,[H][C@@](COP([O-])(OCC[NH3+])=O)(OC(CCCCCCC/C=C\\CCCCCCCC)=O)COC(CCCCCCC/C=C\\CCCCCCCC)=O,16.0,Cholesterol,C[C@H](CCCC(C)C)[C@H]1CC[C@@H]2[C@@]1(CC[C@H]3[C@H]2CC=C4[C@@]3(CC[C@@H](C4)O)C)C,46.5,DMPE-PEG2000,CCCCCCCCCCCCCC(=O)OCC(COP(=O)(OCCNCC(=O)OCCOCCOCCOCCOCCOCCOCCOCCOCCOCCOCCOCCOCCOCCOCCOCCOCCOCCOCCOCCOCCOCCOCCOCCOCCOCCOCCOCCOCCOCCOCCOCCOCCOCCOCCOCCOCCOCCOCCOCCOCCOCCOCCOC)O)OC(=O)CCCCCCCCCCCCC,2.5,2000.0,35.0,10.0,,,,mRNA,in_vitro,in_vitro,A549,in_vitro,,,,,,,-0.152364300217607,normalized_luminescence,73.0,1.0,0.0,45.0,1026.748362,139.37,0.0,13.0,13.6524,293.097,0.8,2.0,2.0,1027.479,True,True,False,biodegradable acrylate,,,,,,,,,,,,,,,,,,,cyclic
LNPhub_R0004174,LNPhub_BL_2023,https://www.nature.com/articles/s41587-023-01679-x,LNPhub_BL_2023_LNP_000169,BL_A61-T7,CCCCCC#CCOC(=O)OC(C/C=C\CCCCCCCCOC(=O)CCN(C)CCN(C)CCC(=O)OCCCCCCCC/C=C\CC(CCCCCC)OC(=O)OCC#CCCCCC)CCCCCC,Ugi-3CR,CNCCNC,secondary,C=CC(=O)OCCCCCCCC/C=C\CC(CCCCCC)OC(=O)O,ester/carbonate acrylate,1,T7,CCCCCC#CCO,ricinoleic/aliphatic,,,,,,,,,,,,,,,,head–linker–tail,DOPE,[H][C@@](COP([O-])(OCC[NH3+])=O)(OC(CCCCCCC/C=C\\CCCCCCCC)=O)COC(CCCCCCC/C=C\\CCCCCCCC)=O,16.0,Cholesterol,C[C@H](CCCC(C)C)[C@H]1CC[C@@H]2[C@@]1(CC[C@H]3[C@H]2CC=C4[C@@]3(CC[C@@H](C4)O)C)C,46.5,DMPE-PEG2000,CCCCCCCCCCCCCC(=O)OCC(COP(=O)(OCCNCC(=O)OCCOCCOCCOCCOCCOCCOCCOCCOCCOCCOCCOCCOCCOCCOCCOCCOCCOCCOCCOCCOCCOCCOCCOCCOCCOCCOCCOCCOCCOCCOCCOCCOCCOCCOCCOCCOCCOCCOCCOCCOCCOCCOCCOC)O)OC(=O)CCCCCCCCCCCCC,2.5,2000.0,35.0,10.0,,,,mRNA,in_vitro,in_vitro,A549,in_vitro,,,,,,,-1.512447585341331,normalized_luminescence,76.0,0.0,0.0,51.0,1068.831698,130.14,0.0,12.0,16.2224,312.094,0.8125,2.0,2.0,1069.604,True,True,False,biodegradable acrylate,,,,,,,,,,,,,,,,,,,linear
LNPhub_R0004175,LNPhub_BL_2023,https://www.nature.com/articles/s41587-023-01679-x,LNPhub_BL_2023_LNP_000170,BL_A21-T8,CCCCCCC#CCOC(=O)OC(C/C=C\CCCCCCCCOC(=O)CCN(C)CCOCCOCCN(C)CCC(=O)OCCCCCCCC/C=C\CC(CCCCCC)OC(=O)OCC#CCCCCCC)CCCCCC,Ugi-3CR,CNCCOCCOCCNC,secondary,C=CC(=O)OCCCCCCCC/C=C\CC(CCCCCC)OC(=O)O,ester/carbonate acrylate,1,T8,CCCCCCC#CCO,ricinoleic/aliphatic,,,,,,,,,,,,,,,,head–linker–tail,DOPE,[H][C@@](COP([O-])(OCC[NH3+])=O)(OC(CCCCCCC/C=C\\CCCCCCCC)=O)COC(CCCCCCC/C=C\\CCCCCCCC)=O,16.0,Cholesterol,C[C@H](CCCC(C)C)[C@H]1CC[C@@H]2[C@@]1(CC[C@H]3[C@H]2CC=C4[C@@]3(CC[C@@H](C4)O)C)C,46.5,DMPE-PEG2000,CCCCCCCCCCCCCC(=O)OCC(COP(=O)(OCCNCC(=O)OCCOCCOCCOCCOCCOCCOCCOCCOCCOCCOCCOCCOCCOCCOCCOCCOCCOCCOCCOCCOCCOCCOCCOCCOCCOCCOCCOCCOCCOCCOCCOCCOCCOCCOCCOCCOCCOCCOCCOCCOCCOCCOCCOC)O)OC(=O)CCCCCCCCCCCCC,2.5,2000.0,35.0,10.0,,,,mRNA,in_vitro,in_vitro,A549,in_vitro,,,,,,,0.873630356376219,normalized_luminescence,84.0,0.0,0.0,59.0,1184.915427,148.6,0.0,14.0,17.0358,342.966,0.828571429,2.0,2.0,1185.764,True,True,False,biodegradable acrylate,,,,,,,,,,,,,,,,,,,linear
LNPhub_R0004176,LNPhub_BL_2023,https://www.nature.com/articles/s41587-023-01679-x,LNPhub_BL_2023_LNP_000171,BL_A44-T1,CCCCCCCCCCCCCCCCCCOC(=O)OC(C/C=C\CCCCCCCCOC(=O)CCN(CCC(=O)OCCCCCCCC/C=C\CC(CCCCCC)OC(=O)OCCCCCCCCCCCCCCCCCC)CCC1CCCCN1C(C)C)CCCCCC,Ugi-3CR,CC(C)N1CCCCC1CCN,primary_tertiary,C=CC(=O)OCCCCCCCC/C=C\CC(CCCCCC)OC(=O)O,ester/carbonate acrylate,1,T1,CCCCCCCCCCCCCCCCCCO,ricinoleic/aliphatic,,,,,,,,,,,,,,,,head–linker–tail,DOPE,[H][C@@](COP([O-])(OCC[NH3+])=O)(OC(CCCCCCC/C=C\\CCCCCCCC)=O)COC(CCCCCCC/C=C\\CCCCCCCC)=O,16.0,Cholesterol,C[C@H](CCCC(C)C)[C@H]1CC[C@@H]2[C@@]1(CC[C@H]3[C@H]2CC=C4[C@@]3(CC[C@@H](C4)O)C)C,46.5,DMPE-PEG2000,CCCCCCCCCCCCCC(=O)OCC(COP(=O)(OCCNCC(=O)OCCOCCOCCOCCOCCOCCOCCOCCOCCOCCOCCOCCOCCOCCOCCOCCOCCOCCOCCOCCOCCOCCOCCOCCOCCOCCOCCOCCOCCOCCOCCOCCOCCOCCOCCOCCOCCOCCOCCOCCOCCOCCOCCOC)O)OC(=O)CCCCCCCCCCCCC,2.5,2000.0,35.0,10.0,,,,mRNA,in_vitro,in_vitro,A549,in_vitro,,,,,,,1.380949977033495,normalized_luminescence,102.0,1.0,0.0,78.0,1439.28555,130.14,0.0,12.0,27.6694,432.894,0.911111111,3.0,2.0,1440.354,True,True,False,biodegradable acrylate,,,,,,,,,,,,,,,,,,,cyclic-dendrimer
LNPhub_R0004177,LNPhub_BL_2023,https://www.nature.com/articles/s41587-023-01679-x,LNPhub_BL_2023_LNP_000172,BL_A13-T1,CCCCCCCCCCCCCCCCCCOC(=O)OC(C/C=C\CCCCCCCCOC(=O)CCN1CCN(CCN2CCCC2)CC1)CCCCCC,Ugi-3CR,C1CCN(C1)CCN2CCNCC2,secondary_tertiary,C=CC(=O)OCCCCCCCC/C=C\CC(CCCCCC)OC(=O)O,ester/carbonate acrylate,1,T1,CCCCCCCCCCCCCCCCCCO,ricinoleic/aliphatic,,,,,,,,,,,,,,,,head–linker–tail,DOPE,[H][C@@](COP([O-])(OCC[NH3+])=O)(OC(CCCCCCC/C=C\\CCCCCCCC)=O)COC(CCCCCCC/C=C\\CCCCCCCC)=O,16.0,Cholesterol,C[C@H](CCCC(C)C)[C@H]1CC[C@@H]2[C@@]1(CC[C@H]3[C@H]2CC=C4[C@@]3(CC[C@@H](C4)O)C)C,46.5,DMPE-PEG2000,CCCCCCCCCCCCCC(=O)OCC(COP(=O)(OCCNCC(=O)OCCOCCOCCOCCOCCOCCOCCOCCOCCOCCOCCOCCOCCOCCOCCOCCOCCOCCOCCOCCOCCOCCOCCOCCOCCOCCOCCOCCOCCOCCOCCOCCOCCOCCOCCOCCOCCOCCOCCOCCOCCOCCOCCOC)O)OC(=O)CCCCCCCCCCCCC,2.5,2000.0,35.0,10.0,,,,mRNA,in_vitro,in_vitro,A549,in_vitro,,,,,,,0.4228001374042367,normalized_luminescence,58.0,2.0,0.0,40.0,817.7271731,71.55,0.0,8.0,13.0638,244.732,0.92,1.0,3.0,818.326,True,True,False,biodegradable acrylate,,,,,,,,,,,,,,,,,,,cyclic
LNPhub_R0004178,LNPhub_BL_2023,https://www.nature.com/articles/s41587-023-01679-x,LNPhub_BL_2023_LNP_000173,BL_A39-T3,CCCCC/C=C\C/C=C\CCCCCCCCOC(=O)OC(C/C=C\CCCCCCCCOC(=O)CCN1CCN(CC2CCN(C)CC2)CC1)CCCCCC,Ugi-3CR,CN1CCC(CC1)CN2CCNCC2,secondary_tertiary,C=CC(=O)OCCCCCCCC/C=C\CC(CCCCCC)OC(=O)O,ester/carbonate acrylate,1,T3,CCCCCC=CCC=C=CCCCCCCCCO,ricinoleic/aliphatic,,,,,,,,,,,,,,,,head–linker–tail,DOPE,[H][C@@](COP([O-])(OCC[NH3+])=O)(OC(CCCCCCC/C=C\\CCCCCCCC)=O)COC(CCCCCCC/C=C\\CCCCCCCC)=O,16.0,Cholesterol,C[C@H](CCCC(C)C)[C@H]1CC[C@@H]2[C@@]1(CC[C@H]3[C@H]2CC=C4[C@@]3(CC[C@@H](C4)O)C)C,46.5,DMPE-PEG2000,CCCCCCCCCCCCCC(=O)OCC(COP(=O)(OCCNCC(=O)OCCOCCOCCOCCOCCOCCOCCOCCOCCOCCOCCOCCOCCOCCOCCOCCOCCOCCOCCOCCOCCOCCOCCOCCOCCOCCOCCOCCOCCOCCOCCOCCOCCOCCOCCOCCOCCOCCOCCOCCOCCOCCOCCOC)O)OC(=O)CCCCCCCCCCCCC,2.5,2000.0,35.0,10.0,,,,mRNA,in_vitro,in_vitro,A549,in_vitro,,,,,,,1.033957797988239,normalized_luminescence,59.0,2.0,0.0,37.0,827.7115231,71.55,0.0,8.0,12.8618,249.091,0.843137255,1.0,3.0,828.321,True,True,False,biodegradable acrylate,,,,,,,,,,,,,,,,,,,cyclic-dendrimer
LNPhub_R0004179,LNPhub_BL_2023,https://www.nature.com/articles/s41587-023-01679-x,LNPhub_BL_2023_LNP_000174,BL_A3-T2,CCCCCCCC/C=C\CCCCCCCCOC(=O)OC(C/C=C\CCCCCCCCOC(=O)CCN(CCCN(CC)CC)CCC(=O)OCCCCCCCC/C=C\CC(CCCCCC)OC(=O)OCCCCCCCC/C=C\CCCCCCCC)CCCCCC,Ugi-3CR,CCN(CC)CCCN,primary_tertiary,C=CC(=O)OCCCCCCCC/C=C\CC(CCCCCC)OC(=O)O,ester/carbonate acrylate,1,T2,CCCCCCCCC=CCCCCCCCCO,ricinoleic/aliphatic,,,,,,,,,,,,,,,,head–linker–tail,DOPE,[H][C@@](COP([O-])(OCC[NH3+])=O)(OC(CCCCCCC/C=C\\CCCCCCCC)=O)COC(CCCCCCC/C=C\\CCCCCCCC)=O,16.0,Cholesterol,C[C@H](CCCC(C)C)[C@H]1CC[C@@H]2[C@@]1(CC[C@H]3[C@H]2CC=C4[C@@]3(CC[C@@H](C4)O)C)C,46.5,DMPE-PEG2000,CCCCCCCCCCCCCC(=O)OCC(COP(=O)(OCCNCC(=O)OCCOCCOCCOCCOCCOCCOCCOCCOCCOCCOCCOCCOCCOCCOCCOCCOCCOCCOCCOCCOCCOCCOCCOCCOCCOCCOCCOCCOCCOCCOCCOCCOCCOCCOCCOCCOCCOCCOCCOCCOCCOCCOCCOC)O)OC(=O)CCCCCCCCCCCCC,2.5,2000.0,35.0,10.0,,,,mRNA,in_vitro,in_vitro,A549,in_vitro,,,,,,,1.6260321251868215,normalized_luminescence,99.0,0.0,0.0,78.0,1395.222949,130.14,0.0,12.0,26.3003,421.013,0.862068966,2.0,2.0,1396.257,True,True,False,biodegradable acrylate,,,,,,,,,,,,,,,,,,,branched
LNPhub_R0004180,LNPhub_BL_2023,https://www.nature.com/articles/s41587-023-01679-x,LNPhub_BL_2023_LNP_000175,BL_A34-T7,CCCCCC#CCOC(=O)OC(C/C=C\CCCCCCCCOC(=O)CCN(CCCN(CCC(=O)OCCCCCCCC/C=C\CC(CCCCCC)OC(=O)OCC#CCCCCC)CCN(CCCN(CCC(=O)OCCCCCCCC/C=C\CC(CCCCCC)OC(=O)OCC#CCCCCC)CCC(=O)OCCCCCCCC/C=C\CC(CCCCCC)OC(=O)OCC#CCCCCC)CCC(=O)OCCCCCCCC/C=C\CC(CCCCCC)OC(=O)OCC#CCCCCC)CCC(=O)OCCCCCCCC/C=C\CC(CCCCCC)OC(=O)OCC#CCCCCC)CCCCCC,Ugi-3CR,C(CN)CNCCNCCCN,primary_secondary,C=CC(=O)OCCCCCCCC/C=C\CC(CCCCCC)OC(=O)O,ester/carbonate acrylate,1,T7,CCCCCC#CCO,ricinoleic/aliphatic,,,,,,,,,,,,,,,,head–linker–tail,DOPE,[H][C@@](COP([O-])(OCC[NH3+])=O)(OC(CCCCCCC/C=C\\CCCCCCCC)=O)COC(CCCCCCC/C=C\\CCCCCCCC)=O,16.0,Cholesterol,C[C@H](CCCC(C)C)[C@H]1CC[C@@H]2[C@@]1(CC[C@H]3[C@H]2CC=C4[C@@]3(CC[C@@H](C4)O)C)C,46.5,DMPE-PEG2000,CCCCCCCCCCCCCC(=O)OCC(COP(=O)(OCCNCC(=O)OCCOCCOCCOCCOCCOCCOCCOCCOCCOCCOCCOCCOCCOCCOCCOCCOCCOCCOCCOCCOCCOCCOCCOCCOCCOCCOCCOCCOCCOCCOCCOCCOCCOCCOCCOCCOCCOCCOCCOCCOCCOCCOCCOC)O)OC(=O)CCCCCCCCCCCCC,2.5,2000.0,35.0,10.0,,,,mRNA,in_vitro,in_vitro,A549,in_vitro,,,,,,,1.367437349917214,normalized_luminescence,222.0,0.0,0.0,155.0,3116.379395,383.94,0.0,34.0,49.0918,906.294,0.808510638,6.0,4.0,3118.642,True,True,False,biodegradable acrylate,,,,,,,,,,,,,,,,,,,linear
LNPhub_R0004181,LNPhub_BL_2023,https://www.nature.com/articles/s41587-023-01679-x,LNPhub_BL_2023_LNP_000176,BL_A47-T1,CCCCCCCCCCCCCCCCCCOC(=O)OC(C/C=C\CCCCCCCCOC(=O)CCN1CCN(CCC(=O)OCCCCCCCC/C=C\CC(CCCCCC)OC(=O)OCCCCCCCCCCCCCCCCCC)CCN(CCC(=O)OCCCCCCCC/C=C\CC(CCCCCC)OC(=O)OCCCCCCCCCCCCCCCCCC)CC1)CCCCCC,Ugi-3CR,C1CN2CCNCCN1CC2,secondary_tertiary,C=CC(=O)OCCCCCCCC/C=C\CC(CCCCCC)OC(=O)O,ester/carbonate acrylate,1,T1,CCCCCCCCCCCCCCCCCCO,ricinoleic/aliphatic,,,,,,,,,,,,,,,,head–linker–tail,DOPE,[H][C@@](COP([O-])(OCC[NH3+])=O)(OC(CCCCCCC/C=C\\CCCCCCCC)=O)COC(CCCCCCC/C=C\\CCCCCCCC)=O,16.0,Cholesterol,C[C@H](CCCC(C)C)[C@H]1CC[C@@H]2[C@@]1(CC[C@H]3[C@H]2CC=C4[C@@]3(CC[C@@H](C4)O)C)C,46.5,DMPE-PEG2000,CCCCCCCCCCCCCC(=O)OCC(COP(=O)(OCCNCC(=O)OCCOCCOCCOCCOCCOCCOCCOCCOCCOCCOCCOCCOCCOCCOCCOCCOCCOCCOCCOCCOCCOCCOCCOCCOCCOCCOCCOCCOCCOCCOCCOCCOCCOCCOCCOCCOCCOCCOCCOCCOCCOCCOCCOC)O)OC(=O)CCCCCCCCCCCCC,2.5,2000.0,35.0,10.0,,,,mRNA,in_vitro,in_vitro,A549,in_vitro,,,,,,,-0.0506554586755639,normalized_luminescence,144.0,1.0,0.0,111.0,2032.787474,195.21,0.0,18.0,37.998,607.854,0.904761905,3.0,3.0,2034.288,True,True,False,biodegradable acrylate,,,,,,,,,,,,,,,,,,,macrocyclic
LNPhub_R0004182,LNPhub_BL_2023,https://www.nature.com/articles/s41587-023-01679-x,LNPhub_BL_2023_LNP_000177,BL_A30-T6,CCCCC#CCOC(=O)OC(C/C=C\CCCCCCCCOC(=O)CCN(CCCN1CCCCC1)CCC(=O)OCCCCCCCC/C=C\CC(CCCCCC)OC(=O)OCC#CCCCC)CCCCCC,Ugi-3CR,C1CCN(CC1)CCCN,primary_tertiary,C=CC(=O)OCCCCCCCC/C=C\CC(CCCCCC)OC(=O)O,ester/carbonate acrylate,1,T6,CCCCC#CCO,ricinoleic/aliphatic,,,,,,,,,,,,,,,,head–linker–tail,DOPE,[H][C@@](COP([O-])(OCC[NH3+])=O)(OC(CCCCCCC/C=C\\CCCCCCCC)=O)COC(CCCCCCC/C=C\\CCCCCCCC)=O,16.0,Cholesterol,C[C@H](CCCC(C)C)[C@H]1CC[C@@H]2[C@@]1(CC[C@H]3[C@H]2CC=C4[C@@]3(CC[C@@H](C4)O)C)C,46.5,DMPE-PEG2000,CCCCCCCCCCCCCC(=O)OCC(COP(=O)(OCCNCC(=O)OCCOCCOCCOCCOCCOCCOCCOCCOCCOCCOCCOCCOCCOCCOCCOCCOCCOCCOCCOCCOCCOCCOCCOCCOCCOCCOCCOCCOCCOCCOCCOCCOCCOCCOCCOCCOCCOCCOCCOCCOCCOCCOCCOC)O)OC(=O)CCCCCCCCCCCCC,2.5,2000.0,35.0,10.0,,,,mRNA,in_vitro,in_vitro,A549,in_vitro,,,,,,,0.5175123232834777,normalized_luminescence,78.0,1.0,0.0,50.0,1094.847348,130.14,0.0,12.0,16.7566,319.214,0.818181818,2.0,2.0,1095.642,True,True,False,biodegradable acrylate,,,,,,,,,,,,,,,,,,,cyclic
LNPhub_R0004183,LNPhub_BL_2023,https://www.nature.com/articles/s41587-023-01679-x,LNPhub_BL_2023_LNP_000178,BL_A6-T9,CCCCC#CCCOC(=O)OC(C/C=C\CCCCCCCCOC(=O)CCN(CCCN1CCN(CCCN(CCC(=O)OCCCCCCCC/C=C\CC(CCCCCC)OC(=O)OCCC#CCCCC)CCC(=O)OCCCCCCCC/C=C\CC(CCCCCC)OC(=O)OCCC#CCCCC)CC1)CCC(=O)OCCCCCCCC/C=C\CC(CCCCCC)OC(=O)OCCC#CCCCC)CCCCCC,Ugi-3CR,C(CN)CN1CCN(CCCN)CC1,primary_tertiary,C=CC(=O)OCCCCCCCC/C=C\CC(CCCCCC)OC(=O)O,ester/carbonate acrylate,1,T9,CCCCC#CCCO,ricinoleic/aliphatic,,,,,,,,,,,,,,,,head–linker–tail,DOPE,[H][C@@](COP([O-])(OCC[NH3+])=O)(OC(CCCCCCC/C=C\\CCCCCCCC)=O)COC(CCCCCCC/C=C\\CCCCCCCC)=O,16.0,Cholesterol,C[C@H](CCCC(C)C)[C@H]1CC[C@@H]2[C@@]1(CC[C@H]3[C@H]2CC=C4[C@@]3(CC[C@@H](C4)O)C)C,46.5,DMPE-PEG2000,CCCCCCCCCCCCCC(=O)OCC(COP(=O)(OCCNCC(=O)OCCOCCOCCOCCOCCOCCOCCOCCOCCOCCOCCOCCOCCOCCOCCOCCOCCOCCOCCOCCOCCOCCOCCOCCOCCOCCOCCOCCOCCOCCOCCOCCOCCOCCOCCOCCOCCOCCOCCOCCOCCOCCOCCOC)O)OC(=O)CCCCCCCCCCCCC,2.5,2000.0,35.0,10.0,,,,mRNA,in_vitro,in_vitro,A549,in_vitro,,,,,,,0.2618050617927672,normalized_luminescence,154.0,1.0,0.0,104.0,2161.663396,260.28,0.0,24.0,32.733,629.194,0.815384615,4.0,4.0,2163.23,True,True,False,biodegradable acrylate,,,,,,,,,,,,,,,,,,,cyclic-dendrimer
LNPhub_R0004184,LNPhub_BL_2023,https://www.nature.com/articles/s41587-023-01679-x,LNPhub_BL_2023_LNP_000179,BL_A50-T8,CCCCCCC#CCOC(=O)OC(C/C=C\CCCCCCCCOC(=O)CCN1CCCCC1CO)CCCCCC,Ugi-3CR,C1CCNC(C1)CO,secondary,C=CC(=O)OCCCCCCCC/C=C\CC(CCCCCC)OC(=O)O,ester/carbonate acrylate,1,T8,CCCCCCC#CCO,ricinoleic/aliphatic,,,,,,,,,,,,,,,,head–linker–tail,DOPE,[H][C@@](COP([O-])(OCC[NH3+])=O)(OC(CCCCCCC/C=C\\CCCCCCCC)=O)COC(CCCCCCC/C=C\\CCCCCCCC)=O,16.0,Cholesterol,C[C@H](CCCC(C)C)[C@H]1CC[C@@H]2[C@@]1(CC[C@H]3[C@H]2CC=C4[C@@]3(CC[C@@H](C4)O)C)C,46.5,DMPE-PEG2000,CCCCCCCCCCCCCC(=O)OCC(COP(=O)(OCCNCC(=O)OCCOCCOCCOCCOCCOCCOCCOCCOCCOCCOCCOCCOCCOCCOCCOCCOCCOCCOCCOCCOCCOCCOCCOCCOCCOCCOCCOCCOCCOCCOCCOCCOCCOCCOCCOCCOCCOCCOCCOCCOCCOCCOCCOC)O)OC(=O)CCCCCCCCCCCCC,2.5,2000.0,35.0,10.0,,,,mRNA,in_vitro,in_vitro,A549,in_vitro,,,,,,,0.6364306131815761,normalized_luminescence,44.0,1.0,0.0,26.0,619.4811888,85.3,1.0,7.0,8.9095,179.4648,0.837837838,2.0,1.0,619.928,True,True,False,biodegradable acrylate,,,,,,,,,,,,,,,,,,,cyclic
LNPhub_R0004185,LNPhub_BL_2023,https://www.nature.com/articles/s41587-023-01679-x,LNPhub_BL_2023_LNP_000180,BL_A71-T6,CCCCC#CCOC(=O)OC(C/C=C\CCCCCCCCOC(=O)CCN(CCCn1ccnc1)CCC(=O)OCCCCCCCC/C=C\CC(CCCCCC)OC(=O)OCC#CCCCC)CCCCCC,Ugi-3CR,C(CN)CN1C=CN=C1,primary,C=CC(=O)OCCCCCCCC/C=C\CC(CCCCCC)OC(=O)O,ester/carbonate acrylate,1,T6,CCCCC#CCO,ricinoleic/aliphatic,,,,,,,,,,,,,,,,head–linker–tail,DOPE,[H][C@@](COP([O-])(OCC[NH3+])=O)(OC(CCCCCCC/C=C\\CCCCCCCC)=O)COC(CCCCCCC/C=C\\CCCCCCCC)=O,16.0,Cholesterol,C[C@H](CCCC(C)C)[C@H]1CC[C@@H]2[C@@]1(CC[C@H]3[C@H]2CC=C4[C@@]3(CC[C@@H](C4)O)C)C,46.5,DMPE-PEG2000,CCCCCCCCCCCCCC(=O)OCC(COP(=O)(OCCNCC(=O)OCCOCCOCCOCCOCCOCCOCCOCCOCCOCCOCCOCCOCCOCCOCCOCCOCCOCCOCCOCCOCCOCCOCCOCCOCCOCCOCCOCCOCCOCCOCCOCCOCCOCCOCCOCCOCCOCCOCCOCCOCCOCCOCCOC)O)OC(=O)CCCCCCCCCCCCC,2.5,2000.0,35.0,10.0,,,,mRNA,in_vitro,in_vitro,A549,in_vitro,,,,,,,1.0145096641394724,normalized_luminescence,77.0,1.0,1.0,50.0,1077.795647,144.72,0.0,13.0,16.1674,311.15,0.765625,2.0,3.0,1078.571,True,True,False,biodegradable acrylate,,,,,,,,,,,,,,,,,,,cyclic
LNPhub_R0004186,LNPhub_BL_2023,https://www.nature.com/articles/s41587-023-01679-x,LNPhub_BL_2023_LNP_000181,BL_A41-T1,CCCCCCCCCCCCCCCCCCOC(=O)OC(C/C=C\CCCCCCCCOC(=O)CCN1CCC[C@H]1CO)CCCCCC,Ugi-3CR,C1C[C@@H](CO)NC1,secondary,C=CC(=O)OCCCCCCCC/C=C\CC(CCCCCC)OC(=O)O,ester/carbonate acrylate,1,T1,CCCCCCCCCCCCCCCCCCO,ricinoleic/aliphatic,,,,,,,,,,,,,,,,head–linker–tail,DOPE,[H][C@@](COP([O-])(OCC[NH3+])=O)(OC(CCCCCCC/C=C\\CCCCCCCC)=O)COC(CCCCCCC/C=C\\CCCCCCCC)=O,16.0,Cholesterol,C[C@H](CCCC(C)C)[C@H]1CC[C@@H]2[C@@]1(CC[C@H]3[C@H]2CC=C4[C@@]3(CC[C@@H](C4)O)C)C,46.5,DMPE-PEG2000,CCCCCCCCCCCCCC(=O)OCC(COP(=O)(OCCNCC(=O)OCCOCCOCCOCCOCCOCCOCCOCCOCCOCCOCCOCCOCCOCCOCCOCCOCCOCCOCCOCCOCCOCCOCCOCCOCCOCCOCCOCCOCCOCCOCCOCCOCCOCCOCCOCCOCCOCCOCCOCCOCCOCCOCCOC)O)OC(=O)CCCCCCCCCCCCC,2.5,2000.0,35.0,10.0,,,,mRNA,in_vitro,in_vitro,A549,in_vitro,,,,,,,0.2590202261220695,normalized_luminescence,52.0,1.0,0.0,38.0,735.6376894,85.3,1.0,7.0,12.8071,217.8588,0.911111111,2.0,1.0,736.176,True,True,False,biodegradable acrylate,,,,,,,,,,,,,,,,,,,cyclic
LNPhub_R0004187,LNPhub_BL_2023,https://www.nature.com/articles/s41587-023-01679-x,LNPhub_BL_2023_LNP_000182,BL_A23-T6,CCCCC#CCOC(=O)OC(C/C=C\CCCCCCCCOC(=O)CCN1CCN(c2ccccn2)CC1)CCCCCC,Ugi-3CR,C1=CC(=NC=C1)N2CCNCC2,secondary_tertiary,C=CC(=O)OCCCCCCCC/C=C\CC(CCCCCC)OC(=O)O,ester/carbonate acrylate,1,T6,CCCCC#CCO,ricinoleic/aliphatic,,,,,,,,,,,,,,,,head–linker–tail,DOPE,[H][C@@](COP([O-])(OCC[NH3+])=O)(OC(CCCCCCC/C=C\\CCCCCCCC)=O)COC(CCCCCCC/C=C\\CCCCCCCC)=O,16.0,Cholesterol,C[C@H](CCCC(C)C)[C@H]1CC[C@@H]2[C@@]1(CC[C@H]3[C@H]2CC=C4[C@@]3(CC[C@@H](C4)O)C)C,46.5,DMPE-PEG2000,CCCCCCCCCCCCCC(=O)OCC(COP(=O)(OCCNCC(=O)OCCOCCOCCOCCOCCOCCOCCOCCOCCOCCOCCOCCOCCOCCOCCOCCOCCOCCOCCOCCOCCOCCOCCOCCOCCOCCOCCOCCOCCOCCOCCOCCOCCOCCOCCOCCOCCOCCOCCOCCOCCOCCOCCOC)O)OC(=O)CCCCCCCCCCCCC,2.5,2000.0,35.0,10.0,,,,mRNA,in_vitro,in_vitro,A549,in_vitro,,,,,,,0.839775059789957,normalized_luminescence,46.0,2.0,1.0,24.0,639.4611221,81.2,0.0,8.0,8.4997,186.823,0.710526316,1.0,3.0,639.922,True,True,False,biodegradable acrylate,,,,,,,,,,,,,,,,,,,cyclic
LNPhub_R0004188,LNPhub_BL_2023,https://www.nature.com/articles/s41587-023-01679-x,LNPhub_BL_2023_LNP_000183,BL_A31-T8,CCCCCCC#CCOC(=O)OC(C/C=C\CCCCCCCCOC(=O)CCN(CCCN(CCC(=O)OCCCCCCCC/C=C\CC(CCCCCC)OC(=O)OCC#CCCCCCC)CCC(=O)OCCCCCCCC/C=C\CC(CCCCCC)OC(=O)OCC#CCCCCCC)CCCN(CCC(=O)OCCCCCCCC/C=C\CC(CCCCCC)OC(=O)OCC#CCCCCCC)CCC(=O)OCCCCCCCC/C=C\CC(CCCCCC)OC(=O)OCC#CCCCCCC)CCCCCC,Ugi-3CR,C(CN)CNCCCN,primary_secondary,C=CC(=O)OCCCCCCCC/C=C\CC(CCCCCC)OC(=O)O,ester/carbonate acrylate,1,T8,CCCCCCC#CCO,ricinoleic/aliphatic,,,,,,,,,,,,,,,,head–linker–tail,DOPE,[H][C@@](COP([O-])(OCC[NH3+])=O)(OC(CCCCCCC/C=C\\CCCCCCCC)=O)COC(CCCCCCC/C=C\\CCCCCCCC)=O,16.0,Cholesterol,C[C@H](CCCC(C)C)[C@H]1CC[C@@H]2[C@@]1(CC[C@H]3[C@H]2CC=C4[C@@]3(CC[C@@H](C4)O)C)C,46.5,DMPE-PEG2000,CCCCCCCCCCCCCC(=O)OCC(COP(=O)(OCCNCC(=O)OCCOCCOCCOCCOCCOCCOCCOCCOCCOCCOCCOCCOCCOCCOCCOCCOCCOCCOCCOCCOCCOCCOCCOCCOCCOCCOCCOCCOCCOCCOCCOCCOCCOCCOCCOCCOCCOCCOCCOCCOCCOCCOCCOC)O)OC(=O)CCCCCCCCCCCCC,2.5,2000.0,35.0,10.0,,,,mRNA,in_vitro,in_vitro,A549,in_vitro,,,,,,,0.8426048449171307,normalized_luminescence,189.0,0.0,0.0,133.0,2653.049621,318.87,0.0,28.0,43.0541,774.389,0.813664596,5.0,3.0,2654.983,True,True,False,biodegradable acrylate,,,,,,,,,,,,,,,,,,,linear
LNPhub_R0004189,LNPhub_BL_2023,https://www.nature.com/articles/s41587-023-01679-x,LNPhub_BL_2023_LNP_000184,BL_A51-T3,CCCCC/C=C\C/C=C\CCCCCCCCOC(=O)OC(C/C=C\CCCCCCCCOC(=O)CCN1CCC(CO)CC1)CCCCCC,Ugi-3CR,C1CNCCC1CO,secondary,C=CC(=O)OCCCCCCCC/C=C\CC(CCCCCC)OC(=O)O,ester/carbonate acrylate,1,T3,CCCCCC=CCC=C=CCCCCCCCCO,ricinoleic/aliphatic,,,,,,,,,,,,,,,,head–linker–tail,DOPE,[H][C@@](COP([O-])(OCC[NH3+])=O)(OC(CCCCCCC/C=C\\CCCCCCCC)=O)COC(CCCCCCC/C=C\\CCCCCCCC)=O,16.0,Cholesterol,C[C@H](CCCC(C)C)[C@H]1CC[C@@H]2[C@@]1(CC[C@H]3[C@H]2CC=C4[C@@]3(CC[C@@H](C4)O)C)C,46.5,DMPE-PEG2000,CCCCCCCCCCCCCC(=O)OCC(COP(=O)(OCCNCC(=O)OCCOCCOCCOCCOCCOCCOCCOCCOCCOCCOCCOCCOCCOCCOCCOCCOCCOCCOCCOCCOCCOCCOCCOCCOCCOCCOCCOCCOCCOCCOCCOCCOCCOCCOCCOCCOCCOCCOCCOCCOCCOCCOCCOC)O)OC(=O)CCCCCCCCCCCCC,2.5,2000.0,35.0,10.0,,,,mRNA,in_vitro,in_vitro,A549,in_vitro,,,,,,,1.764313541034939,normalized_luminescence,53.0,1.0,0.0,36.0,745.6220394,85.3,1.0,7.0,12.6067,222.2398,0.826086957,1.0,1.0,746.171,True,True,False,biodegradable acrylate,,,,,,,,,,,,,,,,,,,cyclic
LNPhub_R0004190,LNPhub_BL_2023,https://www.nature.com/articles/s41587-023-01679-x,LNPhub_BL_2023_LNP_000185,BL_A8-T4,CCC#CCOC(=O)OC(C/C=C\CCCCCCCCOC(=O)CCN(CCN(CC)CC)CCN(CC)CC)CCCCCC,Ugi-3CR,CCN(CC)CCNCCN(CC)CC,secondary_tertiary,C=CC(=O)OCCCCCCCC/C=C\CC(CCCCCC)OC(=O)O,ester/carbonate acrylate,1,T4,CCC#CCO,ricinoleic/aliphatic,,,,,,,,,,,,,,,,head–linker–tail,DOPE,[H][C@@](COP([O-])(OCC[NH3+])=O)(OC(CCCCCCC/C=C\\CCCCCCCC)=O)COC(CCCCCCC/C=C\\CCCCCCCC)=O,16.0,Cholesterol,C[C@H](CCCC(C)C)[C@H]1CC[C@@H]2[C@@]1(CC[C@H]3[C@H]2CC=C4[C@@]3(CC[C@@H](C4)O)C)C,46.5,DMPE-PEG2000,CCCCCCCCCCCCCC(=O)OCC(COP(=O)(OCCNCC(=O)OCCOCCOCCOCCOCCOCCOCCOCCOCCOCCOCCOCCOCCOCCOCCOCCOCCOCCOCCOCCOCCOCCOCCOCCOCCOCCOCCOCCOCCOCCOCCOCCOCCOCCOCCOCCOCCOCCOCCOCCOCCOCCOCCOC)O)OC(=O)CCCCCCCCCCCCC,2.5,2000.0,35.0,10.0,,,,mRNA,in_vitro,in_vitro,A549,in_vitro,,,,,,,-0.1512475659115845,normalized_luminescence,47.0,0.0,0.0,31.0,663.5550224,71.55,0.0,8.0,8.4879,196.715,0.846153846,1.0,3.0,664.029,True,True,False,biodegradable acrylate,,,,,,,,,,,,,,,,,,,branched
LNPhub_R0004191,LNPhub_BL_2023,https://www.nature.com/articles/s41587-023-01679-x,LNPhub_BL_2023_LNP_000186,BL_A4-T7,CCCCCC#CCOC(=O)OC(C/C=C\CCCCCCCCOC(=O)CCN(CCC(=O)OCCCCCCCC/C=C\CC(CCCCCC)OC(=O)OCC#CCCCCC)CCN(CC)CC)CCCCCC,Ugi-3CR,CCN(CC)CCN,primary_tertiary,C=CC(=O)OCCCCCCCC/C=C\CC(CCCCCC)OC(=O)O,ester/carbonate acrylate,1,T7,CCCCCC#CCO,ricinoleic/aliphatic,,,,,,,,,,,,,,,,head–linker–tail,DOPE,[H][C@@](COP([O-])(OCC[NH3+])=O)(OC(CCCCCCC/C=C\\CCCCCCCC)=O)COC(CCCCCCC/C=C\\CCCCCCCC)=O,16.0,Cholesterol,C[C@H](CCCC(C)C)[C@H]1CC[C@@H]2[C@@]1(CC[C@H]3[C@H]2CC=C4[C@@]3(CC[C@@H](C4)O)C)C,46.5,DMPE-PEG2000,CCCCCCCCCCCCCC(=O)OCC(COP(=O)(OCCNCC(=O)OCCOCCOCCOCCOCCOCCOCCOCCOCCOCCOCCOCCOCCOCCOCCOCCOCCOCCOCCOCCOCCOCCOCCOCCOCCOCCOCCOCCOCCOCCOCCOCCOCCOCCOCCOCCOCCOCCOCCOCCOCCOCCOCCOC)O)OC(=O)CCCCCCCCCCCCC,2.5,2000.0,35.0,10.0,,,,mRNA,in_vitro,in_vitro,A549,in_vitro,115.3,,,,,,0.6519822893351779,normalized_luminescence,78.0,0.0,0.0,53.0,1096.862998,130.14,0.0,12.0,17.0026,321.328,0.818181818,2.0,2.0,1097.658,True,True,False,biodegradable acrylate,,,,,,93.0,,,,,,,,,,,,,branched
LNPhub_R0004192,LNPhub_BL_2023,https://www.nature.com/articles/s41587-023-01679-x,LNPhub_BL_2023_LNP_000187,BL_A2-T9,CCCCC#CCCOC(=O)OC(C/C=C\CCCCCCCCOC(=O)CCN(CCC(=O)OCCCCCCCC/C=C\CC(CCCCCC)OC(=O)OCCC#CCCCC)CCN(C)C)CCCCCC,Ugi-3CR,CN(C)CCN,primary_tertiary,C=CC(=O)OCCCCCCCC/C=C\CC(CCCCCC)OC(=O)O,ester/carbonate acrylate,1,T9,CCCCC#CCCO,ricinoleic/aliphatic,,,,,,,,,,,,,,,,head–linker–tail,DOPE,[H][C@@](COP([O-])(OCC[NH3+])=O)(OC(CCCCCCC/C=C\\CCCCCCCC)=O)COC(CCCCCCC/C=C\\CCCCCCCC)=O,16.0,Cholesterol,C[C@H](CCCC(C)C)[C@H]1CC[C@@H]2[C@@]1(CC[C@H]3[C@H]2CC=C4[C@@]3(CC[C@@H](C4)O)C)C,46.5,DMPE-PEG2000,CCCCCCCCCCCCCC(=O)OCC(COP(=O)(OCCNCC(=O)OCCOCCOCCOCCOCCOCCOCCOCCOCCOCCOCCOCCOCCOCCOCCOCCOCCOCCOCCOCCOCCOCCOCCOCCOCCOCCOCCOCCOCCOCCOCCOCCOCCOCCOCCOCCOCCOCCOCCOCCOCCOCCOCCOC)O)OC(=O)CCCCCCCCCCCCC,2.5,2000.0,35.0,10.0,,,,mRNA,in_vitro,in_vitro,A549,in_vitro,,,,,,,-0.6353937976200302,normalized_luminescence,76.0,0.0,0.0,51.0,1068.831698,130.14,0.0,12.0,16.2224,312.094,0.8125,2.0,2.0,1069.604,True,True,False,biodegradable acrylate,,,,,,,,,,,,,,,,,,,branched
LNPhub_R0004193,LNPhub_BL_2023,https://www.nature.com/articles/s41587-023-01679-x,LNPhub_BL_2023_LNP_000188,BL_A60-T8,CCCCCCC#CCOC(=O)OC(C/C=C\CCCCCCCCOC(=O)CCN(CCC(=O)OCCCCCCCC/C=C\CC(CCCCCC)OC(=O)OCC#CCCCCCC)CC(O)CO)CCCCCC,Ugi-3CR,C(C(CO)O)N,primary,C=CC(=O)OCCCCCCCC/C=C\CC(CCCCCC)OC(=O)O,ester/carbonate acrylate,1,T8,CCCCCCC#CCO,ricinoleic/aliphatic,,,,,,,,,,,,,,,,head–linker–tail,DOPE,[H][C@@](COP([O-])(OCC[NH3+])=O)(OC(CCCCCCC/C=C\\CCCCCCCC)=O)COC(CCCCCCC/C=C\\CCCCCCCC)=O,16.0,Cholesterol,C[C@H](CCCC(C)C)[C@H]1CC[C@@H]2[C@@]1(CC[C@H]3[C@H]2CC=C4[C@@]3(CC[C@@H](C4)O)C)C,46.5,DMPE-PEG2000,CCCCCCCCCCCCCC(=O)OCC(COP(=O)(OCCNCC(=O)OCCOCCOCCOCCOCCOCCOCCOCCOCCOCCOCCOCCOCCOCCOCCOCCOCCOCCOCCOCCOCCOCCOCCOCCOCCOCCOCCOCCOCCOCCOCCOCCOCCOCCOCCOCCOCCOCCOCCOCCOCCOCCOCCOC)O)OC(=O)CCCCCCCCCCCCC,2.5,2000.0,35.0,10.0,,,,mRNA,in_vitro,in_vitro,A549,in_vitro,,,,,,,-0.8489573420353905,normalized_luminescence,78.0,0.0,0.0,53.0,1099.826278,167.36,2.0,13.0,15.7942,315.8666,0.815384615,3.0,1.0,1100.614,True,True,False,biodegradable acrylate,,,,,,,,,,,,,,,,,,,branched
LNPhub_R0004194,LNPhub_BL_2023,https://www.nature.com/articles/s41587-023-01679-x,LNPhub_BL_2023_LNP_000189,BL_A9-T9,CCCCC#CCCOC(=O)OC(C/C=C\CCCCCCCCOC(=O)CCN(CCCN1CCN(C)CC1)CCC(=O)OCCCCCCCC/C=C\CC(CCCCCC)OC(=O)OCCC#CCCCC)CCCCCC,Ugi-3CR,CN1CCN(CCCN)CC1,primary_tertiary,C=CC(=O)OCCCCCCCC/C=C\CC(CCCCCC)OC(=O)O,ester/carbonate acrylate,1,T9,CCCCC#CCCO,ricinoleic/aliphatic,,,,,,,,,,,,,,,,head–linker–tail,DOPE,[H][C@@](COP([O-])(OCC[NH3+])=O)(OC(CCCCCCC/C=C\\CCCCCCCC)=O)COC(CCCCCCC/C=C\\CCCCCCCC)=O,16.0,Cholesterol,C[C@H](CCCC(C)C)[C@H]1CC[C@@H]2[C@@]1(CC[C@H]3[C@H]2CC=C4[C@@]3(CC[C@@H](C4)O)C)C,46.5,DMPE-PEG2000,CCCCCCCCCCCCCC(=O)OCC(COP(=O)(OCCNCC(=O)OCCOCCOCCOCCOCCOCCOCCOCCOCCOCCOCCOCCOCCOCCOCCOCCOCCOCCOCCOCCOCCOCCOCCOCCOCCOCCOCCOCCOCCOCCOCCOCCOCCOCCOCCOCCOCCOCCOCCOCCOCCOCCOCCOC)O)OC(=O)CCCCCCCCCCCCC,2.5,2000.0,35.0,10.0,,,,mRNA,in_vitro,in_vitro,A549,in_vitro,,,,,,,1.0042292350460007,normalized_luminescence,81.0,1.0,0.0,52.0,1137.889547,133.38,0.0,13.0,16.2983,332.094,0.823529412,2.0,3.0,1138.711,True,True,False,biodegradable acrylate,,,,,,,,,,,,,,,,,,,cyclic
LNPhub_R0004195,LNPhub_BL_2023,https://www.nature.com/articles/s41587-023-01679-x,LNPhub_BL_2023_LNP_000190,BL_A4-T9,CCCCC#CCCOC(=O)OC(C/C=C\CCCCCCCCOC(=O)CCN(CCC(=O)OCCCCCCCC/C=C\CC(CCCCCC)OC(=O)OCCC#CCCCC)CCN(CC)CC)CCCCCC,Ugi-3CR,CCN(CC)CCN,primary_tertiary,C=CC(=O)OCCCCCCCC/C=C\CC(CCCCCC)OC(=O)O,ester/carbonate acrylate,1,T9,CCCCC#CCCO,ricinoleic/aliphatic,,,,,,,,,,,,,,,,head–linker–tail,DOPE,[H][C@@](COP([O-])(OCC[NH3+])=O)(OC(CCCCCCC/C=C\\CCCCCCCC)=O)COC(CCCCCCC/C=C\\CCCCCCCC)=O,16.0,Cholesterol,C[C@H](CCCC(C)C)[C@H]1CC[C@@H]2[C@@]1(CC[C@H]3[C@H]2CC=C4[C@@]3(CC[C@@H](C4)O)C)C,46.5,DMPE-PEG2000,CCCCCCCCCCCCCC(=O)OCC(COP(=O)(OCCNCC(=O)OCCOCCOCCOCCOCCOCCOCCOCCOCCOCCOCCOCCOCCOCCOCCOCCOCCOCCOCCOCCOCCOCCOCCOCCOCCOCCOCCOCCOCCOCCOCCOCCOCCOCCOCCOCCOCCOCCOCCOCCOCCOCCOCCOC)O)OC(=O)CCCCCCCCCCCCC,2.5,2000.0,35.0,10.0,,,,mRNA,in_vitro,in_vitro,A549,in_vitro,134.7,,,,,,-0.7755391314091369,normalized_luminescence,78.0,0.0,0.0,53.0,1096.862998,130.14,0.0,12.0,17.0026,321.328,0.818181818,2.0,2.0,1097.658,True,True,False,biodegradable acrylate,,,,,,92.0,,,,,,,,,,,,,branched
LNPhub_R0004196,LNPhub_BL_2023,https://www.nature.com/articles/s41587-023-01679-x,LNPhub_BL_2023_LNP_000191,BL_A53-T10,CCCCCCC#CCCOC(=O)OC(C/C=C\CCCCCCCCOC(=O)CCN1CCC(O)CC1)CCCCCC,Ugi-3CR,C1CNCCC1O,secondary,C=CC(=O)OCCCCCCCC/C=C\CC(CCCCCC)OC(=O)O,ester/carbonate acrylate,1,T10,CCCCCCC#CCCO,ricinoleic/aliphatic,,,,,,,,,,,,,,,,head–linker–tail,DOPE,[H][C@@](COP([O-])(OCC[NH3+])=O)(OC(CCCCCCC/C=C\\CCCCCCCC)=O)COC(CCCCCCC/C=C\\CCCCCCCC)=O,16.0,Cholesterol,C[C@H](CCCC(C)C)[C@H]1CC[C@@H]2[C@@]1(CC[C@H]3[C@H]2CC=C4[C@@]3(CC[C@@H](C4)O)C)C,46.5,DMPE-PEG2000,CCCCCCCCCCCCCC(=O)OCC(COP(=O)(OCCNCC(=O)OCCOCCOCCOCCOCCOCCOCCOCCOCCOCCOCCOCCOCCOCCOCCOCCOCCOCCOCCOCCOCCOCCOCCOCCOCCOCCOCCOCCOCCOCCOCCOCCOCCOCCOCCOCCOCCOCCOCCOCCOCCOCCOCCOC)O)OC(=O)CCCCCCCCCCCCC,2.5,2000.0,35.0,10.0,,,,mRNA,in_vitro,in_vitro,A549,in_vitro,,,,,,,0.2741301299414397,normalized_luminescence,44.0,1.0,0.0,26.0,619.4811888,85.3,1.0,7.0,8.9095,179.4648,0.837837838,1.0,1.0,619.928,True,True,False,biodegradable acrylate,,,,,,,,,,,,,,,,,,,cyclic
LNPhub_R0004197,LNPhub_BL_2023,https://www.nature.com/articles/s41587-023-01679-x,LNPhub_BL_2023_LNP_000063,BL_A4-T7,CCCCCC#CCOC(=O)OC(C/C=C\CCCCCCCCOC(=O)CCN(CCC(=O)OCCCCCCCC/C=C\CC(CCCCCC)OC(=O)OCC#CCCCCC)CCN(CC)CC)CCCCCC,Ugi-3CR,CCN(CC)CCN,primary_tertiary,C=CC(=O)OCCCCCCCC/C=C\CC(CCCCCC)OC(=O)O,ester/carbonate acrylate,1,T7,CCCCCC#CCO,ricinoleic/aliphatic,,,,,,,,,,,,,,,,head–linker–tail,DOTAP,[H]C(C[N+](C)(C)C)(OC(CCCCCCC/C=C\CCCCCCCC)=O)COC(CCCCCCC/C=C\CCCCCCCC)=O,39.0,Cholesterol,C[C@H](CCCC(C)C)[C@H]1CC[C@@H]2[C@@]1(CC[C@H]3[C@H]2CC=C4[C@@]3(CC[C@@H](C4)O)C)C,30.0,DMPE-PEG2000,CCCCCCCCCCCCCC(=O)OCC(COP(=O)(OCCNCC(=O)OCCOCCOCCOCCOCCOCCOCCOCCOCCOCCOCCOCCOCCOCCOCCOCCOCCOCCOCCOCCOCCOCCOCCOCCOCCOCCOCCOCCOCCOCCOCCOCCOCCOCCOCCOCCOCCOCCOCCOCCOCCOCCOCCOC)O)OC(=O)CCCCCCCCCCCCC,1.0,2000.0,30.0,7.5,,,,mRNA,intratracheal,in_vivo,Mouse_B6,lung_epithelium,115.3,,,,,,2.9655094588433486,normalized_luminescence,78.0,0.0,0.0,53.0,1096.862998,130.14,0.0,12.0,17.0026,321.328,0.818181818,2.0,2.0,1097.658,True,True,False,biodegradable acrylate,,,,,,93.0,,,,,,,,,,,,,branched
LNPhub_R0004198,LNPhub_BL_2023,https://www.nature.com/articles/s41587-023-01679-x,LNPhub_BL_2023_LNP_000192,BL_A59-T3,CCCCC/C=C\C/C=C\CCCCCCCCOC(=O)OC(C/C=C\CCCCCCCCOC(=O)CCN(CCCN(CCC(=O)OCCCCCCCC/C=C\CC(CCCCCC)OC(=O)OCCCCCCCC/C=C\C/C=C\CCCCC)CCC(=O)OCCCCCCCC/C=C\CC(CCCCCC)OC(=O)OCCCCCCCC/C=C\C/C=C\CCCCC)CCC(=O)OCCCCCCCC/C=C\CC(CCCCCC)OC(=O)OCCCCCCCC/C=C\C/C=C\CCCCC)CCCCCC,Ugi-3CR,C(CN)CN,primary,C=CC(=O)OCCCCCCCC/C=C\CC(CCCCCC)OC(=O)O,ester/carbonate acrylate,1,T3,CCCCCC=CCC=C=CCCCCCCCCO,ricinoleic/aliphatic,,,,,,,,,,,,,,,,head–linker–tail,DOPE,[H][C@@](COP([O-])(OCC[NH3+])=O)(OC(CCCCCCC/C=C\\CCCCCCCC)=O)COC(CCCCCCC/C=C\\CCCCCCCC)=O,16.0,Cholesterol,C[C@H](CCCC(C)C)[C@H]1CC[C@@H]2[C@@]1(CC[C@H]3[C@H]2CC=C4[C@@]3(CC[C@@H](C4)O)C)C,46.5,DMPE-PEG2000,CCCCCCCCCCCCCC(=O)OCC(COP(=O)(OCCNCC(=O)OCCOCCOCCOCCOCCOCCOCCOCCOCCOCCOCCOCCOCCOCCOCCOCCOCCOCCOCCOCCOCCOCCOCCOCCOCCOCCOCCOCCOCCOCCOCCOCCOCCOCCOCCOCCOCCOCCOCCOCCOCCOCCOCCOC)O)OC(=O)CCCCCCCCCCCCC,2.5,2000.0,35.0,10.0,,,,mRNA,in_vitro,in_vitro,A549,in_vitro,,,,,,,-0.4722586513508864,normalized_luminescence,185.0,0.0,0.0,144.0,2596.1737,253.8,0.0,22.0,49.6445,781.457,0.803680982,4.0,2.0,2598.107,True,True,False,biodegradable acrylate,,,,,,,,,,,,,,,,,,,linear
LNPhub_R0004199,LNPhub_BL_2023,https://www.nature.com/articles/s41587-023-01679-x,LNPhub_BL_2023_LNP_000193,BL_A9-T2,CCCCCCCC/C=C\CCCCCCCCOC(=O)OC(C/C=C\CCCCCCCCOC(=O)CCN(CCCN1CCN(C)CC1)CCC(=O)OCCCCCCCC/C=C\CC(CCCCCC)OC(=O)OCCCCCCCC/C=C\CCCCCCCC)CCCCCC,Ugi-3CR,CN1CCN(CCCN)CC1,primary_tertiary,C=CC(=O)OCCCCCCCC/C=C\CC(CCCCCC)OC(=O)O,ester/carbonate acrylate,1,T2,CCCCCCCCC=CCCCCCCCCO,ricinoleic/aliphatic,,,,,,,,,,,,,,,,head–linker–tail,DOPE,[H][C@@](COP([O-])(OCC[NH3+])=O)(OC(CCCCCCC/C=C\\CCCCCCCC)=O)COC(CCCCCCC/C=C\\CCCCCCCC)=O,16.0,Cholesterol,C[C@H](CCCC(C)C)[C@H]1CC[C@@H]2[C@@]1(CC[C@H]3[C@H]2CC=C4[C@@]3(CC[C@@H](C4)O)C)C,46.5,DMPE-PEG2000,CCCCCCCCCCCCCC(=O)OCC(COP(=O)(OCCNCC(=O)OCCOCCOCCOCCOCCOCCOCCOCCOCCOCCOCCOCCOCCOCCOCCOCCOCCOCCOCCOCCOCCOCCOCCOCCOCCOCCOCCOCCOCCOCCOCCOCCOCCOCCOCCOCCOCCOCCOCCOCCOCCOCCOCCOC)O)OC(=O)CCCCCCCCCCCCC,2.5,2000.0,35.0,10.0,,,,mRNA,in_vitro,in_vitro,A549,in_vitro,,,,,,,2.193087046024234,normalized_luminescence,101.0,1.0,0.0,76.0,1422.233848,133.38,0.0,13.0,25.2059,427.162,0.863636364,2.0,3.0,1423.283,True,True,False,biodegradable acrylate,,,,,,,,,,,,,,,,,,,cyclic
LNPhub_R0004200,LNPhub_BL_2023,https://www.nature.com/articles/s41587-023-01679-x,LNPhub_BL_2023_LNP_000194,BL_A37-T9,CCCCC#CCCOC(=O)OC(C/C=C\CCCCCCCCOC(=O)CCN(CCC(=O)OCCCCCCCC/C=C\CC(CCCCCC)OC(=O)OCCC#CCCCC)CCN1CCCCN(C)CC1)CCCCCC,Ugi-3CR,CN1CCCCN(CCN)CC1,primary_tertiary,C=CC(=O)OCCCCCCCC/C=C\CC(CCCCCC)OC(=O)O,ester/carbonate acrylate,1,T9,CCCCC#CCCO,ricinoleic/aliphatic,,,,,,,,,,,,,,,,head–linker–tail,DOPE,[H][C@@](COP([O-])(OCC[NH3+])=O)(OC(CCCCCCC/C=C\\CCCCCCCC)=O)COC(CCCCCCC/C=C\\CCCCCCCC)=O,16.0,Cholesterol,C[C@H](CCCC(C)C)[C@H]1CC[C@@H]2[C@@]1(CC[C@H]3[C@H]2CC=C4[C@@]3(CC[C@@H](C4)O)C)C,46.5,DMPE-PEG2000,CCCCCCCCCCCCCC(=O)OCC(COP(=O)(OCCNCC(=O)OCCOCCOCCOCCOCCOCCOCCOCCOCCOCCOCCOCCOCCOCCOCCOCCOCCOCCOCCOCCOCCOCCOCCOCCOCCOCCOCCOCCOCCOCCOCCOCCOCCOCCOCCOCCOCCOCCOCCOCCOCCOCCOCCOC)O)OC(=O)CCCCCCCCCCCCC,2.5,2000.0,35.0,10.0,,,,mRNA,in_vitro,in_vitro,A549,in_vitro,,,,,,,-0.1232529555090261,normalized_luminescence,82.0,1.0,0.0,51.0,1151.905197,133.38,0.0,13.0,16.6884,336.711,0.826086957,2.0,3.0,1152.738,True,True,False,biodegradable acrylate,,,,,,,,,,,,,,,,,,,macrocyclic
LNPhub_R0004201,LNPhub_BL_2023,https://www.nature.com/articles/s41587-023-01679-x,LNPhub_BL_2023_LNP_000195,BL_A43-T4,CCC#CCOC(=O)OC(C/C=C\CCCCCCCCOC(=O)CCN(CCC(=O)OCCCCCCCC/C=C\CC(CCCCCC)OC(=O)OCC#CCC)CC1CCCCN1C)CCCCCC,Ugi-3CR,CN1CCCCC1CN,primary_tertiary,C=CC(=O)OCCCCCCCC/C=C\CC(CCCCCC)OC(=O)O,ester/carbonate acrylate,1,T4,CCC#CCO,ricinoleic/aliphatic,,,,,,,,,,,,,,,,head–linker–tail,DOPE,[H][C@@](COP([O-])(OCC[NH3+])=O)(OC(CCCCCCC/C=C\\CCCCCCCC)=O)COC(CCCCCCC/C=C\\CCCCCCCC)=O,16.0,Cholesterol,C[C@H](CCCC(C)C)[C@H]1CC[C@@H]2[C@@]1(CC[C@H]3[C@H]2CC=C4[C@@]3(CC[C@@H](C4)O)C)C,46.5,DMPE-PEG2000,CCCCCCCCCCCCCC(=O)OCC(COP(=O)(OCCNCC(=O)OCCOCCOCCOCCOCCOCCOCCOCCOCCOCCOCCOCCOCCOCCOCCOCCOCCOCCOCCOCCOCCOCCOCCOCCOCCOCCOCCOCCOCCOCCOCCOCCOCCOCCOCCOCCOCCOCCOCCOCCOCCOCCOCCOC)O)OC(=O)CCCCCCCCCCCCC,2.5,2000.0,35.0,10.0,,,,mRNA,in_vitro,in_vitro,A549,in_vitro,,,,,,,-0.7957581526606635,normalized_luminescence,73.0,1.0,0.0,44.0,1024.769098,130.14,0.0,12.0,14.8045,296.107,0.803278689,3.0,2.0,1025.507,True,True,False,biodegradable acrylate,,,,,,,,,,,,,,,,,,,cyclic
LNPhub_R0004202,LNPhub_BL_2023,https://www.nature.com/articles/s41587-023-01679-x,LNPhub_BL_2023_LNP_000196,BL_A33-T10,CCCCCCC#CCCOC(=O)OC(C/C=C\CCCCCCCCOC(=O)CCN(CCCN(C)C)CCCN(CCC(=O)OCCCCCCCC/C=C\CC(CCCCCC)OC(=O)OCCC#CCCCCCC)CCC(=O)OCCCCCCCC/C=C\CC(CCCCCC)OC(=O)OCCC#CCCCCCC)CCCCCC,Ugi-3CR,CN(C)CCCNCCCN,primary_secondary_tertiary,C=CC(=O)OCCCCCCCC/C=C\CC(CCCCCC)OC(=O)O,ester/carbonate acrylate,1,T10,CCCCCCC#CCCO,ricinoleic/aliphatic,,,,,,,,,,,,,,,,head–linker–tail,DOPE,[H][C@@](COP([O-])(OCC[NH3+])=O)(OC(CCCCCCC/C=C\\CCCCCCCC)=O)COC(CCCCCCC/C=C\\CCCCCCCC)=O,16.0,Cholesterol,C[C@H](CCCC(C)C)[C@H]1CC[C@@H]2[C@@]1(CC[C@H]3[C@H]2CC=C4[C@@]3(CC[C@@H](C4)O)C)C,46.5,DMPE-PEG2000,CCCCCCCCCCCCCC(=O)OCC(COP(=O)(OCCNCC(=O)OCCOCCOCCOCCOCCOCCOCCOCCOCCOCCOCCOCCOCCOCCOCCOCCOCCOCCOCCOCCOCCOCCOCCOCCOCCOCCOCCOCCOCCOCCOCCOCCOCCOCCOCCOCCOCCOCCOCCOCCOCCOCCOCCOC)O)OC(=O)CCCCCCCCCCCCC,2.5,2000.0,35.0,10.0,,,,mRNA,in_vitro,in_vitro,A549,in_vitro,,,,,,,1.3541383101627675,normalized_luminescence,122.0,0.0,0.0,86.0,1714.364922,195.21,0.0,18.0,27.3314,504.02,0.826923077,3.0,3.0,1715.614,True,True,False,biodegradable acrylate,,,,,,,,,,,,,,,,,,,branched
LNPhub_R0004203,LNPhub_BL_2023,https://www.nature.com/articles/s41587-023-01679-x,LNPhub_BL_2023_LNP_000197,BL_A66-T6,CCCCC#CCOC(=O)OC(C/C=C\CCCCCCCCOC(=O)CCN(CCC(=O)OCCCCCCCC/C=C\CC(CCCCCC)OC(=O)OCC#CCCCC)CCC1OCCO1)CCCCCC,Ugi-3CR,NCCC1OCCO1,primary,C=CC(=O)OCCCCCCCC/C=C\CC(CCCCCC)OC(=O)O,ester/carbonate acrylate,1,T6,CCCCC#CCO,ricinoleic/aliphatic,,,,,,,,,,,,,,,,head–linker–tail,DOPE,[H][C@@](COP([O-])(OCC[NH3+])=O)(OC(CCCCCCC/C=C\\CCCCCCCC)=O)COC(CCCCCCC/C=C\\CCCCCCCC)=O,16.0,Cholesterol,C[C@H](CCCC(C)C)[C@H]1CC[C@@H]2[C@@]1(CC[C@H]3[C@H]2CC=C4[C@@]3(CC[C@@H](C4)O)C)C,46.5,DMPE-PEG2000,CCCCCCCCCCCCCC(=O)OCC(COP(=O)(OCCNCC(=O)OCCOCCOCCOCCOCCOCCOCCOCCOCCOCCOCCOCCOCCOCCOCCOCCOCCOCCOCCOCCOCCOCCOCCOCCOCCOCCOCCOCCOCCOCCOCCOCCOCCOCCOCCOCCOCCOCCOCCOCCOCCOCCOCCOC)O)OC(=O)CCCCCCCCCCCCC,2.5,2000.0,35.0,10.0,,,,mRNA,in_vitro,in_vitro,A549,in_vitro,,,,,,,-1.0931920452884745,normalized_luminescence,76.0,1.0,0.0,49.0,1069.779328,145.36,0.0,13.0,15.6436,304.615,0.80952381,2.0,1.0,1070.544,True,True,False,biodegradable acrylate,,,,,,,,,,,,,,,,,,,cyclic
LNPhub_R0004204,LNPhub_BL_2023,https://www.nature.com/articles/s41587-023-01679-x,LNPhub_BL_2023_LNP_000198,BL_A20-T5,CCCC#CCOC(=O)OC(C/C=C\CCCCCCCCOC(=O)CCN1CCN=C1C)CCCCCC,Ugi-3CR,C1CN=C(N1)C,secondary,C=CC(=O)OCCCCCCCC/C=C\CC(CCCCCC)OC(=O)O,ester/carbonate acrylate,1,T5,CCCC#CCO,ricinoleic/aliphatic,,,,,,,,,,,,,,,,head–linker–tail,DOPE,[H][C@@](COP([O-])(OCC[NH3+])=O)(OC(CCCCCCC/C=C\\CCCCCCCC)=O)COC(CCCCCCC/C=C\\CCCCCCCC)=O,16.0,Cholesterol,C[C@H](CCCC(C)C)[C@H]1CC[C@@H]2[C@@]1(CC[C@H]3[C@H]2CC=C4[C@@]3(CC[C@@H](C4)O)C)C,46.5,DMPE-PEG2000,CCCCCCCCCCCCCC(=O)OCC(COP(=O)(OCCNCC(=O)OCCOCCOCCOCCOCCOCCOCCOCCOCCOCCOCCOCCOCCOCCOCCOCCOCCOCCOCCOCCOCCOCCOCCOCCOCCOCCOCCOCCOCCOCCOCCOCCOCCOCCOCCOCCOCCOCCOCCOCCOCCOCCOCCOC)O)OC(=O)CCCCCCCCCCCCC,2.5,2000.0,35.0,10.0,,,,mRNA,in_vitro,in_vitro,A549,in_vitro,,,,,,,0.5630538419070125,normalized_luminescence,39.0,1.0,0.0,22.0,546.4032728,77.43,0.0,7.0,7.6264,158.865,0.78125,1.0,2.0,546.793,True,True,False,biodegradable acrylate,,,,,,,,,,,,,,,,,,,cyclic
LNPhub_R0004205,LNPhub_BL_2023,https://www.nature.com/articles/s41587-023-01679-x,LNPhub_BL_2023_LNP_000199,BL_A15-T9,CCCCC#CCCOC(=O)OC(C/C=C\CCCCCCCCOC(=O)CCN(CCCN(C)CCCN(CCC(=O)OCCCCCCCC/C=C\CC(CCCCCC)OC(=O)OCCC#CCCCC)CCC(=O)OCCCCCCCC/C=C\CC(CCCCCC)OC(=O)OCCC#CCCCC)CCC(=O)OCCCCCCCC/C=C\CC(CCCCCC)OC(=O)OCCC#CCCCC)CCCCCC,Ugi-3CR,CN(CCCN)CCCN,primary_tertiary,C=CC(=O)OCCCCCCCC/C=C\CC(CCCCCC)OC(=O)O,ester/carbonate acrylate,1,T9,CCCCC#CCCO,ricinoleic/aliphatic,,,,,,,,,,,,,,,,head–linker–tail,DOPE,[H][C@@](COP([O-])(OCC[NH3+])=O)(OC(CCCCCCC/C=C\\CCCCCCCC)=O)COC(CCCCCCC/C=C\\CCCCCCCC)=O,16.0,Cholesterol,C[C@H](CCCC(C)C)[C@H]1CC[C@@H]2[C@@]1(CC[C@H]3[C@H]2CC=C4[C@@]3(CC[C@@H](C4)O)C)C,46.5,DMPE-PEG2000,CCCCCCCCCCCCCC(=O)OCC(COP(=O)(OCCNCC(=O)OCCOCCOCCOCCOCCOCCOCCOCCOCCOCCOCCOCCOCCOCCOCCOCCOCCOCCOCCOCCOCCOCCOCCOCCOCCOCCOCCOCCOCCOCCOCCOCCOCCOCCOCCOCCOCCOCCOCCOCCOCCOCCOCCOC)O)OC(=O)CCCCCCCCCCCCC,2.5,2000.0,35.0,10.0,,,,mRNA,in_vitro,in_vitro,A549,in_vitro,,,,,,,0.9526740047564972,normalized_luminescence,150.0,0.0,0.0,104.0,2106.621196,257.04,0.0,23.0,33.0472,613.811,0.811023622,4.0,3.0,2108.15,True,True,False,biodegradable acrylate,,,,,,,,,,,,,,,,,,,branched
LNPhub_R0004206,LNPhub_BL_2023,https://www.nature.com/articles/s41587-023-01679-x,LNPhub_BL_2023_LNP_000200,BL_A62-T10,CCCCCCC#CCCOC(=O)OC(C/C=C\CCCCCCCCOC(=O)CCN(C)CCCN(CCC(=O)OCCCCCCCC/C=C\CC(CCCCCC)OC(=O)OCCC#CCCCCCC)CCC(=O)OCCCCCCCC/C=C\CC(CCCCCC)OC(=O)OCCC#CCCCCCC)CCCCCC,Ugi-3CR,CNCCCN,primary_secondary,C=CC(=O)OCCCCCCCC/C=C\CC(CCCCCC)OC(=O)O,ester/carbonate acrylate,1,T10,CCCCCCC#CCCO,ricinoleic/aliphatic,,,,,,,,,,,,,,,,head–linker–tail,DOPE,[H][C@@](COP([O-])(OCC[NH3+])=O)(OC(CCCCCCC/C=C\\CCCCCCCC)=O)COC(CCCCCCC/C=C\\CCCCCCCC)=O,16.0,Cholesterol,C[C@H](CCCC(C)C)[C@H]1CC[C@@H]2[C@@]1(CC[C@H]3[C@H]2CC=C4[C@@]3(CC[C@@H](C4)O)C)C,46.5,DMPE-PEG2000,CCCCCCCCCCCCCC(=O)OCC(COP(=O)(OCCNCC(=O)OCCOCCOCCOCCOCCOCCOCCOCCOCCOCCOCCOCCOCCOCCOCCOCCOCCOCCOCCOCCOCCOCCOCCOCCOCCOCCOCCOCCOCCOCCOCCOCCOCCOCCOCCOCCOCCOCCOCCOCCOCCOCCOCCOC)O)OC(=O)CCCCCCCCCCCCC,2.5,2000.0,35.0,10.0,,,,mRNA,in_vitro,in_vitro,A549,in_vitro,,,,,,,-0.3920475632397167,normalized_luminescence,117.0,0.0,0.0,82.0,1643.291423,191.97,0.0,17.0,27.0095,481.906,0.82,3.0,2.0,1644.491,True,True,False,biodegradable acrylate,,,,,,,,,,,,,,,,,,,linear
LNPhub_R0004207,LNPhub_BL_2023,https://www.nature.com/articles/s41587-023-01679-x,LNPhub_BL_2023_LNP_000201,BL_A69-T4,CCC#CCOC(=O)OC(C/C=C\CCCCCCCCOC(=O)CCN(CCCN1CCCC1)CCC(=O)OCCCCCCCC/C=C\CC(CCCCCC)OC(=O)OCC#CCC)CCCCCC,Ugi-3CR,C1CCN(C1)CCCN,primary_tertiary,C=CC(=O)OCCCCCCCC/C=C\CC(CCCCCC)OC(=O)O,ester/carbonate acrylate,1,T4,CCC#CCO,ricinoleic/aliphatic,,,,,,,,,,,,,,,,head–linker–tail,DOPE,[H][C@@](COP([O-])(OCC[NH3+])=O)(OC(CCCCCCC/C=C\\CCCCCCCC)=O)COC(CCCCCCC/C=C\\CCCCCCCC)=O,16.0,Cholesterol,C[C@H](CCCC(C)C)[C@H]1CC[C@@H]2[C@@]1(CC[C@H]3[C@H]2CC=C4[C@@]3(CC[C@@H](C4)O)C)C,46.5,DMPE-PEG2000,CCCCCCCCCCCCCC(=O)OCC(COP(=O)(OCCNCC(=O)OCCOCCOCCOCCOCCOCCOCCOCCOCCOCCOCCOCCOCCOCCOCCOCCOCCOCCOCCOCCOCCOCCOCCOCCOCCOCCOCCOCCOCCOCCOCCOCCOCCOCCOCCOCCOCCOCCOCCOCCOCCOCCOCCOC)O)OC(=O)CCCCCCCCCCCCC,2.5,2000.0,35.0,10.0,,,,mRNA,in_vitro,in_vitro,A549,in_vitro,,,,,,,0.2351555517055518,normalized_luminescence,73.0,1.0,0.0,46.0,1024.769098,130.14,0.0,12.0,14.8061,296.129,0.803278689,2.0,2.0,1025.507,True,True,False,biodegradable acrylate,,,,,,,,,,,,,,,,,,,cyclic
LNPhub_R0004208,LNPhub_BL_2023,https://www.nature.com/articles/s41587-023-01679-x,LNPhub_BL_2023_LNP_000202,BL_A7-T8,CCCCCCC#CCOC(=O)OC(C/C=C\CCCCCCCCOC(=O)CCN(C)CCCCCCN(C)CCC(=O)OCCCCCCCC/C=C\CC(CCCCCC)OC(=O)OCC#CCCCCCC)CCCCCC,Ugi-3CR,CNCCCCCCNC,secondary,C=CC(=O)OCCCCCCCC/C=C\CC(CCCCCC)OC(=O)O,ester/carbonate acrylate,1,T8,CCCCCCC#CCO,ricinoleic/aliphatic,,,,,,,,,,,,,,,,head–linker–tail,DOPE,[H][C@@](COP([O-])(OCC[NH3+])=O)(OC(CCCCCCC/C=C\\CCCCCCCC)=O)COC(CCCCCCC/C=C\\CCCCCCCC)=O,16.0,Cholesterol,C[C@H](CCCC(C)C)[C@H]1CC[C@@H]2[C@@]1(CC[C@H]3[C@H]2CC=C4[C@@]3(CC[C@@H](C4)O)C)C,46.5,DMPE-PEG2000,CCCCCCCCCCCCCC(=O)OCC(COP(=O)(OCCNCC(=O)OCCOCCOCCOCCOCCOCCOCCOCCOCCOCCOCCOCCOCCOCCOCCOCCOCCOCCOCCOCCOCCOCCOCCOCCOCCOCCOCCOCCOCCOCCOCCOCCOCCOCCOCCOCCOCCOCCOCCOCCOCCOCCOCCOC)O)OC(=O)CCCCCCCCCCCCC,2.5,2000.0,35.0,10.0,,,,mRNA,in_vitro,in_vitro,A549,in_vitro,,,,,,,1.0236489973916407,normalized_luminescence,82.0,0.0,0.0,57.0,1152.925598,130.14,0.0,12.0,18.563,339.796,0.828571429,2.0,2.0,1153.766,True,True,False,biodegradable acrylate,,,,,,,,,,,,,,,,,,,linear
LNPhub_R0004209,LNPhub_BL_2023,https://www.nature.com/articles/s41587-023-01679-x,LNPhub_BL_2023_LNP_000203,BL_A15-T5,CCCC#CCOC(=O)OC(C/C=C\CCCCCCCCOC(=O)CCN(CCCN(C)CCCN(CCC(=O)OCCCCCCCC/C=C\CC(CCCCCC)OC(=O)OCC#CCCC)CCC(=O)OCCCCCCCC/C=C\CC(CCCCCC)OC(=O)OCC#CCCC)CCC(=O)OCCCCCCCC/C=C\CC(CCCCCC)OC(=O)OCC#CCCC)CCCCCC,Ugi-3CR,CN(CCCN)CCCN,primary_tertiary,C=CC(=O)OCCCCCCCC/C=C\CC(CCCCCC)OC(=O)O,ester/carbonate acrylate,1,T5,CCCC#CCO,ricinoleic/aliphatic,,,,,,,,,,,,,,,,head–linker–tail,DOPE,[H][C@@](COP([O-])(OCC[NH3+])=O)(OC(CCCCCCC/C=C\\CCCCCCCC)=O)COC(CCCCCCC/C=C\\CCCCCCCC)=O,16.0,Cholesterol,C[C@H](CCCC(C)C)[C@H]1CC[C@@H]2[C@@]1(CC[C@H]3[C@H]2CC=C4[C@@]3(CC[C@@H](C4)O)C)C,46.5,DMPE-PEG2000,CCCCCCCCCCCCCC(=O)OCC(COP(=O)(OCCNCC(=O)OCCOCCOCCOCCOCCOCCOCCOCCOCCOCCOCCOCCOCCOCCOCCOCCOCCOCCOCCOCCOCCOCCOCCOCCOCCOCCOCCOCCOCCOCCOCCOCCOCCOCCOCCOCCOCCOCCOCCOCCOCCOCCOCCOC)O)OC(=O)CCCCCCCCCCCCC,2.5,2000.0,35.0,10.0,,,,mRNA,in_vitro,in_vitro,A549,in_vitro,,,,,,,-0.0066104747362353,normalized_luminescence,142.0,0.0,0.0,96.0,1994.495996,257.04,0.0,23.0,29.9264,576.875,0.798319328,4.0,3.0,1995.934,True,True,False,biodegradable acrylate,,,,,,,,,,,,,,,,,,,branched
LNPhub_R0004210,LNPhub_BL_2023,https://www.nature.com/articles/s41587-023-01679-x,LNPhub_BL_2023_LNP_000204,BL_A68-T9,CCCCC#CCCOC(=O)OC(C/C=C\CCCCCCCCOC(=O)CCN(CCC(=O)OCCCCCCCC/C=C\CC(CCCCCC)OC(=O)OCCC#CCCCC)CCN1CCCC1)CCCCCC,Ugi-3CR,NCCN1CCCC1,primary_tertiary,C=CC(=O)OCCCCCCCC/C=C\CC(CCCCCC)OC(=O)O,ester/carbonate acrylate,1,T9,CCCCC#CCCO,ricinoleic/aliphatic,,,,,,,,,,,,,,,,head–linker–tail,DOPE,[H][C@@](COP([O-])(OCC[NH3+])=O)(OC(CCCCCCC/C=C\\CCCCCCCC)=O)COC(CCCCCCC/C=C\\CCCCCCCC)=O,16.0,Cholesterol,C[C@H](CCCC(C)C)[C@H]1CC[C@@H]2[C@@]1(CC[C@H]3[C@H]2CC=C4[C@@]3(CC[C@@H](C4)O)C)C,46.5,DMPE-PEG2000,CCCCCCCCCCCCCC(=O)OCC(COP(=O)(OCCNCC(=O)OCCOCCOCCOCCOCCOCCOCCOCCOCCOCCOCCOCCOCCOCCOCCOCCOCCOCCOCCOCCOCCOCCOCCOCCOCCOCCOCCOCCOCCOCCOCCOCCOCCOCCOCCOCCOCCOCCOCCOCCOCCOCCOCCOC)O)OC(=O)CCCCCCCCCCCCC,2.5,2000.0,35.0,10.0,,,,mRNA,in_vitro,in_vitro,A549,in_vitro,,,,,,,-0.260881804658497,normalized_luminescence,78.0,1.0,0.0,51.0,1094.847348,130.14,0.0,12.0,16.7566,319.214,0.818181818,2.0,2.0,1095.642,True,True,False,biodegradable acrylate,,,,,,,,,,,,,,,,,,,cyclic
LNPhub_R0004211,LNPhub_BL_2023,https://www.nature.com/articles/s41587-023-01679-x,LNPhub_BL_2023_LNP_000205,BL_MD-1,CCCCCCCCCCC(O)CN(CCCCC1NC(=O)C(CCCCN(CC(O)CCCCCCCCCC)CC(O)CCCCCCCCCC)NC1=O)CC(O)CCCCCCCCCC,Ugi-3CR,,,C=CC(=O)OCCCCCCCC/C=C\CC(CCCCCC)OC(=O)O,ester/carbonate acrylate,0,,,ricinoleic/aliphatic,,,,,,,,,,,,,,,,head–linker–tail,DOTAP,[H]C(C[N+](C)(C)C)(OC(CCCCCCC/C=C\CCCCCCCC)=O)COC(CCCCCCC/C=C\CCCCCCCC)=O,39.0,Cholesterol,C[C@H](CCCC(C)C)[C@H]1CC[C@@H]2[C@@]1(CC[C@H]3[C@H]2CC=C4[C@@]3(CC[C@@H](C4)O)C)C,30.0,DMPE-PEG2000,CCCCCCCCCCCCCC(=O)OCC(COP(=O)(OCCNCC(=O)OCCOCCOCCOCCOCCOCCOCCOCCOCCOCCOCCOCCOCCOCCOCCOCCOCCOCCOCCOCCOCCOCCOCCOCCOCCOCCOCCOCCOCCOCCOCCOCCOCCOCCOCCOCCOCCOCCOCCOCCOCCOCCOCCOC)O)OC(=O)CCCCCCCCCCCCC,1.0,2000.0,30.0,7.5,,,,mRNA,intratracheal,in_vivo,Mouse_B6,lung_epithelium,,,,,,,1.6496469364651654,normalized_luminescence,70.0,1.0,0.0,54.0,992.9207876,145.6,6.0,8.0,13.481,297.3786,0.966666667,6.0,4.0,993.642,False,False,False,biodegradable acrylate,,,,,,,,,,,,,,,,,,,unknown
LNPhub_R0004212,LNPhub_BL_2023,https://www.nature.com/articles/s41587-023-01679-x,LNPhub_BL_2023_LNP_000206,BL_A10-T5,CCCC#CCOC(=O)OC(C/C=C\CCCCCCCCOC(=O)CCN(CCC(=O)OCCCCCCCC/C=C\CC(CCCCCC)OC(=O)OCC#CCCC)CCc1ccncc1)CCCCCC,Ugi-3CR,NCCC1=CC=NC=C1,primary,C=CC(=O)OCCCCCCCC/C=C\CC(CCCCCC)OC(=O)O,ester/carbonate acrylate,1,T5,CCCC#CCO,ricinoleic/aliphatic,,,,,,,,,,,,,,,,head–linker–tail,DOPE,[H][C@@](COP([O-])(OCC[NH3+])=O)(OC(CCCCCCC/C=C\\CCCCCCCC)=O)COC(CCCCCCC/C=C\\CCCCCCCC)=O,16.0,Cholesterol,C[C@H](CCCC(C)C)[C@H]1CC[C@@H]2[C@@]1(CC[C@H]3[C@H]2CC=C4[C@@]3(CC[C@@H](C4)O)C)C,46.5,DMPE-PEG2000,CCCCCCCCCCCCCC(=O)OCC(COP(=O)(OCCNCC(=O)OCCOCCOCCOCCOCCOCCOCCOCCOCCOCCOCCOCCOCCOCCOCCOCCOCCOCCOCCOCCOCCOCCOCCOCCOCCOCCOCCOCCOCCOCCOCCOCCOCCOCCOCCOCCOCCOCCOCCOCCOCCOCCOCCOC)O)OC(=O)CCCCCCCCCCCCC,2.5,2000.0,35.0,10.0,,,,mRNA,in_vitro,in_vitro,A549,in_vitro,,,,,,,-0.7042392378427297,normalized_luminescence,75.0,1.0,1.0,47.0,1046.753447,139.79,0.0,12.0,15.7381,303.013,0.73015873,2.0,2.0,1047.513,True,True,False,biodegradable acrylate,,,,,,,,,,,,,,,,,,,cyclic
LNPhub_R0004213,LNPhub_BL_2023,https://www.nature.com/articles/s41587-023-01679-x,LNPhub_BL_2023_LNP_000207,BL_A18-T8,CCCCCCC#CCOC(=O)OC(C/C=C\CCCCCCCCOC(=O)CCN(CCC(=O)OCCCCCCCC/C=C\CC(CCCCCC)OC(=O)OCC#CCCCCCC)CCN(C)CCN(CCC(=O)OCCCCCCCC/C=C\CC(CCCCCC)OC(=O)OCC#CCCCCCC)CCC(=O)OCCCCCCCC/C=C\CC(CCCCCC)OC(=O)OCC#CCCCCCC)CCCCCC,Ugi-3CR,CN(CCN)CCN,primary_tertiary,C=CC(=O)OCCCCCCCC/C=C\CC(CCCCCC)OC(=O)O,ester/carbonate acrylate,1,T8,CCCCCCC#CCO,ricinoleic/aliphatic,,,,,,,,,,,,,,,,head–linker–tail,DOPE,[H][C@@](COP([O-])(OCC[NH3+])=O)(OC(CCCCCCC/C=C\\CCCCCCCC)=O)COC(CCCCCCC/C=C\\CCCCCCCC)=O,16.0,Cholesterol,C[C@H](CCCC(C)C)[C@H]1CC[C@@H]2[C@@]1(CC[C@H]3[C@H]2CC=C4[C@@]3(CC[C@@H](C4)O)C)C,46.5,DMPE-PEG2000,CCCCCCCCCCCCCC(=O)OCC(COP(=O)(OCCNCC(=O)OCCOCCOCCOCCOCCOCCOCCOCCOCCOCCOCCOCCOCCOCCOCCOCCOCCOCCOCCOCCOCCOCCOCCOCCOCCOCCOCCOCCOCCOCCOCCOCCOCCOCCOCCOCCOCCOCCOCCOCCOCCOCCOCCOC)O)OC(=O)CCCCCCCCCCCCC,2.5,2000.0,35.0,10.0,,,,mRNA,in_vitro,in_vitro,A549,in_vitro,,,,,,,1.6743683359357544,normalized_luminescence,152.0,0.0,0.0,106.0,2134.652497,257.04,0.0,23.0,33.8274,623.045,0.813953488,4.0,3.0,2136.204,True,True,False,biodegradable acrylate,,,,,,,,,,,,,,,,,,,branched
LNPhub_R0004214,LNPhub_BL_2023,https://www.nature.com/articles/s41587-023-01679-x,LNPhub_BL_2023_LNP_000208,BL_A23-T3,CCCCC/C=C\C/C=C\CCCCCCCCOC(=O)OC(C/C=C\CCCCCCCCOC(=O)CCN1CCN(c2ccccn2)CC1)CCCCCC,Ugi-3CR,C1=CC(=NC=C1)N2CCNCC2,secondary_tertiary,C=CC(=O)OCCCCCCCC/C=C\CC(CCCCCC)OC(=O)O,ester/carbonate acrylate,1,T3,CCCCCC=CCC=C=CCCCCCCCCO,ricinoleic/aliphatic,,,,,,,,,,,,,,,,head–linker–tail,DOPE,[H][C@@](COP([O-])(OCC[NH3+])=O)(OC(CCCCCCC/C=C\\CCCCCCCC)=O)COC(CCCCCCC/C=C\\CCCCCCCC)=O,16.0,Cholesterol,C[C@H](CCCC(C)C)[C@H]1CC[C@@H]2[C@@]1(CC[C@H]3[C@H]2CC=C4[C@@]3(CC[C@@H](C4)O)C)C,46.5,DMPE-PEG2000,CCCCCCCCCCCCCC(=O)OCC(COP(=O)(OCCNCC(=O)OCCOCCOCCOCCOCCOCCOCCOCCOCCOCCOCCOCCOCCOCCOCCOCCOCCOCCOCCOCCOCCOCCOCCOCCOCCOCCOCCOCCOCCOCCOCCOCCOCCOCCOCCOCCOCCOCCOCCOCCOCCOCCOCCOC)O)OC(=O)CCCCCCCCCCCCC,2.5,2000.0,35.0,10.0,,,,mRNA,in_vitro,in_vitro,A549,in_vitro,,,,,,,-0.5410890463995184,normalized_luminescence,57.0,2.0,1.0,36.0,793.6332728,81.2,0.0,8.0,13.1196,238.88,0.734693878,1.0,3.0,794.219,True,True,False,biodegradable acrylate,,,,,,,,,,,,,,,,,,,cyclic
LNPhub_R0004215,LNPhub_BL_2023,https://www.nature.com/articles/s41587-023-01679-x,LNPhub_BL_2023_LNP_000209,BL_A2-T3,CCCCC/C=C\C/C=C\CCCCCCCCOC(=O)OC(C/C=C\CCCCCCCCOC(=O)CCN(CCC(=O)OCCCCCCCC/C=C\CC(CCCCCC)OC(=O)OCCCCCCCC/C=C\C/C=C\CCCCC)CCN(C)C)CCCCCC,Ugi-3CR,CN(C)CCN,primary_tertiary,C=CC(=O)OCCCCCCCC/C=C\CC(CCCCCC)OC(=O)O,ester/carbonate acrylate,1,T3,CCCCCC=CCC=C=CCCCCCCCCO,ricinoleic/aliphatic,,,,,,,,,,,,,,,,head–linker–tail,DOPE,[H][C@@](COP([O-])(OCC[NH3+])=O)(OC(CCCCCCC/C=C\\CCCCCCCC)=O)COC(CCCCCCC/C=C\\CCCCCCCC)=O,16.0,Cholesterol,C[C@H](CCCC(C)C)[C@H]1CC[C@@H]2[C@@]1(CC[C@H]3[C@H]2CC=C4[C@@]3(CC[C@@H](C4)O)C)C,46.5,DMPE-PEG2000,CCCCCCCCCCCCCC(=O)OCC(COP(=O)(OCCNCC(=O)OCCOCCOCCOCCOCCOCCOCCOCCOCCOCCOCCOCCOCCOCCOCCOCCOCCOCCOCCOCCOCCOCCOCCOCCOCCOCCOCCOCCOCCOCCOCCOCCOCCOCCOCCOCCOCCOCCOCCOCCOCCOCCOCCOC)O)OC(=O)CCCCCCCCCCCCC,2.5,2000.0,35.0,10.0,,,,mRNA,in_vitro,in_vitro,A549,in_vitro,,,,,,,1.156243172497481,normalized_luminescence,96.0,0.0,0.0,73.0,1349.144699,130.14,0.0,12.0,24.682,406.974,0.80952381,2.0,2.0,1350.144,True,True,False,biodegradable acrylate,,,,,,,,,,,,,,,,,,,branched
LNPhub_R0004216,LNPhub_BL_2023,https://www.nature.com/articles/s41587-023-01679-x,LNPhub_BL_2023_LNP_000210,BL_A54-T6,CCCCC#CCOC(=O)OC(C/C=C\CCCCCCCCOC(=O)CCN1CCN(CCOCCO)CC1)CCCCCC,Ugi-3CR,C1CN(CCN1)CCOCCO,secondary_tertiary,C=CC(=O)OCCCCCCCC/C=C\CC(CCCCCC)OC(=O)O,ester/carbonate acrylate,1,T6,CCCCC#CCO,ricinoleic/aliphatic,,,,,,,,,,,,,,,,head–linker–tail,DOPE,[H][C@@](COP([O-])(OCC[NH3+])=O)(OC(CCCCCCC/C=C\\CCCCCCCC)=O)COC(CCCCCCC/C=C\\CCCCCCCC)=O,16.0,Cholesterol,C[C@H](CCCC(C)C)[C@H]1CC[C@@H]2[C@@]1(CC[C@H]3[C@H]2CC=C4[C@@]3(CC[C@@H](C4)O)C)C,46.5,DMPE-PEG2000,CCCCCCCCCCCCCC(=O)OCC(COP(=O)(OCCNCC(=O)OCCOCCOCCOCCOCCOCCOCCOCCOCCOCCOCCOCCOCCOCCOCCOCCOCCOCCOCCOCCOCCOCCOCCOCCOCCOCCOCCOCCOCCOCCOCCOCCOCCOCCOCCOCCOCCOCCOCCOCCOCCOCCOCCOC)O)OC(=O)CCCCCCCCCCCCC,2.5,2000.0,35.0,10.0,,,,mRNA,in_vitro,in_vitro,A549,in_vitro,,,,,,,-1.230996801981525,normalized_luminescence,46.0,1.0,0.0,28.0,650.4870025,97.77,1.0,9.0,6.909,184.7178,0.837837838,1.0,2.0,650.942,True,True,False,biodegradable acrylate,,,,,,,,,,,,,,,,,,,cyclic
LNPhub_R0004217,LNPhub_BL_2023,https://www.nature.com/articles/s41587-023-01679-x,LNPhub_BL_2023_LNP_000211,BL_A31-T1,CCCCCCCCCCCCCCCCCCOC(=O)OC(C/C=C\CCCCCCCCOC(=O)CCN(CCCN(CCC(=O)OCCCCCCCC/C=C\CC(CCCCCC)OC(=O)OCCCCCCCCCCCCCCCCCC)CCC(=O)OCCCCCCCC/C=C\CC(CCCCCC)OC(=O)OCCCCCCCCCCCCCCCCCC)CCCN(CCC(=O)OCCCCCCCC/C=C\CC(CCCCCC)OC(=O)OCCCCCCCCCCCCCCCCCC)CCC(=O)OCCCCCCCC/C=C\CC(CCCCCC)OC(=O)OCCCCCCCCCCCCCCCCCC)CCCCCC,Ugi-3CR,C(CN)CNCCCN,primary_secondary,C=CC(=O)OCCCCCCCC/C=C\CC(CCCCCC)OC(=O)O,ester/carbonate acrylate,1,T1,CCCCCCCCCCCCCCCCCCO,ricinoleic/aliphatic,,,,,,,,,,,,,,,,head–linker–tail,DOPE,[H][C@@](COP([O-])(OCC[NH3+])=O)(OC(CCCCCCC/C=C\\CCCCCCCC)=O)COC(CCCCCCC/C=C\\CCCCCCCC)=O,16.0,Cholesterol,C[C@H](CCCC(C)C)[C@H]1CC[C@@H]2[C@@]1(CC[C@H]3[C@H]2CC=C4[C@@]3(CC[C@@H](C4)O)C)C,46.5,DMPE-PEG2000,CCCCCCCCCCCCCC(=O)OCC(COP(=O)(OCCNCC(=O)OCCOCCOCCOCCOCCOCCOCCOCCOCCOCCOCCOCCOCCOCCOCCOCCOCCOCCOCCOCCOCCOCCOCCOCCOCCOCCOCCOCCOCCOCCOCCOCCOCCOCCOCCOCCOCCOCCOCCOCCOCCOCCOCCOC)O)OC(=O)CCCCCCCCCCCCC,2.5,2000.0,35.0,10.0,,,,mRNA,in_vitro,in_vitro,A549,in_vitro,,,,,,,1.4874105992943811,normalized_luminescence,234.0,0.0,0.0,193.0,3303.910375,318.87,0.0,28.0,64.4926,989.444,0.902912621,5.0,3.0,3306.358,True,True,False,biodegradable acrylate,,,,,,,,,,,,,,,,,,,linear
LNPhub_R0004218,LNPhub_BL_2023,https://www.nature.com/articles/s41587-023-01679-x,LNPhub_BL_2023_LNP_000212,BL_A64-T7,CCCCCC#CCOC(=O)OC(C/C=C\CCCCCCCCOC(=O)CCN(CCC(=O)OCCCCCCCC/C=C\CC(CCCCCC)OC(=O)OCC#CCCCCC)CC(OCC)OCC)CCCCCC,Ugi-3CR,CCOC(CN)OCC,primary,C=CC(=O)OCCCCCCCC/C=C\CC(CCCCCC)OC(=O)O,ester/carbonate acrylate,1,T7,CCCCCC#CCO,ricinoleic/aliphatic,,,,,,,,,,,,,,,,head–linker–tail,DOPE,[H][C@@](COP([O-])(OCC[NH3+])=O)(OC(CCCCCCC/C=C\\CCCCCCCC)=O)COC(CCCCCCC/C=C\\CCCCCCCC)=O,16.0,Cholesterol,C[C@H](CCCC(C)C)[C@H]1CC[C@@H]2[C@@]1(CC[C@H]3[C@H]2CC=C4[C@@]3(CC[C@@H](C4)O)C)C,46.5,DMPE-PEG2000,CCCCCCCCCCCCCC(=O)OCC(COP(=O)(OCCNCC(=O)OCCOCCOCCOCCOCCOCCOCCOCCOCCOCCOCCOCCOCCOCCOCCOCCOCCOCCOCCOCCOCCOCCOCCOCCOCCOCCOCCOCCOCCOCCOCCOCCOCCOCCOCCOCCOCCOCCOCCOCCOCCOCCOCCOC)O)OC(=O)CCCCCCCCCCCCC,2.5,2000.0,35.0,10.0,,,,mRNA,in_vitro,in_vitro,A549,in_vitro,,,,,,,-0.9785752751548172,normalized_luminescence,79.0,0.0,0.0,54.0,1113.841928,145.36,0.0,13.0,17.0599,320.58,0.818181818,2.0,1.0,1114.641,True,True,False,biodegradable acrylate,,,,,,,,,,,,,,,,,,,branched
LNPhub_R0004219,LNPhub_BL_2023,https://www.nature.com/articles/s41587-023-01679-x,LNPhub_BL_2023_LNP_000213,BL_A8-T9,CCCCC#CCCOC(=O)OC(C/C=C\CCCCCCCCOC(=O)CCN(CCN(CC)CC)CCN(CC)CC)CCCCCC,Ugi-3CR,CCN(CC)CCNCCN(CC)CC,secondary_tertiary,C=CC(=O)OCCCCCCCC/C=C\CC(CCCCCC)OC(=O)O,ester/carbonate acrylate,1,T9,CCCCC#CCCO,ricinoleic/aliphatic,,,,,,,,,,,,,,,,head–linker–tail,DOPE,[H][C@@](COP([O-])(OCC[NH3+])=O)(OC(CCCCCCC/C=C\\CCCCCCCC)=O)COC(CCCCCCC/C=C\\CCCCCCCC)=O,16.0,Cholesterol,C[C@H](CCCC(C)C)[C@H]1CC[C@@H]2[C@@]1(CC[C@H]3[C@H]2CC=C4[C@@]3(CC[C@@H](C4)O)C)C,46.5,DMPE-PEG2000,CCCCCCCCCCCCCC(=O)OCC(COP(=O)(OCCNCC(=O)OCCOCCOCCOCCOCCOCCOCCOCCOCCOCCOCCOCCOCCOCCOCCOCCOCCOCCOCCOCCOCCOCCOCCOCCOCCOCCOCCOCCOCCOCCOCCOCCOCCOCCOCCOCCOCCOCCOCCOCCOCCOCCOCCOC)O)OC(=O)CCCCCCCCCCCCC,2.5,2000.0,35.0,10.0,,,,mRNA,in_vitro,in_vitro,A549,in_vitro,,,,,,,-1.3903430898507283,normalized_luminescence,50.0,0.0,0.0,34.0,705.6019726,71.55,0.0,8.0,9.6582,210.566,0.857142857,1.0,3.0,706.11,True,True,False,biodegradable acrylate,,,,,,,,,,,,,,,,,,,branched
LNPhub_R0004220,LNPhub_BL_2023,https://www.nature.com/articles/s41587-023-01679-x,LNPhub_BL_2023_LNP_000214,BL_A43-T7,CCCCCC#CCOC(=O)OC(C/C=C\CCCCCCCCOC(=O)CCN(CCC(=O)OCCCCCCCC/C=C\CC(CCCCCC)OC(=O)OCC#CCCCCC)CC1CCCCN1C)CCCCCC,Ugi-3CR,CN1CCCCC1CN,primary_tertiary,C=CC(=O)OCCCCCCCC/C=C\CC(CCCCCC)OC(=O)O,ester/carbonate acrylate,1,T7,CCCCCC#CCO,ricinoleic/aliphatic,,,,,,,,,,,,,,,,head–linker–tail,DOPE,[H][C@@](COP([O-])(OCC[NH3+])=O)(OC(CCCCCCC/C=C\\CCCCCCCC)=O)COC(CCCCCCC/C=C\\CCCCCCCC)=O,16.0,Cholesterol,C[C@H](CCCC(C)C)[C@H]1CC[C@@H]2[C@@]1(CC[C@H]3[C@H]2CC=C4[C@@]3(CC[C@@H](C4)O)C)C,46.5,DMPE-PEG2000,CCCCCCCCCCCCCC(=O)OCC(COP(=O)(OCCNCC(=O)OCCOCCOCCOCCOCCOCCOCCOCCOCCOCCOCCOCCOCCOCCOCCOCCOCCOCCOCCOCCOCCOCCOCCOCCOCCOCCOCCOCCOCCOCCOCCOCCOCCOCCOCCOCCOCCOCCOCCOCCOCCOCCOCCOC)O)OC(=O)CCCCCCCCCCCCC,2.5,2000.0,35.0,10.0,,,,mRNA,in_vitro,in_vitro,A549,in_vitro,,,,,,,-0.9777064880128662,normalized_luminescence,79.0,1.0,0.0,50.0,1108.862998,130.14,0.0,12.0,17.1451,323.809,0.820895522,3.0,2.0,1109.669,True,True,False,biodegradable acrylate,,,,,,,,,,,,,,,,,,,cyclic
LNPhub_R0004221,LNPhub_BL_2023,https://www.nature.com/articles/s41587-023-01679-x,LNPhub_BL_2023_LNP_000215,BL_A4-T4,CCC#CCOC(=O)OC(C/C=C\CCCCCCCCOC(=O)CCN(CCC(=O)OCCCCCCCC/C=C\CC(CCCCCC)OC(=O)OCC#CCC)CCN(CC)CC)CCCCCC,Ugi-3CR,CCN(CC)CCN,primary_tertiary,C=CC(=O)OCCCCCCCC/C=C\CC(CCCCCC)OC(=O)O,ester/carbonate acrylate,1,T4,CCC#CCO,ricinoleic/aliphatic,,,,,,,,,,,,,,,,head–linker–tail,DOPE,[H][C@@](COP([O-])(OCC[NH3+])=O)(OC(CCCCCCC/C=C\\CCCCCCCC)=O)COC(CCCCCCC/C=C\\CCCCCCCC)=O,16.0,Cholesterol,C[C@H](CCCC(C)C)[C@H]1CC[C@@H]2[C@@]1(CC[C@H]3[C@H]2CC=C4[C@@]3(CC[C@@H](C4)O)C)C,46.5,DMPE-PEG2000,CCCCCCCCCCCCCC(=O)OCC(COP(=O)(OCCNCC(=O)OCCOCCOCCOCCOCCOCCOCCOCCOCCOCCOCCOCCOCCOCCOCCOCCOCCOCCOCCOCCOCCOCCOCCOCCOCCOCCOCCOCCOCCOCCOCCOCCOCCOCCOCCOCCOCCOCCOCCOCCOCCOCCOCCOC)O)OC(=O)CCCCCCCCCCCCC,2.5,2000.0,35.0,10.0,,,,mRNA,in_vitro,in_vitro,A549,in_vitro,,,,,,,0.6268160771158106,normalized_luminescence,72.0,0.0,0.0,47.0,1012.769098,130.14,0.0,12.0,14.662,293.626,0.8,2.0,2.0,1013.496,True,True,False,biodegradable acrylate,,,,,,,,,,,,,,,,,,,branched
LNPhub_R0004222,LNPhub_BL_2023,https://www.nature.com/articles/s41587-023-01679-x,LNPhub_BL_2023_LNP_000216,BL_A43-T6,CCCCC#CCOC(=O)OC(C/C=C\CCCCCCCCOC(=O)CCN(CCC(=O)OCCCCCCCC/C=C\CC(CCCCCC)OC(=O)OCC#CCCCC)CC1CCCCN1C)CCCCCC,Ugi-3CR,CN1CCCCC1CN,primary_tertiary,C=CC(=O)OCCCCCCCC/C=C\CC(CCCCCC)OC(=O)O,ester/carbonate acrylate,1,T6,CCCCC#CCO,ricinoleic/aliphatic,,,,,,,,,,,,,,,,head–linker–tail,DOPE,[H][C@@](COP([O-])(OCC[NH3+])=O)(OC(CCCCCCC/C=C\\CCCCCCCC)=O)COC(CCCCCCC/C=C\\CCCCCCCC)=O,16.0,Cholesterol,C[C@H](CCCC(C)C)[C@H]1CC[C@@H]2[C@@]1(CC[C@H]3[C@H]2CC=C4[C@@]3(CC[C@@H](C4)O)C)C,46.5,DMPE-PEG2000,CCCCCCCCCCCCCC(=O)OCC(COP(=O)(OCCNCC(=O)OCCOCCOCCOCCOCCOCCOCCOCCOCCOCCOCCOCCOCCOCCOCCOCCOCCOCCOCCOCCOCCOCCOCCOCCOCCOCCOCCOCCOCCOCCOCCOCCOCCOCCOCCOCCOCCOCCOCCOCCOCCOCCOCCOC)O)OC(=O)CCCCCCCCCCCCC,2.5,2000.0,35.0,10.0,,,,mRNA,in_vitro,in_vitro,A549,in_vitro,,,,,,,-0.9543898465583348,normalized_luminescence,77.0,1.0,0.0,48.0,1080.831698,130.14,0.0,12.0,16.3649,314.575,0.815384615,3.0,2.0,1081.615,True,True,False,biodegradable acrylate,,,,,,,,,,,,,,,,,,,cyclic
LNPhub_R0004223,LNPhub_BL_2023,https://www.nature.com/articles/s41587-023-01679-x,LNPhub_BL_2023_LNP_000217,BL_A47-T7,CCCCCC#CCOC(=O)OC(C/C=C\CCCCCCCCOC(=O)CCN1CCN(CCC(=O)OCCCCCCCC/C=C\CC(CCCCCC)OC(=O)OCC#CCCCCC)CCN(CCC(=O)OCCCCCCCC/C=C\CC(CCCCCC)OC(=O)OCC#CCCCCC)CC1)CCCCCC,Ugi-3CR,C1CN2CCNCCN1CC2,secondary_tertiary,C=CC(=O)OCCCCCCCC/C=C\CC(CCCCCC)OC(=O)O,ester/carbonate acrylate,1,T7,CCCCCC#CCO,ricinoleic/aliphatic,,,,,,,,,,,,,,,,head–linker–tail,DOPE,[H][C@@](COP([O-])(OCC[NH3+])=O)(OC(CCCCCCC/C=C\\CCCCCCCC)=O)COC(CCCCCCC/C=C\\CCCCCCCC)=O,16.0,Cholesterol,C[C@H](CCCC(C)C)[C@H]1CC[C@@H]2[C@@]1(CC[C@H]3[C@H]2CC=C4[C@@]3(CC[C@@H](C4)O)C)C,46.5,DMPE-PEG2000,CCCCCCCCCCCCCC(=O)OCC(COP(=O)(OCCNCC(=O)OCCOCCOCCOCCOCCOCCOCCOCCOCCOCCOCCOCCOCCOCCOCCOCCOCCOCCOCCOCCOCCOCCOCCOCCOCCOCCOCCOCCOCCOCCOCCOCCOCCOCCOCCOCCOCCOCCOCCOCCOCCOCCOCCOC)O)OC(=O)CCCCCCCCCCCCC,2.5,2000.0,35.0,7.5,,,,mRNA,intratracheal,in_vivo,Mouse_B6,lung_epithelium,120.6,,,,,,0.3369589367633844,normalized_luminescence,114.0,1.0,0.0,72.0,1600.224072,195.21,0.0,18.0,23.9646,464.97,0.8125,3.0,3.0,1601.382,True,True,False,biodegradable acrylate,,,,,,88.0,,,,,,,,,,,,,macrocyclic
LNPhub_R0004224,LNPhub_BL_2023,https://www.nature.com/articles/s41587-023-01679-x,LNPhub_BL_2023_LNP_000218,BL_A30-T1,CCCCCCCCCCCCCCCCCCOC(=O)OC(C/C=C\CCCCCCCCOC(=O)CCN(CCCN1CCCCC1)CCC(=O)OCCCCCCCC/C=C\CC(CCCCCC)OC(=O)OCCCCCCCCCCCCCCCCCC)CCCCCC,Ugi-3CR,C1CCN(CC1)CCCN,primary_tertiary,C=CC(=O)OCCCCCCCC/C=C\CC(CCCCCC)OC(=O)O,ester/carbonate acrylate,1,T1,CCCCCCCCCCCCCCCCCCO,ricinoleic/aliphatic,,,,,,,,,,,,,,,,head–linker–tail,DOPE,[H][C@@](COP([O-])(OCC[NH3+])=O)(OC(CCCCCCC/C=C\\CCCCCCCC)=O)COC(CCCCCCC/C=C\\CCCCCCCC)=O,16.0,Cholesterol,C[C@H](CCCC(C)C)[C@H]1CC[C@@H]2[C@@]1(CC[C@H]3[C@H]2CC=C4[C@@]3(CC[C@@H](C4)O)C)C,46.5,DMPE-PEG2000,CCCCCCCCCCCCCC(=O)OCC(COP(=O)(OCCNCC(=O)OCCOCCOCCOCCOCCOCCOCCOCCOCCOCCOCCOCCOCCOCCOCCOCCOCCOCCOCCOCCOCCOCCOCCOCCOCCOCCOCCOCCOCCOCCOCCOCCOCCOCCOCCOCCOCCOCCOCCOCCOCCOCCOCCOC)O)OC(=O)CCCCCCCCCCCCC,2.5,2000.0,35.0,10.0,,,,mRNA,in_vitro,in_vitro,A549,in_vitro,,,,,,,1.8013685908101151,normalized_luminescence,100.0,1.0,0.0,78.0,1411.25425,130.14,0.0,12.0,26.8924,423.704,0.909090909,2.0,2.0,1412.3,True,True,False,biodegradable acrylate,,,,,,,,,,,,,,,,,,,cyclic
LNPhub_R0004225,LNPhub_BL_2023,https://www.nature.com/articles/s41587-023-01679-x,LNPhub_BL_2023_LNP_000219,BL_A59-T9,CCCCC#CCCOC(=O)OC(C/C=C\CCCCCCCCOC(=O)CCN(CCCN(CCC(=O)OCCCCCCCC/C=C\CC(CCCCCC)OC(=O)OCCC#CCCCC)CCC(=O)OCCCCCCCC/C=C\CC(CCCCCC)OC(=O)OCCC#CCCCC)CCC(=O)OCCCCCCCC/C=C\CC(CCCCCC)OC(=O)OCCC#CCCCC)CCCCCC,Ugi-3CR,C(CN)CN,primary,C=CC(=O)OCCCCCCCC/C=C\CC(CCCCCC)OC(=O)O,ester/carbonate acrylate,1,T9,CCCCC#CCCO,ricinoleic/aliphatic,,,,,,,,,,,,,,,,head–linker–tail,DOPE,[H][C@@](COP([O-])(OCC[NH3+])=O)(OC(CCCCCCC/C=C\\CCCCCCCC)=O)COC(CCCCCCC/C=C\\CCCCCCCC)=O,16.0,Cholesterol,C[C@H](CCCC(C)C)[C@H]1CC[C@@H]2[C@@]1(CC[C@H]3[C@H]2CC=C4[C@@]3(CC[C@@H](C4)O)C)C,46.5,DMPE-PEG2000,CCCCCCCCCCCCCC(=O)OCC(COP(=O)(OCCNCC(=O)OCCOCCOCCOCCOCCOCCOCCOCCOCCOCCOCCOCCOCCOCCOCCOCCOCCOCCOCCOCCOCCOCCOCCOCCOCCOCCOCCOCCOCCOCCOCCOCCOCCOCCOCCOCCOCCOCCOCCOCCOCCOCCOCCOC)O)OC(=O)CCCCCCCCCCCCC,2.5,2000.0,35.0,10.0,,,,mRNA,in_vitro,in_vitro,A549,in_vitro,,,,,,,-0.5466307585996675,normalized_luminescence,145.0,0.0,0.0,100.0,2035.547697,253.8,0.0,22.0,32.7253,591.697,0.804878049,4.0,2.0,2037.027,True,True,False,biodegradable acrylate,,,,,,,,,,,,,,,,,,,linear
LNPhub_R0004226,LNPhub_BL_2023,https://www.nature.com/articles/s41587-023-01679-x,LNPhub_BL_2023_LNP_000220,BL_A6-T4,CCC#CCOC(=O)OC(C/C=C\CCCCCCCCOC(=O)CCN(CCCN1CCN(CCCN(CCC(=O)OCCCCCCCC/C=C\CC(CCCCCC)OC(=O)OCC#CCC)CCC(=O)OCCCCCCCC/C=C\CC(CCCCCC)OC(=O)OCC#CCC)CC1)CCC(=O)OCCCCCCCC/C=C\CC(CCCCCC)OC(=O)OCC#CCC)CCCCCC,Ugi-3CR,C(CN)CN1CCN(CCCN)CC1,primary_tertiary,C=CC(=O)OCCCCCCCC/C=C\CC(CCCCCC)OC(=O)O,ester/carbonate acrylate,1,T4,CCC#CCO,ricinoleic/aliphatic,,,,,,,,,,,,,,,,head–linker–tail,DOPE,[H][C@@](COP([O-])(OCC[NH3+])=O)(OC(CCCCCCC/C=C\\CCCCCCCC)=O)COC(CCCCCCC/C=C\\CCCCCCCC)=O,16.0,Cholesterol,C[C@H](CCCC(C)C)[C@H]1CC[C@@H]2[C@@]1(CC[C@H]3[C@H]2CC=C4[C@@]3(CC[C@@H](C4)O)C)C,46.5,DMPE-PEG2000,CCCCCCCCCCCCCC(=O)OCC(COP(=O)(OCCNCC(=O)OCCOCCOCCOCCOCCOCCOCCOCCOCCOCCOCCOCCOCCOCCOCCOCCOCCOCCOCCOCCOCCOCCOCCOCCOCCOCCOCCOCCOCCOCCOCCOCCOCCOCCOCCOCCOCCOCCOCCOCCOCCOCCOCCOC)O)OC(=O)CCCCCCCCCCCCC,2.5,2000.0,35.0,10.0,,,,mRNA,in_vitro,in_vitro,A549,in_vitro,,,,,,,-0.0590650733270384,normalized_luminescence,142.0,1.0,0.0,92.0,1993.475595,260.28,0.0,24.0,28.0518,573.79,0.796610169,4.0,4.0,1994.906,True,True,False,biodegradable acrylate,,,,,,,,,,,,,,,,,,,cyclic-dendrimer
LNPhub_R0004227,LNPhub_BL_2023,https://www.nature.com/articles/s41587-023-01679-x,LNPhub_BL_2023_LNP_000221,BL_A32-T3,CCCCC/C=C\C/C=C\CCCCCCCCOC(=O)OC(C/C=C\CCCCCCCCOC(=O)CCN(CCCN(C)C)CCCN(C)C)CCCCCC,Ugi-3CR,CN(C)CCCNCCCN(C)C,secondary_tertiary,C=CC(=O)OCCCCCCCC/C=C\CC(CCCCCC)OC(=O)O,ester/carbonate acrylate,1,T3,CCCCCC=CCC=C=CCCCCCCCCO,ricinoleic/aliphatic,,,,,,,,,,,,,,,,head–linker–tail,DOPE,[H][C@@](COP([O-])(OCC[NH3+])=O)(OC(CCCCCCC/C=C\\CCCCCCCC)=O)COC(CCCCCCC/C=C\\CCCCCCCC)=O,16.0,Cholesterol,C[C@H](CCCC(C)C)[C@H]1CC[C@@H]2[C@@]1(CC[C@H]3[C@H]2CC=C4[C@@]3(CC[C@@H](C4)O)C)C,46.5,DMPE-PEG2000,CCCCCCCCCCCCCC(=O)OCC(COP(=O)(OCCNCC(=O)OCCOCCOCCOCCOCCOCCOCCOCCOCCOCCOCCOCCOCCOCCOCCOCCOCCOCCOCCOCCOCCOCCOCCOCCOCCOCCOCCOCCOCCOCCOCCOCCOCCOCCOCCOCCOCCOCCOCCOCCOCCOCCOCCOC)O)OC(=O)CCCCCCCCCCCCC,2.5,2000.0,35.0,10.0,,,,mRNA,in_vitro,in_vitro,A549,in_vitro,,,,,,,0.0894217639942816,normalized_luminescence,58.0,0.0,0.0,43.0,817.7271731,71.55,0.0,8.0,13.1078,248.772,0.84,1.0,3.0,818.326,True,True,False,biodegradable acrylate,,,,,,,,,,,,,,,,,,,branched
LNPhub_R0004228,LNPhub_BL_2023,https://www.nature.com/articles/s41587-023-01679-x,LNPhub_BL_2023_LNP_000222,BL_A55-T10,CCCCCCC#CCCOC(=O)OC(C/C=C\CCCCCCCCOC(=O)CCN(C)CCO)CCCCCC,Ugi-3CR,CNCCO,secondary,C=CC(=O)OCCCCCCCC/C=C\CC(CCCCCC)OC(=O)O,ester/carbonate acrylate,1,T10,CCCCCCC#CCCO,ricinoleic/aliphatic,,,,,,,,,,,,,,,,head–linker–tail,DOPE,[H][C@@](COP([O-])(OCC[NH3+])=O)(OC(CCCCCCC/C=C\\CCCCCCCC)=O)COC(CCCCCCC/C=C\\CCCCCCCC)=O,16.0,Cholesterol,C[C@H](CCCC(C)C)[C@H]1CC[C@@H]2[C@@]1(CC[C@H]3[C@H]2CC=C4[C@@]3(CC[C@@H](C4)O)C)C,46.5,DMPE-PEG2000,CCCCCCCCCCCCCC(=O)OCC(COP(=O)(OCCNCC(=O)OCCOCCOCCOCCOCCOCCOCCOCCOCCOCCOCCOCCOCCOCCOCCOCCOCCOCCOCCOCCOCCOCCOCCOCCOCCOCCOCCOCCOCCOCCOCCOCCOCCOCCOCCOCCOCCOCCOCCOCCOCCOCCOCCOC)O)OC(=O)CCCCCCCCCCCCC,2.5,2000.0,35.0,10.0,,,,mRNA,in_vitro,in_vitro,A549,in_vitro,,,,,,,-0.028049629532394,normalized_luminescence,42.0,0.0,0.0,28.0,593.4655387,85.3,1.0,7.0,8.3769,172.3668,0.828571429,1.0,1.0,593.89,True,True,False,biodegradable acrylate,,,,,,,,,,,,,,,,,,,linear
LNPhub_R0004229,LNPhub_BL_2023,https://www.nature.com/articles/s41587-023-01679-x,LNPhub_BL_2023_LNP_000223,BL_A52-T7,CCCCCC#CCOC(=O)OC(C/C=C\CCCCCCCCOC(=O)CCN1CCC(CCO)CC1)CCCCCC,Ugi-3CR,C1CNCCC1CCO,secondary,C=CC(=O)OCCCCCCCC/C=C\CC(CCCCCC)OC(=O)O,ester/carbonate acrylate,1,T7,CCCCCC#CCO,ricinoleic/aliphatic,,,,,,,,,,,,,,,,head–linker–tail,DOPE,[H][C@@](COP([O-])(OCC[NH3+])=O)(OC(CCCCCCC/C=C\\CCCCCCCC)=O)COC(CCCCCCC/C=C\\CCCCCCCC)=O,16.0,Cholesterol,C[C@H](CCCC(C)C)[C@H]1CC[C@@H]2[C@@]1(CC[C@H]3[C@H]2CC=C4[C@@]3(CC[C@@H](C4)O)C)C,46.5,DMPE-PEG2000,CCCCCCCCCCCCCC(=O)OCC(COP(=O)(OCCNCC(=O)OCCOCCOCCOCCOCCOCCOCCOCCOCCOCCOCCOCCOCCOCCOCCOCCOCCOCCOCCOCCOCCOCCOCCOCCOCCOCCOCCOCCOCCOCCOCCOCCOCCOCCOCCOCCOCCOCCOCCOCCOCCOCCOCCOC)O)OC(=O)CCCCCCCCCCCCC,2.5,2000.0,35.0,10.0,,,,mRNA,in_vitro,in_vitro,A549,in_vitro,,,,,,,0.050279122142386,normalized_luminescence,44.0,1.0,0.0,26.0,619.4811888,85.3,1.0,7.0,8.767,179.4168,0.837837838,1.0,1.0,619.928,True,True,False,biodegradable acrylate,,,,,,,,,,,,,,,,,,,cyclic
LNPhub_R0004230,LNPhub_BL_2023,https://www.nature.com/articles/s41587-023-01679-x,LNPhub_BL_2023_LNP_000224,BL_A47-T7,CCCCCC#CCOC(=O)OC(C/C=C\CCCCCCCCOC(=O)CCN1CCN(CCC(=O)OCCCCCCCC/C=C\CC(CCCCCC)OC(=O)OCC#CCCCCC)CCN(CCC(=O)OCCCCCCCC/C=C\CC(CCCCCC)OC(=O)OCC#CCCCCC)CC1)CCCCCC,Ugi-3CR,C1CN2CCNCCN1CC2,secondary_tertiary,C=CC(=O)OCCCCCCCC/C=C\CC(CCCCCC)OC(=O)O,ester/carbonate acrylate,1,T7,CCCCCC#CCO,ricinoleic/aliphatic,,,,,,,,,,,,,,,,head–linker–tail,DOPE,[H][C@@](COP([O-])(OCC[NH3+])=O)(OC(CCCCCCC/C=C\\CCCCCCCC)=O)COC(CCCCCCC/C=C\\CCCCCCCC)=O,16.0,Cholesterol,C[C@H](CCCC(C)C)[C@H]1CC[C@@H]2[C@@]1(CC[C@H]3[C@H]2CC=C4[C@@]3(CC[C@@H](C4)O)C)C,46.5,DMPE-PEG2000,CCCCCCCCCCCCCC(=O)OCC(COP(=O)(OCCNCC(=O)OCCOCCOCCOCCOCCOCCOCCOCCOCCOCCOCCOCCOCCOCCOCCOCCOCCOCCOCCOCCOCCOCCOCCOCCOCCOCCOCCOCCOCCOCCOCCOCCOCCOCCOCCOCCOCCOCCOCCOCCOCCOCCOCCOC)O)OC(=O)CCCCCCCCCCCCC,2.5,2000.0,35.0,10.0,,,,mRNA,in_vitro,in_vitro,A549,in_vitro,120.6,,,,,,1.1536966809878468,normalized_luminescence,114.0,1.0,0.0,72.0,1600.224072,195.21,0.0,18.0,23.9646,464.97,0.8125,3.0,3.0,1601.382,True,True,False,biodegradable acrylate,,,,,,88.0,,,,,,,,,,,,,macrocyclic
LNPhub_R0004231,LNPhub_BL_2023,https://www.nature.com/articles/s41587-023-01679-x,LNPhub_BL_2023_LNP_000225,BL_A63-T6,CCCCC#CCOC(=O)OC(C/C=C\CCCCCCCCOC(=O)CCN(CCC(=O)OCCCCCCCC/C=C\CC(CCCCCC)OC(=O)OCC#CCCCC)CCN(CCC(=O)OCCCCCCCC/C=C\CC(CCCCCC)OC(=O)OCC#CCCCC)CCN1CCN(CCN(CCC(=O)OCCCCCCCC/C=C\CC(CCCCCC)OC(=O)OCC#CCCCC)CCC(=O)OCCCCCCCC/C=C\CC(CCCCCC)OC(=O)OCC#CCCCC)CC1)CCCCCC,Ugi-3CR,C(CNCCN1CCN(CCN)CC1)N,primary_secondary_tertiary,C=CC(=O)OCCCCCCCC/C=C\CC(CCCCCC)OC(=O)O,ester/carbonate acrylate,1,T6,CCCCC#CCO,ricinoleic/aliphatic,,,,,,,,,,,,,,,,head–linker–tail,DOPE,[H][C@@](COP([O-])(OCC[NH3+])=O)(OC(CCCCCCC/C=C\\CCCCCCCC)=O)COC(CCCCCCC/C=C\\CCCCCCCC)=O,16.0,Cholesterol,C[C@H](CCCC(C)C)[C@H]1CC[C@@H]2[C@@]1(CC[C@H]3[C@H]2CC=C4[C@@]3(CC[C@@H](C4)O)C)C,46.5,DMPE-PEG2000,CCCCCCCCCCCCCC(=O)OCC(COP(=O)(OCCNCC(=O)OCCOCCOCCOCCOCCOCCOCCOCCOCCOCCOCCOCCOCCOCCOCCOCCOCCOCCOCCOCCOCCOCCOCCOCCOCCOCCOCCOCCOCCOCCOCCOCCOCCOCCOCCOCCOCCOCCOCCOCCOCCOCCOCCOC)O)OC(=O)CCCCCCCCCCCCC,2.5,2000.0,35.0,10.0,,,,mRNA,in_vitro,in_vitro,A549,in_vitro,,,,,,,1.2974117621773846,normalized_luminescence,185.0,1.0,0.0,124.0,2596.961869,325.35,0.0,30.0,37.9905,751.865,0.806451613,5.0,5.0,2598.835,True,True,False,biodegradable acrylate,,,,,,,,,,,,,,,,,,,cyclic-dendrimer
LNPhub_R0004232,LNPhub_BL_2023,https://www.nature.com/articles/s41587-023-01679-x,LNPhub_BL_2023_LNP_000226,BL_A12-T1,CCCCCCCCCCCCCCCCCCOC(=O)OC(C/C=C\CCCCCCCCOC(=O)CCN1CCC(N2CCN(CC)CC2)CC1)CCCCCC,Ugi-3CR,CCN1CCN(CC1)C2CCNCC2,secondary_tertiary,C=CC(=O)OCCCCCCCC/C=C\CC(CCCCCC)OC(=O)O,ester/carbonate acrylate,1,T1,CCCCCCCCCCCCCCCCCCO,ricinoleic/aliphatic,,,,,,,,,,,,,,,,head–linker–tail,DOPE,[H][C@@](COP([O-])(OCC[NH3+])=O)(OC(CCCCCCC/C=C\\CCCCCCCC)=O)COC(CCCCCCC/C=C\\CCCCCCCC)=O,16.0,Cholesterol,C[C@H](CCCC(C)C)[C@H]1CC[C@@H]2[C@@]1(CC[C@H]3[C@H]2CC=C4[C@@]3(CC[C@@H](C4)O)C)C,46.5,DMPE-PEG2000,CCCCCCCCCCCCCC(=O)OCC(COP(=O)(OCCNCC(=O)OCCOCCOCCOCCOCCOCCOCCOCCOCCOCCOCCOCCOCCOCCOCCOCCOCCOCCOCCOCCOCCOCCOCCOCCOCCOCCOCCOCCOCCOCCOCCOCCOCCOCCOCCOCCOCCOCCOCCOCCOCCOCCOCCOC)O)OC(=O)CCCCCCCCCCCCC,2.5,2000.0,35.0,10.0,,,,mRNA,in_vitro,in_vitro,A549,in_vitro,,,,,,,1.5229437722334034,normalized_luminescence,59.0,2.0,0.0,39.0,831.7428232,71.55,0.0,8.0,13.4523,249.327,0.921568627,1.0,3.0,832.353,True,True,False,biodegradable acrylate,,,,,,,,,,,,,,,,,,,cyclic-dendrimer
LNPhub_R0004233,LNPhub_BL_2023,https://www.nature.com/articles/s41587-023-01679-x,LNPhub_BL_2023_LNP_000227,BL_A68-T5,CCCC#CCOC(=O)OC(C/C=C\CCCCCCCCOC(=O)CCN(CCC(=O)OCCCCCCCC/C=C\CC(CCCCCC)OC(=O)OCC#CCCC)CCN1CCCC1)CCCCCC,Ugi-3CR,NCCN1CCCC1,primary_tertiary,C=CC(=O)OCCCCCCCC/C=C\CC(CCCCCC)OC(=O)O,ester/carbonate acrylate,1,T5,CCCC#CCO,ricinoleic/aliphatic,,,,,,,,,,,,,,,,head–linker–tail,DOPE,[H][C@@](COP([O-])(OCC[NH3+])=O)(OC(CCCCCCC/C=C\\CCCCCCCC)=O)COC(CCCCCCC/C=C\\CCCCCCCC)=O,16.0,Cholesterol,C[C@H](CCCC(C)C)[C@H]1CC[C@@H]2[C@@]1(CC[C@H]3[C@H]2CC=C4[C@@]3(CC[C@@H](C4)O)C)C,46.5,DMPE-PEG2000,CCCCCCCCCCCCCC(=O)OCC(COP(=O)(OCCNCC(=O)OCCOCCOCCOCCOCCOCCOCCOCCOCCOCCOCCOCCOCCOCCOCCOCCOCCOCCOCCOCCOCCOCCOCCOCCOCCOCCOCCOCCOCCOCCOCCOCCOCCOCCOCCOCCOCCOCCOCCOCCOCCOCCOCCOC)O)OC(=O)CCCCCCCCCCCCC,2.5,2000.0,35.0,10.0,,,,mRNA,in_vitro,in_vitro,A549,in_vitro,,,,,,,-1.8912774225689628,normalized_luminescence,74.0,1.0,0.0,47.0,1038.784748,130.14,0.0,12.0,15.1962,300.746,0.806451613,2.0,2.0,1039.534,True,True,False,biodegradable acrylate,,,,,,,,,,,,,,,,,,,cyclic
LNPhub_R0004234,LNPhub_BL_2023,https://www.nature.com/articles/s41587-023-01679-x,LNPhub_BL_2023_LNP_000228,BL_A39-T7,CCCCCC#CCOC(=O)OC(C/C=C\CCCCCCCCOC(=O)CCN1CCN(CC2CCN(C)CC2)CC1)CCCCCC,Ugi-3CR,CN1CCC(CC1)CN2CCNCC2,secondary_tertiary,C=CC(=O)OCCCCCCCC/C=C\CC(CCCCCC)OC(=O)O,ester/carbonate acrylate,1,T7,CCCCCC#CCO,ricinoleic/aliphatic,,,,,,,,,,,,,,,,head–linker–tail,DOPE,[H][C@@](COP([O-])(OCC[NH3+])=O)(OC(CCCCCCC/C=C\\CCCCCCCC)=O)COC(CCCCCCC/C=C\\CCCCCCCC)=O,16.0,Cholesterol,C[C@H](CCCC(C)C)[C@H]1CC[C@@H]2[C@@]1(CC[C@H]3[C@H]2CC=C4[C@@]3(CC[C@@H](C4)O)C)C,46.5,DMPE-PEG2000,CCCCCCCCCCCCCC(=O)OCC(COP(=O)(OCCNCC(=O)OCCOCCOCCOCCOCCOCCOCCOCCOCCOCCOCCOCCOCCOCCOCCOCCOCCOCCOCCOCCOCCOCCOCCOCCOCCOCCOCCOCCOCCOCCOCCOCCOCCOCCOCCOCCOCCOCCOCCOCCOCCOCCOCCOC)O)OC(=O)CCCCCCCCCCCCC,2.5,2000.0,35.0,10.0,,,,mRNA,in_vitro,in_vitro,A549,in_vitro,,,,,,,0.1827041353415519,normalized_luminescence,49.0,2.0,0.0,26.0,687.5550224,71.55,0.0,8.0,8.632,201.651,0.853658537,1.0,3.0,688.051,True,True,False,biodegradable acrylate,,,,,,,,,,,,,,,,,,,cyclic-dendrimer
LNPhub_R0004235,LNPhub_BL_2023,https://www.nature.com/articles/s41587-023-01679-x,LNPhub_BL_2023_LNP_000229,BL_A71-T3,CCCCC/C=C\C/C=C\CCCCCCCCOC(=O)OC(C/C=C\CCCCCCCCOC(=O)CCN(CCCn1ccnc1)CCC(=O)OCCCCCCCC/C=C\CC(CCCCCC)OC(=O)OCCCCCCCC/C=C\C/C=C\CCCCC)CCCCCC,Ugi-3CR,C(CN)CN1C=CN=C1,primary,C=CC(=O)OCCCCCCCC/C=C\CC(CCCCCC)OC(=O)O,ester/carbonate acrylate,1,T3,CCCCCC=CCC=C=CCCCCCCCCO,ricinoleic/aliphatic,,,,,,,,,,,,,,,,head–linker–tail,DOPE,[H][C@@](COP([O-])(OCC[NH3+])=O)(OC(CCCCCCC/C=C\\CCCCCCCC)=O)COC(CCCCCCC/C=C\\CCCCCCCC)=O,16.0,Cholesterol,C[C@H](CCCC(C)C)[C@H]1CC[C@@H]2[C@@]1(CC[C@H]3[C@H]2CC=C4[C@@]3(CC[C@@H](C4)O)C)C,46.5,DMPE-PEG2000,CCCCCCCCCCCCCC(=O)OCC(COP(=O)(OCCNCC(=O)OCCOCCOCCOCCOCCOCCOCCOCCOCCOCCOCCOCCOCCOCCOCCOCCOCCOCCOCCOCCOCCOCCOCCOCCOCCOCCOCCOCCOCCOCCOCCOCCOCCOCCOCCOCCOCCOCCOCCOCCOCCOCCOCCOC)O)OC(=O)CCCCCCCCCCCCC,2.5,2000.0,35.0,10.0,,,,mRNA,in_vitro,in_vitro,A549,in_vitro,,,,,,,-1.81350316285128,normalized_luminescence,99.0,1.0,1.0,74.0,1386.139948,144.72,0.0,13.0,25.4072,415.264,0.779069767,2.0,3.0,1387.165,True,True,False,biodegradable acrylate,,,,,,,,,,,,,,,,,,,cyclic
LNPhub_R0004236,LNPhub_BL_2023,https://www.nature.com/articles/s41587-023-01679-x,LNPhub_BL_2023_LNP_000230,BL_A57-T1,CCCCCCCCCCCCCCCCCCOC(=O)OC(C/C=C\CCCCCCCCOC(=O)CCN(C)CCO)CCCCCC,Ugi-3CR,CNCCO,secondary,C=CC(=O)OCCCCCCCC/C=C\CC(CCCCCC)OC(=O)O,ester/carbonate acrylate,1,T1,CCCCCCCCCCCCCCCCCCO,ricinoleic/aliphatic,,,,,,,,,,,,,,,,head–linker–tail,DOPE,[H][C@@](COP([O-])(OCC[NH3+])=O)(OC(CCCCCCC/C=C\\CCCCCCCC)=O)COC(CCCCCCC/C=C\\CCCCCCCC)=O,16.0,Cholesterol,C[C@H](CCCC(C)C)[C@H]1CC[C@@H]2[C@@]1(CC[C@H]3[C@H]2CC=C4[C@@]3(CC[C@@H](C4)O)C)C,46.5,DMPE-PEG2000,CCCCCCCCCCCCCC(=O)OCC(COP(=O)(OCCNCC(=O)OCCOCCOCCOCCOCCOCCOCCOCCOCCOCCOCCOCCOCCOCCOCCOCCOCCOCCOCCOCCOCCOCCOCCOCCOCCOCCOCCOCCOCCOCCOCCOCCOCCOCCOCCOCCOCCOCCOCCOCCOCCOCCOCCOC)O)OC(=O)CCCCCCCCCCCCC,2.5,2000.0,35.0,10.0,,,,mRNA,in_vitro,in_vitro,A549,in_vitro,,,,,,,-1.1911433337376185,normalized_luminescence,50.0,0.0,0.0,39.0,709.6220394,85.3,1.0,7.0,12.2745,210.7608,0.906976744,1.0,1.0,710.138,True,True,False,biodegradable acrylate,,,,,,,,,,,,,,,,,,,linear
LNPhub_R0004237,LNPhub_BL_2023,https://www.nature.com/articles/s41587-023-01679-x,LNPhub_BL_2023_LNP_000231,BL_A31-T2,CCCCCCCC/C=C\CCCCCCCCOC(=O)OC(C/C=C\CCCCCCCCOC(=O)CCN(CCCN(CCC(=O)OCCCCCCCC/C=C\CC(CCCCCC)OC(=O)OCCCCCCCC/C=C\CCCCCCCC)CCC(=O)OCCCCCCCC/C=C\CC(CCCCCC)OC(=O)OCCCCCCCC/C=C\CCCCCCCC)CCCN(CCC(=O)OCCCCCCCC/C=C\CC(CCCCCC)OC(=O)OCCCCCCCC/C=C\CCCCCCCC)CCC(=O)OCCCCCCCC/C=C\CC(CCCCCC)OC(=O)OCCCCCCCC/C=C\CCCCCCCC)CCCCCC,Ugi-3CR,C(CN)CNCCCN,primary_secondary,C=CC(=O)OCCCCCCCC/C=C\CC(CCCCCC)OC(=O)O,ester/carbonate acrylate,1,T2,CCCCCCCCC=CCCCCCCCCO,ricinoleic/aliphatic,,,,,,,,,,,,,,,,head–linker–tail,DOPE,[H][C@@](COP([O-])(OCC[NH3+])=O)(OC(CCCCCCC/C=C\\CCCCCCCC)=O)COC(CCCCCCC/C=C\\CCCCCCCC)=O,16.0,Cholesterol,C[C@H](CCCC(C)C)[C@H]1CC[C@@H]2[C@@]1(CC[C@H]3[C@H]2CC=C4[C@@]3(CC[C@@H](C4)O)C)C,46.5,DMPE-PEG2000,CCCCCCCCCCCCCC(=O)OCC(COP(=O)(OCCNCC(=O)OCCOCCOCCOCCOCCOCCOCCOCCOCCOCCOCCOCCOCCOCCOCCOCCOCCOCCOCCOCCOCCOCCOCCOCCOCCOCCOCCOCCOCCOCCOCCOCCOCCOCCOCCOCCOCCOCCOCCOCCOCCOCCOCCOC)O)OC(=O)CCCCCCCCCCCCC,2.5,2000.0,35.0,10.0,,,,mRNA,in_vitro,in_vitro,A549,in_vitro,,,,,,,0.6917462247630213,normalized_luminescence,234.0,0.0,0.0,188.0,3293.832125,318.87,0.0,28.0,63.3726,988.974,0.854368932,5.0,3.0,3296.278,True,True,False,biodegradable acrylate,,,,,,,,,,,,,,,,,,,linear
LNPhub_R0004238,LNPhub_BL_2023,https://www.nature.com/articles/s41587-023-01679-x,LNPhub_BL_2023_LNP_000232,BL_A50-T2,CCCCCCCC/C=C\CCCCCCCCOC(=O)OC(C/C=C\CCCCCCCCOC(=O)CCN1CCCCC1CO)CCCCCC,Ugi-3CR,C1CCNC(C1)CO,secondary,C=CC(=O)OCCCCCCCC/C=C\CC(CCCCCC)OC(=O)O,ester/carbonate acrylate,1,T2,CCCCCCCCC=CCCCCCCCCO,ricinoleic/aliphatic,,,,,,,,,,,,,,,,head–linker–tail,DOPE,[H][C@@](COP([O-])(OCC[NH3+])=O)(OC(CCCCCCC/C=C\\CCCCCCCC)=O)COC(CCCCCCC/C=C\\CCCCCCCC)=O,16.0,Cholesterol,C[C@H](CCCC(C)C)[C@H]1CC[C@@H]2[C@@]1(CC[C@H]3[C@H]2CC=C4[C@@]3(CC[C@@H](C4)O)C)C,46.5,DMPE-PEG2000,CCCCCCCCCCCCCC(=O)OCC(COP(=O)(OCCNCC(=O)OCCOCCOCCOCCOCCOCCOCCOCCOCCOCCOCCOCCOCCOCCOCCOCCOCCOCCOCCOCCOCCOCCOCCOCCOCCOCCOCCOCCOCCOCCOCCOCCOCCOCCOCCOCCOCCOCCOCCOCCOCCOCCOCCOC)O)OC(=O)CCCCCCCCCCCCC,2.5,2000.0,35.0,10.0,,,,mRNA,in_vitro,in_vitro,A549,in_vitro,,,,,,,-0.8062608176520885,normalized_luminescence,53.0,1.0,0.0,37.0,747.6376894,85.3,1.0,7.0,12.9732,222.3818,0.869565217,2.0,1.0,748.187,True,True,False,biodegradable acrylate,,,,,,,,,,,,,,,,,,,cyclic
LNPhub_R0004239,LNPhub_BL_2023,https://www.nature.com/articles/s41587-023-01679-x,LNPhub_BL_2023_LNP_000233,BL_A38-T7,CCCCCC#CCOC(=O)OC(C/C=C\CCCCCCCCOC(=O)CCN(CCC(=O)OCCCCCCCC/C=C\CC(CCCCCC)OC(=O)OCC#CCCCCC)CCC1CCCCN1C)CCCCCC,Ugi-3CR,CN1CCCCC1CCN,primary_tertiary,C=CC(=O)OCCCCCCCC/C=C\CC(CCCCCC)OC(=O)O,ester/carbonate acrylate,1,T7,CCCCCC#CCO,ricinoleic/aliphatic,,,,,,,,,,,,,,,,head–linker–tail,DOPE,[H][C@@](COP([O-])(OCC[NH3+])=O)(OC(CCCCCCC/C=C\\CCCCCCCC)=O)COC(CCCCCCC/C=C\\CCCCCCCC)=O,16.0,Cholesterol,C[C@H](CCCC(C)C)[C@H]1CC[C@@H]2[C@@]1(CC[C@H]3[C@H]2CC=C4[C@@]3(CC[C@@H](C4)O)C)C,46.5,DMPE-PEG2000,CCCCCCCCCCCCCC(=O)OCC(COP(=O)(OCCNCC(=O)OCCOCCOCCOCCOCCOCCOCCOCCOCCOCCOCCOCCOCCOCCOCCOCCOCCOCCOCCOCCOCCOCCOCCOCCOCCOCCOCCOCCOCCOCCOCCOCCOCCOCCOCCOCCOCCOCCOCCOCCOCCOCCOCCOC)O)OC(=O)CCCCCCCCCCCCC,2.5,2000.0,35.0,10.0,,,,mRNA,in_vitro,in_vitro,A549,in_vitro,,,,,,,0.0467931063303945,normalized_luminescence,80.0,1.0,0.0,51.0,1122.878648,130.14,0.0,12.0,17.5352,328.426,0.823529412,3.0,2.0,1123.696,True,True,False,biodegradable acrylate,,,,,,,,,,,,,,,,,,,cyclic
LNPhub_R0004240,LNPhub_BL_2023,https://www.nature.com/articles/s41587-023-01679-x,LNPhub_BL_2023_LNP_000234,BL_A57-T5,CCCC#CCOC(=O)OC(C/C=C\CCCCCCCCOC(=O)CCN(C)CCO)CCCCCC,Ugi-3CR,CNCCO,secondary,C=CC(=O)OCCCCCCCC/C=C\CC(CCCCCC)OC(=O)O,ester/carbonate acrylate,1,T5,CCCC#CCO,ricinoleic/aliphatic,,,,,,,,,,,,,,,,head–linker–tail,DOPE,[H][C@@](COP([O-])(OCC[NH3+])=O)(OC(CCCCCCC/C=C\\CCCCCCCC)=O)COC(CCCCCCC/C=C\\CCCCCCCC)=O,16.0,Cholesterol,C[C@H](CCCC(C)C)[C@H]1CC[C@@H]2[C@@]1(CC[C@H]3[C@H]2CC=C4[C@@]3(CC[C@@H](C4)O)C)C,46.5,DMPE-PEG2000,CCCCCCCCCCCCCC(=O)OCC(COP(=O)(OCCNCC(=O)OCCOCCOCCOCCOCCOCCOCCOCCOCCOCCOCCOCCOCCOCCOCCOCCOCCOCCOCCOCCOCCOCCOCCOCCOCCOCCOCCOCCOCCOCCOCCOCCOCCOCCOCCOCCOCCOCCOCCOCCOCCOCCOCCOC)O)OC(=O)CCCCCCCCCCCCC,2.5,2000.0,35.0,10.0,,,,mRNA,in_vitro,in_vitro,A549,in_vitro,,,,,,,-1.3239353721427634,normalized_luminescence,38.0,0.0,0.0,24.0,537.4029385,85.3,1.0,7.0,6.8165,153.8988,0.806451613,1.0,1.0,537.782,True,True,False,biodegradable acrylate,,,,,,,,,,,,,,,,,,,linear
LNPhub_R0004241,LNPhub_BL_2023,https://www.nature.com/articles/s41587-023-01679-x,LNPhub_BL_2023_LNP_000235,BL_A71-T9,CCCCC#CCCOC(=O)OC(C/C=C\CCCCCCCCOC(=O)CCN(CCCn1ccnc1)CCC(=O)OCCCCCCCC/C=C\CC(CCCCCC)OC(=O)OCCC#CCCCC)CCCCCC,Ugi-3CR,C(CN)CN1C=CN=C1,primary,C=CC(=O)OCCCCCCCC/C=C\CC(CCCCCC)OC(=O)O,ester/carbonate acrylate,1,T9,CCCCC#CCCO,ricinoleic/aliphatic,,,,,,,,,,,,,,,,head–linker–tail,DOPE,[H][C@@](COP([O-])(OCC[NH3+])=O)(OC(CCCCCCC/C=C\\CCCCCCCC)=O)COC(CCCCCCC/C=C\\CCCCCCCC)=O,16.0,Cholesterol,C[C@H](CCCC(C)C)[C@H]1CC[C@@H]2[C@@]1(CC[C@H]3[C@H]2CC=C4[C@@]3(CC[C@@H](C4)O)C)C,46.5,DMPE-PEG2000,CCCCCCCCCCCCCC(=O)OCC(COP(=O)(OCCNCC(=O)OCCOCCOCCOCCOCCOCCOCCOCCOCCOCCOCCOCCOCCOCCOCCOCCOCCOCCOCCOCCOCCOCCOCCOCCOCCOCCOCCOCCOCCOCCOCCOCCOCCOCCOCCOCCOCCOCCOCCOCCOCCOCCOCCOC)O)OC(=O)CCCCCCCCCCCCC,2.5,2000.0,35.0,10.0,,,,mRNA,in_vitro,in_vitro,A549,in_vitro,,,,,,,-0.5531595414327353,normalized_luminescence,79.0,1.0,1.0,52.0,1105.826947,144.72,0.0,13.0,16.9476,320.384,0.772727273,2.0,3.0,1106.625,True,True,False,biodegradable acrylate,,,,,,,,,,,,,,,,,,,cyclic
LNPhub_R0004242,LNPhub_BL_2023,https://www.nature.com/articles/s41587-023-01679-x,LNPhub_BL_2023_LNP_000236,BL_A56-T1,CCCCCCCCCCCCCCCCCCOC(=O)OC(C/C=C\CCCCCCCCOC(=O)CCN(CCO)CCC(=O)OCCCCCCCC/C=C\CC(CCCCCC)OC(=O)OCCCCCCCCCCCCCCCCCC)CCCCCC,Ugi-3CR,C(CO)N,primary,C=CC(=O)OCCCCCCCC/C=C\CC(CCCCCC)OC(=O)O,ester/carbonate acrylate,1,T1,CCCCCCCCCCCCCCCCCCO,ricinoleic/aliphatic,,,,,,,,,,,,,,,,head–linker–tail,DOPE,[H][C@@](COP([O-])(OCC[NH3+])=O)(OC(CCCCCCC/C=C\\CCCCCCCC)=O)COC(CCCCCCC/C=C\\CCCCCCCC)=O,16.0,Cholesterol,C[C@H](CCCC(C)C)[C@H]1CC[C@@H]2[C@@]1(CC[C@H]3[C@H]2CC=C4[C@@]3(CC[C@@H](C4)O)C)C,46.5,DMPE-PEG2000,CCCCCCCCCCCCCC(=O)OCC(COP(=O)(OCCNCC(=O)OCCOCCOCCOCCOCCOCCOCCOCCOCCOCCOCCOCCOCCOCCOCCOCCOCCOCCOCCOCCOCCOCCOCCOCCOCCOCCOCCOCCOCCOCCOCCOCCOCCOCCOCCOCCOCCOCCOCCOCCOCCOCCOCCOC)O)OC(=O)CCCCCCCCCCCCC,2.5,2000.0,35.0,10.0,,,,mRNA,in_vitro,in_vitro,A549,in_vitro,,,,,,,-1.184526378882692,normalized_luminescence,94.0,0.0,0.0,76.0,1330.160015,147.13,1.0,12.0,25.0087,395.8818,0.902439024,2.0,1.0,1331.138,True,True,False,biodegradable acrylate,,,,,,,,,,,,,,,,,,,linear
LNPhub_R0004243,LNPhub_BL_2023,https://www.nature.com/articles/s41587-023-01679-x,LNPhub_BL_2023_LNP_000237,BL_A4-T5,CCCC#CCOC(=O)OC(C/C=C\CCCCCCCCOC(=O)CCN(CCC(=O)OCCCCCCCC/C=C\CC(CCCCCC)OC(=O)OCC#CCCC)CCN(CC)CC)CCCCCC,Ugi-3CR,CCN(CC)CCN,primary_tertiary,C=CC(=O)OCCCCCCCC/C=C\CC(CCCCCC)OC(=O)O,ester/carbonate acrylate,1,T5,CCCC#CCO,ricinoleic/aliphatic,,,,,,,,,,,,,,,,head–linker–tail,DOPE,[H][C@@](COP([O-])(OCC[NH3+])=O)(OC(CCCCCCC/C=C\\CCCCCCCC)=O)COC(CCCCCCC/C=C\\CCCCCCCC)=O,16.0,Cholesterol,C[C@H](CCCC(C)C)[C@H]1CC[C@@H]2[C@@]1(CC[C@H]3[C@H]2CC=C4[C@@]3(CC[C@@H](C4)O)C)C,46.5,DMPE-PEG2000,CCCCCCCCCCCCCC(=O)OCC(COP(=O)(OCCNCC(=O)OCCOCCOCCOCCOCCOCCOCCOCCOCCOCCOCCOCCOCCOCCOCCOCCOCCOCCOCCOCCOCCOCCOCCOCCOCCOCCOCCOCCOCCOCCOCCOCCOCCOCCOCCOCCOCCOCCOCCOCCOCCOCCOCCOC)O)OC(=O)CCCCCCCCCCCCC,2.5,2000.0,35.0,10.0,,,,mRNA,in_vitro,in_vitro,A549,in_vitro,,,,,,,0.993125887532319,normalized_luminescence,74.0,0.0,0.0,49.0,1040.800398,130.14,0.0,12.0,15.4422,302.86,0.806451613,2.0,2.0,1041.55,True,True,False,biodegradable acrylate,,,,,,,,,,,,,,,,,,,branched
LNPhub_R0004244,LNPhub_BL_2023,https://www.nature.com/articles/s41587-023-01679-x,LNPhub_BL_2023_LNP_000238,BL_A36-T9,CCCCC#CCCOC(=O)OC(C/C=C\CCCCCCCCOC(=O)CCN1CCN(CCN(C)C)CC1)CCCCCC,Ugi-3CR,CN(C)CCN1CCNCC1,secondary_tertiary,C=CC(=O)OCCCCCCCC/C=C\CC(CCCCCC)OC(=O)O,ester/carbonate acrylate,1,T9,CCCCC#CCCO,ricinoleic/aliphatic,,,,,,,,,,,,,,,,head–linker–tail,DOPE,[H][C@@](COP([O-])(OCC[NH3+])=O)(OC(CCCCCCC/C=C\\CCCCCCCC)=O)COC(CCCCCCC/C=C\\CCCCCCCC)=O,16.0,Cholesterol,C[C@H](CCCC(C)C)[C@H]1CC[C@@H]2[C@@]1(CC[C@H]3[C@H]2CC=C4[C@@]3(CC[C@@H](C4)O)C)C,46.5,DMPE-PEG2000,CCCCCCCCCCCCCC(=O)OCC(COP(=O)(OCCNCC(=O)OCCOCCOCCOCCOCCOCCOCCOCCOCCOCCOCCOCCOCCOCCOCCOCCOCCOCCOCCOCCOCCOCCOCCOCCOCCOCCOCCOCCOCCOCCOCCOCCOCCOCCOCCOCCOCCOCCOCCOCCOCCOCCOCCOC)O)OC(=O)CCCCCCCCCCCCC,2.5,2000.0,35.0,10.0,,,,mRNA,in_vitro,in_vitro,A549,in_vitro,,,,,,,-1.4263892268882177,normalized_luminescence,46.0,1.0,0.0,27.0,647.5237223,71.55,0.0,8.0,7.8518,189.984,0.842105263,1.0,3.0,647.986,True,True,False,biodegradable acrylate,,,,,,,,,,,,,,,,,,,cyclic
LNPhub_R0004245,LNPhub_BL_2023,https://www.nature.com/articles/s41587-023-01679-x,LNPhub_BL_2023_LNP_000239,BL_A28-T3,CCCCC/C=C\C/C=C\CCCCCCCCOC(=O)OC(C/C=C\CCCCCCCCOC(=O)CCN(C)CCCN(C)CCCN(C)CCC(=O)OCCCCCCCC/C=C\CC(CCCCCC)OC(=O)OCCCCCCCC/C=C\C/C=C\CCCCC)CCCCCC,Ugi-3CR,CNCCCN(C)CCCNC,secondary_tertiary,C=CC(=O)OCCCCCCCC/C=C\CC(CCCCCC)OC(=O)O,ester/carbonate acrylate,1,T3,CCCCCC=CCC=C=CCCCCCCCCO,ricinoleic/aliphatic,,,,,,,,,,,,,,,,head–linker–tail,DOPE,[H][C@@](COP([O-])(OCC[NH3+])=O)(OC(CCCCCCC/C=C\\CCCCCCCC)=O)COC(CCCCCCC/C=C\\CCCCCCCC)=O,16.0,Cholesterol,C[C@H](CCCC(C)C)[C@H]1CC[C@@H]2[C@@]1(CC[C@H]3[C@H]2CC=C4[C@@]3(CC[C@@H](C4)O)C)C,46.5,DMPE-PEG2000,CCCCCCCCCCCCCC(=O)OCC(COP(=O)(OCCNCC(=O)OCCOCCOCCOCCOCCOCCOCCOCCOCCOCCOCCOCCOCCOCCOCCOCCOCCOCCOCCOCCOCCOCCOCCOCCOCCOCCOCCOCCOCCOCCOCCOCCOCCOCCOCCOCCOCCOCCOCCOCCOCCOCCOCCOC)O)OC(=O)CCCCCCCCCCCCC,2.5,2000.0,35.0,10.0,,,,mRNA,in_vitro,in_vitro,A549,in_vitro,,,,,,,0.4168646196083834,normalized_luminescence,102.0,0.0,0.0,78.0,1434.233848,133.38,0.0,13.0,25.394,433.705,0.820224719,2.0,3.0,1435.294,True,True,False,biodegradable acrylate,,,,,,,,,,,,,,,,,,,branched
LNPhub_R0004246,LNPhub_BL_2023,https://www.nature.com/articles/s41587-023-01679-x,LNPhub_BL_2023_LNP_000240,BL_A12-T2,CCCCCCCC/C=C\CCCCCCCCOC(=O)OC(C/C=C\CCCCCCCCOC(=O)CCN1CCC(N2CCN(CC)CC2)CC1)CCCCCC,Ugi-3CR,CCN1CCN(CC1)C2CCNCC2,secondary_tertiary,C=CC(=O)OCCCCCCCC/C=C\CC(CCCCCC)OC(=O)O,ester/carbonate acrylate,1,T2,CCCCCCCCC=CCCCCCCCCO,ricinoleic/aliphatic,,,,,,,,,,,,,,,,head–linker–tail,DOPE,[H][C@@](COP([O-])(OCC[NH3+])=O)(OC(CCCCCCC/C=C\\CCCCCCCC)=O)COC(CCCCCCC/C=C\\CCCCCCCC)=O,16.0,Cholesterol,C[C@H](CCCC(C)C)[C@H]1CC[C@@H]2[C@@]1(CC[C@H]3[C@H]2CC=C4[C@@]3(CC[C@@H](C4)O)C)C,46.5,DMPE-PEG2000,CCCCCCCCCCCCCC(=O)OCC(COP(=O)(OCCNCC(=O)OCCOCCOCCOCCOCCOCCOCCOCCOCCOCCOCCOCCOCCOCCOCCOCCOCCOCCOCCOCCOCCOCCOCCOCCOCCOCCOCCOCCOCCOCCOCCOCCOCCOCCOCCOCCOCCOCCOCCOCCOCCOCCOCCOC)O)OC(=O)CCCCCCCCCCCCC,2.5,2000.0,35.0,10.0,,,,mRNA,in_vitro,in_vitro,A549,in_vitro,,,,,,,1.9068237712134344,normalized_luminescence,59.0,2.0,0.0,38.0,829.7271731,71.55,0.0,8.0,13.2283,249.233,0.882352941,1.0,3.0,830.337,True,True,False,biodegradable acrylate,,,,,,,,,,,,,,,,,,,cyclic-dendrimer
LNPhub_R0004247,LNPhub_BL_2023,https://www.nature.com/articles/s41587-023-01679-x,LNPhub_BL_2023_LNP_000241,BL_A27-T4,CCC#CCOC(=O)OC(C/C=C\CCCCCCCCOC(=O)CCN(CCCN1CCCCCC1)CCC(=O)OCCCCCCCC/C=C\CC(CCCCCC)OC(=O)OCC#CCC)CCCCCC,Ugi-3CR,C1CCCN(CC1)CCC[NH],primary_tertiary,C=CC(=O)OCCCCCCCC/C=C\CC(CCCCCC)OC(=O)O,ester/carbonate acrylate,1,T4,CCC#CCO,ricinoleic/aliphatic,,,,,,,,,,,,,,,,head–linker–tail,DOPE,[H][C@@](COP([O-])(OCC[NH3+])=O)(OC(CCCCCCC/C=C\\CCCCCCCC)=O)COC(CCCCCCC/C=C\\CCCCCCCC)=O,16.0,Cholesterol,C[C@H](CCCC(C)C)[C@H]1CC[C@@H]2[C@@]1(CC[C@H]3[C@H]2CC=C4[C@@]3(CC[C@@H](C4)O)C)C,46.5,DMPE-PEG2000,CCCCCCCCCCCCCC(=O)OCC(COP(=O)(OCCNCC(=O)OCCOCCOCCOCCOCCOCCOCCOCCOCCOCCOCCOCCOCCOCCOCCOCCOCCOCCOCCOCCOCCOCCOCCOCCOCCOCCOCCOCCOCCOCCOCCOCCOCCOCCOCCOCCOCCOCCOCCOCCOCCOCCOCCOC)O)OC(=O)CCCCCCCCCCCCC,2.5,2000.0,35.0,10.0,,,,mRNA,in_vitro,in_vitro,A549,in_vitro,,,,,,,-0.916711786373724,normalized_luminescence,75.0,1.0,0.0,46.0,1052.800398,130.14,0.0,12.0,15.5863,305.363,0.80952381,2.0,2.0,1053.561,True,True,False,biodegradable acrylate,,,,,,,,,,,,,,,,,,,cyclic
LNPhub_R0004248,LNPhub_BL_2023,https://www.nature.com/articles/s41587-023-01679-x,LNPhub_BL_2023_LNP_000242,BL_A42-T8,CCCCCCC#CCOC(=O)OC(C/C=C\CCCCCCCCOC(=O)CCN1CCCCC1CCO)CCCCCC,Ugi-3CR,C1CCNC(C1)CCO,secondary,C=CC(=O)OCCCCCCCC/C=C\CC(CCCCCC)OC(=O)O,ester/carbonate acrylate,1,T8,CCCCCCC#CCO,ricinoleic/aliphatic,,,,,,,,,,,,,,,,head–linker–tail,DOPE,[H][C@@](COP([O-])(OCC[NH3+])=O)(OC(CCCCCCC/C=C\\CCCCCCCC)=O)COC(CCCCCCC/C=C\\CCCCCCCC)=O,16.0,Cholesterol,C[C@H](CCCC(C)C)[C@H]1CC[C@@H]2[C@@]1(CC[C@H]3[C@H]2CC=C4[C@@]3(CC[C@@H](C4)O)C)C,46.5,DMPE-PEG2000,CCCCCCCCCCCCCC(=O)OCC(COP(=O)(OCCNCC(=O)OCCOCCOCCOCCOCCOCCOCCOCCOCCOCCOCCOCCOCCOCCOCCOCCOCCOCCOCCOCCOCCOCCOCCOCCOCCOCCOCCOCCOCCOCCOCCOCCOCCOCCOCCOCCOCCOCCOCCOCCOCCOCCOCCOC)O)OC(=O)CCCCCCCCCCCCC,2.5,2000.0,35.0,10.0,,,,mRNA,in_vitro,in_vitro,A549,in_vitro,,,,,,,0.9873287020609024,normalized_luminescence,45.0,1.0,0.0,27.0,633.4968389,85.3,1.0,7.0,9.2996,184.0818,0.842105263,2.0,1.0,633.955,True,True,False,biodegradable acrylate,,,,,,,,,,,,,,,,,,,cyclic
LNPhub_R0004249,LNPhub_BL_2023,https://www.nature.com/articles/s41587-023-01679-x,LNPhub_BL_2023_LNP_000243,BL_A13-T8,CCCCCCC#CCOC(=O)OC(C/C=C\CCCCCCCCOC(=O)CCN1CCN(CCN2CCCC2)CC1)CCCCCC,Ugi-3CR,C1CCN(C1)CCN2CCNCC2,secondary_tertiary,C=CC(=O)OCCCCCCCC/C=C\CC(CCCCCC)OC(=O)O,ester/carbonate acrylate,1,T8,CCCCCCC#CCO,ricinoleic/aliphatic,,,,,,,,,,,,,,,,head–linker–tail,DOPE,[H][C@@](COP([O-])(OCC[NH3+])=O)(OC(CCCCCCC/C=C\\CCCCCCCC)=O)COC(CCCCCCC/C=C\\CCCCCCCC)=O,16.0,Cholesterol,C[C@H](CCCC(C)C)[C@H]1CC[C@@H]2[C@@]1(CC[C@H]3[C@H]2CC=C4[C@@]3(CC[C@@H](C4)O)C)C,46.5,DMPE-PEG2000,CCCCCCCCCCCCCC(=O)OCC(COP(=O)(OCCNCC(=O)OCCOCCOCCOCCOCCOCCOCCOCCOCCOCCOCCOCCOCCOCCOCCOCCOCCOCCOCCOCCOCCOCCOCCOCCOCCOCCOCCOCCOCCOCCOCCOCCOCCOCCOCCOCCOCCOCCOCCOCCOCCOCCOCCOC)O)OC(=O)CCCCCCCCCCCCC,2.5,2000.0,35.0,10.0,,,,mRNA,in_vitro,in_vitro,A549,in_vitro,,,,,,,0.0639842900724338,normalized_luminescence,49.0,2.0,0.0,28.0,687.5550224,71.55,0.0,8.0,8.7761,201.721,0.853658537,1.0,3.0,688.051,True,True,False,biodegradable acrylate,,,,,,,,,,,,,,,,,,,cyclic
LNPhub_R0004250,LNPhub_BL_2023,https://www.nature.com/articles/s41587-023-01679-x,LNPhub_BL_2023_LNP_000244,BL_A12-T10,CCCCCCC#CCCOC(=O)OC(C/C=C\CCCCCCCCOC(=O)CCN1CCC(N2CCN(CC)CC2)CC1)CCCCCC,Ugi-3CR,CCN1CCN(CC1)C2CCNCC2,secondary_tertiary,C=CC(=O)OCCCCCCCC/C=C\CC(CCCCCC)OC(=O)O,ester/carbonate acrylate,1,T10,CCCCCCC#CCCO,ricinoleic/aliphatic,,,,,,,,,,,,,,,,head–linker–tail,DOPE,[H][C@@](COP([O-])(OCC[NH3+])=O)(OC(CCCCCCC/C=C\\CCCCCCCC)=O)COC(CCCCCCC/C=C\\CCCCCCCC)=O,16.0,Cholesterol,C[C@H](CCCC(C)C)[C@H]1CC[C@@H]2[C@@]1(CC[C@H]3[C@H]2CC=C4[C@@]3(CC[C@@H](C4)O)C)C,46.5,DMPE-PEG2000,CCCCCCCCCCCCCC(=O)OCC(COP(=O)(OCCNCC(=O)OCCOCCOCCOCCOCCOCCOCCOCCOCCOCCOCCOCCOCCOCCOCCOCCOCCOCCOCCOCCOCCOCCOCCOCCOCCOCCOCCOCCOCCOCCOCCOCCOCCOCCOCCOCCOCCOCCOCCOCCOCCOCCOCCOC)O)OC(=O)CCCCCCCCCCCCC,2.5,2000.0,35.0,10.0,,,,mRNA,in_vitro,in_vitro,A549,in_vitro,,,,,,,0.480066373555213,normalized_luminescence,51.0,2.0,0.0,28.0,715.5863226,71.55,0.0,8.0,9.5547,210.933,0.860465116,1.0,3.0,716.105,True,True,False,biodegradable acrylate,,,,,,,,,,,,,,,,,,,cyclic-dendrimer
LNPhub_R0004251,LNPhub_BL_2023,https://www.nature.com/articles/s41587-023-01679-x,LNPhub_BL_2023_LNP_000245,BL_A54-T4,CCC#CCOC(=O)OC(C/C=C\CCCCCCCCOC(=O)CCN1CCN(CCOCCO)CC1)CCCCCC,Ugi-3CR,C1CN(CCN1)CCOCCO,secondary_tertiary,C=CC(=O)OCCCCCCCC/C=C\CC(CCCCCC)OC(=O)O,ester/carbonate acrylate,1,T4,CCC#CCO,ricinoleic/aliphatic,,,,,,,,,,,,,,,,head–linker–tail,DOPE,[H][C@@](COP([O-])(OCC[NH3+])=O)(OC(CCCCCCC/C=C\\CCCCCCCC)=O)COC(CCCCCCC/C=C\\CCCCCCCC)=O,16.0,Cholesterol,C[C@H](CCCC(C)C)[C@H]1CC[C@@H]2[C@@]1(CC[C@H]3[C@H]2CC=C4[C@@]3(CC[C@@H](C4)O)C)C,46.5,DMPE-PEG2000,CCCCCCCCCCCCCC(=O)OCC(COP(=O)(OCCNCC(=O)OCCOCCOCCOCCOCCOCCOCCOCCOCCOCCOCCOCCOCCOCCOCCOCCOCCOCCOCCOCCOCCOCCOCCOCCOCCOCCOCCOCCOCCOCCOCCOCCOCCOCCOCCOCCOCCOCCOCCOCCOCCOCCOCCOC)O)OC(=O)CCCCCCCCCCCCC,2.5,2000.0,35.0,10.0,,,,mRNA,in_vitro,in_vitro,A549,in_vitro,,,,,,,-0.7710756640594056,normalized_luminescence,44.0,1.0,0.0,26.0,622.4557023,97.77,1.0,9.0,6.1288,175.4838,0.828571429,1.0,2.0,622.888,True,True,False,biodegradable acrylate,,,,,,,,,,,,,,,,,,,cyclic
LNPhub_R0004252,LNPhub_BL_2023,https://www.nature.com/articles/s41587-023-01679-x,LNPhub_BL_2023_LNP_000246,BL_A33-T7,CCCCCC#CCOC(=O)OC(C/C=C\CCCCCCCCOC(=O)CCN(CCCN(C)C)CCCN(CCC(=O)OCCCCCCCC/C=C\CC(CCCCCC)OC(=O)OCC#CCCCCC)CCC(=O)OCCCCCCCC/C=C\CC(CCCCCC)OC(=O)OCC#CCCCCC)CCCCCC,Ugi-3CR,CN(C)CCCNCCCN,primary_secondary_tertiary,C=CC(=O)OCCCCCCCC/C=C\CC(CCCCCC)OC(=O)O,ester/carbonate acrylate,1,T7,CCCCCC#CCO,ricinoleic/aliphatic,,,,,,,,,,,,,,,,head–linker–tail,DOPE,[H][C@@](COP([O-])(OCC[NH3+])=O)(OC(CCCCCCC/C=C\\CCCCCCCC)=O)COC(CCCCCCC/C=C\\CCCCCCCC)=O,16.0,Cholesterol,C[C@H](CCCC(C)C)[C@H]1CC[C@@H]2[C@@]1(CC[C@H]3[C@H]2CC=C4[C@@]3(CC[C@@H](C4)O)C)C,46.5,DMPE-PEG2000,CCCCCCCCCCCCCC(=O)OCC(COP(=O)(OCCNCC(=O)OCCOCCOCCOCCOCCOCCOCCOCCOCCOCCOCCOCCOCCOCCOCCOCCOCCOCCOCCOCCOCCOCCOCCOCCOCCOCCOCCOCCOCCOCCOCCOCCOCCOCCOCCOCCOCCOCCOCCOCCOCCOCCOCCOC)O)OC(=O)CCCCCCCCCCCCC,2.5,2000.0,35.0,10.0,,,,mRNA,in_vitro,in_vitro,A549,in_vitro,,,,,,,1.2936203984275811,normalized_luminescence,116.0,0.0,0.0,80.0,1630.271022,195.21,0.0,18.0,24.9908,476.318,0.816326531,3.0,3.0,1631.452,True,True,False,biodegradable acrylate,,,,,,,,,,,,,,,,,,,branched
LNPhub_R0004253,LNPhub_BL_2023,https://www.nature.com/articles/s41587-023-01679-x,LNPhub_BL_2023_LNP_000247,BL_A18-T3,CCCCC/C=C\C/C=C\CCCCCCCCOC(=O)OC(C/C=C\CCCCCCCCOC(=O)CCN(CCC(=O)OCCCCCCCC/C=C\CC(CCCCCC)OC(=O)OCCCCCCCC/C=C\C/C=C\CCCCC)CCN(C)CCN(CCC(=O)OCCCCCCCC/C=C\CC(CCCCCC)OC(=O)OCCCCCCCC/C=C\C/C=C\CCCCC)CCC(=O)OCCCCCCCC/C=C\CC(CCCCCC)OC(=O)OCCCCCCCC/C=C\C/C=C\CCCCC)CCCCCC,Ugi-3CR,CN(CCN)CCN,primary_tertiary,C=CC(=O)OCCCCCCCC/C=C\CC(CCCCCC)OC(=O)O,ester/carbonate acrylate,1,T3,CCCCCC=CCC=C=CCCCCCCCCO,ricinoleic/aliphatic,,,,,,,,,,,,,,,,head–linker–tail,DOPE,[H][C@@](COP([O-])(OCC[NH3+])=O)(OC(CCCCCCC/C=C\\CCCCCCCC)=O)COC(CCCCCCC/C=C\\CCCCCCCC)=O,16.0,Cholesterol,C[C@H](CCCC(C)C)[C@H]1CC[C@@H]2[C@@]1(CC[C@H]3[C@H]2CC=C4[C@@]3(CC[C@@H](C4)O)C)C,46.5,DMPE-PEG2000,CCCCCCCCCCCCCC(=O)OCC(COP(=O)(OCCNCC(=O)OCCOCCOCCOCCOCCOCCOCCOCCOCCOCCOCCOCCOCCOCCOCCOCCOCCOCCOCCOCCOCCOCCOCCOCCOCCOCCOCCOCCOCCOCCOCCOCCOCCOCCOCCOCCOCCOCCOCCOCCOCCOCCOCCOC)O)OC(=O)CCCCCCCCCCCCC,2.5,2000.0,35.0,10.0,,,,mRNA,in_vitro,in_vitro,A549,in_vitro,,,,,,,1.431969299811815,normalized_luminescence,188.0,0.0,0.0,146.0,2639.215899,257.04,0.0,23.0,49.1862,794.337,0.806060606,4.0,3.0,2641.176,True,True,False,biodegradable acrylate,,,,,,,,,,,,,,,,,,,branched
LNPhub_R0004254,LNPhub_BL_2023,https://www.nature.com/articles/s41587-023-01679-x,LNPhub_BL_2023_LNP_000248,BL_A12-T6,CCCCC#CCOC(=O)OC(C/C=C\CCCCCCCCOC(=O)CCN1CCC(N2CCN(CC)CC2)CC1)CCCCCC,Ugi-3CR,CCN1CCN(CC1)C2CCNCC2,secondary_tertiary,C=CC(=O)OCCCCCCCC/C=C\CC(CCCCCC)OC(=O)O,ester/carbonate acrylate,1,T6,CCCCC#CCO,ricinoleic/aliphatic,,,,,,,,,,,,,,,,head–linker–tail,DOPE,[H][C@@](COP([O-])(OCC[NH3+])=O)(OC(CCCCCCC/C=C\\CCCCCCCC)=O)COC(CCCCCCC/C=C\\CCCCCCCC)=O,16.0,Cholesterol,C[C@H](CCCC(C)C)[C@H]1CC[C@@H]2[C@@]1(CC[C@H]3[C@H]2CC=C4[C@@]3(CC[C@@H](C4)O)C)C,46.5,DMPE-PEG2000,CCCCCCCCCCCCCC(=O)OCC(COP(=O)(OCCNCC(=O)OCCOCCOCCOCCOCCOCCOCCOCCOCCOCCOCCOCCOCCOCCOCCOCCOCCOCCOCCOCCOCCOCCOCCOCCOCCOCCOCCOCCOCCOCCOCCOCCOCCOCCOCCOCCOCCOCCOCCOCCOCCOCCOCCOC)O)OC(=O)CCCCCCCCCCCCC,2.5,2000.0,35.0,10.0,,,,mRNA,in_vitro,in_vitro,A549,in_vitro,,,,,,,-0.9947026859369164,normalized_luminescence,48.0,2.0,0.0,25.0,673.5393724,71.55,0.0,8.0,8.3844,197.082,0.85,1.0,3.0,674.024,True,True,False,biodegradable acrylate,,,,,,,,,,,,,,,,,,,cyclic-dendrimer
LNPhub_R0004255,LNPhub_BL_2023,https://www.nature.com/articles/s41587-023-01679-x,LNPhub_BL_2023_LNP_000249,BL_A55-T8,CCCCCCC#CCOC(=O)OC(C/C=C\CCCCCCCCOC(=O)CCN(C)CCO)CCCCCC,Ugi-3CR,CNCCO,secondary,C=CC(=O)OCCCCCCCC/C=C\CC(CCCCCC)OC(=O)O,ester/carbonate acrylate,1,T8,CCCCCCC#CCO,ricinoleic/aliphatic,,,,,,,,,,,,,,,,head–linker–tail,DOPE,[H][C@@](COP([O-])(OCC[NH3+])=O)(OC(CCCCCCC/C=C\\CCCCCCCC)=O)COC(CCCCCCC/C=C\\CCCCCCCC)=O,16.0,Cholesterol,C[C@H](CCCC(C)C)[C@H]1CC[C@@H]2[C@@]1(CC[C@H]3[C@H]2CC=C4[C@@]3(CC[C@@H](C4)O)C)C,46.5,DMPE-PEG2000,CCCCCCCCCCCCCC(=O)OCC(COP(=O)(OCCNCC(=O)OCCOCCOCCOCCOCCOCCOCCOCCOCCOCCOCCOCCOCCOCCOCCOCCOCCOCCOCCOCCOCCOCCOCCOCCOCCOCCOCCOCCOCCOCCOCCOCCOCCOCCOCCOCCOCCOCCOCCOCCOCCOCCOCCOC)O)OC(=O)CCCCCCCCCCCCC,2.5,2000.0,35.0,10.0,,,,mRNA,in_vitro,in_vitro,A549,in_vitro,,,,,,,-1.369427651740506,normalized_luminescence,41.0,0.0,0.0,27.0,579.4498887,85.3,1.0,7.0,7.9868,167.7498,0.823529412,1.0,1.0,579.863,True,True,False,biodegradable acrylate,,,,,,,,,,,,,,,,,,,linear
LNPhub_R0004256,LNPhub_BL_2023,https://www.nature.com/articles/s41587-023-01679-x,LNPhub_BL_2023_LNP_000250,BL_A12-T3,CCCCC/C=C\C/C=C\CCCCCCCCOC(=O)OC(C/C=C\CCCCCCCCOC(=O)CCN1CCC(N2CCN(CC)CC2)CC1)CCCCCC,Ugi-3CR,CCN1CCN(CC1)C2CCNCC2,secondary_tertiary,C=CC(=O)OCCCCCCCC/C=C\CC(CCCCCC)OC(=O)O,ester/carbonate acrylate,1,T3,CCCCCC=CCC=C=CCCCCCCCCO,ricinoleic/aliphatic,,,,,,,,,,,,,,,,head–linker–tail,DOPE,[H][C@@](COP([O-])(OCC[NH3+])=O)(OC(CCCCCCC/C=C\\CCCCCCCC)=O)COC(CCCCCCC/C=C\\CCCCCCCC)=O,16.0,Cholesterol,C[C@H](CCCC(C)C)[C@H]1CC[C@@H]2[C@@]1(CC[C@H]3[C@H]2CC=C4[C@@]3(CC[C@@H](C4)O)C)C,46.5,DMPE-PEG2000,CCCCCCCCCCCCCC(=O)OCC(COP(=O)(OCCNCC(=O)OCCOCCOCCOCCOCCOCCOCCOCCOCCOCCOCCOCCOCCOCCOCCOCCOCCOCCOCCOCCOCCOCCOCCOCCOCCOCCOCCOCCOCCOCCOCCOCCOCCOCCOCCOCCOCCOCCOCCOCCOCCOCCOCCOC)O)OC(=O)CCCCCCCCCCCCC,2.5,2000.0,35.0,10.0,,,,mRNA,in_vitro,in_vitro,A549,in_vitro,,,,,,,1.760597821551918,normalized_luminescence,59.0,2.0,0.0,37.0,827.7115231,71.55,0.0,8.0,13.0043,249.139,0.843137255,1.0,3.0,828.321,True,True,False,biodegradable acrylate,,,,,,,,,,,,,,,,,,,cyclic-dendrimer
LNPhub_R0004257,LNPhub_BL_2023,https://www.nature.com/articles/s41587-023-01679-x,LNPhub_BL_2023_LNP_000251,BL_A48-T5,CCCC#CCOC(=O)OC(C/C=C\CCCCCCCCOC(=O)CCN1CCCN(CCC(=O)OCCCCCCCC/C=C\CC(CCCCCC)OC(=O)OCC#CCCC)CCN(CCC(=O)OCCCCCCCC/C=C\CC(CCCCCC)OC(=O)OCC#CCCC)CCCN(CCC(=O)OCCCCCCCC/C=C\CC(CCCCCC)OC(=O)OCC#CCCC)CC1)CCCCCC,Ugi-3CR,C1CNCCNCCCNCCNC1,secondary,C=CC(=O)OCCCCCCCC/C=C\CC(CCCCCC)OC(=O)O,ester/carbonate acrylate,1,T5,CCCC#CCO,ricinoleic/aliphatic,,,,,,,,,,,,,,,,head–linker–tail,DOPE,[H][C@@](COP([O-])(OCC[NH3+])=O)(OC(CCCCCCC/C=C\\CCCCCCCC)=O)COC(CCCCCCC/C=C\\CCCCCCCC)=O,16.0,Cholesterol,C[C@H](CCCC(C)C)[C@H]1CC[C@@H]2[C@@]1(CC[C@H]3[C@H]2CC=C4[C@@]3(CC[C@@H](C4)O)C)C,46.5,DMPE-PEG2000,CCCCCCCCCCCCCC(=O)OCC(COP(=O)(OCCNCC(=O)OCCOCCOCCOCCOCCOCCOCCOCCOCCOCCOCCOCCOCCOCCOCCOCCOCCOCCOCCOCCOCCOCCOCCOCCOCCOCCOCCOCCOCCOCCOCCOCCOCCOCCOCCOCCOCCOCCOCCOCCOCCOCCOCCOC)O)OC(=O)CCCCCCCCCCCCC,2.5,2000.0,35.0,10.0,,,,mRNA,in_vitro,in_vitro,A549,in_vitro,,,,,,,0.3757124960717464,normalized_luminescence,146.0,1.0,0.0,88.0,2049.538195,260.28,0.0,24.0,29.6122,592.258,0.803278689,4.0,4.0,2051.014,True,True,False,biodegradable acrylate,,,,,,,,,,,,,,,,,,,macrocyclic
LNPhub_R0004258,LNPhub_BL_2023,https://www.nature.com/articles/s41587-023-01679-x,LNPhub_BL_2023_LNP_000252,BL_A29-T7,CCCCCC#CCOC(=O)OC(C/C=C\CCCCCCCCOC(=O)CCN(C)CCN(C)C)CCCCCC,Ugi-3CR,CNCCN(C)C,secondary_tertiary,C=CC(=O)OCCCCCCCC/C=C\CC(CCCCCC)OC(=O)O,ester/carbonate acrylate,1,T7,CCCCCC#CCO,ricinoleic/aliphatic,,,,,,,,,,,,,,,,head–linker–tail,DOPE,[H][C@@](COP([O-])(OCC[NH3+])=O)(OC(CCCCCCC/C=C\\CCCCCCCC)=O)COC(CCCCCCC/C=C\\CCCCCCCC)=O,16.0,Cholesterol,C[C@H](CCCC(C)C)[C@H]1CC[C@@H]2[C@@]1(CC[C@H]3[C@H]2CC=C4[C@@]3(CC[C@@H](C4)O)C)C,46.5,DMPE-PEG2000,CCCCCCCCCCCCCC(=O)OCC(COP(=O)(OCCNCC(=O)OCCOCCOCCOCCOCCOCCOCCOCCOCCOCCOCCOCCOCCOCCOCCOCCOCCOCCOCCOCCOCCOCCOCCOCCOCCOCCOCCOCCOCCOCCOCCOCCOCCOCCOCCOCCOCCOCCOCCOCCOCCOCCOCCOC)O)OC(=O)CCCCCCCCCCCCC,2.5,2000.0,35.0,10.0,,,,mRNA,in_vitro,in_vitro,A549,in_vitro,,,,,,,0.4197361538615377,normalized_luminescence,42.0,0.0,0.0,27.0,592.4815231,68.31,0.0,7.0,8.166,174.601,0.828571429,1.0,2.0,592.906,True,True,False,biodegradable acrylate,,,,,,,,,,,,,,,,,,,branched
LNPhub_R0004259,LNPhub_BL_2023,https://www.nature.com/articles/s41587-023-01679-x,LNPhub_BL_2023_LNP_000253,BL_A10-T3,CCCCC/C=C\C/C=C\CCCCCCCCOC(=O)OC(C/C=C\CCCCCCCCOC(=O)CCN(CCC(=O)OCCCCCCCC/C=C\CC(CCCCCC)OC(=O)OCCCCCCCC/C=C\C/C=C\CCCCC)CCc1ccncc1)CCCCCC,Ugi-3CR,NCCC1=CC=NC=C1,primary,C=CC(=O)OCCCCCCCC/C=C\CC(CCCCCC)OC(=O)O,ester/carbonate acrylate,1,T3,CCCCCC=CCC=C=CCCCCCCCCO,ricinoleic/aliphatic,,,,,,,,,,,,,,,,head–linker–tail,DOPE,[H][C@@](COP([O-])(OCC[NH3+])=O)(OC(CCCCCCC/C=C\\CCCCCCCC)=O)COC(CCCCCCC/C=C\\CCCCCCCC)=O,16.0,Cholesterol,C[C@H](CCCC(C)C)[C@H]1CC[C@@H]2[C@@]1(CC[C@H]3[C@H]2CC=C4[C@@]3(CC[C@@H](C4)O)C)C,46.5,DMPE-PEG2000,CCCCCCCCCCCCCC(=O)OCC(COP(=O)(OCCNCC(=O)OCCOCCOCCOCCOCCOCCOCCOCCOCCOCCOCCOCCOCCOCCOCCOCCOCCOCCOCCOCCOCCOCCOCCOCCOCCOCCOCCOCCOCCOCCOCCOCCOCCOCCOCCOCCOCCOCCOCCOCCOCCOCCOCCOC)O)OC(=O)CCCCCCCCCCCCC,2.5,2000.0,35.0,10.0,,,,mRNA,in_vitro,in_vitro,A549,in_vitro,,,,,,,0.0260438912941286,normalized_luminescence,99.0,1.0,1.0,73.0,1383.129049,139.79,0.0,12.0,25.7581,416.361,0.75862069,2.0,2.0,1384.161,True,True,False,biodegradable acrylate,,,,,,,,,,,,,,,,,,,cyclic
LNPhub_R0004260,LNPhub_BL_2023,https://www.nature.com/articles/s41587-023-01679-x,LNPhub_BL_2023_LNP_000254,BL_A23-T2,CCCCCCCC/C=C\CCCCCCCCOC(=O)OC(C/C=C\CCCCCCCCOC(=O)CCN1CCN(c2ccccn2)CC1)CCCCCC,Ugi-3CR,C1=CC(=NC=C1)N2CCNCC2,secondary_tertiary,C=CC(=O)OCCCCCCCC/C=C\CC(CCCCCC)OC(=O)O,ester/carbonate acrylate,1,T2,CCCCCCCCC=CCCCCCCCCO,ricinoleic/aliphatic,,,,,,,,,,,,,,,,head–linker–tail,DOPE,[H][C@@](COP([O-])(OCC[NH3+])=O)(OC(CCCCCCC/C=C\\CCCCCCCC)=O)COC(CCCCCCC/C=C\\CCCCCCCC)=O,16.0,Cholesterol,C[C@H](CCCC(C)C)[C@H]1CC[C@@H]2[C@@]1(CC[C@H]3[C@H]2CC=C4[C@@]3(CC[C@@H](C4)O)C)C,46.5,DMPE-PEG2000,CCCCCCCCCCCCCC(=O)OCC(COP(=O)(OCCNCC(=O)OCCOCCOCCOCCOCCOCCOCCOCCOCCOCCOCCOCCOCCOCCOCCOCCOCCOCCOCCOCCOCCOCCOCCOCCOCCOCCOCCOCCOCCOCCOCCOCCOCCOCCOCCOCCOCCOCCOCCOCCOCCOCCOCCOC)O)OC(=O)CCCCCCCCCCCCC,2.5,2000.0,35.0,10.0,,,,mRNA,in_vitro,in_vitro,A549,in_vitro,,,,,,,-0.6048024670135328,normalized_luminescence,57.0,2.0,1.0,37.0,795.6489228,81.2,0.0,8.0,13.3436,238.974,0.775510204,1.0,3.0,796.235,True,True,False,biodegradable acrylate,,,,,,,,,,,,,,,,,,,cyclic
LNPhub_R0004261,LNPhub_BL_2023,https://www.nature.com/articles/s41587-023-01679-x,LNPhub_BL_2023_LNP_000255,BL_A58-T10,CCCCCCC#CCCOC(=O)OC(C/C=C\CCCCCCCCOC(=O)CCN(CCCCCO)CCC(=O)OCCCCCCCC/C=C\CC(CCCCCC)OC(=O)OCCC#CCCCCCC)CCCCCC,Ugi-3CR,C(CCN)CCO,primary,C=CC(=O)OCCCCCCCC/C=C\CC(CCCCCC)OC(=O)O,ester/carbonate acrylate,1,T10,CCCCCCC#CCCO,ricinoleic/aliphatic,,,,,,,,,,,,,,,,head–linker–tail,DOPE,[H][C@@](COP([O-])(OCC[NH3+])=O)(OC(CCCCCCC/C=C\\CCCCCCCC)=O)COC(CCCCCCC/C=C\\CCCCCCCC)=O,16.0,Cholesterol,C[C@H](CCCC(C)C)[C@H]1CC[C@@H]2[C@@]1(CC[C@H]3[C@H]2CC=C4[C@@]3(CC[C@@H](C4)O)C)C,46.5,DMPE-PEG2000,CCCCCCCCCCCCCC(=O)OCC(COP(=O)(OCCNCC(=O)OCCOCCOCCOCCOCCOCCOCCOCCOCCOCCOCCOCCOCCOCCOCCOCCOCCOCCOCCOCCOCCOCCOCCOCCOCCOCCOCCOCCOCCOCCOCCOCCOCCOCCOCCOCCOCCOCCOCCOCCOCCOCCOCCOC)O)OC(=O)CCCCCCCCCCCCC,2.5,2000.0,35.0,10.0,,,,mRNA,in_vitro,in_vitro,A549,in_vitro,,,,,,,-0.773950740601688,normalized_luminescence,81.0,0.0,0.0,57.0,1139.893964,147.13,1.0,12.0,18.3838,332.9448,0.826086957,2.0,1.0,1140.723,True,True,False,biodegradable acrylate,,,,,,,,,,,,,,,,,,,linear
LNPhub_R0004262,LNPhub_BL_2023,https://www.nature.com/articles/s41587-023-01679-x,LNPhub_BL_2023_LNP_000256,BL_A37-T5,CCCC#CCOC(=O)OC(C/C=C\CCCCCCCCOC(=O)CCN(CCC(=O)OCCCCCCCC/C=C\CC(CCCCCC)OC(=O)OCC#CCCC)CCN1CCCCN(C)CC1)CCCCCC,Ugi-3CR,CN1CCCCN(CCN)CC1,primary_tertiary,C=CC(=O)OCCCCCCCC/C=C\CC(CCCCCC)OC(=O)O,ester/carbonate acrylate,1,T5,CCCC#CCO,ricinoleic/aliphatic,,,,,,,,,,,,,,,,head–linker–tail,DOPE,[H][C@@](COP([O-])(OCC[NH3+])=O)(OC(CCCCCCC/C=C\\CCCCCCCC)=O)COC(CCCCCCC/C=C\\CCCCCCCC)=O,16.0,Cholesterol,C[C@H](CCCC(C)C)[C@H]1CC[C@@H]2[C@@]1(CC[C@H]3[C@H]2CC=C4[C@@]3(CC[C@@H](C4)O)C)C,46.5,DMPE-PEG2000,CCCCCCCCCCCCCC(=O)OCC(COP(=O)(OCCNCC(=O)OCCOCCOCCOCCOCCOCCOCCOCCOCCOCCOCCOCCOCCOCCOCCOCCOCCOCCOCCOCCOCCOCCOCCOCCOCCOCCOCCOCCOCCOCCOCCOCCOCCOCCOCCOCCOCCOCCOCCOCCOCCOCCOCCOC)O)OC(=O)CCCCCCCCCCCCC,2.5,2000.0,35.0,10.0,,,,mRNA,in_vitro,in_vitro,A549,in_vitro,,,,,,,0.7501237138242939,normalized_luminescence,78.0,1.0,0.0,47.0,1095.842597,133.38,0.0,13.0,15.128,318.243,0.815384615,2.0,3.0,1096.63,True,True,False,biodegradable acrylate,,,,,,,,,,,,,,,,,,,macrocyclic
LNPhub_R0004263,LNPhub_BL_2023,https://www.nature.com/articles/s41587-023-01679-x,LNPhub_BL_2023_LNP_000257,BL_A55-T2,CCCCCCCC/C=C\CCCCCCCCOC(=O)OC(C/C=C\CCCCCCCCOC(=O)CCN(C)CCO)CCCCCC,Ugi-3CR,CNCCO,secondary,C=CC(=O)OCCCCCCCC/C=C\CC(CCCCCC)OC(=O)O,ester/carbonate acrylate,1,T2,CCCCCCCCC=CCCCCCCCCO,ricinoleic/aliphatic,,,,,,,,,,,,,,,,head–linker–tail,DOPE,[H][C@@](COP([O-])(OCC[NH3+])=O)(OC(CCCCCCC/C=C\\CCCCCCCC)=O)COC(CCCCCCC/C=C\\CCCCCCCC)=O,16.0,Cholesterol,C[C@H](CCCC(C)C)[C@H]1CC[C@@H]2[C@@]1(CC[C@H]3[C@H]2CC=C4[C@@]3(CC[C@@H](C4)O)C)C,46.5,DMPE-PEG2000,CCCCCCCCCCCCCC(=O)OCC(COP(=O)(OCCNCC(=O)OCCOCCOCCOCCOCCOCCOCCOCCOCCOCCOCCOCCOCCOCCOCCOCCOCCOCCOCCOCCOCCOCCOCCOCCOCCOCCOCCOCCOCCOCCOCCOCCOCCOCCOCCOCCOCCOCCOCCOCCOCCOCCOCCOC)O)OC(=O)CCCCCCCCCCCCC,2.5,2000.0,35.0,10.0,,,,mRNA,in_vitro,in_vitro,A549,in_vitro,,,,,,,-0.7677897061165311,normalized_luminescence,50.0,0.0,0.0,38.0,707.6063893,85.3,1.0,7.0,12.0505,210.6668,0.860465116,1.0,1.0,708.122,True,True,False,biodegradable acrylate,,,,,,,,,,,,,,,,,,,linear
LNPhub_R0004264,LNPhub_BL_2023,https://www.nature.com/articles/s41587-023-01679-x,LNPhub_BL_2023_LNP_000258,BL_A48-T7,CCCCCC#CCOC(=O)OC(C/C=C\CCCCCCCCOC(=O)CCN1CCCN(CCC(=O)OCCCCCCCC/C=C\CC(CCCCCC)OC(=O)OCC#CCCCCC)CCN(CCC(=O)OCCCCCCCC/C=C\CC(CCCCCC)OC(=O)OCC#CCCCCC)CCCN(CCC(=O)OCCCCCCCC/C=C\CC(CCCCCC)OC(=O)OCC#CCCCCC)CC1)CCCCCC,Ugi-3CR,C1CNCCNCCCNCCNC1,secondary,C=CC(=O)OCCCCCCCC/C=C\CC(CCCCCC)OC(=O)O,ester/carbonate acrylate,1,T7,CCCCCC#CCO,ricinoleic/aliphatic,,,,,,,,,,,,,,,,head–linker–tail,DOPE,[H][C@@](COP([O-])(OCC[NH3+])=O)(OC(CCCCCCC/C=C\\CCCCCCCC)=O)COC(CCCCCCC/C=C\\CCCCCCCC)=O,16.0,Cholesterol,C[C@H](CCCC(C)C)[C@H]1CC[C@@H]2[C@@]1(CC[C@H]3[C@H]2CC=C4[C@@]3(CC[C@@H](C4)O)C)C,46.5,DMPE-PEG2000,CCCCCCCCCCCCCC(=O)OCC(COP(=O)(OCCNCC(=O)OCCOCCOCCOCCOCCOCCOCCOCCOCCOCCOCCOCCOCCOCCOCCOCCOCCOCCOCCOCCOCCOCCOCCOCCOCCOCCOCCOCCOCCOCCOCCOCCOCCOCCOCCOCCOCCOCCOCCOCCOCCOCCOCCOC)O)OC(=O)CCCCCCCCCCCCC,2.5,2000.0,35.0,10.0,,,,mRNA,in_vitro,in_vitro,A549,in_vitro,,,,,,,0.5999541634470857,normalized_luminescence,154.0,1.0,0.0,96.0,2161.663396,260.28,0.0,24.0,32.733,629.194,0.815384615,4.0,4.0,2163.23,True,True,False,biodegradable acrylate,,,,,,,,,,,,,,,,,,,macrocyclic
LNPhub_R0004265,LNPhub_BL_2023,https://www.nature.com/articles/s41587-023-01679-x,LNPhub_BL_2023_LNP_000259,BL_A6-T8,CCCCCCC#CCOC(=O)OC(C/C=C\CCCCCCCCOC(=O)CCN(CCCN1CCN(CCCN(CCC(=O)OCCCCCCCC/C=C\CC(CCCCCC)OC(=O)OCC#CCCCCCC)CCC(=O)OCCCCCCCC/C=C\CC(CCCCCC)OC(=O)OCC#CCCCCCC)CC1)CCC(=O)OCCCCCCCC/C=C\CC(CCCCCC)OC(=O)OCC#CCCCCCC)CCCCCC,Ugi-3CR,C(CN)CN1CCN(CCCN)CC1,primary_tertiary,C=CC(=O)OCCCCCCCC/C=C\CC(CCCCCC)OC(=O)O,ester/carbonate acrylate,1,T8,CCCCCCC#CCO,ricinoleic/aliphatic,,,,,,,,,,,,,,,,head–linker–tail,DOPE,[H][C@@](COP([O-])(OCC[NH3+])=O)(OC(CCCCCCC/C=C\\CCCCCCCC)=O)COC(CCCCCCC/C=C\\CCCCCCCC)=O,16.0,Cholesterol,C[C@H](CCCC(C)C)[C@H]1CC[C@@H]2[C@@]1(CC[C@H]3[C@H]2CC=C4[C@@]3(CC[C@@H](C4)O)C)C,46.5,DMPE-PEG2000,CCCCCCCCCCCCCC(=O)OCC(COP(=O)(OCCNCC(=O)OCCOCCOCCOCCOCCOCCOCCOCCOCCOCCOCCOCCOCCOCCOCCOCCOCCOCCOCCOCCOCCOCCOCCOCCOCCOCCOCCOCCOCCOCCOCCOCCOCCOCCOCCOCCOCCOCCOCCOCCOCCOCCOCCOC)O)OC(=O)CCCCCCCCCCCCC,2.5,2000.0,35.0,10.0,,,,mRNA,in_vitro,in_vitro,A549,in_vitro,,,,,,,-0.2061361486046606,normalized_luminescence,158.0,1.0,0.0,108.0,2217.725996,260.28,0.0,24.0,34.2934,647.662,0.820895522,4.0,4.0,2219.338,True,True,False,biodegradable acrylate,,,,,,,,,,,,,,,,,,,cyclic-dendrimer
LNPhub_R0004266,LNPhub_BL_2023,https://www.nature.com/articles/s41587-023-01679-x,LNPhub_BL_2023_LNP_000260,BL_A28-T7,CCCCCC#CCOC(=O)OC(C/C=C\CCCCCCCCOC(=O)CCN(C)CCCN(C)CCCN(C)CCC(=O)OCCCCCCCC/C=C\CC(CCCCCC)OC(=O)OCC#CCCCCC)CCCCCC,Ugi-3CR,CNCCCN(C)CCCNC,secondary_tertiary,C=CC(=O)OCCCCCCCC/C=C\CC(CCCCCC)OC(=O)O,ester/carbonate acrylate,1,T7,CCCCCC#CCO,ricinoleic/aliphatic,,,,,,,,,,,,,,,,head–linker–tail,DOPE,[H][C@@](COP([O-])(OCC[NH3+])=O)(OC(CCCCCCC/C=C\\CCCCCCCC)=O)COC(CCCCCCC/C=C\\CCCCCCCC)=O,16.0,Cholesterol,C[C@H](CCCC(C)C)[C@H]1CC[C@@H]2[C@@]1(CC[C@H]3[C@H]2CC=C4[C@@]3(CC[C@@H](C4)O)C)C,46.5,DMPE-PEG2000,CCCCCCCCCCCCCC(=O)OCC(COP(=O)(OCCNCC(=O)OCCOCCOCCOCCOCCOCCOCCOCCOCCOCCOCCOCCOCCOCCOCCOCCOCCOCCOCCOCCOCCOCCOCCOCCOCCOCCOCCOCCOCCOCCOCCOCCOCCOCCOCCOCCOCCOCCOCCOCCOCCOCCOCCOC)O)OC(=O)CCCCCCCCCCCCC,2.5,2000.0,35.0,10.0,,,,mRNA,in_vitro,in_vitro,A549,in_vitro,,,,,,,-0.4441862302730334,normalized_luminescence,82.0,0.0,0.0,56.0,1153.920847,133.38,0.0,13.0,16.9344,338.825,0.826086957,2.0,3.0,1154.754,True,True,False,biodegradable acrylate,,,,,,,,,,,,,,,,,,,branched
LNPhub_R0004267,LNPhub_BL_2023,https://www.nature.com/articles/s41587-023-01679-x,LNPhub_BL_2023_LNP_000261,BL_A20-T1,CCCCCCCCCCCCCCCCCCOC(=O)OC(C/C=C\CCCCCCCCOC(=O)CCN1CCN=C1C)CCCCCC,Ugi-3CR,C1CN=C(N1)C,secondary,C=CC(=O)OCCCCCCCC/C=C\CC(CCCCCC)OC(=O)O,ester/carbonate acrylate,1,T1,CCCCCCCCCCCCCCCCCCO,ricinoleic/aliphatic,,,,,,,,,,,,,,,,head–linker–tail,DOPE,[H][C@@](COP([O-])(OCC[NH3+])=O)(OC(CCCCCCC/C=C\\CCCCCCCC)=O)COC(CCCCCCC/C=C\\CCCCCCCC)=O,16.0,Cholesterol,C[C@H](CCCC(C)C)[C@H]1CC[C@@H]2[C@@]1(CC[C@H]3[C@H]2CC=C4[C@@]3(CC[C@@H](C4)O)C)C,46.5,DMPE-PEG2000,CCCCCCCCCCCCCC(=O)OCC(COP(=O)(OCCNCC(=O)OCCOCCOCCOCCOCCOCCOCCOCCOCCOCCOCCOCCOCCOCCOCCOCCOCCOCCOCCOCCOCCOCCOCCOCCOCCOCCOCCOCCOCCOCCOCCOCCOCCOCCOCCOCCOCCOCCOCCOCCOCCOCCOCCOC)O)OC(=O)CCCCCCCCCCCCC,2.5,2000.0,35.0,10.0,,,,mRNA,in_vitro,in_vitro,A549,in_vitro,,,,,,,-0.3662027542294474,normalized_luminescence,51.0,1.0,0.0,37.0,718.6223737,77.43,0.0,7.0,13.0844,215.727,0.886363636,1.0,2.0,719.149,True,True,False,biodegradable acrylate,,,,,,,,,,,,,,,,,,,cyclic
LNPhub_R0004268,LNPhub_BL_2023,https://www.nature.com/articles/s41587-023-01679-x,LNPhub_BL_2023_LNP_000262,BL_A53-T4,CCC#CCOC(=O)OC(C/C=C\CCCCCCCCOC(=O)CCN1CCC(O)CC1)CCCCCC,Ugi-3CR,C1CNCCC1O,secondary,C=CC(=O)OCCCCCCCC/C=C\CC(CCCCCC)OC(=O)O,ester/carbonate acrylate,1,T4,CCC#CCO,ricinoleic/aliphatic,,,,,,,,,,,,,,,,head–linker–tail,DOPE,[H][C@@](COP([O-])(OCC[NH3+])=O)(OC(CCCCCCC/C=C\\CCCCCCCC)=O)COC(CCCCCCC/C=C\\CCCCCCCC)=O,16.0,Cholesterol,C[C@H](CCCC(C)C)[C@H]1CC[C@@H]2[C@@]1(CC[C@H]3[C@H]2CC=C4[C@@]3(CC[C@@H](C4)O)C)C,46.5,DMPE-PEG2000,CCCCCCCCCCCCCC(=O)OCC(COP(=O)(OCCNCC(=O)OCCOCCOCCOCCOCCOCCOCCOCCOCCOCCOCCOCCOCCOCCOCCOCCOCCOCCOCCOCCOCCOCCOCCOCCOCCOCCOCCOCCOCCOCCOCCOCCOCCOCCOCCOCCOCCOCCOCCOCCOCCOCCOCCOC)O)OC(=O)CCCCCCCCCCCCC,2.5,2000.0,35.0,10.0,,,,mRNA,in_vitro,in_vitro,A549,in_vitro,,,,,,,0.2115882083084362,normalized_luminescence,39.0,1.0,0.0,21.0,549.4029385,85.3,1.0,7.0,6.959,156.3798,0.8125,1.0,1.0,549.793,True,True,False,biodegradable acrylate,,,,,,,,,,,,,,,,,,,cyclic
LNPhub_R0004269,LNPhub_BL_2023,https://www.nature.com/articles/s41587-023-01679-x,LNPhub_BL_2023_LNP_000263,BL_A69-T9,CCCCC#CCCOC(=O)OC(C/C=C\CCCCCCCCOC(=O)CCN(CCCN1CCCC1)CCC(=O)OCCCCCCCC/C=C\CC(CCCCCC)OC(=O)OCCC#CCCCC)CCCCCC,Ugi-3CR,C1CCN(C1)CCCN,primary_tertiary,C=CC(=O)OCCCCCCCC/C=C\CC(CCCCCC)OC(=O)O,ester/carbonate acrylate,1,T9,CCCCC#CCCO,ricinoleic/aliphatic,,,,,,,,,,,,,,,,head–linker–tail,DOPE,[H][C@@](COP([O-])(OCC[NH3+])=O)(OC(CCCCCCC/C=C\\CCCCCCCC)=O)COC(CCCCCCC/C=C\\CCCCCCCC)=O,16.0,Cholesterol,C[C@H](CCCC(C)C)[C@H]1CC[C@@H]2[C@@]1(CC[C@H]3[C@H]2CC=C4[C@@]3(CC[C@@H](C4)O)C)C,46.5,DMPE-PEG2000,CCCCCCCCCCCCCC(=O)OCC(COP(=O)(OCCNCC(=O)OCCOCCOCCOCCOCCOCCOCCOCCOCCOCCOCCOCCOCCOCCOCCOCCOCCOCCOCCOCCOCCOCCOCCOCCOCCOCCOCCOCCOCCOCCOCCOCCOCCOCCOCCOCCOCCOCCOCCOCCOCCOCCOCCOC)O)OC(=O)CCCCCCCCCCCCC,2.5,2000.0,35.0,10.0,,,,mRNA,in_vitro,in_vitro,A549,in_vitro,,,,,,,-0.2785940770338059,normalized_luminescence,79.0,1.0,0.0,52.0,1108.862998,130.14,0.0,12.0,17.1467,323.831,0.820895522,2.0,2.0,1109.669,True,True,False,biodegradable acrylate,,,,,,,,,,,,,,,,,,,cyclic
LNPhub_R0004270,LNPhub_BL_2023,https://www.nature.com/articles/s41587-023-01679-x,LNPhub_BL_2023_LNP_000264,BL_A27-T7,CCCCCC#CCOC(=O)OC(C/C=C\CCCCCCCCOC(=O)CCN(CCCN1CCCCCC1)CCC(=O)OCCCCCCCC/C=C\CC(CCCCCC)OC(=O)OCC#CCCCCC)CCCCCC,Ugi-3CR,C1CCCN(CC1)CCC[NH],primary_tertiary,C=CC(=O)OCCCCCCCC/C=C\CC(CCCCCC)OC(=O)O,ester/carbonate acrylate,1,T7,CCCCCC#CCO,ricinoleic/aliphatic,,,,,,,,,,,,,,,,head–linker–tail,DOPE,[H][C@@](COP([O-])(OCC[NH3+])=O)(OC(CCCCCCC/C=C\\CCCCCCCC)=O)COC(CCCCCCC/C=C\\CCCCCCCC)=O,16.0,Cholesterol,C[C@H](CCCC(C)C)[C@H]1CC[C@@H]2[C@@]1(CC[C@H]3[C@H]2CC=C4[C@@]3(CC[C@@H](C4)O)C)C,46.5,DMPE-PEG2000,CCCCCCCCCCCCCC(=O)OCC(COP(=O)(OCCNCC(=O)OCCOCCOCCOCCOCCOCCOCCOCCOCCOCCOCCOCCOCCOCCOCCOCCOCCOCCOCCOCCOCCOCCOCCOCCOCCOCCOCCOCCOCCOCCOCCOCCOCCOCCOCCOCCOCCOCCOCCOCCOCCOCCOCCOC)O)OC(=O)CCCCCCCCCCCCC,2.5,2000.0,35.0,10.0,,,,mRNA,in_vitro,in_vitro,A549,in_vitro,,,,,,,-0.9827228290507544,normalized_luminescence,81.0,1.0,0.0,52.0,1136.894298,130.14,0.0,12.0,17.9269,333.065,0.826086957,2.0,2.0,1137.723,True,True,False,biodegradable acrylate,,,,,,,,,,,,,,,,,,,cyclic
LNPhub_R0004271,LNPhub_BL_2023,https://www.nature.com/articles/s41587-023-01679-x,LNPhub_BL_2023_LNP_000265,BL_A28-T2,CCCCCCCC/C=C\CCCCCCCCOC(=O)OC(C/C=C\CCCCCCCCOC(=O)CCN(C)CCCN(C)CCCN(C)CCC(=O)OCCCCCCCC/C=C\CC(CCCCCC)OC(=O)OCCCCCCCC/C=C\CCCCCCCC)CCCCCC,Ugi-3CR,CNCCCN(C)CCCNC,secondary_tertiary,C=CC(=O)OCCCCCCCC/C=C\CC(CCCCCC)OC(=O)O,ester/carbonate acrylate,1,T2,CCCCCCCCC=CCCCCCCCCO,ricinoleic/aliphatic,,,,,,,,,,,,,,,,head–linker–tail,DOPE,[H][C@@](COP([O-])(OCC[NH3+])=O)(OC(CCCCCCC/C=C\\CCCCCCCC)=O)COC(CCCCCCC/C=C\\CCCCCCCC)=O,16.0,Cholesterol,C[C@H](CCCC(C)C)[C@H]1CC[C@@H]2[C@@]1(CC[C@H]3[C@H]2CC=C4[C@@]3(CC[C@@H](C4)O)C)C,46.5,DMPE-PEG2000,CCCCCCCCCCCCCC(=O)OCC(COP(=O)(OCCNCC(=O)OCCOCCOCCOCCOCCOCCOCCOCCOCCOCCOCCOCCOCCOCCOCCOCCOCCOCCOCCOCCOCCOCCOCCOCCOCCOCCOCCOCCOCCOCCOCCOCCOCCOCCOCCOCCOCCOCCOCCOCCOCCOCCOCCOC)O)OC(=O)CCCCCCCCCCCCC,2.5,2000.0,35.0,10.0,,,,mRNA,in_vitro,in_vitro,A549,in_vitro,,,,,,,0.7656869421451088,normalized_luminescence,102.0,0.0,0.0,80.0,1438.265149,133.38,0.0,13.0,25.842,433.893,0.865168539,2.0,3.0,1439.326,True,True,False,biodegradable acrylate,,,,,,,,,,,,,,,,,,,branched
LNPhub_R0004272,LNPhub_BL_2023,https://www.nature.com/articles/s41587-023-01679-x,LNPhub_BL_2023_LNP_000266,BL_A17-T9,CCCCC#CCCOC(=O)OC(C/C=C\CCCCCCCCOC(=O)CCN(CCC(=O)OCCCCCCCC/C=C\CC(CCCCCC)OC(=O)OCCC#CCCCC)CCN1CCOCC1)CCCCCC,Ugi-3CR,C(CN1CCOCC1)N,primary_tertiary,C=CC(=O)OCCCCCCCC/C=C\CC(CCCCCC)OC(=O)O,ester/carbonate acrylate,1,T9,CCCCC#CCCO,ricinoleic/aliphatic,,,,,,,,,,,,,,,,head–linker–tail,DOPE,[H][C@@](COP([O-])(OCC[NH3+])=O)(OC(CCCCCCC/C=C\\CCCCCCCC)=O)COC(CCCCCCC/C=C\\CCCCCCCC)=O,16.0,Cholesterol,C[C@H](CCCC(C)C)[C@H]1CC[C@@H]2[C@@]1(CC[C@H]3[C@H]2CC=C4[C@@]3(CC[C@@H](C4)O)C)C,46.5,DMPE-PEG2000,CCCCCCCCCCCCCC(=O)OCC(COP(=O)(OCCNCC(=O)OCCOCCOCCOCCOCCOCCOCCOCCOCCOCCOCCOCCOCCOCCOCCOCCOCCOCCOCCOCCOCCOCCOCCOCCOCCOCCOCCOCCOCCOCCOCCOCCOCCOCCOCCOCCOCCOCCOCCOCCOCCOCCOCCOC)O)OC(=O)CCCCCCCCCCCCC,2.5,2000.0,35.0,10.0,,,,mRNA,in_vitro,in_vitro,A549,in_vitro,,,,,,,-0.7722237046782298,normalized_luminescence,79.0,1.0,0.0,51.0,1110.842262,139.37,0.0,13.0,15.993,320.799,0.818181818,2.0,2.0,1111.641,True,True,False,biodegradable acrylate,,,,,,,,,,,,,,,,,,,cyclic
LNPhub_R0004273,LNPhub_BL_2023,https://www.nature.com/articles/s41587-023-01679-x,LNPhub_BL_2023_LNP_000267,BL_A45-T1,CCCCCCCCCCCCCCCCCCOC(=O)OC(C/C=C\CCCCCCCCOC(=O)CCN(CCC(=O)OCCCCCCCC/C=C\CC(CCCCCC)OC(=O)OCCCCCCCCCCCCCCCCCC)CCC1CCCCN1CC(C)C)CCCCCC,Ugi-3CR,CC(C)CN1CCCCC1CCN,primary_tertiary,C=CC(=O)OCCCCCCCC/C=C\CC(CCCCCC)OC(=O)O,ester/carbonate acrylate,1,T1,CCCCCCCCCCCCCCCCCCO,ricinoleic/aliphatic,,,,,,,,,,,,,,,,head–linker–tail,DOPE,[H][C@@](COP([O-])(OCC[NH3+])=O)(OC(CCCCCCC/C=C\\CCCCCCCC)=O)COC(CCCCCCC/C=C\\CCCCCCCC)=O,16.0,Cholesterol,C[C@H](CCCC(C)C)[C@H]1CC[C@@H]2[C@@]1(CC[C@H]3[C@H]2CC=C4[C@@]3(CC[C@@H](C4)O)C)C,46.5,DMPE-PEG2000,CCCCCCCCCCCCCC(=O)OCC(COP(=O)(OCCNCC(=O)OCCOCCOCCOCCOCCOCCOCCOCCOCCOCCOCCOCCOCCOCCOCCOCCOCCOCCOCCOCCOCCOCCOCCOCCOCCOCCOCCOCCOCCOCCOCCOCCOCCOCCOCCOCCOCCOCCOCCOCCOCCOCCOCCOC)O)OC(=O)CCCCCCCCCCCCC,2.5,2000.0,35.0,10.0,,,,mRNA,in_vitro,in_vitro,A549,in_vitro,,,,,,,0.0320854434215828,normalized_luminescence,103.0,1.0,0.0,79.0,1453.3012,130.14,0.0,12.0,27.917,437.463,0.912087912,3.0,2.0,1454.381,True,True,False,biodegradable acrylate,,,,,,,,,,,,,,,,,,,cyclic-dendrimer
LNPhub_R0004274,LNPhub_BL_2023,https://www.nature.com/articles/s41587-023-01679-x,LNPhub_BL_2023_LNP_000268,BL_A51-T2,CCCCCCCC/C=C\CCCCCCCCOC(=O)OC(C/C=C\CCCCCCCCOC(=O)CCN1CCC(CO)CC1)CCCCCC,Ugi-3CR,C1CNCCC1CO,secondary,C=CC(=O)OCCCCCCCC/C=C\CC(CCCCCC)OC(=O)O,ester/carbonate acrylate,1,T2,CCCCCCCCC=CCCCCCCCCO,ricinoleic/aliphatic,,,,,,,,,,,,,,,,head–linker–tail,DOPE,[H][C@@](COP([O-])(OCC[NH3+])=O)(OC(CCCCCCC/C=C\\CCCCCCCC)=O)COC(CCCCCCC/C=C\\CCCCCCCC)=O,16.0,Cholesterol,C[C@H](CCCC(C)C)[C@H]1CC[C@@H]2[C@@]1(CC[C@H]3[C@H]2CC=C4[C@@]3(CC[C@@H](C4)O)C)C,46.5,DMPE-PEG2000,CCCCCCCCCCCCCC(=O)OCC(COP(=O)(OCCNCC(=O)OCCOCCOCCOCCOCCOCCOCCOCCOCCOCCOCCOCCOCCOCCOCCOCCOCCOCCOCCOCCOCCOCCOCCOCCOCCOCCOCCOCCOCCOCCOCCOCCOCCOCCOCCOCCOCCOCCOCCOCCOCCOCCOCCOC)O)OC(=O)CCCCCCCCCCCCC,2.5,2000.0,35.0,10.0,,,,mRNA,in_vitro,in_vitro,A549,in_vitro,,,,,,,0.8550285530448577,normalized_luminescence,53.0,1.0,0.0,37.0,747.6376894,85.3,1.0,7.0,12.8307,222.3338,0.869565217,1.0,1.0,748.187,True,True,False,biodegradable acrylate,,,,,,,,,,,,,,,,,,,cyclic
LNPhub_R0004275,LNPhub_BL_2023,https://www.nature.com/articles/s41587-023-01679-x,LNPhub_BL_2023_LNP_000269,BL_A23-T7,CCCCCC#CCOC(=O)OC(C/C=C\CCCCCCCCOC(=O)CCN1CCN(c2ccccn2)CC1)CCCCCC,Ugi-3CR,C1=CC(=NC=C1)N2CCNCC2,secondary_tertiary,C=CC(=O)OCCCCCCCC/C=C\CC(CCCCCC)OC(=O)O,ester/carbonate acrylate,1,T7,CCCCCC#CCO,ricinoleic/aliphatic,,,,,,,,,,,,,,,,head–linker–tail,DOPE,[H][C@@](COP([O-])(OCC[NH3+])=O)(OC(CCCCCCC/C=C\\CCCCCCCC)=O)COC(CCCCCCC/C=C\\CCCCCCCC)=O,16.0,Cholesterol,C[C@H](CCCC(C)C)[C@H]1CC[C@@H]2[C@@]1(CC[C@H]3[C@H]2CC=C4[C@@]3(CC[C@@H](C4)O)C)C,46.5,DMPE-PEG2000,CCCCCCCCCCCCCC(=O)OCC(COP(=O)(OCCNCC(=O)OCCOCCOCCOCCOCCOCCOCCOCCOCCOCCOCCOCCOCCOCCOCCOCCOCCOCCOCCOCCOCCOCCOCCOCCOCCOCCOCCOCCOCCOCCOCCOCCOCCOCCOCCOCCOCCOCCOCCOCCOCCOCCOCCOC)O)OC(=O)CCCCCCCCCCCCC,2.5,2000.0,35.0,10.0,,,,mRNA,in_vitro,in_vitro,A549,in_vitro,,,,,,,0.5078008711124697,normalized_luminescence,47.0,2.0,1.0,25.0,653.4767721,81.2,0.0,8.0,8.8898,191.44,0.717948718,1.0,3.0,653.949,True,True,False,biodegradable acrylate,,,,,,,,,,,,,,,,,,,cyclic
LNPhub_R0004276,LNPhub_BL_2023,https://www.nature.com/articles/s41587-023-01679-x,LNPhub_BL_2023_LNP_000270,BL_A59-T8,CCCCCCC#CCOC(=O)OC(C/C=C\CCCCCCCCOC(=O)CCN(CCCN(CCC(=O)OCCCCCCCC/C=C\CC(CCCCCC)OC(=O)OCC#CCCCCCC)CCC(=O)OCCCCCCCC/C=C\CC(CCCCCC)OC(=O)OCC#CCCCCCC)CCC(=O)OCCCCCCCC/C=C\CC(CCCCCC)OC(=O)OCC#CCCCCCC)CCCCCC,Ugi-3CR,C(CN)CN,primary,C=CC(=O)OCCCCCCCC/C=C\CC(CCCCCC)OC(=O)O,ester/carbonate acrylate,1,T8,CCCCCCC#CCO,ricinoleic/aliphatic,,,,,,,,,,,,,,,,head–linker–tail,DOPE,[H][C@@](COP([O-])(OCC[NH3+])=O)(OC(CCCCCCC/C=C\\CCCCCCCC)=O)COC(CCCCCCC/C=C\\CCCCCCCC)=O,16.0,Cholesterol,C[C@H](CCCC(C)C)[C@H]1CC[C@@H]2[C@@]1(CC[C@H]3[C@H]2CC=C4[C@@]3(CC[C@@H](C4)O)C)C,46.5,DMPE-PEG2000,CCCCCCCCCCCCCC(=O)OCC(COP(=O)(OCCNCC(=O)OCCOCCOCCOCCOCCOCCOCCOCCOCCOCCOCCOCCOCCOCCOCCOCCOCCOCCOCCOCCOCCOCCOCCOCCOCCOCCOCCOCCOCCOCCOCCOCCOCCOCCOCCOCCOCCOCCOCCOCCOCCOCCOCCOC)O)OC(=O)CCCCCCCCCCCCC,2.5,2000.0,35.0,10.0,,,,mRNA,in_vitro,in_vitro,A549,in_vitro,,,,,,,-1.5541304135891347,normalized_luminescence,149.0,0.0,0.0,104.0,2091.610297,253.8,0.0,22.0,34.2857,610.165,0.811023622,4.0,2.0,2093.135,True,True,False,biodegradable acrylate,,,,,,,,,,,,,,,,,,,linear
LNPhub_R0004277,LNPhub_BL_2023,https://www.nature.com/articles/s41587-023-01679-x,LNPhub_BL_2023_LNP_000271,BL_A31-T6,CCCCC#CCOC(=O)OC(C/C=C\CCCCCCCCOC(=O)CCN(CCCN(CCC(=O)OCCCCCCCC/C=C\CC(CCCCCC)OC(=O)OCC#CCCCC)CCC(=O)OCCCCCCCC/C=C\CC(CCCCCC)OC(=O)OCC#CCCCC)CCCN(CCC(=O)OCCCCCCCC/C=C\CC(CCCCCC)OC(=O)OCC#CCCCC)CCC(=O)OCCCCCCCC/C=C\CC(CCCCCC)OC(=O)OCC#CCCCC)CCCCCC,Ugi-3CR,C(CN)CNCCCN,primary_secondary,C=CC(=O)OCCCCCCCC/C=C\CC(CCCCCC)OC(=O)O,ester/carbonate acrylate,1,T6,CCCCC#CCO,ricinoleic/aliphatic,,,,,,,,,,,,,,,,head–linker–tail,DOPE,[H][C@@](COP([O-])(OCC[NH3+])=O)(OC(CCCCCCC/C=C\\CCCCCCCC)=O)COC(CCCCCCC/C=C\\CCCCCCCC)=O,16.0,Cholesterol,C[C@H](CCCC(C)C)[C@H]1CC[C@@H]2[C@@]1(CC[C@H]3[C@H]2CC=C4[C@@]3(CC[C@@H](C4)O)C)C,46.5,DMPE-PEG2000,CCCCCCCCCCCCCC(=O)OCC(COP(=O)(OCCNCC(=O)OCCOCCOCCOCCOCCOCCOCCOCCOCCOCCOCCOCCOCCOCCOCCOCCOCCOCCOCCOCCOCCOCCOCCOCCOCCOCCOCCOCCOCCOCCOCCOCCOCCOCCOCCOCCOCCOCCOCCOCCOCCOCCOCCOC)O)OC(=O)CCCCCCCCCCCCC,2.5,2000.0,35.0,10.0,,,,mRNA,in_vitro,in_vitro,A549,in_vitro,,,,,,,1.3539933197026046,normalized_luminescence,179.0,0.0,0.0,123.0,2512.893121,318.87,0.0,28.0,39.1531,728.219,0.801324503,5.0,3.0,2514.713,True,True,False,biodegradable acrylate,,,,,,,,,,,,,,,,,,,linear
LNPhub_R0004278,LNPhub_BL_2023,https://www.nature.com/articles/s41587-023-01679-x,LNPhub_BL_2023_LNP_000272,BL_A41-T8,CCCCCCC#CCOC(=O)OC(C/C=C\CCCCCCCCOC(=O)CCN1CCC[C@H]1CO)CCCCCC,Ugi-3CR,C1C[C@@H](CO)NC1,secondary,C=CC(=O)OCCCCCCCC/C=C\CC(CCCCCC)OC(=O)O,ester/carbonate acrylate,1,T8,CCCCCCC#CCO,ricinoleic/aliphatic,,,,,,,,,,,,,,,,head–linker–tail,DOPE,[H][C@@](COP([O-])(OCC[NH3+])=O)(OC(CCCCCCC/C=C\\CCCCCCCC)=O)COC(CCCCCCC/C=C\\CCCCCCCC)=O,16.0,Cholesterol,C[C@H](CCCC(C)C)[C@H]1CC[C@@H]2[C@@]1(CC[C@H]3[C@H]2CC=C4[C@@]3(CC[C@@H](C4)O)C)C,46.5,DMPE-PEG2000,CCCCCCCCCCCCCC(=O)OCC(COP(=O)(OCCNCC(=O)OCCOCCOCCOCCOCCOCCOCCOCCOCCOCCOCCOCCOCCOCCOCCOCCOCCOCCOCCOCCOCCOCCOCCOCCOCCOCCOCCOCCOCCOCCOCCOCCOCCOCCOCCOCCOCCOCCOCCOCCOCCOCCOCCOC)O)OC(=O)CCCCCCCCCCCCC,2.5,2000.0,35.0,10.0,,,,mRNA,in_vitro,in_vitro,A549,in_vitro,,,,,,,-0.4673258377320193,normalized_luminescence,43.0,1.0,0.0,26.0,605.4655387,85.3,1.0,7.0,8.5194,174.8478,0.833333333,2.0,1.0,605.901,True,True,False,biodegradable acrylate,,,,,,,,,,,,,,,,,,,cyclic
LNPhub_R0004279,LNPhub_BL_2023,https://www.nature.com/articles/s41587-023-01679-x,LNPhub_BL_2023_LNP_000273,BL_A70-T1,CCCCCCCCCCCCCCCCCCOC(=O)OC(C/C=C\CCCCCCCCOC(=O)CCN(CCCN1CCOCC1)CCC(=O)OCCCCCCCC/C=C\CC(CCCCCC)OC(=O)OCCCCCCCCCCCCCCCCCC)CCCCCC,Ugi-3CR,C(CN)CN1CCOCC1,primary_tertiary,C=CC(=O)OCCCCCCCC/C=C\CC(CCCCCC)OC(=O)O,ester/carbonate acrylate,1,T1,CCCCCCCCCCCCCCCCCCO,ricinoleic/aliphatic,,,,,,,,,,,,,,,,head–linker–tail,DOPE,[H][C@@](COP([O-])(OCC[NH3+])=O)(OC(CCCCCCC/C=C\\CCCCCCCC)=O)COC(CCCCCCC/C=C\\CCCCCCCC)=O,16.0,Cholesterol,C[C@H](CCCC(C)C)[C@H]1CC[C@@H]2[C@@]1(CC[C@H]3[C@H]2CC=C4[C@@]3(CC[C@@H](C4)O)C)C,46.5,DMPE-PEG2000,CCCCCCCCCCCCCC(=O)OCC(COP(=O)(OCCNCC(=O)OCCOCCOCCOCCOCCOCCOCCOCCOCCOCCOCCOCCOCCOCCOCCOCCOCCOCCOCCOCCOCCOCCOCCOCCOCCOCCOCCOCCOCCOCCOCCOCCOCCOCCOCCOCCOCCOCCOCCOCCOCCOCCOCCOC)O)OC(=O)CCCCCCCCCCCCC,2.5,2000.0,35.0,10.0,,,,mRNA,in_vitro,in_vitro,A549,in_vitro,,,,,,,-1.0923718816467771,normalized_luminescence,100.0,1.0,0.0,78.0,1413.233514,139.37,0.0,13.0,25.7387,420.672,0.908045977,2.0,2.0,1414.272,True,True,False,biodegradable acrylate,,,,,,,,,,,,,,,,,,,cyclic
LNPhub_R0004280,LNPhub_BL_2023,https://www.nature.com/articles/s41587-023-01679-x,LNPhub_BL_2023_LNP_000274,BL_A31-T5,CCCC#CCOC(=O)OC(C/C=C\CCCCCCCCOC(=O)CCN(CCCN(CCC(=O)OCCCCCCCC/C=C\CC(CCCCCC)OC(=O)OCC#CCCC)CCC(=O)OCCCCCCCC/C=C\CC(CCCCCC)OC(=O)OCC#CCCC)CCCN(CCC(=O)OCCCCCCCC/C=C\CC(CCCCCC)OC(=O)OCC#CCCC)CCC(=O)OCCCCCCCC/C=C\CC(CCCCCC)OC(=O)OCC#CCCC)CCCCCC,Ugi-3CR,C(CN)CNCCCN,primary_secondary,C=CC(=O)OCCCCCCCC/C=C\CC(CCCCCC)OC(=O)O,ester/carbonate acrylate,1,T5,CCCC#CCO,ricinoleic/aliphatic,,,,,,,,,,,,,,,,head–linker–tail,DOPE,[H][C@@](COP([O-])(OCC[NH3+])=O)(OC(CCCCCCC/C=C\\CCCCCCCC)=O)COC(CCCCCCC/C=C\\CCCCCCCC)=O,16.0,Cholesterol,C[C@H](CCCC(C)C)[C@H]1CC[C@@H]2[C@@]1(CC[C@H]3[C@H]2CC=C4[C@@]3(CC[C@@H](C4)O)C)C,46.5,DMPE-PEG2000,CCCCCCCCCCCCCC(=O)OCC(COP(=O)(OCCNCC(=O)OCCOCCOCCOCCOCCOCCOCCOCCOCCOCCOCCOCCOCCOCCOCCOCCOCCOCCOCCOCCOCCOCCOCCOCCOCCOCCOCCOCCOCCOCCOCCOCCOCCOCCOCCOCCOCCOCCOCCOCCOCCOCCOCCOC)O)OC(=O)CCCCCCCCCCCCC,2.5,2000.0,35.0,10.0,,,,mRNA,in_vitro,in_vitro,A549,in_vitro,,,,,,,1.2027515288662602,normalized_luminescence,174.0,0.0,0.0,118.0,2442.81487,318.87,0.0,28.0,37.2026,705.134,0.794520548,5.0,3.0,2444.578,True,True,False,biodegradable acrylate,,,,,,,,,,,,,,,,,,,linear
LNPhub_R0004281,LNPhub_BL_2023,https://www.nature.com/articles/s41587-023-01679-x,LNPhub_BL_2023_LNP_000275,BL_A21-T9,CCCCC#CCCOC(=O)OC(C/C=C\CCCCCCCCOC(=O)CCN(C)CCOCCOCCN(C)CCC(=O)OCCCCCCCC/C=C\CC(CCCCCC)OC(=O)OCCC#CCCCC)CCCCCC,Ugi-3CR,CNCCOCCOCCNC,secondary,C=CC(=O)OCCCCCCCC/C=C\CC(CCCCCC)OC(=O)O,ester/carbonate acrylate,1,T9,CCCCC#CCCO,ricinoleic/aliphatic,,,,,,,,,,,,,,,,head–linker–tail,DOPE,[H][C@@](COP([O-])(OCC[NH3+])=O)(OC(CCCCCCC/C=C\\CCCCCCCC)=O)COC(CCCCCCC/C=C\\CCCCCCCC)=O,16.0,Cholesterol,C[C@H](CCCC(C)C)[C@H]1CC[C@@H]2[C@@]1(CC[C@H]3[C@H]2CC=C4[C@@]3(CC[C@@H](C4)O)C)C,46.5,DMPE-PEG2000,CCCCCCCCCCCCCC(=O)OCC(COP(=O)(OCCNCC(=O)OCCOCCOCCOCCOCCOCCOCCOCCOCCOCCOCCOCCOCCOCCOCCOCCOCCOCCOCCOCCOCCOCCOCCOCCOCCOCCOCCOCCOCCOCCOCCOCCOCCOCCOCCOCCOCCOCCOCCOCCOCCOCCOCCOC)O)OC(=O)CCCCCCCCCCCCC,2.5,2000.0,35.0,10.0,,,,mRNA,in_vitro,in_vitro,A549,in_vitro,,,,,,,1.1383711219626766,normalized_luminescence,82.0,0.0,0.0,57.0,1156.884127,148.6,0.0,14.0,16.2556,333.732,0.823529412,2.0,2.0,1157.71,True,True,False,biodegradable acrylate,,,,,,,,,,,,,,,,,,,linear
LNPhub_R0004282,LNPhub_BL_2023,https://www.nature.com/articles/s41587-023-01679-x,LNPhub_BL_2023_LNP_000276,BL_A13-T5,CCCC#CCOC(=O)OC(C/C=C\CCCCCCCCOC(=O)CCN1CCN(CCN2CCCC2)CC1)CCCCCC,Ugi-3CR,C1CCN(C1)CCN2CCNCC2,secondary_tertiary,C=CC(=O)OCCCCCCCC/C=C\CC(CCCCCC)OC(=O)O,ester/carbonate acrylate,1,T5,CCCC#CCO,ricinoleic/aliphatic,,,,,,,,,,,,,,,,head–linker–tail,DOPE,[H][C@@](COP([O-])(OCC[NH3+])=O)(OC(CCCCCCC/C=C\\CCCCCCCC)=O)COC(CCCCCCC/C=C\\CCCCCCCC)=O,16.0,Cholesterol,C[C@H](CCCC(C)C)[C@H]1CC[C@@H]2[C@@]1(CC[C@H]3[C@H]2CC=C4[C@@]3(CC[C@@H](C4)O)C)C,46.5,DMPE-PEG2000,CCCCCCCCCCCCCC(=O)OCC(COP(=O)(OCCNCC(=O)OCCOCCOCCOCCOCCOCCOCCOCCOCCOCCOCCOCCOCCOCCOCCOCCOCCOCCOCCOCCOCCOCCOCCOCCOCCOCCOCCOCCOCCOCCOCCOCCOCCOCCOCCOCCOCCOCCOCCOCCOCCOCCOCCOC)O)OC(=O)CCCCCCCCCCCCC,2.5,2000.0,35.0,10.0,,,,mRNA,in_vitro,in_vitro,A549,in_vitro,,,,,,,-0.8654848212849714,normalized_luminescence,46.0,2.0,0.0,25.0,645.5080722,71.55,0.0,8.0,7.6058,187.87,0.842105263,1.0,3.0,645.97,True,True,False,biodegradable acrylate,,,,,,,,,,,,,,,,,,,cyclic
LNPhub_R0004283,LNPhub_BL_2023,https://www.nature.com/articles/s41587-023-01679-x,LNPhub_BL_2023_LNP_000277,BL_A14-T1,CCCCCCCCCCCCCCCCCCOC(=O)OC(C/C=C\CCCCCCCCOC(=O)CCN(C)CCN(CCN(C)CCC(=O)OCCCCCCCC/C=C\CC(CCCCCC)OC(=O)OCCCCCCCCCCCCCCCCCC)CCN(C)CCC(=O)OCCCCCCCC/C=C\CC(CCCCCC)OC(=O)OCCCCCCCCCCCCCCCCCC)CCCCCC,Ugi-3CR,CNCCN(CCNC)CCNC,secondary_tertiary,C=CC(=O)OCCCCCCCC/C=C\CC(CCCCCC)OC(=O)O,ester/carbonate acrylate,1,T1,CCCCCCCCCCCCCCCCCCO,ricinoleic/aliphatic,,,,,,,,,,,,,,,,head–linker–tail,DOPE,[H][C@@](COP([O-])(OCC[NH3+])=O)(OC(CCCCCCC/C=C\\CCCCCCCC)=O)COC(CCCCCCC/C=C\\CCCCCCCC)=O,16.0,Cholesterol,C[C@H](CCCC(C)C)[C@H]1CC[C@@H]2[C@@]1(CC[C@H]3[C@H]2CC=C4[C@@]3(CC[C@@H](C4)O)C)C,46.5,DMPE-PEG2000,CCCCCCCCCCCCCC(=O)OCC(COP(=O)(OCCNCC(=O)OCCOCCOCCOCCOCCOCCOCCOCCOCCOCCOCCOCCOCCOCCOCCOCCOCCOCCOCCOCCOCCOCCOCCOCCOCCOCCOCCOCCOCCOCCOCCOCCOCCOCCOCCOCCOCCOCCOCCOCCOCCOCCOCCOC)O)OC(=O)CCCCCCCCCCCCC,2.5,2000.0,35.0,10.0,,,,mRNA,in_vitro,in_vitro,A549,in_vitro,,,,,,,1.248605037471162,normalized_luminescence,148.0,0.0,0.0,120.0,2091.860973,198.45,0.0,19.0,38.1758,627.465,0.906976744,3.0,4.0,2093.4,True,True,False,biodegradable acrylate,,,,,,,,,,,,,,,,,,,branched
LNPhub_R0004284,LNPhub_BL_2023,https://www.nature.com/articles/s41587-023-01679-x,LNPhub_BL_2023_LNP_000278,BL_A55-T9,CCCCC#CCCOC(=O)OC(C/C=C\CCCCCCCCOC(=O)CCN(C)CCO)CCCCCC,Ugi-3CR,CNCCO,secondary,C=CC(=O)OCCCCCCCC/C=C\CC(CCCCCC)OC(=O)O,ester/carbonate acrylate,1,T9,CCCCC#CCCO,ricinoleic/aliphatic,,,,,,,,,,,,,,,,head–linker–tail,DOPE,[H][C@@](COP([O-])(OCC[NH3+])=O)(OC(CCCCCCC/C=C\\CCCCCCCC)=O)COC(CCCCCCC/C=C\\CCCCCCCC)=O,16.0,Cholesterol,C[C@H](CCCC(C)C)[C@H]1CC[C@@H]2[C@@]1(CC[C@H]3[C@H]2CC=C4[C@@]3(CC[C@@H](C4)O)C)C,46.5,DMPE-PEG2000,CCCCCCCCCCCCCC(=O)OCC(COP(=O)(OCCNCC(=O)OCCOCCOCCOCCOCCOCCOCCOCCOCCOCCOCCOCCOCCOCCOCCOCCOCCOCCOCCOCCOCCOCCOCCOCCOCCOCCOCCOCCOCCOCCOCCOCCOCCOCCOCCOCCOCCOCCOCCOCCOCCOCCOCCOC)O)OC(=O)CCCCCCCCCCCCC,2.5,2000.0,35.0,10.0,,,,mRNA,in_vitro,in_vitro,A549,in_vitro,,,,,,,-0.6417662017647137,normalized_luminescence,40.0,0.0,0.0,26.0,565.4342386,85.3,1.0,7.0,7.5967,163.1328,0.818181818,1.0,1.0,565.836,True,True,False,biodegradable acrylate,,,,,,,,,,,,,,,,,,,linear
LNPhub_R0004285,LNPhub_BL_2023,https://www.nature.com/articles/s41587-023-01679-x,LNPhub_BL_2023_LNP_000279,BL_A17-T1,CCCCCCCCCCCCCCCCCCOC(=O)OC(C/C=C\CCCCCCCCOC(=O)CCN(CCC(=O)OCCCCCCCC/C=C\CC(CCCCCC)OC(=O)OCCCCCCCCCCCCCCCCCC)CCN1CCOCC1)CCCCCC,Ugi-3CR,C(CN1CCOCC1)N,primary_tertiary,C=CC(=O)OCCCCCCCC/C=C\CC(CCCCCC)OC(=O)O,ester/carbonate acrylate,1,T1,CCCCCCCCCCCCCCCCCCO,ricinoleic/aliphatic,,,,,,,,,,,,,,,,head–linker–tail,DOPE,[H][C@@](COP([O-])(OCC[NH3+])=O)(OC(CCCCCCC/C=C\\CCCCCCCC)=O)COC(CCCCCCC/C=C\\CCCCCCCC)=O,16.0,Cholesterol,C[C@H](CCCC(C)C)[C@H]1CC[C@@H]2[C@@]1(CC[C@H]3[C@H]2CC=C4[C@@]3(CC[C@@H](C4)O)C)C,46.5,DMPE-PEG2000,CCCCCCCCCCCCCC(=O)OCC(COP(=O)(OCCNCC(=O)OCCOCCOCCOCCOCCOCCOCCOCCOCCOCCOCCOCCOCCOCCOCCOCCOCCOCCOCCOCCOCCOCCOCCOCCOCCOCCOCCOCCOCCOCCOCCOCCOCCOCCOCCOCCOCCOCCOCCOCCOCCOCCOCCOC)O)OC(=O)CCCCCCCCCCCCC,2.5,2000.0,35.0,10.0,,,,mRNA,in_vitro,in_vitro,A549,in_vitro,,,,,,,1.256541883249894,normalized_luminescence,99.0,1.0,0.0,77.0,1399.217864,139.37,0.0,13.0,25.3486,416.055,0.906976744,2.0,2.0,1400.245,True,True,False,biodegradable acrylate,,,,,,,,,,,,,,,,,,,cyclic
LNPhub_R0004286,LNPhub_BL_2023,https://www.nature.com/articles/s41587-023-01679-x,LNPhub_BL_2023_LNP_000280,BL_A53-T6,CCCCC#CCOC(=O)OC(C/C=C\CCCCCCCCOC(=O)CCN1CCC(O)CC1)CCCCCC,Ugi-3CR,C1CNCCC1O,secondary,C=CC(=O)OCCCCCCCC/C=C\CC(CCCCCC)OC(=O)O,ester/carbonate acrylate,1,T6,CCCCC#CCO,ricinoleic/aliphatic,,,,,,,,,,,,,,,,head–linker–tail,DOPE,[H][C@@](COP([O-])(OCC[NH3+])=O)(OC(CCCCCCC/C=C\\CCCCCCCC)=O)COC(CCCCCCC/C=C\\CCCCCCCC)=O,16.0,Cholesterol,C[C@H](CCCC(C)C)[C@H]1CC[C@@H]2[C@@]1(CC[C@H]3[C@H]2CC=C4[C@@]3(CC[C@@H](C4)O)C)C,46.5,DMPE-PEG2000,CCCCCCCCCCCCCC(=O)OCC(COP(=O)(OCCNCC(=O)OCCOCCOCCOCCOCCOCCOCCOCCOCCOCCOCCOCCOCCOCCOCCOCCOCCOCCOCCOCCOCCOCCOCCOCCOCCOCCOCCOCCOCCOCCOCCOCCOCCOCCOCCOCCOCCOCCOCCOCCOCCOCCOCCOC)O)OC(=O)CCCCCCCCCCCCC,2.5,2000.0,35.0,10.0,,,,mRNA,in_vitro,in_vitro,A549,in_vitro,,,,,,,-0.2353918893688401,normalized_luminescence,41.0,1.0,0.0,23.0,577.4342386,85.3,1.0,7.0,7.7392,165.6138,0.823529412,1.0,1.0,577.847,True,True,False,biodegradable acrylate,,,,,,,,,,,,,,,,,,,cyclic
LNPhub_R0004287,LNPhub_BL_2023,https://www.nature.com/articles/s41587-023-01679-x,LNPhub_BL_2023_LNP_000281,BL_A36-T7,CCCCCC#CCOC(=O)OC(C/C=C\CCCCCCCCOC(=O)CCN1CCN(CCN(C)C)CC1)CCCCCC,Ugi-3CR,CN(C)CCN1CCNCC1,secondary_tertiary,C=CC(=O)OCCCCCCCC/C=C\CC(CCCCCC)OC(=O)O,ester/carbonate acrylate,1,T7,CCCCCC#CCO,ricinoleic/aliphatic,,,,,,,,,,,,,,,,head–linker–tail,DOPE,[H][C@@](COP([O-])(OCC[NH3+])=O)(OC(CCCCCCC/C=C\\CCCCCCCC)=O)COC(CCCCCCC/C=C\\CCCCCCCC)=O,16.0,Cholesterol,C[C@H](CCCC(C)C)[C@H]1CC[C@@H]2[C@@]1(CC[C@H]3[C@H]2CC=C4[C@@]3(CC[C@@H](C4)O)C)C,46.5,DMPE-PEG2000,CCCCCCCCCCCCCC(=O)OCC(COP(=O)(OCCNCC(=O)OCCOCCOCCOCCOCCOCCOCCOCCOCCOCCOCCOCCOCCOCCOCCOCCOCCOCCOCCOCCOCCOCCOCCOCCOCCOCCOCCOCCOCCOCCOCCOCCOCCOCCOCCOCCOCCOCCOCCOCCOCCOCCOCCOC)O)OC(=O)CCCCCCCCCCCCC,2.5,2000.0,35.0,10.0,,,,mRNA,in_vitro,in_vitro,A549,in_vitro,,,,,,,-0.5994921149722596,normalized_luminescence,46.0,1.0,0.0,27.0,647.5237223,71.55,0.0,8.0,7.8518,189.984,0.842105263,1.0,3.0,647.986,True,True,False,biodegradable acrylate,,,,,,,,,,,,,,,,,,,cyclic
LNPhub_R0004288,LNPhub_BL_2023,https://www.nature.com/articles/s41587-023-01679-x,LNPhub_BL_2023_LNP_000282,BL_A61-T1,CCCCCCCCCCCCCCCCCCOC(=O)OC(C/C=C\CCCCCCCCOC(=O)CCN(C)CCN(C)CCC(=O)OCCCCCCCC/C=C\CC(CCCCCC)OC(=O)OCCCCCCCCCCCCCCCCCC)CCCCCC,Ugi-3CR,CNCCNC,secondary,C=CC(=O)OCCCCCCCC/C=C\CC(CCCCCC)OC(=O)O,ester/carbonate acrylate,1,T1,CCCCCCCCCCCCCCCCCCO,ricinoleic/aliphatic,,,,,,,,,,,,,,,,head–linker–tail,DOPE,[H][C@@](COP([O-])(OCC[NH3+])=O)(OC(CCCCCCC/C=C\\CCCCCCCC)=O)COC(CCCCCCC/C=C\\CCCCCCCC)=O,16.0,Cholesterol,C[C@H](CCCC(C)C)[C@H]1CC[C@@H]2[C@@]1(CC[C@H]3[C@H]2CC=C4[C@@]3(CC[C@@H](C4)O)C)C,46.5,DMPE-PEG2000,CCCCCCCCCCCCCC(=O)OCC(COP(=O)(OCCNCC(=O)OCCOCCOCCOCCOCCOCCOCCOCCOCCOCCOCCOCCOCCOCCOCCOCCOCCOCCOCCOCCOCCOCCOCCOCCOCCOCCOCCOCCOCCOCCOCCOCCOCCOCCOCCOCCOCCOCCOCCOCCOCCOCCOCCOC)O)OC(=O)CCCCCCCCCCCCC,2.5,2000.0,35.0,10.0,,,,mRNA,in_vitro,in_vitro,A549,in_vitro,,,,,,,-2.006890483143726,normalized_luminescence,96.0,0.0,0.0,77.0,1357.207299,130.14,0.0,12.0,25.578,407.35,0.904761905,2.0,2.0,1358.208,True,True,False,biodegradable acrylate,,,,,,,,,,,,,,,,,,,linear
LNPhub_R0004289,LNPhub_BL_2023,https://www.nature.com/articles/s41587-023-01679-x,LNPhub_BL_2023_LNP_000283,BL_A51-T4,CCC#CCOC(=O)OC(C/C=C\CCCCCCCCOC(=O)CCN1CCC(CO)CC1)CCCCCC,Ugi-3CR,C1CNCCC1CO,secondary,C=CC(=O)OCCCCCCCC/C=C\CC(CCCCCC)OC(=O)O,ester/carbonate acrylate,1,T4,CCC#CCO,ricinoleic/aliphatic,,,,,,,,,,,,,,,,head–linker–tail,DOPE,[H][C@@](COP([O-])(OCC[NH3+])=O)(OC(CCCCCCC/C=C\\CCCCCCCC)=O)COC(CCCCCCC/C=C\\CCCCCCCC)=O,16.0,Cholesterol,C[C@H](CCCC(C)C)[C@H]1CC[C@@H]2[C@@]1(CC[C@H]3[C@H]2CC=C4[C@@]3(CC[C@@H](C4)O)C)C,46.5,DMPE-PEG2000,CCCCCCCCCCCCCC(=O)OCC(COP(=O)(OCCNCC(=O)OCCOCCOCCOCCOCCOCCOCCOCCOCCOCCOCCOCCOCCOCCOCCOCCOCCOCCOCCOCCOCCOCCOCCOCCOCCOCCOCCOCCOCCOCCOCCOCCOCCOCCOCCOCCOCCOCCOCCOCCOCCOCCOCCOC)O)OC(=O)CCCCCCCCCCCCC,2.5,2000.0,35.0,10.0,,,,mRNA,in_vitro,in_vitro,A549,in_vitro,,,,,,,-0.7011154065105468,normalized_luminescence,40.0,1.0,0.0,22.0,563.4185885,85.3,1.0,7.0,7.2066,160.9488,0.818181818,1.0,1.0,563.82,True,True,False,biodegradable acrylate,,,,,,,,,,,,,,,,,,,cyclic
LNPhub_R0004290,LNPhub_BL_2023,https://www.nature.com/articles/s41587-023-01679-x,LNPhub_BL_2023_LNP_000284,BL_A37-T1,CCCCCCCCCCCCCCCCCCOC(=O)OC(C/C=C\CCCCCCCCOC(=O)CCN(CCC(=O)OCCCCCCCC/C=C\CC(CCCCCC)OC(=O)OCCCCCCCCCCCCCCCCCC)CCN1CCCCN(C)CC1)CCCCCC,Ugi-3CR,CN1CCCCN(CCN)CC1,primary_tertiary,C=CC(=O)OCCCCCCCC/C=C\CC(CCCCCC)OC(=O)O,ester/carbonate acrylate,1,T1,CCCCCCCCCCCCCCCCCCO,ricinoleic/aliphatic,,,,,,,,,,,,,,,,head–linker–tail,DOPE,[H][C@@](COP([O-])(OCC[NH3+])=O)(OC(CCCCCCC/C=C\\CCCCCCCC)=O)COC(CCCCCCC/C=C\\CCCCCCCC)=O,16.0,Cholesterol,C[C@H](CCCC(C)C)[C@H]1CC[C@@H]2[C@@]1(CC[C@H]3[C@H]2CC=C4[C@@]3(CC[C@@H](C4)O)C)C,46.5,DMPE-PEG2000,CCCCCCCCCCCCCC(=O)OCC(COP(=O)(OCCNCC(=O)OCCOCCOCCOCCOCCOCCOCCOCCOCCOCCOCCOCCOCCOCCOCCOCCOCCOCCOCCOCCOCCOCCOCCOCCOCCOCCOCCOCCOCCOCCOCCOCCOCCOCCOCCOCCOCCOCCOCCOCCOCCOCCOCCOC)O)OC(=O)CCCCCCCCCCCCC,2.5,2000.0,35.0,10.0,,,,mRNA,in_vitro,in_vitro,A549,in_vitro,,,,,,,-0.5387456129431206,normalized_luminescence,102.0,1.0,0.0,77.0,1440.280799,133.38,0.0,13.0,26.044,431.967,0.91011236,2.0,3.0,1441.342,True,True,False,biodegradable acrylate,,,,,,,,,,,,,,,,,,,macrocyclic
LNPhub_R0004291,LNPhub_BL_2023,https://www.nature.com/articles/s41587-023-01679-x,LNPhub_BL_2023_LNP_000285,BL_A11-T3,CCCCC/C=C\C/C=C\CCCCCCCCOC(=O)OC(C/C=C\CCCCCCCCOC(=O)CCN1CCC(CCCC2CCN(CCO)CC2)CC1)CCCCCC,Ugi-3CR,C(CC1CCNCC1)CC2CCN(CC2)CCO,secondary_tertiary,C=CC(=O)OCCCCCCCC/C=C\CC(CCCCCC)OC(=O)O,ester/carbonate acrylate,1,T3,CCCCCC=CCC=C=CCCCCCCCCO,ricinoleic/aliphatic,,,,,,,,,,,,,,,,head–linker–tail,DOPE,[H][C@@](COP([O-])(OCC[NH3+])=O)(OC(CCCCCCC/C=C\\CCCCCCCC)=O)COC(CCCCCCC/C=C\\CCCCCCCC)=O,16.0,Cholesterol,C[C@H](CCCC(C)C)[C@H]1CC[C@@H]2[C@@]1(CC[C@H]3[C@H]2CC=C4[C@@]3(CC[C@@H](C4)O)C)C,46.5,DMPE-PEG2000,CCCCCCCCCCCCCC(=O)OCC(COP(=O)(OCCNCC(=O)OCCOCCOCCOCCOCCOCCOCCOCCOCCOCCOCCOCCOCCOCCOCCOCCOCCOCCOCCOCCOCCOCCOCCOCCOCCOCCOCCOCCOCCOCCOCCOCCOCCOCCOCCOCCOCCOCCOCCOCCOCCOCCOCCOC)O)OC(=O)CCCCCCCCCCCCC,2.5,2000.0,35.0,10.0,,,,mRNA,in_vitro,in_vitro,A549,in_vitro,,,,,,,2.0228411184159865,normalized_luminescence,63.0,2.0,0.0,41.0,884.7581389,88.54,1.0,8.0,14.489,265.2548,0.854545455,1.0,2.0,885.413,True,True,False,biodegradable acrylate,,,,,,,,,,,,,,,,,,,cyclic-dendrimer
LNPhub_R0004292,LNPhub_BL_2023,https://www.nature.com/articles/s41587-023-01679-x,LNPhub_BL_2023_LNP_000286,BL_A24-T4,CCC#CCOC(=O)OC(C/C=C\CCCCCCCCOC(=O)CCN1CCN(c2cccnc2)CC1)CCCCCC,Ugi-3CR,C1=CC(=CN=C1)N2CCNCC2,secondary_tertiary,C=CC(=O)OCCCCCCCC/C=C\CC(CCCCCC)OC(=O)O,ester/carbonate acrylate,1,T4,CCC#CCO,ricinoleic/aliphatic,,,,,,,,,,,,,,,,head–linker–tail,DOPE,[H][C@@](COP([O-])(OCC[NH3+])=O)(OC(CCCCCCC/C=C\\CCCCCCCC)=O)COC(CCCCCCC/C=C\\CCCCCCCC)=O,16.0,Cholesterol,C[C@H](CCCC(C)C)[C@H]1CC[C@@H]2[C@@]1(CC[C@H]3[C@H]2CC=C4[C@@]3(CC[C@@H](C4)O)C)C,46.5,DMPE-PEG2000,CCCCCCCCCCCCCC(=O)OCC(COP(=O)(OCCNCC(=O)OCCOCCOCCOCCOCCOCCOCCOCCOCCOCCOCCOCCOCCOCCOCCOCCOCCOCCOCCOCCOCCOCCOCCOCCOCCOCCOCCOCCOCCOCCOCCOCCOCCOCCOCCOCCOCCOCCOCCOCCOCCOCCOCCOC)O)OC(=O)CCCCCCCCCCCCC,2.5,2000.0,35.0,10.0,,,,mRNA,in_vitro,in_vitro,A549,in_vitro,,,,,,,0.0794852789048589,normalized_luminescence,44.0,2.0,1.0,22.0,611.4298219,81.2,0.0,8.0,7.7195,177.589,0.694444444,1.0,3.0,611.868,True,True,False,biodegradable acrylate,,,,,,,,,,,,,,,,,,,cyclic
LNPhub_R0004293,LNPhub_BL_2023,https://www.nature.com/articles/s41587-023-01679-x,LNPhub_BL_2023_LNP_000287,BL_A36-T3,CCCCC/C=C\C/C=C\CCCCCCCCOC(=O)OC(C/C=C\CCCCCCCCOC(=O)CCN1CCN(CCN(C)C)CC1)CCCCCC,Ugi-3CR,CN(C)CCN1CCNCC1,secondary_tertiary,C=CC(=O)OCCCCCCCC/C=C\CC(CCCCCC)OC(=O)O,ester/carbonate acrylate,1,T3,CCCCCC=CCC=C=CCCCCCCCCO,ricinoleic/aliphatic,,,,,,,,,,,,,,,,head–linker–tail,DOPE,[H][C@@](COP([O-])(OCC[NH3+])=O)(OC(CCCCCCC/C=C\\CCCCCCCC)=O)COC(CCCCCCC/C=C\\CCCCCCCC)=O,16.0,Cholesterol,C[C@H](CCCC(C)C)[C@H]1CC[C@@H]2[C@@]1(CC[C@H]3[C@H]2CC=C4[C@@]3(CC[C@@H](C4)O)C)C,46.5,DMPE-PEG2000,CCCCCCCCCCCCCC(=O)OCC(COP(=O)(OCCNCC(=O)OCCOCCOCCOCCOCCOCCOCCOCCOCCOCCOCCOCCOCCOCCOCCOCCOCCOCCOCCOCCOCCOCCOCCOCCOCCOCCOCCOCCOCCOCCOCCOCCOCCOCCOCCOCCOCCOCCOCCOCCOCCOCCOCCOC)O)OC(=O)CCCCCCCCCCCCC,2.5,2000.0,35.0,10.0,,,,mRNA,in_vitro,in_vitro,A549,in_vitro,,,,,,,1.636257382272228,normalized_luminescence,56.0,1.0,0.0,38.0,787.6802229,71.55,0.0,8.0,12.0816,237.424,0.833333333,1.0,3.0,788.256,True,True,False,biodegradable acrylate,,,,,,,,,,,,,,,,,,,cyclic
LNPhub_R0004294,LNPhub_BL_2023,https://www.nature.com/articles/s41587-023-01679-x,LNPhub_BL_2023_LNP_000288,BL_A63-T4,CCC#CCOC(=O)OC(C/C=C\CCCCCCCCOC(=O)CCN(CCC(=O)OCCCCCCCC/C=C\CC(CCCCCC)OC(=O)OCC#CCC)CCN(CCC(=O)OCCCCCCCC/C=C\CC(CCCCCC)OC(=O)OCC#CCC)CCN1CCN(CCN(CCC(=O)OCCCCCCCC/C=C\CC(CCCCCC)OC(=O)OCC#CCC)CCC(=O)OCCCCCCCC/C=C\CC(CCCCCC)OC(=O)OCC#CCC)CC1)CCCCCC,Ugi-3CR,C(CNCCN1CCN(CCN)CC1)N,primary_secondary_tertiary,C=CC(=O)OCCCCCCCC/C=C\CC(CCCCCC)OC(=O)O,ester/carbonate acrylate,1,T4,CCC#CCO,ricinoleic/aliphatic,,,,,,,,,,,,,,,,head–linker–tail,DOPE,[H][C@@](COP([O-])(OCC[NH3+])=O)(OC(CCCCCCC/C=C\\CCCCCCCC)=O)COC(CCCCCCC/C=C\\CCCCCCCC)=O,16.0,Cholesterol,C[C@H](CCCC(C)C)[C@H]1CC[C@@H]2[C@@]1(CC[C@H]3[C@H]2CC=C4[C@@]3(CC[C@@H](C4)O)C)C,46.5,DMPE-PEG2000,CCCCCCCCCCCCCC(=O)OCC(COP(=O)(OCCNCC(=O)OCCOCCOCCOCCOCCOCCOCCOCCOCCOCCOCCOCCOCCOCCOCCOCCOCCOCCOCCOCCOCCOCCOCCOCCOCCOCCOCCOCCOCCOCCOCCOCCOCCOCCOCCOCCOCCOCCOCCOCCOCCOCCOCCOC)O)OC(=O)CCCCCCCCCCCCC,2.5,2000.0,35.0,10.0,,,,mRNA,in_vitro,in_vitro,A549,in_vitro,,,,,,,1.6718951814778935,normalized_luminescence,175.0,1.0,0.0,114.0,2456.805368,325.35,0.0,30.0,34.0895,705.695,0.793103448,5.0,5.0,2458.565,True,True,False,biodegradable acrylate,,,,,,,,,,,,,,,,,,,cyclic-dendrimer
LNPhub_R0004295,LNPhub_BL_2023,https://www.nature.com/articles/s41587-023-01679-x,LNPhub_BL_2023_LNP_000289,BL_A35-T2,CCCCCCCC/C=C\CCCCCCCCOC(=O)OC(C/C=C\CCCCCCCCOC(=O)CCN1CCN(CCCN(C)C)CC1)CCCCCC,Ugi-3CR,CN(C)CCCN1CCNCC1,secondary_tertiary,C=CC(=O)OCCCCCCCC/C=C\CC(CCCCCC)OC(=O)O,ester/carbonate acrylate,1,T2,CCCCCCCCC=CCCCCCCCCO,ricinoleic/aliphatic,,,,,,,,,,,,,,,,head–linker–tail,DOPE,[H][C@@](COP([O-])(OCC[NH3+])=O)(OC(CCCCCCC/C=C\\CCCCCCCC)=O)COC(CCCCCCC/C=C\\CCCCCCCC)=O,16.0,Cholesterol,C[C@H](CCCC(C)C)[C@H]1CC[C@@H]2[C@@]1(CC[C@H]3[C@H]2CC=C4[C@@]3(CC[C@@H](C4)O)C)C,46.5,DMPE-PEG2000,CCCCCCCCCCCCCC(=O)OCC(COP(=O)(OCCNCC(=O)OCCOCCOCCOCCOCCOCCOCCOCCOCCOCCOCCOCCOCCOCCOCCOCCOCCOCCOCCOCCOCCOCCOCCOCCOCCOCCOCCOCCOCCOCCOCCOCCOCCOCCOCCOCCOCCOCCOCCOCCOCCOCCOCCOC)O)OC(=O)CCCCCCCCCCCCC,2.5,2000.0,35.0,10.0,,,,mRNA,in_vitro,in_vitro,A549,in_vitro,,,,,,,0.833735049493631,normalized_luminescence,57.0,1.0,0.0,40.0,803.7115231,71.55,0.0,8.0,12.6957,242.135,0.87755102,1.0,3.0,804.299,True,True,False,biodegradable acrylate,,,,,,,,,,,,,,,,,,,cyclic
LNPhub_R0004296,LNPhub_BL_2023,https://www.nature.com/articles/s41587-023-01679-x,LNPhub_BL_2023_LNP_000290,BL_A66-T2,CCCCCCCC/C=C\CCCCCCCCOC(=O)OC(C/C=C\CCCCCCCCOC(=O)CCN(CCC(=O)OCCCCCCCC/C=C\CC(CCCCCC)OC(=O)OCCCCCCCC/C=C\CCCCCCCC)CCC1OCCO1)CCCCCC,Ugi-3CR,NCCC1OCCO1,primary,C=CC(=O)OCCCCCCCC/C=C\CC(CCCCCC)OC(=O)O,ester/carbonate acrylate,1,T2,CCCCCCCCC=CCCCCCCCCO,ricinoleic/aliphatic,,,,,,,,,,,,,,,,head–linker–tail,DOPE,[H][C@@](COP([O-])(OCC[NH3+])=O)(OC(CCCCCCC/C=C\\CCCCCCCC)=O)COC(CCCCCCC/C=C\\CCCCCCCC)=O,16.0,Cholesterol,C[C@H](CCCC(C)C)[C@H]1CC[C@@H]2[C@@]1(CC[C@H]3[C@H]2CC=C4[C@@]3(CC[C@@H](C4)O)C)C,46.5,DMPE-PEG2000,CCCCCCCCCCCCCC(=O)OCC(COP(=O)(OCCNCC(=O)OCCOCCOCCOCCOCCOCCOCCOCCOCCOCCOCCOCCOCCOCCOCCOCCOCCOCCOCCOCCOCCOCCOCCOCCOCCOCCOCCOCCOCCOCCOCCOCCOCCOCCOCCOCCOCCOCCOCCOCCOCCOCCOCCOC)O)OC(=O)CCCCCCCCCCCCC,2.5,2000.0,35.0,10.0,,,,mRNA,in_vitro,in_vitro,A549,in_vitro,,,,,,,-1.49437277043541,normalized_luminescence,98.0,1.0,0.0,75.0,1382.154929,145.36,0.0,13.0,25.3314,408.917,0.858823529,2.0,1.0,1383.17,True,True,False,biodegradable acrylate,,,,,,,,,,,,,,,,,,,cyclic
LNPhub_R0004297,LNPhub_BL_2023,https://www.nature.com/articles/s41587-023-01679-x,LNPhub_BL_2023_LNP_000291,BL_A12-T7,CCCCCC#CCOC(=O)OC(C/C=C\CCCCCCCCOC(=O)CCN1CCC(N2CCN(CC)CC2)CC1)CCCCCC,Ugi-3CR,CCN1CCN(CC1)C2CCNCC2,secondary_tertiary,C=CC(=O)OCCCCCCCC/C=C\CC(CCCCCC)OC(=O)O,ester/carbonate acrylate,1,T7,CCCCCC#CCO,ricinoleic/aliphatic,,,,,,,,,,,,,,,,head–linker–tail,DOPE,[H][C@@](COP([O-])(OCC[NH3+])=O)(OC(CCCCCCC/C=C\\CCCCCCCC)=O)COC(CCCCCCC/C=C\\CCCCCCCC)=O,16.0,Cholesterol,C[C@H](CCCC(C)C)[C@H]1CC[C@@H]2[C@@]1(CC[C@H]3[C@H]2CC=C4[C@@]3(CC[C@@H](C4)O)C)C,46.5,DMPE-PEG2000,CCCCCCCCCCCCCC(=O)OCC(COP(=O)(OCCNCC(=O)OCCOCCOCCOCCOCCOCCOCCOCCOCCOCCOCCOCCOCCOCCOCCOCCOCCOCCOCCOCCOCCOCCOCCOCCOCCOCCOCCOCCOCCOCCOCCOCCOCCOCCOCCOCCOCCOCCOCCOCCOCCOCCOCCOC)O)OC(=O)CCCCCCCCCCCCC,2.5,2000.0,35.0,10.0,,,,mRNA,in_vitro,in_vitro,A549,in_vitro,,,,,,,-1.0312643487453337,normalized_luminescence,49.0,2.0,0.0,26.0,687.5550224,71.55,0.0,8.0,8.7745,201.699,0.853658537,1.0,3.0,688.051,True,True,False,biodegradable acrylate,,,,,,,,,,,,,,,,,,,cyclic-dendrimer
LNPhub_R0004298,LNPhub_BL_2023,https://www.nature.com/articles/s41587-023-01679-x,LNPhub_BL_2023_LNP_000292,BL_A65-T6,CCCCC#CCOC(=O)OC(C/C=C\CCCCCCCCOC(=O)CCN(CCC(=O)OCCCCCCCC/C=C\CC(CCCCCC)OC(=O)OCC#CCCCC)CC(OC)OC)CCCCCC,Ugi-3CR,COC(CN)OC,primary,C=CC(=O)OCCCCCCCC/C=C\CC(CCCCCC)OC(=O)O,ester/carbonate acrylate,1,T6,CCCCC#CCO,ricinoleic/aliphatic,,,,,,,,,,,,,,,,head–linker–tail,DOPE,[H][C@@](COP([O-])(OCC[NH3+])=O)(OC(CCCCCCC/C=C\\CCCCCCCC)=O)COC(CCCCCCC/C=C\\CCCCCCCC)=O,16.0,Cholesterol,C[C@H](CCCC(C)C)[C@H]1CC[C@@H]2[C@@]1(CC[C@H]3[C@H]2CC=C4[C@@]3(CC[C@@H](C4)O)C)C,46.5,DMPE-PEG2000,CCCCCCCCCCCCCC(=O)OCC(COP(=O)(OCCNCC(=O)OCCOCCOCCOCCOCCOCCOCCOCCOCCOCCOCCOCCOCCOCCOCCOCCOCCOCCOCCOCCOCCOCCOCCOCCOCCOCCOCCOCCOCCOCCOCCOCCOCCOCCOCCOCCOCCOCCOCCOCCOCCOCCOCCOC)O)OC(=O)CCCCCCCCCCCCC,2.5,2000.0,35.0,10.0,,,,mRNA,in_vitro,in_vitro,A549,in_vitro,,,,,,,-1.0176781391716725,normalized_luminescence,75.0,0.0,0.0,50.0,1057.779328,145.36,0.0,13.0,15.4995,302.112,0.806451613,2.0,1.0,1058.533,True,True,False,biodegradable acrylate,,,,,,,,,,,,,,,,,,,branched
LNPhub_R0004299,LNPhub_BL_2023,https://www.nature.com/articles/s41587-023-01679-x,LNPhub_BL_2023_LNP_000293,BL_A21-T3,CCCCC/C=C\C/C=C\CCCCCCCCOC(=O)OC(C/C=C\CCCCCCCCOC(=O)CCN(C)CCOCCOCCN(C)CCC(=O)OCCCCCCCC/C=C\CC(CCCCCC)OC(=O)OCCCCCCCC/C=C\C/C=C\CCCCC)CCCCCC,Ugi-3CR,CNCCOCCOCCNC,secondary,C=CC(=O)OCCCCCCCC/C=C\CC(CCCCCC)OC(=O)O,ester/carbonate acrylate,1,T3,CCCCCC=CCC=C=CCCCCCCCCO,ricinoleic/aliphatic,,,,,,,,,,,,,,,,head–linker–tail,DOPE,[H][C@@](COP([O-])(OCC[NH3+])=O)(OC(CCCCCCC/C=C\\CCCCCCCC)=O)COC(CCCCCCC/C=C\\CCCCCCCC)=O,16.0,Cholesterol,C[C@H](CCCC(C)C)[C@H]1CC[C@@H]2[C@@]1(CC[C@H]3[C@H]2CC=C4[C@@]3(CC[C@@H](C4)O)C)C,46.5,DMPE-PEG2000,CCCCCCCCCCCCCC(=O)OCC(COP(=O)(OCCNCC(=O)OCCOCCOCCOCCOCCOCCOCCOCCOCCOCCOCCOCCOCCOCCOCCOCCOCCOCCOCCOCCOCCOCCOCCOCCOCCOCCOCCOCCOCCOCCOCCOCCOCCOCCOCCOCCOCCOCCOCCOCCOCCOCCOCCOC)O)OC(=O)CCCCCCCCCCCCC,2.5,2000.0,35.0,10.0,,,,mRNA,in_vitro,in_vitro,A549,in_vitro,,,,,,,0.7646560565537651,normalized_luminescence,102.0,0.0,0.0,79.0,1437.197129,148.6,0.0,14.0,24.7152,428.612,0.818181818,2.0,2.0,1438.25,True,True,False,biodegradable acrylate,,,,,,,,,,,,,,,,,,,linear
LNPhub_R0004300,LNPhub_BL_2023,https://www.nature.com/articles/s41587-023-01679-x,LNPhub_BL_2023_LNP_000294,BL_A40-T7,CCCCCC#CCOC(=O)OC(C/C=C\CCCCCCCCOC(=O)CCN(CCC(=O)OCCCCCCCC/C=C\CC(CCCCCC)OC(=O)OCC#CCCCCC)CCN1CCN(C)CC1)CCCCCC,Ugi-3CR,CN1CCN(CCN)CC1,primary_tertiary,C=CC(=O)OCCCCCCCC/C=C\CC(CCCCCC)OC(=O)O,ester/carbonate acrylate,1,T7,CCCCCC#CCO,ricinoleic/aliphatic,,,,,,,,,,,,,,,,head–linker–tail,DOPE,[H][C@@](COP([O-])(OCC[NH3+])=O)(OC(CCCCCCC/C=C\\CCCCCCCC)=O)COC(CCCCCCC/C=C\\CCCCCCCC)=O,16.0,Cholesterol,C[C@H](CCCC(C)C)[C@H]1CC[C@@H]2[C@@]1(CC[C@H]3[C@H]2CC=C4[C@@]3(CC[C@@H](C4)O)C)C,46.5,DMPE-PEG2000,CCCCCCCCCCCCCC(=O)OCC(COP(=O)(OCCNCC(=O)OCCOCCOCCOCCOCCOCCOCCOCCOCCOCCOCCOCCOCCOCCOCCOCCOCCOCCOCCOCCOCCOCCOCCOCCOCCOCCOCCOCCOCCOCCOCCOCCOCCOCCOCCOCCOCCOCCOCCOCCOCCOCCOCCOC)O)OC(=O)CCCCCCCCCCCCC,2.5,2000.0,35.0,10.0,,,,mRNA,in_vitro,in_vitro,A549,in_vitro,,,,,,,-0.7016139057588606,normalized_luminescence,80.0,1.0,0.0,51.0,1123.873897,133.38,0.0,13.0,15.9082,327.477,0.820895522,2.0,3.0,1124.684,True,True,False,biodegradable acrylate,,,,,,,,,,,,,,,,,,,cyclic
LNPhub_R0004301,LNPhub_BL_2023,https://www.nature.com/articles/s41587-023-01679-x,LNPhub_BL_2023_LNP_000295,BL_A55-T4,CCC#CCOC(=O)OC(C/C=C\CCCCCCCCOC(=O)CCN(C)CCO)CCCCCC,Ugi-3CR,CNCCO,secondary,C=CC(=O)OCCCCCCCC/C=C\CC(CCCCCC)OC(=O)O,ester/carbonate acrylate,1,T4,CCC#CCO,ricinoleic/aliphatic,,,,,,,,,,,,,,,,head–linker–tail,DOPE,[H][C@@](COP([O-])(OCC[NH3+])=O)(OC(CCCCCCC/C=C\\CCCCCCCC)=O)COC(CCCCCCC/C=C\\CCCCCCCC)=O,16.0,Cholesterol,C[C@H](CCCC(C)C)[C@H]1CC[C@@H]2[C@@]1(CC[C@H]3[C@H]2CC=C4[C@@]3(CC[C@@H](C4)O)C)C,46.5,DMPE-PEG2000,CCCCCCCCCCCCCC(=O)OCC(COP(=O)(OCCNCC(=O)OCCOCCOCCOCCOCCOCCOCCOCCOCCOCCOCCOCCOCCOCCOCCOCCOCCOCCOCCOCCOCCOCCOCCOCCOCCOCCOCCOCCOCCOCCOCCOCCOCCOCCOCCOCCOCCOCCOCCOCCOCCOCCOCCOC)O)OC(=O)CCCCCCCCCCCCC,2.5,2000.0,35.0,10.0,,,,mRNA,in_vitro,in_vitro,A549,in_vitro,,,,,,,-0.7540265912846917,normalized_luminescence,37.0,0.0,0.0,23.0,523.3872884,85.3,1.0,7.0,6.4264,149.2818,0.8,1.0,1.0,523.755,True,True,False,biodegradable acrylate,,,,,,,,,,,,,,,,,,,linear
LNPhub_R0004302,LNPhub_BL_2023,https://www.nature.com/articles/s41587-023-01679-x,LNPhub_BL_2023_LNP_000296,BL_A41-T10,CCCCCCC#CCCOC(=O)OC(C/C=C\CCCCCCCCOC(=O)CCN1CCC[C@H]1CO)CCCCCC,Ugi-3CR,C1C[C@@H](CO)NC1,secondary,C=CC(=O)OCCCCCCCC/C=C\CC(CCCCCC)OC(=O)O,ester/carbonate acrylate,1,T10,CCCCCCC#CCCO,ricinoleic/aliphatic,,,,,,,,,,,,,,,,head–linker–tail,DOPE,[H][C@@](COP([O-])(OCC[NH3+])=O)(OC(CCCCCCC/C=C\\CCCCCCCC)=O)COC(CCCCCCC/C=C\\CCCCCCCC)=O,16.0,Cholesterol,C[C@H](CCCC(C)C)[C@H]1CC[C@@H]2[C@@]1(CC[C@H]3[C@H]2CC=C4[C@@]3(CC[C@@H](C4)O)C)C,46.5,DMPE-PEG2000,CCCCCCCCCCCCCC(=O)OCC(COP(=O)(OCCNCC(=O)OCCOCCOCCOCCOCCOCCOCCOCCOCCOCCOCCOCCOCCOCCOCCOCCOCCOCCOCCOCCOCCOCCOCCOCCOCCOCCOCCOCCOCCOCCOCCOCCOCCOCCOCCOCCOCCOCCOCCOCCOCCOCCOCCOC)O)OC(=O)CCCCCCCCCCCCC,2.5,2000.0,35.0,10.0,,,,mRNA,in_vitro,in_vitro,A549,in_vitro,,,,,,,0.7649320443256983,normalized_luminescence,44.0,1.0,0.0,27.0,619.4811888,85.3,1.0,7.0,8.9095,179.4648,0.837837838,2.0,1.0,619.928,True,True,False,biodegradable acrylate,,,,,,,,,,,,,,,,,,,cyclic
LNPhub_R0004303,LNPhub_BL_2023,https://www.nature.com/articles/s41587-023-01679-x,LNPhub_BL_2023_LNP_000297,BL_A60-T6,CCCCC#CCOC(=O)OC(C/C=C\CCCCCCCCOC(=O)CCN(CCC(=O)OCCCCCCCC/C=C\CC(CCCCCC)OC(=O)OCC#CCCCC)CC(O)CO)CCCCCC,Ugi-3CR,C(C(CO)O)N,primary,C=CC(=O)OCCCCCCCC/C=C\CC(CCCCCC)OC(=O)O,ester/carbonate acrylate,1,T6,CCCCC#CCO,ricinoleic/aliphatic,,,,,,,,,,,,,,,,head–linker–tail,DOPE,[H][C@@](COP([O-])(OCC[NH3+])=O)(OC(CCCCCCC/C=C\\CCCCCCCC)=O)COC(CCCCCCC/C=C\\CCCCCCCC)=O,16.0,Cholesterol,C[C@H](CCCC(C)C)[C@H]1CC[C@@H]2[C@@]1(CC[C@H]3[C@H]2CC=C4[C@@]3(CC[C@@H](C4)O)C)C,46.5,DMPE-PEG2000,CCCCCCCCCCCCCC(=O)OCC(COP(=O)(OCCNCC(=O)OCCOCCOCCOCCOCCOCCOCCOCCOCCOCCOCCOCCOCCOCCOCCOCCOCCOCCOCCOCCOCCOCCOCCOCCOCCOCCOCCOCCOCCOCCOCCOCCOCCOCCOCCOCCOCCOCCOCCOCCOCCOCCOCCOC)O)OC(=O)CCCCCCCCCCCCC,2.5,2000.0,35.0,10.0,,,,mRNA,in_vitro,in_vitro,A549,in_vitro,,,,,,,-0.7887288540291112,normalized_luminescence,74.0,0.0,0.0,49.0,1043.763678,167.36,2.0,13.0,14.2338,297.3986,0.803278689,3.0,1.0,1044.506,True,True,False,biodegradable acrylate,,,,,,,,,,,,,,,,,,,branched
LNPhub_R0004304,LNPhub_BL_2023,https://www.nature.com/articles/s41587-023-01679-x,LNPhub_BL_2023_LNP_000298,BL_A46-T6,CCCCC#CCOC(=O)OC(C/C=C\CCCCCCCCOC(=O)CCN(CCC(=O)OCCCCCCCC/C=C\CC(CCCCCC)OC(=O)OCC#CCCCC)CCN1CCC(C)CC1)CCCCCC,Ugi-3CR,CC1CCN(CC1)CCN,primary_tertiary,C=CC(=O)OCCCCCCCC/C=C\CC(CCCCCC)OC(=O)O,ester/carbonate acrylate,1,T6,CCCCC#CCO,ricinoleic/aliphatic,,,,,,,,,,,,,,,,head–linker–tail,DOPE,[H][C@@](COP([O-])(OCC[NH3+])=O)(OC(CCCCCCC/C=C\\CCCCCCCC)=O)COC(CCCCCCC/C=C\\CCCCCCCC)=O,16.0,Cholesterol,C[C@H](CCCC(C)C)[C@H]1CC[C@@H]2[C@@]1(CC[C@H]3[C@H]2CC=C4[C@@]3(CC[C@@H](C4)O)C)C,46.5,DMPE-PEG2000,CCCCCCCCCCCCCC(=O)OCC(COP(=O)(OCCNCC(=O)OCCOCCOCCOCCOCCOCCOCCOCCOCCOCCOCCOCCOCCOCCOCCOCCOCCOCCOCCOCCOCCOCCOCCOCCOCCOCCOCCOCCOCCOCCOCCOCCOCCOCCOCCOCCOCCOCCOCCOCCOCCOCCOCCOC)O)OC(=O)CCCCCCCCCCCCC,2.5,2000.0,35.0,10.0,,,,mRNA,in_vitro,in_vitro,A549,in_vitro,,,,,,,-0.8105867301303916,normalized_luminescence,78.0,1.0,0.0,49.0,1094.847348,130.14,0.0,12.0,16.6125,319.144,0.818181818,2.0,2.0,1095.642,True,True,False,biodegradable acrylate,,,,,,,,,,,,,,,,,,,cyclic
LNPhub_R0004305,LNPhub_BL_2023,https://www.nature.com/articles/s41587-023-01679-x,LNPhub_BL_2023_LNP_000299,BL_A47-T2,CCCCCCCC/C=C\CCCCCCCCOC(=O)OC(C/C=C\CCCCCCCCOC(=O)CCN1CCN(CCC(=O)OCCCCCCCC/C=C\CC(CCCCCC)OC(=O)OCCCCCCCC/C=C\CCCCCCCC)CCN(CCC(=O)OCCCCCCCC/C=C\CC(CCCCCC)OC(=O)OCCCCCCCC/C=C\CCCCCCCC)CC1)CCCCCC,Ugi-3CR,C1CN2CCNCCN1CC2,secondary_tertiary,C=CC(=O)OCCCCCCCC/C=C\CC(CCCCCC)OC(=O)O,ester/carbonate acrylate,1,T2,CCCCCCCCC=CCCCCCCCCO,ricinoleic/aliphatic,,,,,,,,,,,,,,,,head–linker–tail,DOPE,[H][C@@](COP([O-])(OCC[NH3+])=O)(OC(CCCCCCC/C=C\\CCCCCCCC)=O)COC(CCCCCCC/C=C\\CCCCCCCC)=O,16.0,Cholesterol,C[C@H](CCCC(C)C)[C@H]1CC[C@@H]2[C@@]1(CC[C@H]3[C@H]2CC=C4[C@@]3(CC[C@@H](C4)O)C)C,46.5,DMPE-PEG2000,CCCCCCCCCCCCCC(=O)OCC(COP(=O)(OCCNCC(=O)OCCOCCOCCOCCOCCOCCOCCOCCOCCOCCOCCOCCOCCOCCOCCOCCOCCOCCOCCOCCOCCOCCOCCOCCOCCOCCOCCOCCOCCOCCOCCOCCOCCOCCOCCOCCOCCOCCOCCOCCOCCOCCOCCOC)O)OC(=O)CCCCCCCCCCCCC,2.5,2000.0,35.0,10.0,,,,mRNA,in_vitro,in_vitro,A549,in_vitro,,,,,,,0.4716050567700319,normalized_luminescence,144.0,1.0,0.0,108.0,2026.740524,195.21,0.0,18.0,37.326,607.572,0.857142857,3.0,3.0,2028.24,True,True,False,biodegradable acrylate,,,,,,,,,,,,,,,,,,,macrocyclic
LNPhub_R0004306,LNPhub_BL_2023,https://www.nature.com/articles/s41587-023-01679-x,LNPhub_BL_2023_LNP_000300,BL_A32-T6,CCCCC#CCOC(=O)OC(C/C=C\CCCCCCCCOC(=O)CCN(CCCN(C)C)CCCN(C)C)CCCCCC,Ugi-3CR,CN(C)CCCNCCCN(C)C,secondary_tertiary,C=CC(=O)OCCCCCCCC/C=C\CC(CCCCCC)OC(=O)O,ester/carbonate acrylate,1,T6,CCCCC#CCO,ricinoleic/aliphatic,,,,,,,,,,,,,,,,head–linker–tail,DOPE,[H][C@@](COP([O-])(OCC[NH3+])=O)(OC(CCCCCCC/C=C\\CCCCCCCC)=O)COC(CCCCCCC/C=C\\CCCCCCCC)=O,16.0,Cholesterol,C[C@H](CCCC(C)C)[C@H]1CC[C@@H]2[C@@]1(CC[C@H]3[C@H]2CC=C4[C@@]3(CC[C@@H](C4)O)C)C,46.5,DMPE-PEG2000,CCCCCCCCCCCCCC(=O)OCC(COP(=O)(OCCNCC(=O)OCCOCCOCCOCCOCCOCCOCCOCCOCCOCCOCCOCCOCCOCCOCCOCCOCCOCCOCCOCCOCCOCCOCCOCCOCCOCCOCCOCCOCCOCCOCCOCCOCCOCCOCCOCCOCCOCCOCCOCCOCCOCCOCCOC)O)OC(=O)CCCCCCCCCCCCC,2.5,2000.0,35.0,10.0,,,,mRNA,in_vitro,in_vitro,A549,in_vitro,,,,,,,0.0424150089532568,normalized_luminescence,47.0,0.0,0.0,31.0,663.5550224,71.55,0.0,8.0,8.4879,196.715,0.846153846,1.0,3.0,664.029,True,True,False,biodegradable acrylate,,,,,,,,,,,,,,,,,,,branched
LNPhub_R0004307,LNPhub_BL_2023,https://www.nature.com/articles/s41587-023-01679-x,LNPhub_BL_2023_LNP_000301,BL_A31-T9,CCCCC#CCCOC(=O)OC(C/C=C\CCCCCCCCOC(=O)CCN(CCCN(CCC(=O)OCCCCCCCC/C=C\CC(CCCCCC)OC(=O)OCCC#CCCCC)CCC(=O)OCCCCCCCC/C=C\CC(CCCCCC)OC(=O)OCCC#CCCCC)CCCN(CCC(=O)OCCCCCCCC/C=C\CC(CCCCCC)OC(=O)OCCC#CCCCC)CCC(=O)OCCCCCCCC/C=C\CC(CCCCCC)OC(=O)OCCC#CCCCC)CCCCCC,Ugi-3CR,C(CN)CNCCCN,primary_secondary,C=CC(=O)OCCCCCCCC/C=C\CC(CCCCCC)OC(=O)O,ester/carbonate acrylate,1,T9,CCCCC#CCCO,ricinoleic/aliphatic,,,,,,,,,,,,,,,,head–linker–tail,DOPE,[H][C@@](COP([O-])(OCC[NH3+])=O)(OC(CCCCCCC/C=C\\CCCCCCCC)=O)COC(CCCCCCC/C=C\\CCCCCCCC)=O,16.0,Cholesterol,C[C@H](CCCC(C)C)[C@H]1CC[C@@H]2[C@@]1(CC[C@H]3[C@H]2CC=C4[C@@]3(CC[C@@H](C4)O)C)C,46.5,DMPE-PEG2000,CCCCCCCCCCCCCC(=O)OCC(COP(=O)(OCCNCC(=O)OCCOCCOCCOCCOCCOCCOCCOCCOCCOCCOCCOCCOCCOCCOCCOCCOCCOCCOCCOCCOCCOCCOCCOCCOCCOCCOCCOCCOCCOCCOCCOCCOCCOCCOCCOCCOCCOCCOCCOCCOCCOCCOCCOC)O)OC(=O)CCCCCCCCCCCCC,2.5,2000.0,35.0,10.0,,,,mRNA,in_vitro,in_vitro,A549,in_vitro,,,,,,,-0.4688083752447904,normalized_luminescence,184.0,0.0,0.0,128.0,2582.971371,318.87,0.0,28.0,41.1036,751.304,0.807692308,5.0,3.0,2584.848,True,True,False,biodegradable acrylate,,,,,,,,,,,,,,,,,,,linear
LNPhub_R0004308,LNPhub_BL_2023,https://www.nature.com/articles/s41587-023-01679-x,LNPhub_BL_2023_LNP_000302,BL_A14-T10,CCCCCCC#CCCOC(=O)OC(C/C=C\CCCCCCCCOC(=O)CCN(C)CCN(CCN(C)CCC(=O)OCCCCCCCC/C=C\CC(CCCCCC)OC(=O)OCCC#CCCCCCC)CCN(C)CCC(=O)OCCCCCCCC/C=C\CC(CCCCCC)OC(=O)OCCC#CCCCCCC)CCCCCC,Ugi-3CR,CNCCN(CCNC)CCNC,secondary_tertiary,C=CC(=O)OCCCCCCCC/C=C\CC(CCCCCC)OC(=O)O,ester/carbonate acrylate,1,T10,CCCCCCC#CCCO,ricinoleic/aliphatic,,,,,,,,,,,,,,,,head–linker–tail,DOPE,[H][C@@](COP([O-])(OCC[NH3+])=O)(OC(CCCCCCC/C=C\\CCCCCCCC)=O)COC(CCCCCCC/C=C\\CCCCCCCC)=O,16.0,Cholesterol,C[C@H](CCCC(C)C)[C@H]1CC[C@@H]2[C@@]1(CC[C@H]3[C@H]2CC=C4[C@@]3(CC[C@@H](C4)O)C)C,46.5,DMPE-PEG2000,CCCCCCCCCCCCCC(=O)OCC(COP(=O)(OCCNCC(=O)OCCOCCOCCOCCOCCOCCOCCOCCOCCOCCOCCOCCOCCOCCOCCOCCOCCOCCOCCOCCOCCOCCOCCOCCOCCOCCOCCOCCOCCOCCOCCOCCOCCOCCOCCOCCOCCOCCOCCOCCOCCOCCOCCOC)O)OC(=O)CCCCCCCCCCCCC,2.5,2000.0,35.0,10.0,,,,mRNA,in_vitro,in_vitro,A549,in_vitro,,,,,,,1.9245790388522108,normalized_luminescence,124.0,0.0,0.0,87.0,1743.391471,198.45,0.0,19.0,26.483,512.283,0.828571429,3.0,4.0,1744.656,True,True,False,biodegradable acrylate,,,,,,,,,,,,,,,,,,,branched
LNPhub_R0004309,LNPhub_BL_2023,https://www.nature.com/articles/s41587-023-01679-x,LNPhub_BL_2023_LNP_000303,BL_A49-T3,CCCCC/C=C\C/C=C\CCCCCCCCOC(=O)OC(C/C=C\CCCCCCCCOC(=O)CCN(CCC(=O)OCCCCCCCC/C=C\CC(CCCCCC)OC(=O)OCCCCCCCC/C=C\C/C=C\CCCCC)CCN1CCCCCC1)CCCCCC,Ugi-3CR,C1CCCN(CC1)CCN,primary_tertiary,C=CC(=O)OCCCCCCCC/C=C\CC(CCCCCC)OC(=O)O,ester/carbonate acrylate,1,T3,CCCCCC=CCC=C=CCCCCCCCCO,ricinoleic/aliphatic,,,,,,,,,,,,,,,,head–linker–tail,DOPE,[H][C@@](COP([O-])(OCC[NH3+])=O)(OC(CCCCCCC/C=C\\CCCCCCCC)=O)COC(CCCCCCC/C=C\\CCCCCCCC)=O,16.0,Cholesterol,C[C@H](CCCC(C)C)[C@H]1CC[C@@H]2[C@@]1(CC[C@H]3[C@H]2CC=C4[C@@]3(CC[C@@H](C4)O)C)C,46.5,DMPE-PEG2000,CCCCCCCCCCCCCC(=O)OCC(COP(=O)(OCCNCC(=O)OCCOCCOCCOCCOCCOCCOCCOCCOCCOCCOCCOCCOCCOCCOCCOCCOCCOCCOCCOCCOCCOCCOCCOCCOCCOCCOCCOCCOCCOCCOCCOCCOCCOCCOCCOCCOCCOCCOCCOCCOCCOCCOCCOC)O)OC(=O)CCCCCCCCCCCCC,2.5,2000.0,35.0,10.0,,,,mRNA,in_vitro,in_vitro,A549,in_vitro,,,,,,,-1.2349813693413858,normalized_luminescence,100.0,1.0,0.0,73.0,1403.191649,130.14,0.0,12.0,25.9964,423.328,0.818181818,2.0,2.0,1404.236,True,True,False,biodegradable acrylate,,,,,,,,,,,,,,,,,,,cyclic
LNPhub_R0004310,LNPhub_BL_2023,https://www.nature.com/articles/s41587-023-01679-x,LNPhub_BL_2023_LNP_000304,BL_A24-T9,CCCCC#CCCOC(=O)OC(C/C=C\CCCCCCCCOC(=O)CCN1CCN(c2cccnc2)CC1)CCCCCC,Ugi-3CR,C1=CC(=CN=C1)N2CCNCC2,secondary_tertiary,C=CC(=O)OCCCCCCCC/C=C\CC(CCCCCC)OC(=O)O,ester/carbonate acrylate,1,T9,CCCCC#CCCO,ricinoleic/aliphatic,,,,,,,,,,,,,,,,head–linker–tail,DOPE,[H][C@@](COP([O-])(OCC[NH3+])=O)(OC(CCCCCCC/C=C\\CCCCCCCC)=O)COC(CCCCCCC/C=C\\CCCCCCCC)=O,16.0,Cholesterol,C[C@H](CCCC(C)C)[C@H]1CC[C@@H]2[C@@]1(CC[C@H]3[C@H]2CC=C4[C@@]3(CC[C@@H](C4)O)C)C,46.5,DMPE-PEG2000,CCCCCCCCCCCCCC(=O)OCC(COP(=O)(OCCNCC(=O)OCCOCCOCCOCCOCCOCCOCCOCCOCCOCCOCCOCCOCCOCCOCCOCCOCCOCCOCCOCCOCCOCCOCCOCCOCCOCCOCCOCCOCCOCCOCCOCCOCCOCCOCCOCCOCCOCCOCCOCCOCCOCCOCCOC)O)OC(=O)CCCCCCCCCCCCC,2.5,2000.0,35.0,10.0,,,,mRNA,in_vitro,in_vitro,A549,in_vitro,,,,,,,0.4725628316057557,normalized_luminescence,47.0,2.0,1.0,25.0,653.4767721,81.2,0.0,8.0,8.8898,191.44,0.717948718,1.0,3.0,653.949,True,True,False,biodegradable acrylate,,,,,,,,,,,,,,,,,,,cyclic
LNPhub_R0004311,LNPhub_BL_2023,https://www.nature.com/articles/s41587-023-01679-x,LNPhub_BL_2023_LNP_000305,BL_A54-T2,CCCCCCCC/C=C\CCCCCCCCOC(=O)OC(C/C=C\CCCCCCCCOC(=O)CCN1CCN(CCOCCO)CC1)CCCCCC,Ugi-3CR,C1CN(CCN1)CCOCCO,secondary_tertiary,C=CC(=O)OCCCCCCCC/C=C\CC(CCCCCC)OC(=O)O,ester/carbonate acrylate,1,T2,CCCCCCCCC=CCCCCCCCCO,ricinoleic/aliphatic,,,,,,,,,,,,,,,,head–linker–tail,DOPE,[H][C@@](COP([O-])(OCC[NH3+])=O)(OC(CCCCCCC/C=C\\CCCCCCCC)=O)COC(CCCCCCC/C=C\\CCCCCCCC)=O,16.0,Cholesterol,C[C@H](CCCC(C)C)[C@H]1CC[C@@H]2[C@@]1(CC[C@H]3[C@H]2CC=C4[C@@]3(CC[C@@H](C4)O)C)C,46.5,DMPE-PEG2000,CCCCCCCCCCCCCC(=O)OCC(COP(=O)(OCCNCC(=O)OCCOCCOCCOCCOCCOCCOCCOCCOCCOCCOCCOCCOCCOCCOCCOCCOCCOCCOCCOCCOCCOCCOCCOCCOCCOCCOCCOCCOCCOCCOCCOCCOCCOCCOCCOCCOCCOCCOCCOCCOCCOCCOCCOC)O)OC(=O)CCCCCCCCCCCCC,2.5,2000.0,35.0,10.0,,,,mRNA,in_vitro,in_vitro,A549,in_vitro,,,,,,,-0.0002843888883185,normalized_luminescence,57.0,1.0,0.0,41.0,806.6748032,97.77,1.0,9.0,11.7529,236.8688,0.875,1.0,2.0,807.255,True,True,False,biodegradable acrylate,,,,,,,,,,,,,,,,,,,cyclic
LNPhub_R0004312,LNPhub_BL_2023,https://www.nature.com/articles/s41587-023-01679-x,LNPhub_BL_2023_LNP_000306,BL_A18-T9,CCCCC#CCCOC(=O)OC(C/C=C\CCCCCCCCOC(=O)CCN(CCC(=O)OCCCCCCCC/C=C\CC(CCCCCC)OC(=O)OCCC#CCCCC)CCN(C)CCN(CCC(=O)OCCCCCCCC/C=C\CC(CCCCCC)OC(=O)OCCC#CCCCC)CCC(=O)OCCCCCCCC/C=C\CC(CCCCCC)OC(=O)OCCC#CCCCC)CCCCCC,Ugi-3CR,CN(CCN)CCN,primary_tertiary,C=CC(=O)OCCCCCCCC/C=C\CC(CCCCCC)OC(=O)O,ester/carbonate acrylate,1,T9,CCCCC#CCCO,ricinoleic/aliphatic,,,,,,,,,,,,,,,,head–linker–tail,DOPE,[H][C@@](COP([O-])(OCC[NH3+])=O)(OC(CCCCCCC/C=C\\CCCCCCCC)=O)COC(CCCCCCC/C=C\\CCCCCCCC)=O,16.0,Cholesterol,C[C@H](CCCC(C)C)[C@H]1CC[C@@H]2[C@@]1(CC[C@H]3[C@H]2CC=C4[C@@]3(CC[C@@H](C4)O)C)C,46.5,DMPE-PEG2000,CCCCCCCCCCCCCC(=O)OCC(COP(=O)(OCCNCC(=O)OCCOCCOCCOCCOCCOCCOCCOCCOCCOCCOCCOCCOCCOCCOCCOCCOCCOCCOCCOCCOCCOCCOCCOCCOCCOCCOCCOCCOCCOCCOCCOCCOCCOCCOCCOCCOCCOCCOCCOCCOCCOCCOCCOC)O)OC(=O)CCCCCCCCCCCCC,2.5,2000.0,35.0,10.0,,,,mRNA,in_vitro,in_vitro,A549,in_vitro,,,,,,,-0.0810009190138016,normalized_luminescence,148.0,0.0,0.0,102.0,2078.589896,257.04,0.0,23.0,32.267,604.577,0.808,4.0,3.0,2080.096,True,True,False,biodegradable acrylate,,,,,,,,,,,,,,,,,,,branched
LNPhub_R0004313,LNPhub_BL_2023,https://www.nature.com/articles/s41587-023-01679-x,LNPhub_BL_2023_LNP_000307,BL_A51-T8,CCCCCCC#CCOC(=O)OC(C/C=C\CCCCCCCCOC(=O)CCN1CCC(CO)CC1)CCCCCC,Ugi-3CR,C1CNCCC1CO,secondary,C=CC(=O)OCCCCCCCC/C=C\CC(CCCCCC)OC(=O)O,ester/carbonate acrylate,1,T8,CCCCCCC#CCO,ricinoleic/aliphatic,,,,,,,,,,,,,,,,head–linker–tail,DOPE,[H][C@@](COP([O-])(OCC[NH3+])=O)(OC(CCCCCCC/C=C\\CCCCCCCC)=O)COC(CCCCCCC/C=C\\CCCCCCCC)=O,16.0,Cholesterol,C[C@H](CCCC(C)C)[C@H]1CC[C@@H]2[C@@]1(CC[C@H]3[C@H]2CC=C4[C@@]3(CC[C@@H](C4)O)C)C,46.5,DMPE-PEG2000,CCCCCCCCCCCCCC(=O)OCC(COP(=O)(OCCNCC(=O)OCCOCCOCCOCCOCCOCCOCCOCCOCCOCCOCCOCCOCCOCCOCCOCCOCCOCCOCCOCCOCCOCCOCCOCCOCCOCCOCCOCCOCCOCCOCCOCCOCCOCCOCCOCCOCCOCCOCCOCCOCCOCCOCCOC)O)OC(=O)CCCCCCCCCCCCC,2.5,2000.0,35.0,10.0,,,,mRNA,in_vitro,in_vitro,A549,in_vitro,,,,,,,-0.2900337016378447,normalized_luminescence,44.0,1.0,0.0,26.0,619.4811888,85.3,1.0,7.0,8.767,179.4168,0.837837838,1.0,1.0,619.928,True,True,False,biodegradable acrylate,,,,,,,,,,,,,,,,,,,cyclic
LNPhub_R0004314,LNPhub_BL_2023,https://www.nature.com/articles/s41587-023-01679-x,LNPhub_BL_2023_LNP_000308,BL_A13-T9,CCCCC#CCCOC(=O)OC(C/C=C\CCCCCCCCOC(=O)CCN1CCN(CCN2CCCC2)CC1)CCCCCC,Ugi-3CR,C1CCN(C1)CCN2CCNCC2,secondary_tertiary,C=CC(=O)OCCCCCCCC/C=C\CC(CCCCCC)OC(=O)O,ester/carbonate acrylate,1,T9,CCCCC#CCCO,ricinoleic/aliphatic,,,,,,,,,,,,,,,,head–linker–tail,DOPE,[H][C@@](COP([O-])(OCC[NH3+])=O)(OC(CCCCCCC/C=C\\CCCCCCCC)=O)COC(CCCCCCC/C=C\\CCCCCCCC)=O,16.0,Cholesterol,C[C@H](CCCC(C)C)[C@H]1CC[C@@H]2[C@@]1(CC[C@H]3[C@H]2CC=C4[C@@]3(CC[C@@H](C4)O)C)C,46.5,DMPE-PEG2000,CCCCCCCCCCCCCC(=O)OCC(COP(=O)(OCCNCC(=O)OCCOCCOCCOCCOCCOCCOCCOCCOCCOCCOCCOCCOCCOCCOCCOCCOCCOCCOCCOCCOCCOCCOCCOCCOCCOCCOCCOCCOCCOCCOCCOCCOCCOCCOCCOCCOCCOCCOCCOCCOCCOCCOCCOC)O)OC(=O)CCCCCCCCCCCCC,2.5,2000.0,35.0,10.0,,,,mRNA,in_vitro,in_vitro,A549,in_vitro,,,,,,,-0.4996743318232552,normalized_luminescence,48.0,2.0,0.0,27.0,673.5393724,71.55,0.0,8.0,8.386,197.104,0.85,1.0,3.0,674.024,True,True,False,biodegradable acrylate,,,,,,,,,,,,,,,,,,,cyclic
LNPhub_R0004315,LNPhub_BL_2023,https://www.nature.com/articles/s41587-023-01679-x,LNPhub_BL_2023_LNP_000309,BL_A43-T5,CCCC#CCOC(=O)OC(C/C=C\CCCCCCCCOC(=O)CCN(CCC(=O)OCCCCCCCC/C=C\CC(CCCCCC)OC(=O)OCC#CCCC)CC1CCCCN1C)CCCCCC,Ugi-3CR,CN1CCCCC1CN,primary_tertiary,C=CC(=O)OCCCCCCCC/C=C\CC(CCCCCC)OC(=O)O,ester/carbonate acrylate,1,T5,CCCC#CCO,ricinoleic/aliphatic,,,,,,,,,,,,,,,,head–linker–tail,DOPE,[H][C@@](COP([O-])(OCC[NH3+])=O)(OC(CCCCCCC/C=C\\CCCCCCCC)=O)COC(CCCCCCC/C=C\\CCCCCCCC)=O,16.0,Cholesterol,C[C@H](CCCC(C)C)[C@H]1CC[C@@H]2[C@@]1(CC[C@H]3[C@H]2CC=C4[C@@]3(CC[C@@H](C4)O)C)C,46.5,DMPE-PEG2000,CCCCCCCCCCCCCC(=O)OCC(COP(=O)(OCCNCC(=O)OCCOCCOCCOCCOCCOCCOCCOCCOCCOCCOCCOCCOCCOCCOCCOCCOCCOCCOCCOCCOCCOCCOCCOCCOCCOCCOCCOCCOCCOCCOCCOCCOCCOCCOCCOCCOCCOCCOCCOCCOCCOCCOCCOC)O)OC(=O)CCCCCCCCCCCCC,2.5,2000.0,35.0,10.0,,,,mRNA,in_vitro,in_vitro,A549,in_vitro,,,,,,,-0.7231445797484329,normalized_luminescence,75.0,1.0,0.0,46.0,1052.800398,130.14,0.0,12.0,15.5847,305.341,0.80952381,3.0,2.0,1053.561,True,True,False,biodegradable acrylate,,,,,,,,,,,,,,,,,,,cyclic
LNPhub_R0004316,LNPhub_BL_2023,https://www.nature.com/articles/s41587-023-01679-x,LNPhub_BL_2023_LNP_000310,BL_A49-T2,CCCCCCCC/C=C\CCCCCCCCOC(=O)OC(C/C=C\CCCCCCCCOC(=O)CCN(CCC(=O)OCCCCCCCC/C=C\CC(CCCCCC)OC(=O)OCCCCCCCC/C=C\CCCCCCCC)CCN1CCCCCC1)CCCCCC,Ugi-3CR,C1CCCN(CC1)CCN,primary_tertiary,C=CC(=O)OCCCCCCCC/C=C\CC(CCCCCC)OC(=O)O,ester/carbonate acrylate,1,T2,CCCCCCCCC=CCCCCCCCCO,ricinoleic/aliphatic,,,,,,,,,,,,,,,,head–linker–tail,DOPE,[H][C@@](COP([O-])(OCC[NH3+])=O)(OC(CCCCCCC/C=C\\CCCCCCCC)=O)COC(CCCCCCC/C=C\\CCCCCCCC)=O,16.0,Cholesterol,C[C@H](CCCC(C)C)[C@H]1CC[C@@H]2[C@@]1(CC[C@H]3[C@H]2CC=C4[C@@]3(CC[C@@H](C4)O)C)C,46.5,DMPE-PEG2000,CCCCCCCCCCCCCC(=O)OCC(COP(=O)(OCCNCC(=O)OCCOCCOCCOCCOCCOCCOCCOCCOCCOCCOCCOCCOCCOCCOCCOCCOCCOCCOCCOCCOCCOCCOCCOCCOCCOCCOCCOCCOCCOCCOCCOCCOCCOCCOCCOCCOCCOCCOCCOCCOCCOCCOCCOC)O)OC(=O)CCCCCCCCCCCCC,2.5,2000.0,35.0,10.0,,,,mRNA,in_vitro,in_vitro,A549,in_vitro,,,,,,,-1.1617214322566447,normalized_luminescence,100.0,1.0,0.0,75.0,1407.222949,130.14,0.0,12.0,26.4444,423.516,0.863636364,2.0,2.0,1408.268,True,True,False,biodegradable acrylate,,,,,,,,,,,,,,,,,,,cyclic
LNPhub_R0004317,LNPhub_BL_2023,https://www.nature.com/articles/s41587-023-01679-x,LNPhub_BL_2023_LNP_000311,BL_A49-T7,CCCCCC#CCOC(=O)OC(C/C=C\CCCCCCCCOC(=O)CCN(CCC(=O)OCCCCCCCC/C=C\CC(CCCCCC)OC(=O)OCC#CCCCCC)CCN1CCCCCC1)CCCCCC,Ugi-3CR,C1CCCN(CC1)CCN,primary_tertiary,C=CC(=O)OCCCCCCCC/C=C\CC(CCCCCC)OC(=O)O,ester/carbonate acrylate,1,T7,CCCCCC#CCO,ricinoleic/aliphatic,,,,,,,,,,,,,,,,head–linker–tail,DOPE,[H][C@@](COP([O-])(OCC[NH3+])=O)(OC(CCCCCCC/C=C\\CCCCCCCC)=O)COC(CCCCCCC/C=C\\CCCCCCCC)=O,16.0,Cholesterol,C[C@H](CCCC(C)C)[C@H]1CC[C@@H]2[C@@]1(CC[C@H]3[C@H]2CC=C4[C@@]3(CC[C@@H](C4)O)C)C,46.5,DMPE-PEG2000,CCCCCCCCCCCCCC(=O)OCC(COP(=O)(OCCNCC(=O)OCCOCCOCCOCCOCCOCCOCCOCCOCCOCCOCCOCCOCCOCCOCCOCCOCCOCCOCCOCCOCCOCCOCCOCCOCCOCCOCCOCCOCCOCCOCCOCCOCCOCCOCCOCCOCCOCCOCCOCCOCCOCCOCCOC)O)OC(=O)CCCCCCCCCCCCC,2.5,2000.0,35.0,10.0,,,,mRNA,in_vitro,in_vitro,A549,in_vitro,,,,,,,-1.2665076520621723,normalized_luminescence,80.0,1.0,0.0,51.0,1122.878648,130.14,0.0,12.0,17.5368,328.448,0.823529412,2.0,2.0,1123.696,True,True,False,biodegradable acrylate,,,,,,,,,,,,,,,,,,,cyclic
LNPhub_R0004318,LNPhub_BL_2023,https://www.nature.com/articles/s41587-023-01679-x,LNPhub_BL_2023_LNP_000312,BL_A62-T6,CCCCC#CCOC(=O)OC(C/C=C\CCCCCCCCOC(=O)CCN(C)CCCN(CCC(=O)OCCCCCCCC/C=C\CC(CCCCCC)OC(=O)OCC#CCCCC)CCC(=O)OCCCCCCCC/C=C\CC(CCCCCC)OC(=O)OCC#CCCCC)CCCCCC,Ugi-3CR,CNCCCN,primary_secondary,C=CC(=O)OCCCCCCCC/C=C\CC(CCCCCC)OC(=O)O,ester/carbonate acrylate,1,T6,CCCCC#CCO,ricinoleic/aliphatic,,,,,,,,,,,,,,,,head–linker–tail,DOPE,[H][C@@](COP([O-])(OCC[NH3+])=O)(OC(CCCCCCC/C=C\\CCCCCCCC)=O)COC(CCCCCCC/C=C\\CCCCCCCC)=O,16.0,Cholesterol,C[C@H](CCCC(C)C)[C@H]1CC[C@@H]2[C@@]1(CC[C@H]3[C@H]2CC=C4[C@@]3(CC[C@@H](C4)O)C)C,46.5,DMPE-PEG2000,CCCCCCCCCCCCCC(=O)OCC(COP(=O)(OCCNCC(=O)OCCOCCOCCOCCOCCOCCOCCOCCOCCOCCOCCOCCOCCOCCOCCOCCOCCOCCOCCOCCOCCOCCOCCOCCOCCOCCOCCOCCOCCOCCOCCOCCOCCOCCOCCOCCOCCOCCOCCOCCOCCOCCOCCOC)O)OC(=O)CCCCCCCCCCCCC,2.5,2000.0,35.0,10.0,,,,mRNA,in_vitro,in_vitro,A549,in_vitro,,,,,,,-0.3638550613765542,normalized_luminescence,108.0,0.0,0.0,73.0,1517.150572,191.97,0.0,17.0,23.4986,440.353,0.802197802,3.0,2.0,1518.248,True,True,False,biodegradable acrylate,,,,,,,,,,,,,,,,,,,linear
LNPhub_R0004319,LNPhub_BL_2023,https://www.nature.com/articles/s41587-023-01679-x,LNPhub_BL_2023_LNP_000313,BL_A33-T1,CCCCCCCCCCCCCCCCCCOC(=O)OC(C/C=C\CCCCCCCCOC(=O)CCN(CCCN(C)C)CCCN(CCC(=O)OCCCCCCCC/C=C\CC(CCCCCC)OC(=O)OCCCCCCCCCCCCCCCCCC)CCC(=O)OCCCCCCCC/C=C\CC(CCCCCC)OC(=O)OCCCCCCCCCCCCCCCCCC)CCCCCC,Ugi-3CR,CN(C)CCCNCCCN,primary_secondary_tertiary,C=CC(=O)OCCCCCCCC/C=C\CC(CCCCCC)OC(=O)O,ester/carbonate acrylate,1,T1,CCCCCCCCCCCCCCCCCCO,ricinoleic/aliphatic,,,,,,,,,,,,,,,,head–linker–tail,DOPE,[H][C@@](COP([O-])(OCC[NH3+])=O)(OC(CCCCCCC/C=C\\CCCCCCCC)=O)COC(CCCCCCC/C=C\\CCCCCCCC)=O,16.0,Cholesterol,C[C@H](CCCC(C)C)[C@H]1CC[C@@H]2[C@@]1(CC[C@H]3[C@H]2CC=C4[C@@]3(CC[C@@H](C4)O)C)C,46.5,DMPE-PEG2000,CCCCCCCCCCCCCC(=O)OCC(COP(=O)(OCCNCC(=O)OCCOCCOCCOCCOCCOCCOCCOCCOCCOCCOCCOCCOCCOCCOCCOCCOCCOCCOCCOCCOCCOCCOCCOCCOCCOCCOCCOCCOCCOCCOCCOCCOCCOCCOCCOCCOCCOCCOCCOCCOCCOCCOCCOC)O)OC(=O)CCCCCCCCCCCCC,2.5,2000.0,35.0,10.0,,,,mRNA,in_vitro,in_vitro,A549,in_vitro,,,,,,,2.0687697271711403,normalized_luminescence,146.0,0.0,0.0,119.0,2062.834424,195.21,0.0,18.0,39.0242,619.202,0.90625,3.0,3.0,2064.358,True,True,False,biodegradable acrylate,,,,,,,,,,,,,,,,,,,branched
LNPhub_R0004320,LNPhub_BL_2023,https://www.nature.com/articles/s41587-023-01679-x,LNPhub_BL_2023_LNP_000314,BL_A7-T4,CCC#CCOC(=O)OC(C/C=C\CCCCCCCCOC(=O)CCN(C)CCCCCCN(C)CCC(=O)OCCCCCCCC/C=C\CC(CCCCCC)OC(=O)OCC#CCC)CCCCCC,Ugi-3CR,CNCCCCCCNC,secondary,C=CC(=O)OCCCCCCCC/C=C\CC(CCCCCC)OC(=O)O,ester/carbonate acrylate,1,T4,CCC#CCO,ricinoleic/aliphatic,,,,,,,,,,,,,,,,head–linker–tail,DOPE,[H][C@@](COP([O-])(OCC[NH3+])=O)(OC(CCCCCCC/C=C\\CCCCCCCC)=O)COC(CCCCCCC/C=C\\CCCCCCCC)=O,16.0,Cholesterol,C[C@H](CCCC(C)C)[C@H]1CC[C@@H]2[C@@]1(CC[C@H]3[C@H]2CC=C4[C@@]3(CC[C@@H](C4)O)C)C,46.5,DMPE-PEG2000,CCCCCCCCCCCCCC(=O)OCC(COP(=O)(OCCNCC(=O)OCCOCCOCCOCCOCCOCCOCCOCCOCCOCCOCCOCCOCCOCCOCCOCCOCCOCCOCCOCCOCCOCCOCCOCCOCCOCCOCCOCCOCCOCCOCCOCCOCCOCCOCCOCCOCCOCCOCCOCCOCCOCCOCCOC)O)OC(=O)CCCCCCCCCCCCC,2.5,2000.0,35.0,10.0,,,,mRNA,in_vitro,in_vitro,A549,in_vitro,,,,,,,0.5000138343933361,normalized_luminescence,74.0,0.0,0.0,49.0,1040.800398,130.14,0.0,12.0,15.4422,302.86,0.806451613,2.0,2.0,1041.55,True,True,False,biodegradable acrylate,,,,,,,,,,,,,,,,,,,linear
LNPhub_R0004321,LNPhub_BL_2023,https://www.nature.com/articles/s41587-023-01679-x,LNPhub_BL_2023_LNP_000315,BL_A4-T3,CCCCC/C=C\C/C=C\CCCCCCCCOC(=O)OC(C/C=C\CCCCCCCCOC(=O)CCN(CCC(=O)OCCCCCCCC/C=C\CC(CCCCCC)OC(=O)OCCCCCCCC/C=C\C/C=C\CCCCC)CCN(CC)CC)CCCCCC,Ugi-3CR,CCN(CC)CCN,primary_tertiary,C=CC(=O)OCCCCCCCC/C=C\CC(CCCCCC)OC(=O)O,ester/carbonate acrylate,1,T3,CCCCCC=CCC=C=CCCCCCCCCO,ricinoleic/aliphatic,,,,,,,,,,,,,,,,head–linker–tail,DOPE,[H][C@@](COP([O-])(OCC[NH3+])=O)(OC(CCCCCCC/C=C\\CCCCCCCC)=O)COC(CCCCCCC/C=C\\CCCCCCCC)=O,16.0,Cholesterol,C[C@H](CCCC(C)C)[C@H]1CC[C@@H]2[C@@]1(CC[C@H]3[C@H]2CC=C4[C@@]3(CC[C@@H](C4)O)C)C,46.5,DMPE-PEG2000,CCCCCCCCCCCCCC(=O)OCC(COP(=O)(OCCNCC(=O)OCCOCCOCCOCCOCCOCCOCCOCCOCCOCCOCCOCCOCCOCCOCCOCCOCCOCCOCCOCCOCCOCCOCCOCCOCCOCCOCCOCCOCCOCCOCCOCCOCCOCCOCCOCCOCCOCCOCCOCCOCCOCCOCCOC)O)OC(=O)CCCCCCCCCCCCC,2.5,2000.0,35.0,10.0,,,,mRNA,in_vitro,in_vitro,A549,in_vitro,,,,,,,1.8084205421895465,normalized_luminescence,98.0,0.0,0.0,75.0,1377.175999,130.14,0.0,12.0,25.4622,416.208,0.813953488,2.0,2.0,1378.198,True,True,False,biodegradable acrylate,,,,,,,,,,,,,,,,,,,branched
LNPhub_R0004322,LNPhub_BL_2023,https://www.nature.com/articles/s41587-023-01679-x,LNPhub_BL_2023_LNP_000316,BL_A70-T5,CCCC#CCOC(=O)OC(C/C=C\CCCCCCCCOC(=O)CCN(CCCN1CCOCC1)CCC(=O)OCCCCCCCC/C=C\CC(CCCCCC)OC(=O)OCC#CCCC)CCCCCC,Ugi-3CR,C(CN)CN1CCOCC1,primary_tertiary,C=CC(=O)OCCCCCCCC/C=C\CC(CCCCCC)OC(=O)O,ester/carbonate acrylate,1,T5,CCCC#CCO,ricinoleic/aliphatic,,,,,,,,,,,,,,,,head–linker–tail,DOPE,[H][C@@](COP([O-])(OCC[NH3+])=O)(OC(CCCCCCC/C=C\\CCCCCCCC)=O)COC(CCCCCCC/C=C\\CCCCCCCC)=O,16.0,Cholesterol,C[C@H](CCCC(C)C)[C@H]1CC[C@@H]2[C@@]1(CC[C@H]3[C@H]2CC=C4[C@@]3(CC[C@@H](C4)O)C)C,46.5,DMPE-PEG2000,CCCCCCCCCCCCCC(=O)OCC(COP(=O)(OCCNCC(=O)OCCOCCOCCOCCOCCOCCOCCOCCOCCOCCOCCOCCOCCOCCOCCOCCOCCOCCOCCOCCOCCOCCOCCOCCOCCOCCOCCOCCOCCOCCOCCOCCOCCOCCOCCOCCOCCOCCOCCOCCOCCOCCOCCOC)O)OC(=O)CCCCCCCCCCCCC,2.5,2000.0,35.0,10.0,,,,mRNA,in_vitro,in_vitro,A549,in_vitro,,,,,,,0.6050417736927819,normalized_luminescence,76.0,1.0,0.0,48.0,1068.795312,139.37,0.0,13.0,14.8227,306.948,0.80952381,2.0,2.0,1069.56,True,True,False,biodegradable acrylate,,,,,,,,,,,,,,,,,,,cyclic
LNPhub_R0004323,LNPhub_BL_2023,https://www.nature.com/articles/s41587-023-01679-x,LNPhub_BL_2023_LNP_000317,BL_A43-T8,CCCCCCC#CCOC(=O)OC(C/C=C\CCCCCCCCOC(=O)CCN(CCC(=O)OCCCCCCCC/C=C\CC(CCCCCC)OC(=O)OCC#CCCCCCC)CC1CCCCN1C)CCCCCC,Ugi-3CR,CN1CCCCC1CN,primary_tertiary,C=CC(=O)OCCCCCCCC/C=C\CC(CCCCCC)OC(=O)O,ester/carbonate acrylate,1,T8,CCCCCCC#CCO,ricinoleic/aliphatic,,,,,,,,,,,,,,,,head–linker–tail,DOPE,[H][C@@](COP([O-])(OCC[NH3+])=O)(OC(CCCCCCC/C=C\\CCCCCCCC)=O)COC(CCCCCCC/C=C\\CCCCCCCC)=O,16.0,Cholesterol,C[C@H](CCCC(C)C)[C@H]1CC[C@@H]2[C@@]1(CC[C@H]3[C@H]2CC=C4[C@@]3(CC[C@@H](C4)O)C)C,46.5,DMPE-PEG2000,CCCCCCCCCCCCCC(=O)OCC(COP(=O)(OCCNCC(=O)OCCOCCOCCOCCOCCOCCOCCOCCOCCOCCOCCOCCOCCOCCOCCOCCOCCOCCOCCOCCOCCOCCOCCOCCOCCOCCOCCOCCOCCOCCOCCOCCOCCOCCOCCOCCOCCOCCOCCOCCOCCOCCOCCOC)O)OC(=O)CCCCCCCCCCCCC,2.5,2000.0,35.0,10.0,,,,mRNA,in_vitro,in_vitro,A549,in_vitro,,,,,,,-0.7723673956955892,normalized_luminescence,81.0,1.0,0.0,52.0,1136.894298,130.14,0.0,12.0,17.9253,333.043,0.826086957,3.0,2.0,1137.723,True,True,False,biodegradable acrylate,,,,,,,,,,,,,,,,,,,cyclic
LNPhub_R0004324,LNPhub_BL_2023,https://www.nature.com/articles/s41587-023-01679-x,LNPhub_BL_2023_LNP_000318,BL_A67-T7,CCCCCC#CCOC(=O)OC(C/C=C\CCCCCCCCOC(=O)CCN(CCC(=O)OCCCCCCCC/C=C\CC(CCCCCC)OC(=O)OCC#CCCCCC)CC1OCCO1)CCCCCC,Ugi-3CR,NCC1OCCO1,primary,C=CC(=O)OCCCCCCCC/C=C\CC(CCCCCC)OC(=O)O,ester/carbonate acrylate,1,T7,CCCCCC#CCO,ricinoleic/aliphatic,,,,,,,,,,,,,,,,head–linker–tail,DOPE,[H][C@@](COP([O-])(OCC[NH3+])=O)(OC(CCCCCCC/C=C\\CCCCCCCC)=O)COC(CCCCCCC/C=C\\CCCCCCCC)=O,16.0,Cholesterol,C[C@H](CCCC(C)C)[C@H]1CC[C@@H]2[C@@]1(CC[C@H]3[C@H]2CC=C4[C@@]3(CC[C@@H](C4)O)C)C,46.5,DMPE-PEG2000,CCCCCCCCCCCCCC(=O)OCC(COP(=O)(OCCNCC(=O)OCCOCCOCCOCCOCCOCCOCCOCCOCCOCCOCCOCCOCCOCCOCCOCCOCCOCCOCCOCCOCCOCCOCCOCCOCCOCCOCCOCCOCCOCCOCCOCCOCCOCCOCCOCCOCCOCCOCCOCCOCCOCCOCCOC)O)OC(=O)CCCCCCCCCCCCC,2.5,2000.0,35.0,10.0,,,,mRNA,in_vitro,in_vitro,A549,in_vitro,,,,,,,-1.4200217368902348,normalized_luminescence,77.0,1.0,0.0,50.0,1083.794978,145.36,0.0,13.0,16.0337,309.232,0.8125,2.0,1.0,1084.571,True,True,False,biodegradable acrylate,,,,,,,,,,,,,,,,,,,cyclic
LNPhub_R0004325,LNPhub_BL_2023,https://www.nature.com/articles/s41587-023-01679-x,LNPhub_BL_2023_LNP_000080,BL_A14-T8,CCCCCCC#CCOC(=O)OC(C/C=C\CCCCCCCCOC(=O)CCN(C)CCN(CCN(C)CCC(=O)OCCCCCCCC/C=C\CC(CCCCCC)OC(=O)OCC#CCCCCCC)CCN(C)CCC(=O)OCCCCCCCC/C=C\CC(CCCCCC)OC(=O)OCC#CCCCCCC)CCCCCC,Ugi-3CR,CNCCN(CCNC)CCNC,secondary_tertiary,C=CC(=O)OCCCCCCCC/C=C\CC(CCCCCC)OC(=O)O,ester/carbonate acrylate,1,T8,CCCCCCC#CCO,ricinoleic/aliphatic,,,,,,,,,,,,,,,,head–linker–tail,DOTAP,[H]C(C[N+](C)(C)C)(OC(CCCCCCC/C=C\CCCCCCCC)=O)COC(CCCCCCC/C=C\CCCCCCCC)=O,39.0,Cholesterol,C[C@H](CCCC(C)C)[C@H]1CC[C@@H]2[C@@]1(CC[C@H]3[C@H]2CC=C4[C@@]3(CC[C@@H](C4)O)C)C,30.0,DMPE-PEG2000,CCCCCCCCCCCCCC(=O)OCC(COP(=O)(OCCNCC(=O)OCCOCCOCCOCCOCCOCCOCCOCCOCCOCCOCCOCCOCCOCCOCCOCCOCCOCCOCCOCCOCCOCCOCCOCCOCCOCCOCCOCCOCCOCCOCCOCCOCCOCCOCCOCCOCCOCCOCCOCCOCCOCCOCCOC)O)OC(=O)CCCCCCCCCCCCC,1.0,2000.0,30.0,7.5,,,,mRNA,intratracheal,in_vivo,Mouse_B6,lung_epithelium,129.6,,,,,,-0.2679786883964728,normalized_luminescence,121.0,0.0,0.0,84.0,1701.344521,198.45,0.0,19.0,25.3127,498.432,0.823529412,3.0,4.0,1702.575,True,True,False,biodegradable acrylate,,,,,,78.0,,,,,,,,,,,,,branched
LNPhub_R0004326,LNPhub_BL_2023,https://www.nature.com/articles/s41587-023-01679-x,LNPhub_BL_2023_LNP_000319,BL_A6-T10,CCCCCCC#CCCOC(=O)OC(C/C=C\CCCCCCCCOC(=O)CCN(CCCN1CCN(CCCN(CCC(=O)OCCCCCCCC/C=C\CC(CCCCCC)OC(=O)OCCC#CCCCCCC)CCC(=O)OCCCCCCCC/C=C\CC(CCCCCC)OC(=O)OCCC#CCCCCCC)CC1)CCC(=O)OCCCCCCCC/C=C\CC(CCCCCC)OC(=O)OCCC#CCCCCCC)CCCCCC,Ugi-3CR,C(CN)CN1CCN(CCCN)CC1,primary_tertiary,C=CC(=O)OCCCCCCCC/C=C\CC(CCCCCC)OC(=O)O,ester/carbonate acrylate,1,T10,CCCCCCC#CCCO,ricinoleic/aliphatic,,,,,,,,,,,,,,,,head–linker–tail,DOPE,[H][C@@](COP([O-])(OCC[NH3+])=O)(OC(CCCCCCC/C=C\\CCCCCCCC)=O)COC(CCCCCCC/C=C\\CCCCCCCC)=O,16.0,Cholesterol,C[C@H](CCCC(C)C)[C@H]1CC[C@@H]2[C@@]1(CC[C@H]3[C@H]2CC=C4[C@@]3(CC[C@@H](C4)O)C)C,46.5,DMPE-PEG2000,CCCCCCCCCCCCCC(=O)OCC(COP(=O)(OCCNCC(=O)OCCOCCOCCOCCOCCOCCOCCOCCOCCOCCOCCOCCOCCOCCOCCOCCOCCOCCOCCOCCOCCOCCOCCOCCOCCOCCOCCOCCOCCOCCOCCOCCOCCOCCOCCOCCOCCOCCOCCOCCOCCOCCOCCOC)O)OC(=O)CCCCCCCCCCCCC,2.5,2000.0,35.0,10.0,,,,mRNA,in_vitro,in_vitro,A549,in_vitro,,,,,,,-0.3474787590211015,normalized_luminescence,162.0,1.0,0.0,112.0,2273.788596,260.28,0.0,24.0,35.8538,666.13,0.826086957,4.0,4.0,2275.446,True,True,False,biodegradable acrylate,,,,,,,,,,,,,,,,,,,cyclic-dendrimer
LNPhub_R0004327,LNPhub_BL_2023,https://www.nature.com/articles/s41587-023-01679-x,LNPhub_BL_2023_LNP_000320,BL_A61-T8,CCCCCCC#CCOC(=O)OC(C/C=C\CCCCCCCCOC(=O)CCN(C)CCN(C)CCC(=O)OCCCCCCCC/C=C\CC(CCCCCC)OC(=O)OCC#CCCCCCC)CCCCCC,Ugi-3CR,CNCCNC,secondary,C=CC(=O)OCCCCCCCC/C=C\CC(CCCCCC)OC(=O)O,ester/carbonate acrylate,1,T8,CCCCCCC#CCO,ricinoleic/aliphatic,,,,,,,,,,,,,,,,head–linker–tail,DOPE,[H][C@@](COP([O-])(OCC[NH3+])=O)(OC(CCCCCCC/C=C\\CCCCCCCC)=O)COC(CCCCCCC/C=C\\CCCCCCCC)=O,16.0,Cholesterol,C[C@H](CCCC(C)C)[C@H]1CC[C@@H]2[C@@]1(CC[C@H]3[C@H]2CC=C4[C@@]3(CC[C@@H](C4)O)C)C,46.5,DMPE-PEG2000,CCCCCCCCCCCCCC(=O)OCC(COP(=O)(OCCNCC(=O)OCCOCCOCCOCCOCCOCCOCCOCCOCCOCCOCCOCCOCCOCCOCCOCCOCCOCCOCCOCCOCCOCCOCCOCCOCCOCCOCCOCCOCCOCCOCCOCCOCCOCCOCCOCCOCCOCCOCCOCCOCCOCCOCCOC)O)OC(=O)CCCCCCCCCCCCC,2.5,2000.0,35.0,10.0,,,,mRNA,in_vitro,in_vitro,A549,in_vitro,,,,,,,-1.2911273671161176,normalized_luminescence,78.0,0.0,0.0,53.0,1096.862998,130.14,0.0,12.0,17.0026,321.328,0.818181818,2.0,2.0,1097.658,True,True,False,biodegradable acrylate,,,,,,,,,,,,,,,,,,,linear
LNPhub_R0004328,LNPhub_BL_2023,https://www.nature.com/articles/s41587-023-01679-x,LNPhub_BL_2023_LNP_000321,BL_A49-T9,CCCCC#CCCOC(=O)OC(C/C=C\CCCCCCCCOC(=O)CCN(CCC(=O)OCCCCCCCC/C=C\CC(CCCCCC)OC(=O)OCCC#CCCCC)CCN1CCCCCC1)CCCCCC,Ugi-3CR,C1CCCN(CC1)CCN,primary_tertiary,C=CC(=O)OCCCCCCCC/C=C\CC(CCCCCC)OC(=O)O,ester/carbonate acrylate,1,T9,CCCCC#CCCO,ricinoleic/aliphatic,,,,,,,,,,,,,,,,head–linker–tail,DOPE,[H][C@@](COP([O-])(OCC[NH3+])=O)(OC(CCCCCCC/C=C\\CCCCCCCC)=O)COC(CCCCCCC/C=C\\CCCCCCCC)=O,16.0,Cholesterol,C[C@H](CCCC(C)C)[C@H]1CC[C@@H]2[C@@]1(CC[C@H]3[C@H]2CC=C4[C@@]3(CC[C@@H](C4)O)C)C,46.5,DMPE-PEG2000,CCCCCCCCCCCCCC(=O)OCC(COP(=O)(OCCNCC(=O)OCCOCCOCCOCCOCCOCCOCCOCCOCCOCCOCCOCCOCCOCCOCCOCCOCCOCCOCCOCCOCCOCCOCCOCCOCCOCCOCCOCCOCCOCCOCCOCCOCCOCCOCCOCCOCCOCCOCCOCCOCCOCCOCCOC)O)OC(=O)CCCCCCCCCCCCC,2.5,2000.0,35.0,10.0,,,,mRNA,in_vitro,in_vitro,A549,in_vitro,,,,,,,0.6683886408025776,normalized_luminescence,80.0,1.0,0.0,51.0,1122.878648,130.14,0.0,12.0,17.5368,328.448,0.823529412,2.0,2.0,1123.696,True,True,False,biodegradable acrylate,,,,,,,,,,,,,,,,,,,cyclic
LNPhub_R0004329,LNPhub_BL_2023,https://www.nature.com/articles/s41587-023-01679-x,LNPhub_BL_2023_LNP_000322,BL_A44-T3,CCCCC/C=C\C/C=C\CCCCCCCCOC(=O)OC(C/C=C\CCCCCCCCOC(=O)CCN(CCC(=O)OCCCCCCCC/C=C\CC(CCCCCC)OC(=O)OCCCCCCCC/C=C\C/C=C\CCCCC)CCC1CCCCN1C(C)C)CCCCCC,Ugi-3CR,CC(C)N1CCCCC1CCN,primary_tertiary,C=CC(=O)OCCCCCCCC/C=C\CC(CCCCCC)OC(=O)O,ester/carbonate acrylate,1,T3,CCCCCC=CCC=C=CCCCCCCCCO,ricinoleic/aliphatic,,,,,,,,,,,,,,,,head–linker–tail,DOPE,[H][C@@](COP([O-])(OCC[NH3+])=O)(OC(CCCCCCC/C=C\\CCCCCCCC)=O)COC(CCCCCCC/C=C\\CCCCCCCC)=O,16.0,Cholesterol,C[C@H](CCCC(C)C)[C@H]1CC[C@@H]2[C@@]1(CC[C@H]3[C@H]2CC=C4[C@@]3(CC[C@@H](C4)O)C)C,46.5,DMPE-PEG2000,CCCCCCCCCCCCCC(=O)OCC(COP(=O)(OCCNCC(=O)OCCOCCOCCOCCOCCOCCOCCOCCOCCOCCOCCOCCOCCOCCOCCOCCOCCOCCOCCOCCOCCOCCOCCOCCOCCOCCOCCOCCOCCOCCOCCOCCOCCOCCOCCOCCOCCOCCOCCOCCOCCOCCOCCOC)O)OC(=O)CCCCCCCCCCCCC,2.5,2000.0,35.0,10.0,,,,mRNA,in_vitro,in_vitro,A549,in_vitro,,,,,,,-0.6676374129986908,normalized_luminescence,102.0,1.0,0.0,74.0,1431.222949,130.14,0.0,12.0,26.7734,432.518,0.822222222,3.0,2.0,1432.29,True,True,False,biodegradable acrylate,,,,,,,,,,,,,,,,,,,cyclic-dendrimer
LNPhub_R0004330,LNPhub_BL_2023,https://www.nature.com/articles/s41587-023-01679-x,LNPhub_BL_2023_LNP_000323,BL_A34-T4,CCC#CCOC(=O)OC(C/C=C\CCCCCCCCOC(=O)CCN(CCCN(CCC(=O)OCCCCCCCC/C=C\CC(CCCCCC)OC(=O)OCC#CCC)CCN(CCCN(CCC(=O)OCCCCCCCC/C=C\CC(CCCCCC)OC(=O)OCC#CCC)CCC(=O)OCCCCCCCC/C=C\CC(CCCCCC)OC(=O)OCC#CCC)CCC(=O)OCCCCCCCC/C=C\CC(CCCCCC)OC(=O)OCC#CCC)CCC(=O)OCCCCCCCC/C=C\CC(CCCCCC)OC(=O)OCC#CCC)CCCCCC,Ugi-3CR,C(CN)CNCCNCCCN,primary_secondary,C=CC(=O)OCCCCCCCC/C=C\CC(CCCCCC)OC(=O)O,ester/carbonate acrylate,1,T4,CCC#CCO,ricinoleic/aliphatic,,,,,,,,,,,,,,,,head–linker–tail,DOPE,[H][C@@](COP([O-])(OCC[NH3+])=O)(OC(CCCCCCC/C=C\\CCCCCCCC)=O)COC(CCCCCCC/C=C\\CCCCCCCC)=O,16.0,Cholesterol,C[C@H](CCCC(C)C)[C@H]1CC[C@@H]2[C@@]1(CC[C@H]3[C@H]2CC=C4[C@@]3(CC[C@@H](C4)O)C)C,46.5,DMPE-PEG2000,CCCCCCCCCCCCCC(=O)OCC(COP(=O)(OCCNCC(=O)OCCOCCOCCOCCOCCOCCOCCOCCOCCOCCOCCOCCOCCOCCOCCOCCOCCOCCOCCOCCOCCOCCOCCOCCOCCOCCOCCOCCOCCOCCOCCOCCOCCOCCOCCOCCOCCOCCOCCOCCOCCOCCOCCOC)O)OC(=O)CCCCCCCCCCCCC,2.5,2000.0,35.0,10.0,,,,mRNA,in_vitro,in_vitro,A549,in_vitro,,,,,,,1.2263461163087763,normalized_luminescence,204.0,0.0,0.0,137.0,2864.097694,383.94,0.0,34.0,42.07,823.188,0.788235294,6.0,4.0,2866.156,True,True,False,biodegradable acrylate,,,,,,,,,,,,,,,,,,,linear
LNPhub_R0004331,LNPhub_BL_2023,https://www.nature.com/articles/s41587-023-01679-x,LNPhub_BL_2023_LNP_000324,BL_A71-T2,CCCCCCCC/C=C\CCCCCCCCOC(=O)OC(C/C=C\CCCCCCCCOC(=O)CCN(CCCn1ccnc1)CCC(=O)OCCCCCCCC/C=C\CC(CCCCCC)OC(=O)OCCCCCCCC/C=C\CCCCCCCC)CCCCCC,Ugi-3CR,C(CN)CN1C=CN=C1,primary,C=CC(=O)OCCCCCCCC/C=C\CC(CCCCCC)OC(=O)O,ester/carbonate acrylate,1,T2,CCCCCCCCC=CCCCCCCCCO,ricinoleic/aliphatic,,,,,,,,,,,,,,,,head–linker–tail,DOPE,[H][C@@](COP([O-])(OCC[NH3+])=O)(OC(CCCCCCC/C=C\\CCCCCCCC)=O)COC(CCCCCCC/C=C\\CCCCCCCC)=O,16.0,Cholesterol,C[C@H](CCCC(C)C)[C@H]1CC[C@@H]2[C@@]1(CC[C@H]3[C@H]2CC=C4[C@@]3(CC[C@@H](C4)O)C)C,46.5,DMPE-PEG2000,CCCCCCCCCCCCCC(=O)OCC(COP(=O)(OCCNCC(=O)OCCOCCOCCOCCOCCOCCOCCOCCOCCOCCOCCOCCOCCOCCOCCOCCOCCOCCOCCOCCOCCOCCOCCOCCOCCOCCOCCOCCOCCOCCOCCOCCOCCOCCOCCOCCOCCOCCOCCOCCOCCOCCOCCOC)O)OC(=O)CCCCCCCCCCCCC,2.5,2000.0,35.0,10.0,,,,mRNA,in_vitro,in_vitro,A549,in_vitro,,,,,,,-1.8752465728585843,normalized_luminescence,99.0,1.0,1.0,76.0,1390.171248,144.72,0.0,13.0,25.8552,415.452,0.825581395,2.0,3.0,1391.197,True,True,False,biodegradable acrylate,,,,,,,,,,,,,,,,,,,cyclic
LNPhub_R0004332,LNPhub_BL_2023,https://www.nature.com/articles/s41587-023-01679-x,LNPhub_BL_2023_LNP_000325,BL_A50-T4,CCC#CCOC(=O)OC(C/C=C\CCCCCCCCOC(=O)CCN1CCCCC1CO)CCCCCC,Ugi-3CR,C1CCNC(C1)CO,secondary,C=CC(=O)OCCCCCCCC/C=C\CC(CCCCCC)OC(=O)O,ester/carbonate acrylate,1,T4,CCC#CCO,ricinoleic/aliphatic,,,,,,,,,,,,,,,,head–linker–tail,DOPE,[H][C@@](COP([O-])(OCC[NH3+])=O)(OC(CCCCCCC/C=C\\CCCCCCCC)=O)COC(CCCCCCC/C=C\\CCCCCCCC)=O,16.0,Cholesterol,C[C@H](CCCC(C)C)[C@H]1CC[C@@H]2[C@@]1(CC[C@H]3[C@H]2CC=C4[C@@]3(CC[C@@H](C4)O)C)C,46.5,DMPE-PEG2000,CCCCCCCCCCCCCC(=O)OCC(COP(=O)(OCCNCC(=O)OCCOCCOCCOCCOCCOCCOCCOCCOCCOCCOCCOCCOCCOCCOCCOCCOCCOCCOCCOCCOCCOCCOCCOCCOCCOCCOCCOCCOCCOCCOCCOCCOCCOCCOCCOCCOCCOCCOCCOCCOCCOCCOCCOC)O)OC(=O)CCCCCCCCCCCCC,2.5,2000.0,35.0,10.0,,,,mRNA,in_vitro,in_vitro,A549,in_vitro,,,,,,,-0.7563869788489347,normalized_luminescence,40.0,1.0,0.0,22.0,563.4185885,85.3,1.0,7.0,7.3491,160.9968,0.818181818,2.0,1.0,563.82,True,True,False,biodegradable acrylate,,,,,,,,,,,,,,,,,,,cyclic
LNPhub_R0004333,LNPhub_BL_2023,https://www.nature.com/articles/s41587-023-01679-x,LNPhub_BL_2023_LNP_000326,BL_A62-T8,CCCCCCC#CCOC(=O)OC(C/C=C\CCCCCCCCOC(=O)CCN(C)CCCN(CCC(=O)OCCCCCCCC/C=C\CC(CCCCCC)OC(=O)OCC#CCCCCCC)CCC(=O)OCCCCCCCC/C=C\CC(CCCCCC)OC(=O)OCC#CCCCCCC)CCCCCC,Ugi-3CR,CNCCCN,primary_secondary,C=CC(=O)OCCCCCCCC/C=C\CC(CCCCCC)OC(=O)O,ester/carbonate acrylate,1,T8,CCCCCCC#CCO,ricinoleic/aliphatic,,,,,,,,,,,,,,,,head–linker–tail,DOPE,[H][C@@](COP([O-])(OCC[NH3+])=O)(OC(CCCCCCC/C=C\\CCCCCCCC)=O)COC(CCCCCCC/C=C\\CCCCCCCC)=O,16.0,Cholesterol,C[C@H](CCCC(C)C)[C@H]1CC[C@@H]2[C@@]1(CC[C@H]3[C@H]2CC=C4[C@@]3(CC[C@@H](C4)O)C)C,46.5,DMPE-PEG2000,CCCCCCCCCCCCCC(=O)OCC(COP(=O)(OCCNCC(=O)OCCOCCOCCOCCOCCOCCOCCOCCOCCOCCOCCOCCOCCOCCOCCOCCOCCOCCOCCOCCOCCOCCOCCOCCOCCOCCOCCOCCOCCOCCOCCOCCOCCOCCOCCOCCOCCOCCOCCOCCOCCOCCOCCOC)O)OC(=O)CCCCCCCCCCCCC,2.5,2000.0,35.0,10.0,,,,mRNA,in_vitro,in_vitro,A549,in_vitro,,,,,,,-0.5898346490174708,normalized_luminescence,114.0,0.0,0.0,79.0,1601.244473,191.97,0.0,17.0,25.8392,468.055,0.81443299,3.0,2.0,1602.41,True,True,False,biodegradable acrylate,,,,,,,,,,,,,,,,,,,linear
LNPhub_R0004334,LNPhub_BL_2023,https://www.nature.com/articles/s41587-023-01679-x,LNPhub_BL_2023_LNP_000327,BL_A13-T10,CCCCCCC#CCCOC(=O)OC(C/C=C\CCCCCCCCOC(=O)CCN1CCN(CCN2CCCC2)CC1)CCCCCC,Ugi-3CR,C1CCN(C1)CCN2CCNCC2,secondary_tertiary,C=CC(=O)OCCCCCCCC/C=C\CC(CCCCCC)OC(=O)O,ester/carbonate acrylate,1,T10,CCCCCCC#CCCO,ricinoleic/aliphatic,,,,,,,,,,,,,,,,head–linker–tail,DOPE,[H][C@@](COP([O-])(OCC[NH3+])=O)(OC(CCCCCCC/C=C\\CCCCCCCC)=O)COC(CCCCCCC/C=C\\CCCCCCCC)=O,16.0,Cholesterol,C[C@H](CCCC(C)C)[C@H]1CC[C@@H]2[C@@]1(CC[C@H]3[C@H]2CC=C4[C@@]3(CC[C@@H](C4)O)C)C,46.5,DMPE-PEG2000,CCCCCCCCCCCCCC(=O)OCC(COP(=O)(OCCNCC(=O)OCCOCCOCCOCCOCCOCCOCCOCCOCCOCCOCCOCCOCCOCCOCCOCCOCCOCCOCCOCCOCCOCCOCCOCCOCCOCCOCCOCCOCCOCCOCCOCCOCCOCCOCCOCCOCCOCCOCCOCCOCCOCCOCCOC)O)OC(=O)CCCCCCCCCCCCC,2.5,2000.0,35.0,10.0,,,,mRNA,in_vitro,in_vitro,A549,in_vitro,,,,,,,0.3385332408866974,normalized_luminescence,50.0,2.0,0.0,29.0,701.5706725,71.55,0.0,8.0,9.1662,206.338,0.857142857,1.0,3.0,702.078,True,True,False,biodegradable acrylate,,,,,,,,,,,,,,,,,,,cyclic
LNPhub_R0004335,LNPhub_BL_2023,https://www.nature.com/articles/s41587-023-01679-x,LNPhub_BL_2023_LNP_000328,BL_A13-T3,CCCCC/C=C\C/C=C\CCCCCCCCOC(=O)OC(C/C=C\CCCCCCCCOC(=O)CCN1CCN(CCN2CCCC2)CC1)CCCCCC,Ugi-3CR,C1CCN(C1)CCN2CCNCC2,secondary_tertiary,C=CC(=O)OCCCCCCCC/C=C\CC(CCCCCC)OC(=O)O,ester/carbonate acrylate,1,T3,CCCCCC=CCC=C=CCCCCCCCCO,ricinoleic/aliphatic,,,,,,,,,,,,,,,,head–linker–tail,DOPE,[H][C@@](COP([O-])(OCC[NH3+])=O)(OC(CCCCCCC/C=C\\CCCCCCCC)=O)COC(CCCCCCC/C=C\\CCCCCCCC)=O,16.0,Cholesterol,C[C@H](CCCC(C)C)[C@H]1CC[C@@H]2[C@@]1(CC[C@H]3[C@H]2CC=C4[C@@]3(CC[C@@H](C4)O)C)C,46.5,DMPE-PEG2000,CCCCCCCCCCCCCC(=O)OCC(COP(=O)(OCCNCC(=O)OCCOCCOCCOCCOCCOCCOCCOCCOCCOCCOCCOCCOCCOCCOCCOCCOCCOCCOCCOCCOCCOCCOCCOCCOCCOCCOCCOCCOCCOCCOCCOCCOCCOCCOCCOCCOCCOCCOCCOCCOCCOCCOCCOC)O)OC(=O)CCCCCCCCCCCCC,2.5,2000.0,35.0,10.0,,,,mRNA,in_vitro,in_vitro,A549,in_vitro,,,,,,,0.7437761559915407,normalized_luminescence,58.0,2.0,0.0,38.0,813.695873,71.55,0.0,8.0,12.6158,244.544,0.84,1.0,3.0,814.294,True,True,False,biodegradable acrylate,,,,,,,,,,,,,,,,,,,cyclic
LNPhub_R0004336,LNPhub_BL_2023,https://www.nature.com/articles/s41587-023-01679-x,LNPhub_BL_2023_LNP_000329,BL_A59-T4,CCC#CCOC(=O)OC(C/C=C\CCCCCCCCOC(=O)CCN(CCCN(CCC(=O)OCCCCCCCC/C=C\CC(CCCCCC)OC(=O)OCC#CCC)CCC(=O)OCCCCCCCC/C=C\CC(CCCCCC)OC(=O)OCC#CCC)CCC(=O)OCCCCCCCC/C=C\CC(CCCCCC)OC(=O)OCC#CCC)CCCCCC,Ugi-3CR,C(CN)CN,primary,C=CC(=O)OCCCCCCCC/C=C\CC(CCCCCC)OC(=O)O,ester/carbonate acrylate,1,T4,CCC#CCO,ricinoleic/aliphatic,,,,,,,,,,,,,,,,head–linker–tail,DOPE,[H][C@@](COP([O-])(OCC[NH3+])=O)(OC(CCCCCCC/C=C\\CCCCCCCC)=O)COC(CCCCCCC/C=C\\CCCCCCCC)=O,16.0,Cholesterol,C[C@H](CCCC(C)C)[C@H]1CC[C@@H]2[C@@]1(CC[C@H]3[C@H]2CC=C4[C@@]3(CC[C@@H](C4)O)C)C,46.5,DMPE-PEG2000,CCCCCCCCCCCCCC(=O)OCC(COP(=O)(OCCNCC(=O)OCCOCCOCCOCCOCCOCCOCCOCCOCCOCCOCCOCCOCCOCCOCCOCCOCCOCCOCCOCCOCCOCCOCCOCCOCCOCCOCCOCCOCCOCCOCCOCCOCCOCCOCCOCCOCCOCCOCCOCCOCCOCCOCCOC)O)OC(=O)CCCCCCCCCCCCC,2.5,2000.0,35.0,10.0,,,,mRNA,in_vitro,in_vitro,A549,in_vitro,,,,,,,-1.198187028827597,normalized_luminescence,133.0,0.0,0.0,88.0,1867.359896,253.8,0.0,22.0,28.0441,536.293,0.783783784,4.0,2.0,1868.703,True,True,False,biodegradable acrylate,,,,,,,,,,,,,,,,,,,linear
LNPhub_R0004337,LNPhub_BL_2023,https://www.nature.com/articles/s41587-023-01679-x,LNPhub_BL_2023_LNP_000330,BL_A55-T5,CCCC#CCOC(=O)OC(C/C=C\CCCCCCCCOC(=O)CCN(C)CCO)CCCCCC,Ugi-3CR,CNCCO,secondary,C=CC(=O)OCCCCCCCC/C=C\CC(CCCCCC)OC(=O)O,ester/carbonate acrylate,1,T5,CCCC#CCO,ricinoleic/aliphatic,,,,,,,,,,,,,,,,head–linker–tail,DOPE,[H][C@@](COP([O-])(OCC[NH3+])=O)(OC(CCCCCCC/C=C\\CCCCCCCC)=O)COC(CCCCCCC/C=C\\CCCCCCCC)=O,16.0,Cholesterol,C[C@H](CCCC(C)C)[C@H]1CC[C@@H]2[C@@]1(CC[C@H]3[C@H]2CC=C4[C@@]3(CC[C@@H](C4)O)C)C,46.5,DMPE-PEG2000,CCCCCCCCCCCCCC(=O)OCC(COP(=O)(OCCNCC(=O)OCCOCCOCCOCCOCCOCCOCCOCCOCCOCCOCCOCCOCCOCCOCCOCCOCCOCCOCCOCCOCCOCCOCCOCCOCCOCCOCCOCCOCCOCCOCCOCCOCCOCCOCCOCCOCCOCCOCCOCCOCCOCCOCCOC)O)OC(=O)CCCCCCCCCCCCC,2.5,2000.0,35.0,10.0,,,,mRNA,in_vitro,in_vitro,A549,in_vitro,,,,,,,-1.1187344924644018,normalized_luminescence,38.0,0.0,0.0,24.0,537.4029385,85.3,1.0,7.0,6.8165,153.8988,0.806451613,1.0,1.0,537.782,True,True,False,biodegradable acrylate,,,,,,,,,,,,,,,,,,,linear
LNPhub_R0004338,LNPhub_BL_2023,https://www.nature.com/articles/s41587-023-01679-x,LNPhub_BL_2023_LNP_000331,BL_A39-T2,CCCCCCCC/C=C\CCCCCCCCOC(=O)OC(C/C=C\CCCCCCCCOC(=O)CCN1CCN(CC2CCN(C)CC2)CC1)CCCCCC,Ugi-3CR,CN1CCC(CC1)CN2CCNCC2,secondary_tertiary,C=CC(=O)OCCCCCCCC/C=C\CC(CCCCCC)OC(=O)O,ester/carbonate acrylate,1,T2,CCCCCCCCC=CCCCCCCCCO,ricinoleic/aliphatic,,,,,,,,,,,,,,,,head–linker–tail,DOPE,[H][C@@](COP([O-])(OCC[NH3+])=O)(OC(CCCCCCC/C=C\\CCCCCCCC)=O)COC(CCCCCCC/C=C\\CCCCCCCC)=O,16.0,Cholesterol,C[C@H](CCCC(C)C)[C@H]1CC[C@@H]2[C@@]1(CC[C@H]3[C@H]2CC=C4[C@@]3(CC[C@@H](C4)O)C)C,46.5,DMPE-PEG2000,CCCCCCCCCCCCCC(=O)OCC(COP(=O)(OCCNCC(=O)OCCOCCOCCOCCOCCOCCOCCOCCOCCOCCOCCOCCOCCOCCOCCOCCOCCOCCOCCOCCOCCOCCOCCOCCOCCOCCOCCOCCOCCOCCOCCOCCOCCOCCOCCOCCOCCOCCOCCOCCOCCOCCOCCOC)O)OC(=O)CCCCCCCCCCCCC,2.5,2000.0,35.0,10.0,,,,mRNA,in_vitro,in_vitro,A549,in_vitro,,,,,,,0.9203810045167456,normalized_luminescence,59.0,2.0,0.0,38.0,829.7271731,71.55,0.0,8.0,13.0858,249.185,0.882352941,1.0,3.0,830.337,True,True,False,biodegradable acrylate,,,,,,,,,,,,,,,,,,,cyclic-dendrimer
LNPhub_R0004339,LNPhub_BL_2023,https://www.nature.com/articles/s41587-023-01679-x,LNPhub_BL_2023_LNP_000332,BL_A33-T2,CCCCCCCC/C=C\CCCCCCCCOC(=O)OC(C/C=C\CCCCCCCCOC(=O)CCN(CCCN(C)C)CCCN(CCC(=O)OCCCCCCCC/C=C\CC(CCCCCC)OC(=O)OCCCCCCCC/C=C\CCCCCCCC)CCC(=O)OCCCCCCCC/C=C\CC(CCCCCC)OC(=O)OCCCCCCCC/C=C\CCCCCCCC)CCCCCC,Ugi-3CR,CN(C)CCCNCCCN,primary_secondary_tertiary,C=CC(=O)OCCCCCCCC/C=C\CC(CCCCCC)OC(=O)O,ester/carbonate acrylate,1,T2,CCCCCCCCC=CCCCCCCCCO,ricinoleic/aliphatic,,,,,,,,,,,,,,,,head–linker–tail,DOPE,[H][C@@](COP([O-])(OCC[NH3+])=O)(OC(CCCCCCC/C=C\\CCCCCCCC)=O)COC(CCCCCCC/C=C\\CCCCCCCC)=O,16.0,Cholesterol,C[C@H](CCCC(C)C)[C@H]1CC[C@@H]2[C@@]1(CC[C@H]3[C@H]2CC=C4[C@@]3(CC[C@@H](C4)O)C)C,46.5,DMPE-PEG2000,CCCCCCCCCCCCCC(=O)OCC(COP(=O)(OCCNCC(=O)OCCOCCOCCOCCOCCOCCOCCOCCOCCOCCOCCOCCOCCOCCOCCOCCOCCOCCOCCOCCOCCOCCOCCOCCOCCOCCOCCOCCOCCOCCOCCOCCOCCOCCOCCOCCOCCOCCOCCOCCOCCOCCOCCOC)O)OC(=O)CCCCCCCCCCCCC,2.5,2000.0,35.0,10.0,,,,mRNA,in_vitro,in_vitro,A549,in_vitro,,,,,,,1.333153131600976,normalized_luminescence,146.0,0.0,0.0,116.0,2056.787474,195.21,0.0,18.0,38.3522,618.92,0.859375,3.0,3.0,2058.31,True,True,False,biodegradable acrylate,,,,,,,,,,,,,,,,,,,branched
LNPhub_R0004340,LNPhub_BL_2023,https://www.nature.com/articles/s41587-023-01679-x,LNPhub_BL_2023_LNP_000333,BL_A69-T3,CCCCC/C=C\C/C=C\CCCCCCCCOC(=O)OC(C/C=C\CCCCCCCCOC(=O)CCN(CCCN1CCCC1)CCC(=O)OCCCCCCCC/C=C\CC(CCCCCC)OC(=O)OCCCCCCCC/C=C\C/C=C\CCCCC)CCCCCC,Ugi-3CR,C1CCN(C1)CCCN,primary_tertiary,C=CC(=O)OCCCCCCCC/C=C\CC(CCCCCC)OC(=O)O,ester/carbonate acrylate,1,T3,CCCCCC=CCC=C=CCCCCCCCCO,ricinoleic/aliphatic,,,,,,,,,,,,,,,,head–linker–tail,DOPE,[H][C@@](COP([O-])(OCC[NH3+])=O)(OC(CCCCCCC/C=C\\CCCCCCCC)=O)COC(CCCCCCC/C=C\\CCCCCCCC)=O,16.0,Cholesterol,C[C@H](CCCC(C)C)[C@H]1CC[C@@H]2[C@@]1(CC[C@H]3[C@H]2CC=C4[C@@]3(CC[C@@H](C4)O)C)C,46.5,DMPE-PEG2000,CCCCCCCCCCCCCC(=O)OCC(COP(=O)(OCCNCC(=O)OCCOCCOCCOCCOCCOCCOCCOCCOCCOCCOCCOCCOCCOCCOCCOCCOCCOCCOCCOCCOCCOCCOCCOCCOCCOCCOCCOCCOCCOCCOCCOCCOCCOCCOCCOCCOCCOCCOCCOCCOCCOCCOCCOC)O)OC(=O)CCCCCCCCCCCCC,2.5,2000.0,35.0,10.0,,,,mRNA,in_vitro,in_vitro,A549,in_vitro,,,,,,,-1.8872210972016017,normalized_luminescence,99.0,1.0,0.0,74.0,1389.175999,130.14,0.0,12.0,25.6063,418.711,0.816091954,2.0,2.0,1390.209,True,True,False,biodegradable acrylate,,,,,,,,,,,,,,,,,,,cyclic
LNPhub_R0004341,LNPhub_BL_2023,https://www.nature.com/articles/s41587-023-01679-x,LNPhub_BL_2023_LNP_000334,BL_A42-T7,CCCCCC#CCOC(=O)OC(C/C=C\CCCCCCCCOC(=O)CCN1CCCCC1CCO)CCCCCC,Ugi-3CR,C1CCNC(C1)CCO,secondary,C=CC(=O)OCCCCCCCC/C=C\CC(CCCCCC)OC(=O)O,ester/carbonate acrylate,1,T7,CCCCCC#CCO,ricinoleic/aliphatic,,,,,,,,,,,,,,,,head–linker–tail,DOPE,[H][C@@](COP([O-])(OCC[NH3+])=O)(OC(CCCCCCC/C=C\\CCCCCCCC)=O)COC(CCCCCCC/C=C\\CCCCCCCC)=O,16.0,Cholesterol,C[C@H](CCCC(C)C)[C@H]1CC[C@@H]2[C@@]1(CC[C@H]3[C@H]2CC=C4[C@@]3(CC[C@@H](C4)O)C)C,46.5,DMPE-PEG2000,CCCCCCCCCCCCCC(=O)OCC(COP(=O)(OCCNCC(=O)OCCOCCOCCOCCOCCOCCOCCOCCOCCOCCOCCOCCOCCOCCOCCOCCOCCOCCOCCOCCOCCOCCOCCOCCOCCOCCOCCOCCOCCOCCOCCOCCOCCOCCOCCOCCOCCOCCOCCOCCOCCOCCOCCOC)O)OC(=O)CCCCCCCCCCCCC,2.5,2000.0,35.0,10.0,,,,mRNA,in_vitro,in_vitro,A549,in_vitro,,,,,,,0.3726759174961569,normalized_luminescence,44.0,1.0,0.0,26.0,619.4811888,85.3,1.0,7.0,8.9095,179.4648,0.837837838,2.0,1.0,619.928,True,True,False,biodegradable acrylate,,,,,,,,,,,,,,,,,,,cyclic
LNPhub_R0004342,LNPhub_BL_2023,https://www.nature.com/articles/s41587-023-01679-x,LNPhub_BL_2023_LNP_000335,BL_A31-T3,CCCCC/C=C\C/C=C\CCCCCCCCOC(=O)OC(C/C=C\CCCCCCCCOC(=O)CCN(CCCN(CCC(=O)OCCCCCCCC/C=C\CC(CCCCCC)OC(=O)OCCCCCCCC/C=C\C/C=C\CCCCC)CCC(=O)OCCCCCCCC/C=C\CC(CCCCCC)OC(=O)OCCCCCCCC/C=C\C/C=C\CCCCC)CCCN(CCC(=O)OCCCCCCCC/C=C\CC(CCCCCC)OC(=O)OCCCCCCCC/C=C\C/C=C\CCCCC)CCC(=O)OCCCCCCCC/C=C\CC(CCCCCC)OC(=O)OCCCCCCCC/C=C\C/C=C\CCCCC)CCCCCC,Ugi-3CR,C(CN)CNCCCN,primary_secondary,C=CC(=O)OCCCCCCCC/C=C\CC(CCCCCC)OC(=O)O,ester/carbonate acrylate,1,T3,CCCCCC=CCC=C=CCCCCCCCCO,ricinoleic/aliphatic,,,,,,,,,,,,,,,,head–linker–tail,DOPE,[H][C@@](COP([O-])(OCC[NH3+])=O)(OC(CCCCCCC/C=C\\CCCCCCCC)=O)COC(CCCCCCC/C=C\\CCCCCCCC)=O,16.0,Cholesterol,C[C@H](CCCC(C)C)[C@H]1CC[C@@H]2[C@@]1(CC[C@H]3[C@H]2CC=C4[C@@]3(CC[C@@H](C4)O)C)C,46.5,DMPE-PEG2000,CCCCCCCCCCCCCC(=O)OCC(COP(=O)(OCCNCC(=O)OCCOCCOCCOCCOCCOCCOCCOCCOCCOCCOCCOCCOCCOCCOCCOCCOCCOCCOCCOCCOCCOCCOCCOCCOCCOCCOCCOCCOCCOCCOCCOCCOCCOCCOCCOCCOCCOCCOCCOCCOCCOCCOCCOC)O)OC(=O)CCCCCCCCCCCCC,2.5,2000.0,35.0,10.0,,,,mRNA,in_vitro,in_vitro,A549,in_vitro,,,,,,,1.3837847839237625,normalized_luminescence,234.0,0.0,0.0,183.0,3283.753874,318.87,0.0,28.0,62.2526,988.504,0.805825243,5.0,3.0,3286.198,True,True,False,biodegradable acrylate,,,,,,,,,,,,,,,,,,,linear
LNPhub_R0004343,LNPhub_BL_2023,https://www.nature.com/articles/s41587-023-01679-x,LNPhub_BL_2023_LNP_000336,BL_A54-T3,CCCCC/C=C\C/C=C\CCCCCCCCOC(=O)OC(C/C=C\CCCCCCCCOC(=O)CCN1CCN(CCOCCO)CC1)CCCCCC,Ugi-3CR,C1CN(CCN1)CCOCCO,secondary_tertiary,C=CC(=O)OCCCCCCCC/C=C\CC(CCCCCC)OC(=O)O,ester/carbonate acrylate,1,T3,CCCCCC=CCC=C=CCCCCCCCCO,ricinoleic/aliphatic,,,,,,,,,,,,,,,,head–linker–tail,DOPE,[H][C@@](COP([O-])(OCC[NH3+])=O)(OC(CCCCCCC/C=C\\CCCCCCCC)=O)COC(CCCCCCC/C=C\\CCCCCCCC)=O,16.0,Cholesterol,C[C@H](CCCC(C)C)[C@H]1CC[C@@H]2[C@@]1(CC[C@H]3[C@H]2CC=C4[C@@]3(CC[C@@H](C4)O)C)C,46.5,DMPE-PEG2000,CCCCCCCCCCCCCC(=O)OCC(COP(=O)(OCCNCC(=O)OCCOCCOCCOCCOCCOCCOCCOCCOCCOCCOCCOCCOCCOCCOCCOCCOCCOCCOCCOCCOCCOCCOCCOCCOCCOCCOCCOCCOCCOCCOCCOCCOCCOCCOCCOCCOCCOCCOCCOCCOCCOCCOCCOC)O)OC(=O)CCCCCCCCCCCCC,2.5,2000.0,35.0,10.0,,,,mRNA,in_vitro,in_vitro,A549,in_vitro,,,,,,,-0.5987815631529151,normalized_luminescence,57.0,1.0,0.0,40.0,804.6591532,97.77,1.0,9.0,11.5289,236.7748,0.833333333,1.0,2.0,805.239,True,True,False,biodegradable acrylate,,,,,,,,,,,,,,,,,,,cyclic
LNPhub_R0004344,LNPhub_BL_2023,https://www.nature.com/articles/s41587-023-01679-x,LNPhub_BL_2023_LNP_000337,BL_A34-T2,CCCCCCCC/C=C\CCCCCCCCOC(=O)OC(C/C=C\CCCCCCCCOC(=O)CCN(CCCN(CCC(=O)OCCCCCCCC/C=C\CC(CCCCCC)OC(=O)OCCCCCCCC/C=C\CCCCCCCC)CCN(CCCN(CCC(=O)OCCCCCCCC/C=C\CC(CCCCCC)OC(=O)OCCCCCCCC/C=C\CCCCCCCC)CCC(=O)OCCCCCCCC/C=C\CC(CCCCCC)OC(=O)OCCCCCCCC/C=C\CCCCCCCC)CCC(=O)OCCCCCCCC/C=C\CC(CCCCCC)OC(=O)OCCCCCCCC/C=C\CCCCCCCC)CCC(=O)OCCCCCCCC/C=C\CC(CCCCCC)OC(=O)OCCCCCCCC/C=C\CCCCCCCC)CCCCCC,Ugi-3CR,C(CN)CNCCNCCCN,primary_secondary,C=CC(=O)OCCCCCCCC/C=C\CC(CCCCCC)OC(=O)O,ester/carbonate acrylate,1,T2,CCCCCCCCC=CCCCCCCCCO,ricinoleic/aliphatic,,,,,,,,,,,,,,,,head–linker–tail,DOPE,[H][C@@](COP([O-])(OCC[NH3+])=O)(OC(CCCCCCC/C=C\\CCCCCCCC)=O)COC(CCCCCCC/C=C\\CCCCCCCC)=O,16.0,Cholesterol,C[C@H](CCCC(C)C)[C@H]1CC[C@@H]2[C@@]1(CC[C@H]3[C@H]2CC=C4[C@@]3(CC[C@@H](C4)O)C)C,46.5,DMPE-PEG2000,CCCCCCCCCCCCCC(=O)OCC(COP(=O)(OCCNCC(=O)OCCOCCOCCOCCOCCOCCOCCOCCOCCOCCOCCOCCOCCOCCOCCOCCOCCOCCOCCOCCOCCOCCOCCOCCOCCOCCOCCOCCOCCOCCOCCOCCOCCOCCOCCOCCOCCOCCOCCOCCOCCOCCOCCOC)O)OC(=O)CCCCCCCCCCCCC,2.5,2000.0,35.0,10.0,,,,mRNA,in_vitro,in_vitro,A549,in_vitro,,,,,,,0.7341285253704778,normalized_luminescence,282.0,0.0,0.0,227.0,3969.412299,383.94,0.0,34.0,75.8146,1191.498,0.85483871,6.0,4.0,3972.358,True,True,False,biodegradable acrylate,,,,,,,,,,,,,,,,,,,linear
LNPhub_R0004345,LNPhub_BL_2023,https://www.nature.com/articles/s41587-023-01679-x,LNPhub_BL_2023_LNP_000338,BL_A41-T7,CCCCCC#CCOC(=O)OC(C/C=C\CCCCCCCCOC(=O)CCN1CCC[C@H]1CO)CCCCCC,Ugi-3CR,C1C[C@@H](CO)NC1,secondary,C=CC(=O)OCCCCCCCC/C=C\CC(CCCCCC)OC(=O)O,ester/carbonate acrylate,1,T7,CCCCCC#CCO,ricinoleic/aliphatic,,,,,,,,,,,,,,,,head–linker–tail,DOPE,[H][C@@](COP([O-])(OCC[NH3+])=O)(OC(CCCCCCC/C=C\\CCCCCCCC)=O)COC(CCCCCCC/C=C\\CCCCCCCC)=O,16.0,Cholesterol,C[C@H](CCCC(C)C)[C@H]1CC[C@@H]2[C@@]1(CC[C@H]3[C@H]2CC=C4[C@@]3(CC[C@@H](C4)O)C)C,46.5,DMPE-PEG2000,CCCCCCCCCCCCCC(=O)OCC(COP(=O)(OCCNCC(=O)OCCOCCOCCOCCOCCOCCOCCOCCOCCOCCOCCOCCOCCOCCOCCOCCOCCOCCOCCOCCOCCOCCOCCOCCOCCOCCOCCOCCOCCOCCOCCOCCOCCOCCOCCOCCOCCOCCOCCOCCOCCOCCOCCOC)O)OC(=O)CCCCCCCCCCCCC,2.5,2000.0,35.0,10.0,,,,mRNA,in_vitro,in_vitro,A549,in_vitro,,,,,,,0.4018722972590235,normalized_luminescence,42.0,1.0,0.0,25.0,591.4498887,85.3,1.0,7.0,8.1293,170.2308,0.828571429,2.0,1.0,591.874,True,True,False,biodegradable acrylate,,,,,,,,,,,,,,,,,,,cyclic
LNPhub_R0004346,LNPhub_BL_2023,https://www.nature.com/articles/s41587-023-01679-x,LNPhub_BL_2023_LNP_000339,BL_A70-T7,CCCCCC#CCOC(=O)OC(C/C=C\CCCCCCCCOC(=O)CCN(CCCN1CCOCC1)CCC(=O)OCCCCCCCC/C=C\CC(CCCCCC)OC(=O)OCC#CCCCCC)CCCCCC,Ugi-3CR,C(CN)CN1CCOCC1,primary_tertiary,C=CC(=O)OCCCCCCCC/C=C\CC(CCCCCC)OC(=O)O,ester/carbonate acrylate,1,T7,CCCCCC#CCO,ricinoleic/aliphatic,,,,,,,,,,,,,,,,head–linker–tail,DOPE,[H][C@@](COP([O-])(OCC[NH3+])=O)(OC(CCCCCCC/C=C\\CCCCCCCC)=O)COC(CCCCCCC/C=C\\CCCCCCCC)=O,16.0,Cholesterol,C[C@H](CCCC(C)C)[C@H]1CC[C@@H]2[C@@]1(CC[C@H]3[C@H]2CC=C4[C@@]3(CC[C@@H](C4)O)C)C,46.5,DMPE-PEG2000,CCCCCCCCCCCCCC(=O)OCC(COP(=O)(OCCNCC(=O)OCCOCCOCCOCCOCCOCCOCCOCCOCCOCCOCCOCCOCCOCCOCCOCCOCCOCCOCCOCCOCCOCCOCCOCCOCCOCCOCCOCCOCCOCCOCCOCCOCCOCCOCCOCCOCCOCCOCCOCCOCCOCCOCCOC)O)OC(=O)CCCCCCCCCCCCC,2.5,2000.0,35.0,10.0,,,,mRNA,in_vitro,in_vitro,A549,in_vitro,,,,,,,0.5471390982157218,normalized_luminescence,80.0,1.0,0.0,52.0,1124.857913,139.37,0.0,13.0,16.3831,325.416,0.820895522,2.0,2.0,1125.668,True,True,False,biodegradable acrylate,,,,,,,,,,,,,,,,,,,cyclic
LNPhub_R0004347,LNPhub_BL_2023,https://www.nature.com/articles/s41587-023-01679-x,LNPhub_BL_2023_LNP_000340,BL_A34-T8,CCCCCCC#CCOC(=O)OC(C/C=C\CCCCCCCCOC(=O)CCN(CCCN(CCC(=O)OCCCCCCCC/C=C\CC(CCCCCC)OC(=O)OCC#CCCCCCC)CCN(CCCN(CCC(=O)OCCCCCCCC/C=C\CC(CCCCCC)OC(=O)OCC#CCCCCCC)CCC(=O)OCCCCCCCC/C=C\CC(CCCCCC)OC(=O)OCC#CCCCCCC)CCC(=O)OCCCCCCCC/C=C\CC(CCCCCC)OC(=O)OCC#CCCCCCC)CCC(=O)OCCCCCCCC/C=C\CC(CCCCCC)OC(=O)OCC#CCCCCCC)CCCCCC,Ugi-3CR,C(CN)CNCCNCCCN,primary_secondary,C=CC(=O)OCCCCCCCC/C=C\CC(CCCCCC)OC(=O)O,ester/carbonate acrylate,1,T8,CCCCCCC#CCO,ricinoleic/aliphatic,,,,,,,,,,,,,,,,head–linker–tail,DOPE,[H][C@@](COP([O-])(OCC[NH3+])=O)(OC(CCCCCCC/C=C\\CCCCCCCC)=O)COC(CCCCCCC/C=C\\CCCCCCCC)=O,16.0,Cholesterol,C[C@H](CCCC(C)C)[C@H]1CC[C@@H]2[C@@]1(CC[C@H]3[C@H]2CC=C4[C@@]3(CC[C@@H](C4)O)C)C,46.5,DMPE-PEG2000,CCCCCCCCCCCCCC(=O)OCC(COP(=O)(OCCNCC(=O)OCCOCCOCCOCCOCCOCCOCCOCCOCCOCCOCCOCCOCCOCCOCCOCCOCCOCCOCCOCCOCCOCCOCCOCCOCCOCCOCCOCCOCCOCCOCCOCCOCCOCCOCCOCCOCCOCCOCCOCCOCCOCCOCCOC)O)OC(=O)CCCCCCCCCCCCC,2.5,2000.0,35.0,10.0,,,,mRNA,in_vitro,in_vitro,A549,in_vitro,,,,,,,1.2723617203457884,normalized_luminescence,228.0,0.0,0.0,161.0,3200.473295,383.94,0.0,34.0,51.4324,933.996,0.81443299,6.0,4.0,3202.804,True,True,False,biodegradable acrylate,,,,,,,,,,,,,,,,,,,linear
LNPhub_R0004348,LNPhub_BL_2023,https://www.nature.com/articles/s41587-023-01679-x,LNPhub_BL_2023_LNP_000341,BL_A65-T3,CCCCC/C=C\C/C=C\CCCCCCCCOC(=O)OC(C/C=C\CCCCCCCCOC(=O)CCN(CCC(=O)OCCCCCCCC/C=C\CC(CCCCCC)OC(=O)OCCCCCCCC/C=C\C/C=C\CCCCC)CC(OC)OC)CCCCCC,Ugi-3CR,COC(CN)OC,primary,C=CC(=O)OCCCCCCCC/C=C\CC(CCCCCC)OC(=O)O,ester/carbonate acrylate,1,T3,CCCCCC=CCC=C=CCCCCCCCCO,ricinoleic/aliphatic,,,,,,,,,,,,,,,,head–linker–tail,DOPE,[H][C@@](COP([O-])(OCC[NH3+])=O)(OC(CCCCCCC/C=C\\CCCCCCCC)=O)COC(CCCCCCC/C=C\\CCCCCCCC)=O,16.0,Cholesterol,C[C@H](CCCC(C)C)[C@H]1CC[C@@H]2[C@@]1(CC[C@H]3[C@H]2CC=C4[C@@]3(CC[C@@H](C4)O)C)C,46.5,DMPE-PEG2000,CCCCCCCCCCCCCC(=O)OCC(COP(=O)(OCCNCC(=O)OCCOCCOCCOCCOCCOCCOCCOCCOCCOCCOCCOCCOCCOCCOCCOCCOCCOCCOCCOCCOCCOCCOCCOCCOCCOCCOCCOCCOCCOCCOCCOCCOCCOCCOCCOCCOCCOCCOCCOCCOCCOCCOCCOC)O)OC(=O)CCCCCCCCCCCCC,2.5,2000.0,35.0,10.0,,,,mRNA,in_vitro,in_vitro,A549,in_vitro,,,,,,,-1.3448005292591254,normalized_luminescence,97.0,0.0,0.0,74.0,1366.123629,145.36,0.0,13.0,24.7393,406.226,0.80952381,2.0,1.0,1367.127,True,True,False,biodegradable acrylate,,,,,,,,,,,,,,,,,,,branched
LNPhub_R0004349,LNPhub_BL_2023,https://www.nature.com/articles/s41587-023-01679-x,LNPhub_BL_2023_LNP_000342,BL_A2-T7,CCCCCC#CCOC(=O)OC(C/C=C\CCCCCCCCOC(=O)CCN(CCC(=O)OCCCCCCCC/C=C\CC(CCCCCC)OC(=O)OCC#CCCCCC)CCN(C)C)CCCCCC,Ugi-3CR,CN(C)CCN,primary_tertiary,C=CC(=O)OCCCCCCCC/C=C\CC(CCCCCC)OC(=O)O,ester/carbonate acrylate,1,T7,CCCCCC#CCO,ricinoleic/aliphatic,,,,,,,,,,,,,,,,head–linker–tail,DOPE,[H][C@@](COP([O-])(OCC[NH3+])=O)(OC(CCCCCCC/C=C\\CCCCCCCC)=O)COC(CCCCCCC/C=C\\CCCCCCCC)=O,16.0,Cholesterol,C[C@H](CCCC(C)C)[C@H]1CC[C@@H]2[C@@]1(CC[C@H]3[C@H]2CC=C4[C@@]3(CC[C@@H](C4)O)C)C,46.5,DMPE-PEG2000,CCCCCCCCCCCCCC(=O)OCC(COP(=O)(OCCNCC(=O)OCCOCCOCCOCCOCCOCCOCCOCCOCCOCCOCCOCCOCCOCCOCCOCCOCCOCCOCCOCCOCCOCCOCCOCCOCCOCCOCCOCCOCCOCCOCCOCCOCCOCCOCCOCCOCCOCCOCCOCCOCCOCCOCCOC)O)OC(=O)CCCCCCCCCCCCC,2.5,2000.0,35.0,10.0,,,,mRNA,in_vitro,in_vitro,A549,in_vitro,,,,,,,1.118181499095935,normalized_luminescence,76.0,0.0,0.0,51.0,1068.831698,130.14,0.0,12.0,16.2224,312.094,0.8125,2.0,2.0,1069.604,True,True,False,biodegradable acrylate,,,,,,,,,,,,,,,,,,,branched
LNPhub_R0004350,LNPhub_BL_2023,https://www.nature.com/articles/s41587-023-01679-x,LNPhub_BL_2023_LNP_000343,BL_A22-T8,CCCCCCC#CCOC(=O)OC(C/C=C\CCCCCCCCOC(=O)CCN(CCC(=O)OCCCCCCCC/C=C\CC(CCCCCC)OC(=O)OCC#CCCCCCC)CCc1ccccn1)CCCCCC,Ugi-3CR,C1=CC(=NC=C1)CCN,primary,C=CC(=O)OCCCCCCCC/C=C\CC(CCCCCC)OC(=O)O,ester/carbonate acrylate,1,T8,CCCCCCC#CCO,ricinoleic/aliphatic,,,,,,,,,,,,,,,,head–linker–tail,DOPE,[H][C@@](COP([O-])(OCC[NH3+])=O)(OC(CCCCCCC/C=C\\CCCCCCCC)=O)COC(CCCCCCC/C=C\\CCCCCCCC)=O,16.0,Cholesterol,C[C@H](CCCC(C)C)[C@H]1CC[C@@H]2[C@@]1(CC[C@H]3[C@H]2CC=C4[C@@]3(CC[C@@H](C4)O)C)C,46.5,DMPE-PEG2000,CCCCCCCCCCCCCC(=O)OCC(COP(=O)(OCCNCC(=O)OCCOCCOCCOCCOCCOCCOCCOCCOCCOCCOCCOCCOCCOCCOCCOCCOCCOCCOCCOCCOCCOCCOCCOCCOCCOCCOCCOCCOCCOCCOCCOCCOCCOCCOCCOCCOCCOCCOCCOCCOCCOCCOCCOC)O)OC(=O)CCCCCCCCCCCCC,2.5,2000.0,35.0,10.0,,,,mRNA,in_vitro,in_vitro,A549,in_vitro,,,,,,,1.072468604886461,normalized_luminescence,81.0,1.0,1.0,53.0,1130.847348,139.79,0.0,12.0,18.0787,330.715,0.753623188,2.0,2.0,1131.675,True,True,False,biodegradable acrylate,,,,,,,,,,,,,,,,,,,cyclic
LNPhub_R0004351,LNPhub_BL_2023,https://www.nature.com/articles/s41587-023-01679-x,LNPhub_BL_2023_LNP_000344,BL_A59-T7,CCCCCC#CCOC(=O)OC(C/C=C\CCCCCCCCOC(=O)CCN(CCCN(CCC(=O)OCCCCCCCC/C=C\CC(CCCCCC)OC(=O)OCC#CCCCCC)CCC(=O)OCCCCCCCC/C=C\CC(CCCCCC)OC(=O)OCC#CCCCCC)CCC(=O)OCCCCCCCC/C=C\CC(CCCCCC)OC(=O)OCC#CCCCCC)CCCCCC,Ugi-3CR,C(CN)CN,primary,C=CC(=O)OCCCCCCCC/C=C\CC(CCCCCC)OC(=O)O,ester/carbonate acrylate,1,T7,CCCCCC#CCO,ricinoleic/aliphatic,,,,,,,,,,,,,,,,head–linker–tail,DOPE,[H][C@@](COP([O-])(OCC[NH3+])=O)(OC(CCCCCCC/C=C\\CCCCCCCC)=O)COC(CCCCCCC/C=C\\CCCCCCCC)=O,16.0,Cholesterol,C[C@H](CCCC(C)C)[C@H]1CC[C@@H]2[C@@]1(CC[C@H]3[C@H]2CC=C4[C@@]3(CC[C@@H](C4)O)C)C,46.5,DMPE-PEG2000,CCCCCCCCCCCCCC(=O)OCC(COP(=O)(OCCNCC(=O)OCCOCCOCCOCCOCCOCCOCCOCCOCCOCCOCCOCCOCCOCCOCCOCCOCCOCCOCCOCCOCCOCCOCCOCCOCCOCCOCCOCCOCCOCCOCCOCCOCCOCCOCCOCCOCCOCCOCCOCCOCCOCCOCCOC)O)OC(=O)CCCCCCCCCCCCC,2.5,2000.0,35.0,10.0,,,,mRNA,in_vitro,in_vitro,A549,in_vitro,,,,,,,-1.2353451881823054,normalized_luminescence,145.0,0.0,0.0,100.0,2035.547697,253.8,0.0,22.0,32.7253,591.697,0.804878049,4.0,2.0,2037.027,True,True,False,biodegradable acrylate,,,,,,,,,,,,,,,,,,,linear
LNPhub_R0004352,LNPhub_BL_2023,https://www.nature.com/articles/s41587-023-01679-x,LNPhub_BL_2023_LNP_000345,BL_A17-T6,CCCCC#CCOC(=O)OC(C/C=C\CCCCCCCCOC(=O)CCN(CCC(=O)OCCCCCCCC/C=C\CC(CCCCCC)OC(=O)OCC#CCCCC)CCN1CCOCC1)CCCCCC,Ugi-3CR,C(CN1CCOCC1)N,primary_tertiary,C=CC(=O)OCCCCCCCC/C=C\CC(CCCCCC)OC(=O)O,ester/carbonate acrylate,1,T6,CCCCC#CCO,ricinoleic/aliphatic,,,,,,,,,,,,,,,,head–linker–tail,DOPE,[H][C@@](COP([O-])(OCC[NH3+])=O)(OC(CCCCCCC/C=C\\CCCCCCCC)=O)COC(CCCCCCC/C=C\\CCCCCCCC)=O,16.0,Cholesterol,C[C@H](CCCC(C)C)[C@H]1CC[C@@H]2[C@@]1(CC[C@H]3[C@H]2CC=C4[C@@]3(CC[C@@H](C4)O)C)C,46.5,DMPE-PEG2000,CCCCCCCCCCCCCC(=O)OCC(COP(=O)(OCCNCC(=O)OCCOCCOCCOCCOCCOCCOCCOCCOCCOCCOCCOCCOCCOCCOCCOCCOCCOCCOCCOCCOCCOCCOCCOCCOCCOCCOCCOCCOCCOCCOCCOCCOCCOCCOCCOCCOCCOCCOCCOCCOCCOCCOCCOC)O)OC(=O)CCCCCCCCCCCCC,2.5,2000.0,35.0,10.0,,,,mRNA,in_vitro,in_vitro,A549,in_vitro,,,,,,,0.2761141055352424,normalized_luminescence,77.0,1.0,0.0,49.0,1082.810962,139.37,0.0,13.0,15.2128,311.565,0.8125,2.0,2.0,1083.587,True,True,False,biodegradable acrylate,,,,,,,,,,,,,,,,,,,cyclic
LNPhub_R0004353,LNPhub_BL_2023,https://www.nature.com/articles/s41587-023-01679-x,LNPhub_BL_2023_LNP_000346,BL_A10-T2,CCCCCCCC/C=C\CCCCCCCCOC(=O)OC(C/C=C\CCCCCCCCOC(=O)CCN(CCC(=O)OCCCCCCCC/C=C\CC(CCCCCC)OC(=O)OCCCCCCCC/C=C\CCCCCCCC)CCc1ccncc1)CCCCCC,Ugi-3CR,NCCC1=CC=NC=C1,primary,C=CC(=O)OCCCCCCCC/C=C\CC(CCCCCC)OC(=O)O,ester/carbonate acrylate,1,T2,CCCCCCCCC=CCCCCCCCCO,ricinoleic/aliphatic,,,,,,,,,,,,,,,,head–linker–tail,DOPE,[H][C@@](COP([O-])(OCC[NH3+])=O)(OC(CCCCCCC/C=C\\CCCCCCCC)=O)COC(CCCCCCC/C=C\\CCCCCCCC)=O,16.0,Cholesterol,C[C@H](CCCC(C)C)[C@H]1CC[C@@H]2[C@@]1(CC[C@H]3[C@H]2CC=C4[C@@]3(CC[C@@H](C4)O)C)C,46.5,DMPE-PEG2000,CCCCCCCCCCCCCC(=O)OCC(COP(=O)(OCCNCC(=O)OCCOCCOCCOCCOCCOCCOCCOCCOCCOCCOCCOCCOCCOCCOCCOCCOCCOCCOCCOCCOCCOCCOCCOCCOCCOCCOCCOCCOCCOCCOCCOCCOCCOCCOCCOCCOCCOCCOCCOCCOCCOCCOCCOC)O)OC(=O)CCCCCCCCCCCCC,2.5,2000.0,35.0,10.0,,,,mRNA,in_vitro,in_vitro,A549,in_vitro,,,,,,,0.54025697857958,normalized_luminescence,99.0,1.0,1.0,75.0,1387.160349,139.79,0.0,12.0,26.2061,416.549,0.804597701,2.0,2.0,1388.193,True,True,False,biodegradable acrylate,,,,,,,,,,,,,,,,,,,cyclic
LNPhub_R0004354,LNPhub_BL_2023,https://www.nature.com/articles/s41587-023-01679-x,LNPhub_BL_2023_LNP_000347,BL_A11-T1,CCCCCCCCCCCCCCCCCCOC(=O)OC(C/C=C\CCCCCCCCOC(=O)CCN1CCC(CCCC2CCN(CCO)CC2)CC1)CCCCCC,Ugi-3CR,C(CC1CCNCC1)CC2CCN(CC2)CCO,secondary_tertiary,C=CC(=O)OCCCCCCCC/C=C\CC(CCCCCC)OC(=O)O,ester/carbonate acrylate,1,T1,CCCCCCCCCCCCCCCCCCO,ricinoleic/aliphatic,,,,,,,,,,,,,,,,head–linker–tail,DOPE,[H][C@@](COP([O-])(OCC[NH3+])=O)(OC(CCCCCCC/C=C\\CCCCCCCC)=O)COC(CCCCCCC/C=C\\CCCCCCCC)=O,16.0,Cholesterol,C[C@H](CCCC(C)C)[C@H]1CC[C@@H]2[C@@]1(CC[C@H]3[C@H]2CC=C4[C@@]3(CC[C@@H](C4)O)C)C,46.5,DMPE-PEG2000,CCCCCCCCCCCCCC(=O)OCC(COP(=O)(OCCNCC(=O)OCCOCCOCCOCCOCCOCCOCCOCCOCCOCCOCCOCCOCCOCCOCCOCCOCCOCCOCCOCCOCCOCCOCCOCCOCCOCCOCCOCCOCCOCCOCCOCCOCCOCCOCCOCCOCCOCCOCCOCCOCCOCCOCCOC)O)OC(=O)CCCCCCCCCCCCC,2.5,2000.0,35.0,10.0,,,,mRNA,in_vitro,in_vitro,A549,in_vitro,,,,,,,2.5439873204215258,normalized_luminescence,63.0,2.0,0.0,43.0,888.789439,88.54,1.0,8.0,14.937,265.4428,0.927272727,1.0,2.0,889.445,True,True,False,biodegradable acrylate,,,,,,,,,,,,,,,,,,,cyclic-dendrimer
LNPhub_R0004355,LNPhub_BL_2023,https://www.nature.com/articles/s41587-023-01679-x,LNPhub_BL_2023_LNP_000005,BL_A47-T7,CCCCCC#CCOC(=O)OC(C/C=C\CCCCCCCCOC(=O)CCN1CCN(CCC(=O)OCCCCCCCC/C=C\CC(CCCCCC)OC(=O)OCC#CCCCCC)CCN(CCC(=O)OCCCCCCCC/C=C\CC(CCCCCC)OC(=O)OCC#CCCCCC)CC1)CCCCCC,Ugi-3CR,C1CN2CCNCCN1CC2,secondary_tertiary,C=CC(=O)OCCCCCCCC/C=C\CC(CCCCCC)OC(=O)O,ester/carbonate acrylate,1,T7,CCCCCC#CCO,ricinoleic/aliphatic,,,,,,,,,,,,,,,,head–linker–tail,DOTAP,[H]C(C[N+](C)(C)C)(OC(CCCCCCC/C=C\CCCCCCCC)=O)COC(CCCCCCC/C=C\CCCCCCCC)=O,39.0,Cholesterol,C[C@H](CCCC(C)C)[C@H]1CC[C@@H]2[C@@]1(CC[C@H]3[C@H]2CC=C4[C@@]3(CC[C@@H](C4)O)C)C,30.0,DMPE-PEG2000,CCCCCCCCCCCCCC(=O)OCC(COP(=O)(OCCNCC(=O)OCCOCCOCCOCCOCCOCCOCCOCCOCCOCCOCCOCCOCCOCCOCCOCCOCCOCCOCCOCCOCCOCCOCCOCCOCCOCCOCCOCCOCCOCCOCCOCCOCCOCCOCCOCCOCCOCCOCCOCCOCCOCCOCCOC)O)OC(=O)CCCCCCCCCCCCC,1.0,2000.0,30.0,7.5,,,,mRNA,intratracheal,in_vivo,Mouse_B6,lung_epithelium,120.6,,,,,,0.3369589367633844,normalized_luminescence,114.0,1.0,0.0,72.0,1600.224072,195.21,0.0,18.0,23.9646,464.97,0.8125,3.0,3.0,1601.382,True,True,False,biodegradable acrylate,,,,,,88.0,,,,,,,,,,,,,macrocyclic
LNPhub_R0004356,LNPhub_BL_2023,https://www.nature.com/articles/s41587-023-01679-x,LNPhub_BL_2023_LNP_000348,BL_A13-T7,CCCCCC#CCOC(=O)OC(C/C=C\CCCCCCCCOC(=O)CCN1CCN(CCN2CCCC2)CC1)CCCCCC,Ugi-3CR,C1CCN(C1)CCN2CCNCC2,secondary_tertiary,C=CC(=O)OCCCCCCCC/C=C\CC(CCCCCC)OC(=O)O,ester/carbonate acrylate,1,T7,CCCCCC#CCO,ricinoleic/aliphatic,,,,,,,,,,,,,,,,head–linker–tail,DOPE,[H][C@@](COP([O-])(OCC[NH3+])=O)(OC(CCCCCCC/C=C\\CCCCCCCC)=O)COC(CCCCCCC/C=C\\CCCCCCCC)=O,16.0,Cholesterol,C[C@H](CCCC(C)C)[C@H]1CC[C@@H]2[C@@]1(CC[C@H]3[C@H]2CC=C4[C@@]3(CC[C@@H](C4)O)C)C,46.5,DMPE-PEG2000,CCCCCCCCCCCCCC(=O)OCC(COP(=O)(OCCNCC(=O)OCCOCCOCCOCCOCCOCCOCCOCCOCCOCCOCCOCCOCCOCCOCCOCCOCCOCCOCCOCCOCCOCCOCCOCCOCCOCCOCCOCCOCCOCCOCCOCCOCCOCCOCCOCCOCCOCCOCCOCCOCCOCCOCCOC)O)OC(=O)CCCCCCCCCCCCC,2.5,2000.0,35.0,10.0,,,,mRNA,in_vitro,in_vitro,A549,in_vitro,,,,,,,-0.6127713150914595,normalized_luminescence,48.0,2.0,0.0,27.0,673.5393724,71.55,0.0,8.0,8.386,197.104,0.85,1.0,3.0,674.024,True,True,False,biodegradable acrylate,,,,,,,,,,,,,,,,,,,cyclic
LNPhub_R0004357,LNPhub_BL_2023,https://www.nature.com/articles/s41587-023-01679-x,LNPhub_BL_2023_LNP_000349,BL_A43-T3,CCCCC/C=C\C/C=C\CCCCCCCCOC(=O)OC(C/C=C\CCCCCCCCOC(=O)CCN(CCC(=O)OCCCCCCCC/C=C\CC(CCCCCC)OC(=O)OCCCCCCCC/C=C\C/C=C\CCCCC)CC1CCCCN1C)CCCCCC,Ugi-3CR,CN1CCCCC1CN,primary_tertiary,C=CC(=O)OCCCCCCCC/C=C\CC(CCCCCC)OC(=O)O,ester/carbonate acrylate,1,T3,CCCCCC=CCC=C=CCCCCCCCCO,ricinoleic/aliphatic,,,,,,,,,,,,,,,,head–linker–tail,DOPE,[H][C@@](COP([O-])(OCC[NH3+])=O)(OC(CCCCCCC/C=C\\CCCCCCCC)=O)COC(CCCCCCC/C=C\\CCCCCCCC)=O,16.0,Cholesterol,C[C@H](CCCC(C)C)[C@H]1CC[C@@H]2[C@@]1(CC[C@H]3[C@H]2CC=C4[C@@]3(CC[C@@H](C4)O)C)C,46.5,DMPE-PEG2000,CCCCCCCCCCCCCC(=O)OCC(COP(=O)(OCCNCC(=O)OCCOCCOCCOCCOCCOCCOCCOCCOCCOCCOCCOCCOCCOCCOCCOCCOCCOCCOCCOCCOCCOCCOCCOCCOCCOCCOCCOCCOCCOCCOCCOCCOCCOCCOCCOCCOCCOCCOCCOCCOCCOCCOCCOC)O)OC(=O)CCCCCCCCCCCCC,2.5,2000.0,35.0,10.0,,,,mRNA,in_vitro,in_vitro,A549,in_vitro,,,,,,,-1.449898491628892,normalized_luminescence,99.0,1.0,0.0,72.0,1389.175999,130.14,0.0,12.0,25.6047,418.689,0.816091954,3.0,2.0,1390.209,True,True,False,biodegradable acrylate,,,,,,,,,,,,,,,,,,,cyclic
LNPhub_R0004358,LNPhub_BL_2023,https://www.nature.com/articles/s41587-023-01679-x,LNPhub_BL_2023_LNP_000350,BL_A28-T5,CCCC#CCOC(=O)OC(C/C=C\CCCCCCCCOC(=O)CCN(C)CCCN(C)CCCN(C)CCC(=O)OCCCCCCCC/C=C\CC(CCCCCC)OC(=O)OCC#CCCC)CCCCCC,Ugi-3CR,CNCCCN(C)CCCNC,secondary_tertiary,C=CC(=O)OCCCCCCCC/C=C\CC(CCCCCC)OC(=O)O,ester/carbonate acrylate,1,T5,CCCC#CCO,ricinoleic/aliphatic,,,,,,,,,,,,,,,,head–linker–tail,DOPE,[H][C@@](COP([O-])(OCC[NH3+])=O)(OC(CCCCCCC/C=C\\CCCCCCCC)=O)COC(CCCCCCC/C=C\\CCCCCCCC)=O,16.0,Cholesterol,C[C@H](CCCC(C)C)[C@H]1CC[C@@H]2[C@@]1(CC[C@H]3[C@H]2CC=C4[C@@]3(CC[C@@H](C4)O)C)C,46.5,DMPE-PEG2000,CCCCCCCCCCCCCC(=O)OCC(COP(=O)(OCCNCC(=O)OCCOCCOCCOCCOCCOCCOCCOCCOCCOCCOCCOCCOCCOCCOCCOCCOCCOCCOCCOCCOCCOCCOCCOCCOCCOCCOCCOCCOCCOCCOCCOCCOCCOCCOCCOCCOCCOCCOCCOCCOCCOCCOCCOC)O)OC(=O)CCCCCCCCCCCCC,2.5,2000.0,35.0,10.0,,,,mRNA,in_vitro,in_vitro,A549,in_vitro,,,,,,,-0.403361889172019,normalized_luminescence,78.0,0.0,0.0,52.0,1097.858247,133.38,0.0,13.0,15.374,320.357,0.815384615,2.0,3.0,1098.646,True,True,False,biodegradable acrylate,,,,,,,,,,,,,,,,,,,branched
LNPhub_R0004359,LNPhub_BL_2023,https://www.nature.com/articles/s41587-023-01679-x,LNPhub_BL_2023_LNP_000351,BL_A53-T9,CCCCC#CCCOC(=O)OC(C/C=C\CCCCCCCCOC(=O)CCN1CCC(O)CC1)CCCCCC,Ugi-3CR,C1CNCCC1O,secondary,C=CC(=O)OCCCCCCCC/C=C\CC(CCCCCC)OC(=O)O,ester/carbonate acrylate,1,T9,CCCCC#CCCO,ricinoleic/aliphatic,,,,,,,,,,,,,,,,head–linker–tail,DOPE,[H][C@@](COP([O-])(OCC[NH3+])=O)(OC(CCCCCCC/C=C\\CCCCCCCC)=O)COC(CCCCCCC/C=C\\CCCCCCCC)=O,16.0,Cholesterol,C[C@H](CCCC(C)C)[C@H]1CC[C@@H]2[C@@]1(CC[C@H]3[C@H]2CC=C4[C@@]3(CC[C@@H](C4)O)C)C,46.5,DMPE-PEG2000,CCCCCCCCCCCCCC(=O)OCC(COP(=O)(OCCNCC(=O)OCCOCCOCCOCCOCCOCCOCCOCCOCCOCCOCCOCCOCCOCCOCCOCCOCCOCCOCCOCCOCCOCCOCCOCCOCCOCCOCCOCCOCCOCCOCCOCCOCCOCCOCCOCCOCCOCCOCCOCCOCCOCCOCCOC)O)OC(=O)CCCCCCCCCCCCC,2.5,2000.0,35.0,10.0,,,,mRNA,in_vitro,in_vitro,A549,in_vitro,,,,,,,0.372213773479277,normalized_luminescence,42.0,1.0,0.0,24.0,591.4498887,85.3,1.0,7.0,8.1293,170.2308,0.828571429,1.0,1.0,591.874,True,True,False,biodegradable acrylate,,,,,,,,,,,,,,,,,,,cyclic
LNPhub_R0004360,LNPhub_BL_2023,https://www.nature.com/articles/s41587-023-01679-x,LNPhub_BL_2023_LNP_000352,BL_A46-T8,CCCCCCC#CCOC(=O)OC(C/C=C\CCCCCCCCOC(=O)CCN(CCC(=O)OCCCCCCCC/C=C\CC(CCCCCC)OC(=O)OCC#CCCCCCC)CCN1CCC(C)CC1)CCCCCC,Ugi-3CR,CC1CCN(CC1)CCN,primary_tertiary,C=CC(=O)OCCCCCCCC/C=C\CC(CCCCCC)OC(=O)O,ester/carbonate acrylate,1,T8,CCCCCCC#CCO,ricinoleic/aliphatic,,,,,,,,,,,,,,,,head–linker–tail,DOPE,[H][C@@](COP([O-])(OCC[NH3+])=O)(OC(CCCCCCC/C=C\\CCCCCCCC)=O)COC(CCCCCCC/C=C\\CCCCCCCC)=O,16.0,Cholesterol,C[C@H](CCCC(C)C)[C@H]1CC[C@@H]2[C@@]1(CC[C@H]3[C@H]2CC=C4[C@@]3(CC[C@@H](C4)O)C)C,46.5,DMPE-PEG2000,CCCCCCCCCCCCCC(=O)OCC(COP(=O)(OCCNCC(=O)OCCOCCOCCOCCOCCOCCOCCOCCOCCOCCOCCOCCOCCOCCOCCOCCOCCOCCOCCOCCOCCOCCOCCOCCOCCOCCOCCOCCOCCOCCOCCOCCOCCOCCOCCOCCOCCOCCOCCOCCOCCOCCOCCOC)O)OC(=O)CCCCCCCCCCCCC,2.5,2000.0,35.0,10.0,,,,mRNA,in_vitro,in_vitro,A549,in_vitro,,,,,,,-1.1098853754805589,normalized_luminescence,82.0,1.0,0.0,53.0,1150.909948,130.14,0.0,12.0,18.1729,337.612,0.828571429,2.0,2.0,1151.75,True,True,False,biodegradable acrylate,,,,,,,,,,,,,,,,,,,cyclic
LNPhub_R0004361,LNPhub_BL_2023,https://www.nature.com/articles/s41587-023-01679-x,LNPhub_BL_2023_LNP_000353,BL_A28-T9,CCCCC#CCCOC(=O)OC(C/C=C\CCCCCCCCOC(=O)CCN(C)CCCN(C)CCCN(C)CCC(=O)OCCCCCCCC/C=C\CC(CCCCCC)OC(=O)OCCC#CCCCC)CCCCCC,Ugi-3CR,CNCCCN(C)CCCNC,secondary_tertiary,C=CC(=O)OCCCCCCCC/C=C\CC(CCCCCC)OC(=O)O,ester/carbonate acrylate,1,T9,CCCCC#CCCO,ricinoleic/aliphatic,,,,,,,,,,,,,,,,head–linker–tail,DOPE,[H][C@@](COP([O-])(OCC[NH3+])=O)(OC(CCCCCCC/C=C\\CCCCCCCC)=O)COC(CCCCCCC/C=C\\CCCCCCCC)=O,16.0,Cholesterol,C[C@H](CCCC(C)C)[C@H]1CC[C@@H]2[C@@]1(CC[C@H]3[C@H]2CC=C4[C@@]3(CC[C@@H](C4)O)C)C,46.5,DMPE-PEG2000,CCCCCCCCCCCCCC(=O)OCC(COP(=O)(OCCNCC(=O)OCCOCCOCCOCCOCCOCCOCCOCCOCCOCCOCCOCCOCCOCCOCCOCCOCCOCCOCCOCCOCCOCCOCCOCCOCCOCCOCCOCCOCCOCCOCCOCCOCCOCCOCCOCCOCCOCCOCCOCCOCCOCCOCCOC)O)OC(=O)CCCCCCCCCCCCC,2.5,2000.0,35.0,10.0,,,,mRNA,in_vitro,in_vitro,A549,in_vitro,,,,,,,1.1214008968025224,normalized_luminescence,82.0,0.0,0.0,56.0,1153.920847,133.38,0.0,13.0,16.9344,338.825,0.826086957,2.0,3.0,1154.754,True,True,False,biodegradable acrylate,,,,,,,,,,,,,,,,,,,branched
LNPhub_R0004362,LNPhub_BL_2023,https://www.nature.com/articles/s41587-023-01679-x,LNPhub_BL_2023_LNP_000354,BL_A34-T10,CCCCCCC#CCCOC(=O)OC(C/C=C\CCCCCCCCOC(=O)CCN(CCCN(CCC(=O)OCCCCCCCC/C=C\CC(CCCCCC)OC(=O)OCCC#CCCCCCC)CCN(CCCN(CCC(=O)OCCCCCCCC/C=C\CC(CCCCCC)OC(=O)OCCC#CCCCCCC)CCC(=O)OCCCCCCCC/C=C\CC(CCCCCC)OC(=O)OCCC#CCCCCCC)CCC(=O)OCCCCCCCC/C=C\CC(CCCCCC)OC(=O)OCCC#CCCCCCC)CCC(=O)OCCCCCCCC/C=C\CC(CCCCCC)OC(=O)OCCC#CCCCCCC)CCCCCC,Ugi-3CR,C(CN)CNCCNCCCN,primary_secondary,C=CC(=O)OCCCCCCCC/C=C\CC(CCCCCC)OC(=O)O,ester/carbonate acrylate,1,T10,CCCCCCC#CCCO,ricinoleic/aliphatic,,,,,,,,,,,,,,,,head–linker–tail,DOPE,[H][C@@](COP([O-])(OCC[NH3+])=O)(OC(CCCCCCC/C=C\\CCCCCCCC)=O)COC(CCCCCCC/C=C\\CCCCCCCC)=O,16.0,Cholesterol,C[C@H](CCCC(C)C)[C@H]1CC[C@@H]2[C@@]1(CC[C@H]3[C@H]2CC=C4[C@@]3(CC[C@@H](C4)O)C)C,46.5,DMPE-PEG2000,CCCCCCCCCCCCCC(=O)OCC(COP(=O)(OCCNCC(=O)OCCOCCOCCOCCOCCOCCOCCOCCOCCOCCOCCOCCOCCOCCOCCOCCOCCOCCOCCOCCOCCOCCOCCOCCOCCOCCOCCOCCOCCOCCOCCOCCOCCOCCOCCOCCOCCOCCOCCOCCOCCOCCOCCOC)O)OC(=O)CCCCCCCCCCCCC,2.5,2000.0,35.0,10.0,,,,mRNA,in_vitro,in_vitro,A549,in_vitro,,,,,,,0.5739859707334217,normalized_luminescence,234.0,0.0,0.0,167.0,3284.567196,383.94,0.0,34.0,53.773,961.698,0.82,6.0,4.0,3286.966,True,True,False,biodegradable acrylate,,,,,,,,,,,,,,,,,,,linear
LNPhub_R0004363,LNPhub_BL_2023,https://www.nature.com/articles/s41587-023-01679-x,LNPhub_BL_2023_LNP_000355,BL_A9-T5,CCCC#CCOC(=O)OC(C/C=C\CCCCCCCCOC(=O)CCN(CCCN1CCN(C)CC1)CCC(=O)OCCCCCCCC/C=C\CC(CCCCCC)OC(=O)OCC#CCCC)CCCCCC,Ugi-3CR,CN1CCN(CCCN)CC1,primary_tertiary,C=CC(=O)OCCCCCCCC/C=C\CC(CCCCCC)OC(=O)O,ester/carbonate acrylate,1,T5,CCCC#CCO,ricinoleic/aliphatic,,,,,,,,,,,,,,,,head–linker–tail,DOPE,[H][C@@](COP([O-])(OCC[NH3+])=O)(OC(CCCCCCC/C=C\\CCCCCCCC)=O)COC(CCCCCCC/C=C\\CCCCCCCC)=O,16.0,Cholesterol,C[C@H](CCCC(C)C)[C@H]1CC[C@@H]2[C@@]1(CC[C@H]3[C@H]2CC=C4[C@@]3(CC[C@@H](C4)O)C)C,46.5,DMPE-PEG2000,CCCCCCCCCCCCCC(=O)OCC(COP(=O)(OCCNCC(=O)OCCOCCOCCOCCOCCOCCOCCOCCOCCOCCOCCOCCOCCOCCOCCOCCOCCOCCOCCOCCOCCOCCOCCOCCOCCOCCOCCOCCOCCOCCOCCOCCOCCOCCOCCOCCOCCOCCOCCOCCOCCOCCOCCOC)O)OC(=O)CCCCCCCCCCCCC,2.5,2000.0,35.0,10.0,,,,mRNA,in_vitro,in_vitro,A549,in_vitro,,,,,,,-0.8274728032941404,normalized_luminescence,77.0,1.0,0.0,48.0,1081.826947,133.38,0.0,13.0,14.7379,313.626,0.8125,2.0,3.0,1082.603,True,True,False,biodegradable acrylate,,,,,,,,,,,,,,,,,,,cyclic
LNPhub_R0004364,LNPhub_BL_2023,https://www.nature.com/articles/s41587-023-01679-x,LNPhub_BL_2023_LNP_000356,BL_A54-T5,CCCC#CCOC(=O)OC(C/C=C\CCCCCCCCOC(=O)CCN1CCN(CCOCCO)CC1)CCCCCC,Ugi-3CR,C1CN(CCN1)CCOCCO,secondary_tertiary,C=CC(=O)OCCCCCCCC/C=C\CC(CCCCCC)OC(=O)O,ester/carbonate acrylate,1,T5,CCCC#CCO,ricinoleic/aliphatic,,,,,,,,,,,,,,,,head–linker–tail,DOPE,[H][C@@](COP([O-])(OCC[NH3+])=O)(OC(CCCCCCC/C=C\\CCCCCCCC)=O)COC(CCCCCCC/C=C\\CCCCCCCC)=O,16.0,Cholesterol,C[C@H](CCCC(C)C)[C@H]1CC[C@@H]2[C@@]1(CC[C@H]3[C@H]2CC=C4[C@@]3(CC[C@@H](C4)O)C)C,46.5,DMPE-PEG2000,CCCCCCCCCCCCCC(=O)OCC(COP(=O)(OCCNCC(=O)OCCOCCOCCOCCOCCOCCOCCOCCOCCOCCOCCOCCOCCOCCOCCOCCOCCOCCOCCOCCOCCOCCOCCOCCOCCOCCOCCOCCOCCOCCOCCOCCOCCOCCOCCOCCOCCOCCOCCOCCOCCOCCOCCOC)O)OC(=O)CCCCCCCCCCCCC,2.5,2000.0,35.0,10.0,,,,mRNA,in_vitro,in_vitro,A549,in_vitro,,,,,,,-0.1896230979978481,normalized_luminescence,45.0,1.0,0.0,27.0,636.4713524,97.77,1.0,9.0,6.5189,180.1008,0.833333333,1.0,2.0,636.915,True,True,False,biodegradable acrylate,,,,,,,,,,,,,,,,,,,cyclic
LNPhub_R0004365,LNPhub_BL_2023,https://www.nature.com/articles/s41587-023-01679-x,LNPhub_BL_2023_LNP_000357,BL_A64-T10,CCCCCCC#CCCOC(=O)OC(C/C=C\CCCCCCCCOC(=O)CCN(CCC(=O)OCCCCCCCC/C=C\CC(CCCCCC)OC(=O)OCCC#CCCCCCC)CC(OCC)OCC)CCCCCC,Ugi-3CR,CCOC(CN)OCC,primary,C=CC(=O)OCCCCCCCC/C=C\CC(CCCCCC)OC(=O)O,ester/carbonate acrylate,1,T10,CCCCCCC#CCCO,ricinoleic/aliphatic,,,,,,,,,,,,,,,,head–linker–tail,DOPE,[H][C@@](COP([O-])(OCC[NH3+])=O)(OC(CCCCCCC/C=C\\CCCCCCCC)=O)COC(CCCCCCC/C=C\\CCCCCCCC)=O,16.0,Cholesterol,C[C@H](CCCC(C)C)[C@H]1CC[C@@H]2[C@@]1(CC[C@H]3[C@H]2CC=C4[C@@]3(CC[C@@H](C4)O)C)C,46.5,DMPE-PEG2000,CCCCCCCCCCCCCC(=O)OCC(COP(=O)(OCCNCC(=O)OCCOCCOCCOCCOCCOCCOCCOCCOCCOCCOCCOCCOCCOCCOCCOCCOCCOCCOCCOCCOCCOCCOCCOCCOCCOCCOCCOCCOCCOCCOCCOCCOCCOCCOCCOCCOCCOCCOCCOCCOCCOCCOCCOC)O)OC(=O)CCCCCCCCCCCCC,2.5,2000.0,35.0,10.0,,,,mRNA,in_vitro,in_vitro,A549,in_vitro,,,,,,,-0.3164876948654301,normalized_luminescence,83.0,0.0,0.0,58.0,1169.904528,145.36,0.0,13.0,18.6203,339.048,0.828571429,2.0,1.0,1170.749,True,True,False,biodegradable acrylate,,,,,,,,,,,,,,,,,,,branched
LNPhub_R0004366,LNPhub_BL_2023,https://www.nature.com/articles/s41587-023-01679-x,LNPhub_BL_2023_LNP_000358,BL_A29-T1,CCCCCCCCCCCCCCCCCCOC(=O)OC(C/C=C\CCCCCCCCOC(=O)CCN(C)CCN(C)C)CCCCCC,Ugi-3CR,CNCCN(C)C,secondary_tertiary,C=CC(=O)OCCCCCCCC/C=C\CC(CCCCCC)OC(=O)O,ester/carbonate acrylate,1,T1,CCCCCCCCCCCCCCCCCCO,ricinoleic/aliphatic,,,,,,,,,,,,,,,,head–linker–tail,DOPE,[H][C@@](COP([O-])(OCC[NH3+])=O)(OC(CCCCCCC/C=C\\CCCCCCCC)=O)COC(CCCCCCC/C=C\\CCCCCCCC)=O,16.0,Cholesterol,C[C@H](CCCC(C)C)[C@H]1CC[C@@H]2[C@@]1(CC[C@H]3[C@H]2CC=C4[C@@]3(CC[C@@H](C4)O)C)C,46.5,DMPE-PEG2000,CCCCCCCCCCCCCC(=O)OCC(COP(=O)(OCCNCC(=O)OCCOCCOCCOCCOCCOCCOCCOCCOCCOCCOCCOCCOCCOCCOCCOCCOCCOCCOCCOCCOCCOCCOCCOCCOCCOCCOCCOCCOCCOCCOCCOCCOCCOCCOCCOCCOCCOCCOCCOCCOCCOCCOCCOC)O)OC(=O)CCCCCCCCCCCCC,2.5,2000.0,35.0,10.0,,,,mRNA,in_vitro,in_vitro,A549,in_vitro,,,,,,,0.3804816985771527,normalized_luminescence,52.0,0.0,0.0,40.0,736.6693239,68.31,0.0,7.0,12.8438,222.229,0.911111111,1.0,2.0,737.208,True,True,False,biodegradable acrylate,,,,,,,,,,,,,,,,,,,branched
LNPhub_R0004367,LNPhub_BL_2023,https://www.nature.com/articles/s41587-023-01679-x,LNPhub_BL_2023_LNP_000359,BL_A54-T7,CCCCCC#CCOC(=O)OC(C/C=C\CCCCCCCCOC(=O)CCN1CCN(CCOCCO)CC1)CCCCCC,Ugi-3CR,C1CN(CCN1)CCOCCO,secondary_tertiary,C=CC(=O)OCCCCCCCC/C=C\CC(CCCCCC)OC(=O)O,ester/carbonate acrylate,1,T7,CCCCCC#CCO,ricinoleic/aliphatic,,,,,,,,,,,,,,,,head–linker–tail,DOPE,[H][C@@](COP([O-])(OCC[NH3+])=O)(OC(CCCCCCC/C=C\\CCCCCCCC)=O)COC(CCCCCCC/C=C\\CCCCCCCC)=O,16.0,Cholesterol,C[C@H](CCCC(C)C)[C@H]1CC[C@@H]2[C@@]1(CC[C@H]3[C@H]2CC=C4[C@@]3(CC[C@@H](C4)O)C)C,46.5,DMPE-PEG2000,CCCCCCCCCCCCCC(=O)OCC(COP(=O)(OCCNCC(=O)OCCOCCOCCOCCOCCOCCOCCOCCOCCOCCOCCOCCOCCOCCOCCOCCOCCOCCOCCOCCOCCOCCOCCOCCOCCOCCOCCOCCOCCOCCOCCOCCOCCOCCOCCOCCOCCOCCOCCOCCOCCOCCOCCOC)O)OC(=O)CCCCCCCCCCCCC,2.5,2000.0,35.0,10.0,,,,mRNA,in_vitro,in_vitro,A549,in_vitro,,,,,,,0.1457538767777721,normalized_luminescence,47.0,1.0,0.0,29.0,664.5026525,97.77,1.0,9.0,7.2991,189.3348,0.842105263,1.0,2.0,664.969,True,True,False,biodegradable acrylate,,,,,,,,,,,,,,,,,,,cyclic
LNPhub_R0004368,LNPhub_BL_2023,https://www.nature.com/articles/s41587-023-01679-x,LNPhub_BL_2023_LNP_000360,BL_A42-T9,CCCCC#CCCOC(=O)OC(C/C=C\CCCCCCCCOC(=O)CCN1CCCCC1CCO)CCCCCC,Ugi-3CR,C1CCNC(C1)CCO,secondary,C=CC(=O)OCCCCCCCC/C=C\CC(CCCCCC)OC(=O)O,ester/carbonate acrylate,1,T9,CCCCC#CCCO,ricinoleic/aliphatic,,,,,,,,,,,,,,,,head–linker–tail,DOPE,[H][C@@](COP([O-])(OCC[NH3+])=O)(OC(CCCCCCC/C=C\\CCCCCCCC)=O)COC(CCCCCCC/C=C\\CCCCCCCC)=O,16.0,Cholesterol,C[C@H](CCCC(C)C)[C@H]1CC[C@@H]2[C@@]1(CC[C@H]3[C@H]2CC=C4[C@@]3(CC[C@@H](C4)O)C)C,46.5,DMPE-PEG2000,CCCCCCCCCCCCCC(=O)OCC(COP(=O)(OCCNCC(=O)OCCOCCOCCOCCOCCOCCOCCOCCOCCOCCOCCOCCOCCOCCOCCOCCOCCOCCOCCOCCOCCOCCOCCOCCOCCOCCOCCOCCOCCOCCOCCOCCOCCOCCOCCOCCOCCOCCOCCOCCOCCOCCOCCOC)O)OC(=O)CCCCCCCCCCCCC,2.5,2000.0,35.0,10.0,,,,mRNA,in_vitro,in_vitro,A549,in_vitro,,,,,,,-0.788283525325102,normalized_luminescence,44.0,1.0,0.0,26.0,619.4811888,85.3,1.0,7.0,8.9095,179.4648,0.837837838,2.0,1.0,619.928,True,True,False,biodegradable acrylate,,,,,,,,,,,,,,,,,,,cyclic
LNPhub_R0004369,LNPhub_BL_2023,https://www.nature.com/articles/s41587-023-01679-x,LNPhub_BL_2023_LNP_000361,BL_A16-T7,CCCCCC#CCOC(=O)OC(C/C=C\CCCCCCCCOC(=O)CCN(CCC(=O)OCCCCCCCC/C=C\CC(CCCCCC)OC(=O)OCC#CCCCCC)CCc1cn(CCC(=O)OCCCCCCCC/C=C\CC(CCCCCC)OC(=O)OCC#CCCCCC)cn1)CCCCCC,Ugi-3CR,C(CN)C1=CNC=N1,primary,C=CC(=O)OCCCCCCCC/C=C\CC(CCCCCC)OC(=O)O,ester/carbonate acrylate,1,T7,CCCCCC#CCO,ricinoleic/aliphatic,,,,,,,,,,,,,,,,head–linker–tail,DOPE,[H][C@@](COP([O-])(OCC[NH3+])=O)(OC(CCCCCCC/C=C\\CCCCCCCC)=O)COC(CCCCCCC/C=C\\CCCCCCCC)=O,16.0,Cholesterol,C[C@H](CCCC(C)C)[C@H]1CC[C@@H]2[C@@]1(CC[C@H]3[C@H]2CC=C4[C@@]3(CC[C@@H](C4)O)C)C,46.5,DMPE-PEG2000,CCCCCCCCCCCCCC(=O)OCC(COP(=O)(OCCNCC(=O)OCCOCCOCCOCCOCCOCCOCCOCCOCCOCCOCCOCCOCCOCCOCCOCCOCCOCCOCCOCCOCCOCCOCCOCCOCCOCCOCCOCCOCCOCCOCCOCCOCCOCCOCCOCCOCCOCCOCCOCCOCCOCCOCCOC)O)OC(=O)CCCCCCCCCCCCC,2.5,2000.0,35.0,10.0,,,,mRNA,in_vitro,in_vitro,A549,in_vitro,,,,,,,0.9606811431494132,normalized_luminescence,113.0,1.0,1.0,75.0,1582.177121,206.55,0.0,18.0,24.7862,458.021,0.778947368,3.0,3.0,1583.323,True,True,False,biodegradable acrylate,,,,,,,,,,,,,,,,,,,cyclic
LNPhub_R0004370,LNPhub_BL_2023,https://www.nature.com/articles/s41587-023-01679-x,LNPhub_BL_2023_LNP_000362,BL_A42-T3,CCCCC/C=C\C/C=C\CCCCCCCCOC(=O)OC(C/C=C\CCCCCCCCOC(=O)CCN1CCCCC1CCO)CCCCCC,Ugi-3CR,C1CCNC(C1)CCO,secondary,C=CC(=O)OCCCCCCCC/C=C\CC(CCCCCC)OC(=O)O,ester/carbonate acrylate,1,T3,CCCCCC=CCC=C=CCCCCCCCCO,ricinoleic/aliphatic,,,,,,,,,,,,,,,,head–linker–tail,DOPE,[H][C@@](COP([O-])(OCC[NH3+])=O)(OC(CCCCCCC/C=C\\CCCCCCCC)=O)COC(CCCCCCC/C=C\\CCCCCCCC)=O,16.0,Cholesterol,C[C@H](CCCC(C)C)[C@H]1CC[C@@H]2[C@@]1(CC[C@H]3[C@H]2CC=C4[C@@]3(CC[C@@H](C4)O)C)C,46.5,DMPE-PEG2000,CCCCCCCCCCCCCC(=O)OCC(COP(=O)(OCCNCC(=O)OCCOCCOCCOCCOCCOCCOCCOCCOCCOCCOCCOCCOCCOCCOCCOCCOCCOCCOCCOCCOCCOCCOCCOCCOCCOCCOCCOCCOCCOCCOCCOCCOCCOCCOCCOCCOCCOCCOCCOCCOCCOCCOCCOC)O)OC(=O)CCCCCCCCCCCCC,2.5,2000.0,35.0,10.0,,,,mRNA,in_vitro,in_vitro,A549,in_vitro,,,,,,,-0.6007125673430285,normalized_luminescence,54.0,1.0,0.0,37.0,759.6376894,85.3,1.0,7.0,13.1393,226.9048,0.829787234,2.0,1.0,760.198,True,True,False,biodegradable acrylate,,,,,,,,,,,,,,,,,,,cyclic
LNPhub_R0004371,LNPhub_BL_2023,https://www.nature.com/articles/s41587-023-01679-x,LNPhub_BL_2023_LNP_000363,BL_A1-T10,CCCCCCC#CCCOC(=O)OC(C/C=C\CCCCCCCCOC(=O)CCN(CCCN(C)C)CCC(=O)OCCCCCCCC/C=C\CC(CCCCCC)OC(=O)OCCC#CCCCCCC)CCCCCC,Ugi-3CR,CN(C)CCCN,primary_tertiary,C=CC(=O)OCCCCCCCC/C=C\CC(CCCCCC)OC(=O)O,ester/carbonate acrylate,1,T10,CCCCCCC#CCCO,ricinoleic/aliphatic,,,,,,,,,,,,,,,,head–linker–tail,DOPE,[H][C@@](COP([O-])(OCC[NH3+])=O)(OC(CCCCCCC/C=C\\CCCCCCCC)=O)COC(CCCCCCC/C=C\\CCCCCCCC)=O,16.0,Cholesterol,C[C@H](CCCC(C)C)[C@H]1CC[C@@H]2[C@@]1(CC[C@H]3[C@H]2CC=C4[C@@]3(CC[C@@H](C4)O)C)C,46.5,DMPE-PEG2000,CCCCCCCCCCCCCC(=O)OCC(COP(=O)(OCCNCC(=O)OCCOCCOCCOCCOCCOCCOCCOCCOCCOCCOCCOCCOCCOCCOCCOCCOCCOCCOCCOCCOCCOCCOCCOCCOCCOCCOCCOCCOCCOCCOCCOCCOCCOCCOCCOCCOCCOCCOCCOCCOCCOCCOCCOC)O)OC(=O)CCCCCCCCCCCCC,2.5,2000.0,35.0,10.0,,,,mRNA,in_vitro,in_vitro,A549,in_vitro,,,,,,,-0.5866566474148637,normalized_luminescence,81.0,0.0,0.0,56.0,1138.909948,130.14,0.0,12.0,18.1729,335.179,0.826086957,2.0,2.0,1139.739,True,True,False,biodegradable acrylate,,,,,,,,,,,,,,,,,,,branched
LNPhub_R0004372,LNPhub_BL_2023,https://www.nature.com/articles/s41587-023-01679-x,LNPhub_BL_2023_LNP_000364,BL_A57-T8,CCCCCCC#CCOC(=O)OC(C/C=C\CCCCCCCCOC(=O)CCN(C)CCO)CCCCCC,Ugi-3CR,CNCCO,secondary,C=CC(=O)OCCCCCCCC/C=C\CC(CCCCCC)OC(=O)O,ester/carbonate acrylate,1,T8,CCCCCCC#CCO,ricinoleic/aliphatic,,,,,,,,,,,,,,,,head–linker–tail,DOPE,[H][C@@](COP([O-])(OCC[NH3+])=O)(OC(CCCCCCC/C=C\\CCCCCCCC)=O)COC(CCCCCCC/C=C\\CCCCCCCC)=O,16.0,Cholesterol,C[C@H](CCCC(C)C)[C@H]1CC[C@@H]2[C@@]1(CC[C@H]3[C@H]2CC=C4[C@@]3(CC[C@@H](C4)O)C)C,46.5,DMPE-PEG2000,CCCCCCCCCCCCCC(=O)OCC(COP(=O)(OCCNCC(=O)OCCOCCOCCOCCOCCOCCOCCOCCOCCOCCOCCOCCOCCOCCOCCOCCOCCOCCOCCOCCOCCOCCOCCOCCOCCOCCOCCOCCOCCOCCOCCOCCOCCOCCOCCOCCOCCOCCOCCOCCOCCOCCOCCOC)O)OC(=O)CCCCCCCCCCCCC,2.5,2000.0,35.0,10.0,,,,mRNA,in_vitro,in_vitro,A549,in_vitro,,,,,,,-1.7176540027380172,normalized_luminescence,41.0,0.0,0.0,27.0,579.4498887,85.3,1.0,7.0,7.9868,167.7498,0.823529412,1.0,1.0,579.863,True,True,False,biodegradable acrylate,,,,,,,,,,,,,,,,,,,linear
LNPhub_R0004373,LNPhub_BL_2023,https://www.nature.com/articles/s41587-023-01679-x,LNPhub_BL_2023_LNP_000365,BL_A72-T8,CCCCCCC#CCOC(=O)OC(C/C=C\CCCCCCCCOC(=O)CCN1CCC1c1ccccc1)CCCCCC,Ugi-3CR,C1=CC=C(C=C1)C2CCN2,secondary,C=CC(=O)OCCCCCCCC/C=C\CC(CCCCCC)OC(=O)O,ester/carbonate acrylate,1,T8,CCCCCCC#CCO,ricinoleic/aliphatic,,,,,,,,,,,,,,,,head–linker–tail,DOPE,[H][C@@](COP([O-])(OCC[NH3+])=O)(OC(CCCCCCC/C=C\\CCCCCCCC)=O)COC(CCCCCCC/C=C\\CCCCCCCC)=O,16.0,Cholesterol,C[C@H](CCCC(C)C)[C@H]1CC[C@@H]2[C@@]1(CC[C@H]3[C@H]2CC=C4[C@@]3(CC[C@@H](C4)O)C)C,46.5,DMPE-PEG2000,CCCCCCCCCCCCCC(=O)OCC(COP(=O)(OCCNCC(=O)OCCOCCOCCOCCOCCOCCOCCOCCOCCOCCOCCOCCOCCOCCOCCOCCOCCOCCOCCOCCOCCOCCOCCOCCOCCOCCOCCOCCOCCOCCOCCOCCOCCOCCOCCOCCOCCOCCOCCOCCOCCOCCOCCOC)O)OC(=O)CCCCCCCCCCCCC,2.5,2000.0,35.0,10.0,,,,mRNA,in_vitro,in_vitro,A549,in_vitro,,,,,,,-0.922117101332992,normalized_luminescence,46.0,2.0,1.0,26.0,637.4706241,65.07,0.0,6.0,10.5097,188.54,0.7,2.0,1.0,637.946,True,True,False,biodegradable acrylate,,,,,,,,,,,,,,,,,,,cyclic
LNPhub_R0004374,LNPhub_BL_2023,https://www.nature.com/articles/s41587-023-01679-x,LNPhub_BL_2023_LNP_000366,BL_A17-T3,CCCCC/C=C\C/C=C\CCCCCCCCOC(=O)OC(C/C=C\CCCCCCCCOC(=O)CCN(CCC(=O)OCCCCCCCC/C=C\CC(CCCCCC)OC(=O)OCCCCCCCC/C=C\C/C=C\CCCCC)CCN1CCOCC1)CCCCCC,Ugi-3CR,C(CN1CCOCC1)N,primary_tertiary,C=CC(=O)OCCCCCCCC/C=C\CC(CCCCCC)OC(=O)O,ester/carbonate acrylate,1,T3,CCCCCC=CCC=C=CCCCCCCCCO,ricinoleic/aliphatic,,,,,,,,,,,,,,,,head–linker–tail,DOPE,[H][C@@](COP([O-])(OCC[NH3+])=O)(OC(CCCCCCC/C=C\\CCCCCCCC)=O)COC(CCCCCCC/C=C\\CCCCCCCC)=O,16.0,Cholesterol,C[C@H](CCCC(C)C)[C@H]1CC[C@@H]2[C@@]1(CC[C@H]3[C@H]2CC=C4[C@@]3(CC[C@@H](C4)O)C)C,46.5,DMPE-PEG2000,CCCCCCCCCCCCCC(=O)OCC(COP(=O)(OCCNCC(=O)OCCOCCOCCOCCOCCOCCOCCOCCOCCOCCOCCOCCOCCOCCOCCOCCOCCOCCOCCOCCOCCOCCOCCOCCOCCOCCOCCOCCOCCOCCOCCOCCOCCOCCOCCOCCOCCOCCOCCOCCOCCOCCOCCOC)O)OC(=O)CCCCCCCCCCCCC,2.5,2000.0,35.0,10.0,,,,mRNA,in_vitro,in_vitro,A549,in_vitro,,,,,,,0.409706354295881,normalized_luminescence,99.0,1.0,0.0,73.0,1391.155264,139.37,0.0,13.0,24.4526,415.679,0.813953488,2.0,2.0,1392.181,True,True,False,biodegradable acrylate,,,,,,,,,,,,,,,,,,,cyclic
LNPhub_R0004375,LNPhub_BL_2023,https://www.nature.com/articles/s41587-023-01679-x,LNPhub_BL_2023_LNP_000367,BL_A29-T9,CCCCC#CCCOC(=O)OC(C/C=C\CCCCCCCCOC(=O)CCN(C)CCN(C)C)CCCCCC,Ugi-3CR,CNCCN(C)C,secondary_tertiary,C=CC(=O)OCCCCCCCC/C=C\CC(CCCCCC)OC(=O)O,ester/carbonate acrylate,1,T9,CCCCC#CCCO,ricinoleic/aliphatic,,,,,,,,,,,,,,,,head–linker–tail,DOPE,[H][C@@](COP([O-])(OCC[NH3+])=O)(OC(CCCCCCC/C=C\\CCCCCCCC)=O)COC(CCCCCCC/C=C\\CCCCCCCC)=O,16.0,Cholesterol,C[C@H](CCCC(C)C)[C@H]1CC[C@@H]2[C@@]1(CC[C@H]3[C@H]2CC=C4[C@@]3(CC[C@@H](C4)O)C)C,46.5,DMPE-PEG2000,CCCCCCCCCCCCCC(=O)OCC(COP(=O)(OCCNCC(=O)OCCOCCOCCOCCOCCOCCOCCOCCOCCOCCOCCOCCOCCOCCOCCOCCOCCOCCOCCOCCOCCOCCOCCOCCOCCOCCOCCOCCOCCOCCOCCOCCOCCOCCOCCOCCOCCOCCOCCOCCOCCOCCOCCOC)O)OC(=O)CCCCCCCCCCCCC,2.5,2000.0,35.0,10.0,,,,mRNA,in_vitro,in_vitro,A549,in_vitro,,,,,,,-0.8646193541590373,normalized_luminescence,42.0,0.0,0.0,27.0,592.4815231,68.31,0.0,7.0,8.166,174.601,0.828571429,1.0,2.0,592.906,True,True,False,biodegradable acrylate,,,,,,,,,,,,,,,,,,,branched
LNPhub_R0004376,LNPhub_BL_2023,https://www.nature.com/articles/s41587-023-01679-x,LNPhub_BL_2023_LNP_000368,BL_A24-T6,CCCCC#CCOC(=O)OC(C/C=C\CCCCCCCCOC(=O)CCN1CCN(c2cccnc2)CC1)CCCCCC,Ugi-3CR,C1=CC(=CN=C1)N2CCNCC2,secondary_tertiary,C=CC(=O)OCCCCCCCC/C=C\CC(CCCCCC)OC(=O)O,ester/carbonate acrylate,1,T6,CCCCC#CCO,ricinoleic/aliphatic,,,,,,,,,,,,,,,,head–linker–tail,DOPE,[H][C@@](COP([O-])(OCC[NH3+])=O)(OC(CCCCCCC/C=C\\CCCCCCCC)=O)COC(CCCCCCC/C=C\\CCCCCCCC)=O,16.0,Cholesterol,C[C@H](CCCC(C)C)[C@H]1CC[C@@H]2[C@@]1(CC[C@H]3[C@H]2CC=C4[C@@]3(CC[C@@H](C4)O)C)C,46.5,DMPE-PEG2000,CCCCCCCCCCCCCC(=O)OCC(COP(=O)(OCCNCC(=O)OCCOCCOCCOCCOCCOCCOCCOCCOCCOCCOCCOCCOCCOCCOCCOCCOCCOCCOCCOCCOCCOCCOCCOCCOCCOCCOCCOCCOCCOCCOCCOCCOCCOCCOCCOCCOCCOCCOCCOCCOCCOCCOCCOC)O)OC(=O)CCCCCCCCCCCCC,2.5,2000.0,35.0,10.0,,,,mRNA,in_vitro,in_vitro,A549,in_vitro,,,,,,,0.20742225301503,normalized_luminescence,46.0,2.0,1.0,24.0,639.4611221,81.2,0.0,8.0,8.4997,186.823,0.710526316,1.0,3.0,639.922,True,True,False,biodegradable acrylate,,,,,,,,,,,,,,,,,,,cyclic
LNPhub_R0004377,LNPhub_BL_2023,https://www.nature.com/articles/s41587-023-01679-x,LNPhub_BL_2023_LNP_000369,BL_A34-T9,CCCCC#CCCOC(=O)OC(C/C=C\CCCCCCCCOC(=O)CCN(CCCN(CCC(=O)OCCCCCCCC/C=C\CC(CCCCCC)OC(=O)OCCC#CCCCC)CCN(CCCN(CCC(=O)OCCCCCCCC/C=C\CC(CCCCCC)OC(=O)OCCC#CCCCC)CCC(=O)OCCCCCCCC/C=C\CC(CCCCCC)OC(=O)OCCC#CCCCC)CCC(=O)OCCCCCCCC/C=C\CC(CCCCCC)OC(=O)OCCC#CCCCC)CCC(=O)OCCCCCCCC/C=C\CC(CCCCCC)OC(=O)OCCC#CCCCC)CCCCCC,Ugi-3CR,C(CN)CNCCNCCCN,primary_secondary,C=CC(=O)OCCCCCCCC/C=C\CC(CCCCCC)OC(=O)O,ester/carbonate acrylate,1,T9,CCCCC#CCCO,ricinoleic/aliphatic,,,,,,,,,,,,,,,,head–linker–tail,DOPE,[H][C@@](COP([O-])(OCC[NH3+])=O)(OC(CCCCCCC/C=C\\CCCCCCCC)=O)COC(CCCCCCC/C=C\\CCCCCCCC)=O,16.0,Cholesterol,C[C@H](CCCC(C)C)[C@H]1CC[C@@H]2[C@@]1(CC[C@H]3[C@H]2CC=C4[C@@]3(CC[C@@H](C4)O)C)C,46.5,DMPE-PEG2000,CCCCCCCCCCCCCC(=O)OCC(COP(=O)(OCCNCC(=O)OCCOCCOCCOCCOCCOCCOCCOCCOCCOCCOCCOCCOCCOCCOCCOCCOCCOCCOCCOCCOCCOCCOCCOCCOCCOCCOCCOCCOCCOCCOCCOCCOCCOCCOCCOCCOCCOCCOCCOCCOCCOCCOCCOC)O)OC(=O)CCCCCCCCCCCCC,2.5,2000.0,35.0,10.0,,,,mRNA,in_vitro,in_vitro,A549,in_vitro,,,,,,,0.1772852104287122,normalized_luminescence,222.0,0.0,0.0,155.0,3116.379395,383.94,0.0,34.0,49.0918,906.294,0.808510638,6.0,4.0,3118.642,True,True,False,biodegradable acrylate,,,,,,,,,,,,,,,,,,,linear
LNPhub_R0004378,LNPhub_BL_2023,https://www.nature.com/articles/s41587-023-01679-x,LNPhub_BL_2023_LNP_000370,BL_A54-T1,CCCCCCCCCCCCCCCCCCOC(=O)OC(C/C=C\CCCCCCCCOC(=O)CCN1CCN(CCOCCO)CC1)CCCCCC,Ugi-3CR,C1CN(CCN1)CCOCCO,secondary_tertiary,C=CC(=O)OCCCCCCCC/C=C\CC(CCCCCC)OC(=O)O,ester/carbonate acrylate,1,T1,CCCCCCCCCCCCCCCCCCO,ricinoleic/aliphatic,,,,,,,,,,,,,,,,head–linker–tail,DOPE,[H][C@@](COP([O-])(OCC[NH3+])=O)(OC(CCCCCCC/C=C\\CCCCCCCC)=O)COC(CCCCCCC/C=C\\CCCCCCCC)=O,16.0,Cholesterol,C[C@H](CCCC(C)C)[C@H]1CC[C@@H]2[C@@]1(CC[C@H]3[C@H]2CC=C4[C@@]3(CC[C@@H](C4)O)C)C,46.5,DMPE-PEG2000,CCCCCCCCCCCCCC(=O)OCC(COP(=O)(OCCNCC(=O)OCCOCCOCCOCCOCCOCCOCCOCCOCCOCCOCCOCCOCCOCCOCCOCCOCCOCCOCCOCCOCCOCCOCCOCCOCCOCCOCCOCCOCCOCCOCCOCCOCCOCCOCCOCCOCCOCCOCCOCCOCCOCCOCCOC)O)OC(=O)CCCCCCCCCCCCC,2.5,2000.0,35.0,10.0,,,,mRNA,in_vitro,in_vitro,A549,in_vitro,,,,,,,-0.3230932604863739,normalized_luminescence,57.0,1.0,0.0,42.0,808.6904533,97.77,1.0,9.0,11.9769,236.9628,0.916666667,1.0,2.0,809.271,True,True,False,biodegradable acrylate,,,,,,,,,,,,,,,,,,,cyclic
LNPhub_R0004379,LNPhub_BL_2023,https://www.nature.com/articles/s41587-023-01679-x,LNPhub_BL_2023_LNP_000371,BL_A8-T3,CCCCC/C=C\C/C=C\CCCCCCCCOC(=O)OC(C/C=C\CCCCCCCCOC(=O)CCN(CCN(CC)CC)CCN(CC)CC)CCCCCC,Ugi-3CR,CCN(CC)CCNCCN(CC)CC,secondary_tertiary,C=CC(=O)OCCCCCCCC/C=C\CC(CCCCCC)OC(=O)O,ester/carbonate acrylate,1,T3,CCCCCC=CCC=C=CCCCCCCCCO,ricinoleic/aliphatic,,,,,,,,,,,,,,,,head–linker–tail,DOPE,[H][C@@](COP([O-])(OCC[NH3+])=O)(OC(CCCCCCC/C=C\\CCCCCCCC)=O)COC(CCCCCCC/C=C\\CCCCCCCC)=O,16.0,Cholesterol,C[C@H](CCCC(C)C)[C@H]1CC[C@@H]2[C@@]1(CC[C@H]3[C@H]2CC=C4[C@@]3(CC[C@@H](C4)O)C)C,46.5,DMPE-PEG2000,CCCCCCCCCCCCCC(=O)OCC(COP(=O)(OCCNCC(=O)OCCOCCOCCOCCOCCOCCOCCOCCOCCOCCOCCOCCOCCOCCOCCOCCOCCOCCOCCOCCOCCOCCOCCOCCOCCOCCOCCOCCOCCOCCOCCOCCOCCOCCOCCOCCOCCOCCOCCOCCOCCOCCOCCOC)O)OC(=O)CCCCCCCCCCCCC,2.5,2000.0,35.0,10.0,,,,mRNA,in_vitro,in_vitro,A549,in_vitro,,,,,,,1.6172173861089083,normalized_luminescence,60.0,0.0,0.0,45.0,845.7584733,71.55,0.0,8.0,13.888,258.006,0.846153846,1.0,3.0,846.38,True,True,False,biodegradable acrylate,,,,,,,,,,,,,,,,,,,branched
LNPhub_R0004380,LNPhub_BL_2023,https://www.nature.com/articles/s41587-023-01679-x,LNPhub_BL_2023_LNP_000372,BL_A45-T9,CCCCC#CCCOC(=O)OC(C/C=C\CCCCCCCCOC(=O)CCN(CCC(=O)OCCCCCCCC/C=C\CC(CCCCCC)OC(=O)OCCC#CCCCC)CCC1CCCCN1CC(C)C)CCCCCC,Ugi-3CR,CC(C)CN1CCCCC1CCN,primary_tertiary,C=CC(=O)OCCCCCCCC/C=C\CC(CCCCCC)OC(=O)O,ester/carbonate acrylate,1,T9,CCCCC#CCCO,ricinoleic/aliphatic,,,,,,,,,,,,,,,,head–linker–tail,DOPE,[H][C@@](COP([O-])(OCC[NH3+])=O)(OC(CCCCCCC/C=C\\CCCCCCCC)=O)COC(CCCCCCC/C=C\\CCCCCCCC)=O,16.0,Cholesterol,C[C@H](CCCC(C)C)[C@H]1CC[C@@H]2[C@@]1(CC[C@H]3[C@H]2CC=C4[C@@]3(CC[C@@H](C4)O)C)C,46.5,DMPE-PEG2000,CCCCCCCCCCCCCC(=O)OCC(COP(=O)(OCCNCC(=O)OCCOCCOCCOCCOCCOCCOCCOCCOCCOCCOCCOCCOCCOCCOCCOCCOCCOCCOCCOCCOCCOCCOCCOCCOCCOCCOCCOCCOCCOCCOCCOCCOCCOCCOCCOCCOCCOCCOCCOCCOCCOCCOCCOC)O)OC(=O)CCCCCCCCCCCCC,2.5,2000.0,35.0,10.0,,,,mRNA,in_vitro,in_vitro,A549,in_vitro,,,,,,,-0.0060544952590872,normalized_luminescence,83.0,1.0,0.0,53.0,1164.925598,130.14,0.0,12.0,18.5614,342.207,0.830985915,3.0,2.0,1165.777,True,True,False,biodegradable acrylate,,,,,,,,,,,,,,,,,,,cyclic-dendrimer
LNPhub_R0004381,LNPhub_BL_2023,https://www.nature.com/articles/s41587-023-01679-x,LNPhub_BL_2023_LNP_000373,BL_A1-T4,CCC#CCOC(=O)OC(C/C=C\CCCCCCCCOC(=O)CCN(CCCN(C)C)CCC(=O)OCCCCCCCC/C=C\CC(CCCCCC)OC(=O)OCC#CCC)CCCCCC,Ugi-3CR,CN(C)CCCN,primary_tertiary,C=CC(=O)OCCCCCCCC/C=C\CC(CCCCCC)OC(=O)O,ester/carbonate acrylate,1,T4,CCC#CCO,ricinoleic/aliphatic,,,,,,,,,,,,,,,,head–linker–tail,DOPE,[H][C@@](COP([O-])(OCC[NH3+])=O)(OC(CCCCCCC/C=C\\CCCCCCCC)=O)COC(CCCCCCC/C=C\\CCCCCCCC)=O,16.0,Cholesterol,C[C@H](CCCC(C)C)[C@H]1CC[C@@H]2[C@@]1(CC[C@H]3[C@H]2CC=C4[C@@]3(CC[C@@H](C4)O)C)C,46.5,DMPE-PEG2000,CCCCCCCCCCCCCC(=O)OCC(COP(=O)(OCCNCC(=O)OCCOCCOCCOCCOCCOCCOCCOCCOCCOCCOCCOCCOCCOCCOCCOCCOCCOCCOCCOCCOCCOCCOCCOCCOCCOCCOCCOCCOCCOCCOCCOCCOCCOCCOCCOCCOCCOCCOCCOCCOCCOCCOCCOC)O)OC(=O)CCCCCCCCCCCCC,2.5,2000.0,35.0,10.0,,,,mRNA,in_vitro,in_vitro,A549,in_vitro,,,,,,,-0.0923236038231461,normalized_luminescence,71.0,0.0,0.0,46.0,998.7534475,130.14,0.0,12.0,14.2719,289.009,0.796610169,2.0,2.0,999.469,True,True,False,biodegradable acrylate,,,,,,,,,,,,,,,,,,,branched
LNPhub_R0004382,LNPhub_BL_2023,https://www.nature.com/articles/s41587-023-01679-x,LNPhub_BL_2023_LNP_000374,BL_A11-T7,CCCCCC#CCOC(=O)OC(C/C=C\CCCCCCCCOC(=O)CCN1CCC(CCCC2CCN(CCO)CC2)CC1)CCCCCC,Ugi-3CR,C(CC1CCNCC1)CC2CCN(CC2)CCO,secondary_tertiary,C=CC(=O)OCCCCCCCC/C=C\CC(CCCCCC)OC(=O)O,ester/carbonate acrylate,1,T7,CCCCCC#CCO,ricinoleic/aliphatic,,,,,,,,,,,,,,,,head–linker–tail,DOPE,[H][C@@](COP([O-])(OCC[NH3+])=O)(OC(CCCCCCC/C=C\\CCCCCCCC)=O)COC(CCCCCCC/C=C\\CCCCCCCC)=O,16.0,Cholesterol,C[C@H](CCCC(C)C)[C@H]1CC[C@@H]2[C@@]1(CC[C@H]3[C@H]2CC=C4[C@@]3(CC[C@@H](C4)O)C)C,46.5,DMPE-PEG2000,CCCCCCCCCCCCCC(=O)OCC(COP(=O)(OCCNCC(=O)OCCOCCOCCOCCOCCOCCOCCOCCOCCOCCOCCOCCOCCOCCOCCOCCOCCOCCOCCOCCOCCOCCOCCOCCOCCOCCOCCOCCOCCOCCOCCOCCOCCOCCOCCOCCOCCOCCOCCOCCOCCOCCOCCOC)O)OC(=O)CCCCCCCCCCCCC,2.5,2000.0,35.0,10.0,,,,mRNA,in_vitro,in_vitro,A549,in_vitro,,,,,,,-1.2895017561230468,normalized_luminescence,53.0,2.0,0.0,30.0,744.6016383,88.54,1.0,8.0,10.2592,217.8148,0.866666667,1.0,2.0,745.143,True,True,False,biodegradable acrylate,,,,,,,,,,,,,,,,,,,cyclic-dendrimer
LNPhub_R0004383,LNPhub_BL_2023,https://www.nature.com/articles/s41587-023-01679-x,LNPhub_BL_2023_LNP_000375,BL_A17-T8,CCCCCCC#CCOC(=O)OC(C/C=C\CCCCCCCCOC(=O)CCN(CCC(=O)OCCCCCCCC/C=C\CC(CCCCCC)OC(=O)OCC#CCCCCCC)CCN1CCOCC1)CCCCCC,Ugi-3CR,C(CN1CCOCC1)N,primary_tertiary,C=CC(=O)OCCCCCCCC/C=C\CC(CCCCCC)OC(=O)O,ester/carbonate acrylate,1,T8,CCCCCCC#CCO,ricinoleic/aliphatic,,,,,,,,,,,,,,,,head–linker–tail,DOPE,[H][C@@](COP([O-])(OCC[NH3+])=O)(OC(CCCCCCC/C=C\\CCCCCCCC)=O)COC(CCCCCCC/C=C\\CCCCCCCC)=O,16.0,Cholesterol,C[C@H](CCCC(C)C)[C@H]1CC[C@@H]2[C@@]1(CC[C@H]3[C@H]2CC=C4[C@@]3(CC[C@@H](C4)O)C)C,46.5,DMPE-PEG2000,CCCCCCCCCCCCCC(=O)OCC(COP(=O)(OCCNCC(=O)OCCOCCOCCOCCOCCOCCOCCOCCOCCOCCOCCOCCOCCOCCOCCOCCOCCOCCOCCOCCOCCOCCOCCOCCOCCOCCOCCOCCOCCOCCOCCOCCOCCOCCOCCOCCOCCOCCOCCOCCOCCOCCOCCOC)O)OC(=O)CCCCCCCCCCCCC,2.5,2000.0,35.0,10.0,,,,mRNA,in_vitro,in_vitro,A549,in_vitro,,,,,,,0.4298769984585214,normalized_luminescence,81.0,1.0,0.0,53.0,1138.873563,139.37,0.0,13.0,16.7732,330.033,0.823529412,2.0,2.0,1139.695,True,True,False,biodegradable acrylate,,,,,,,,,,,,,,,,,,,cyclic
LNPhub_R0004384,LNPhub_BL_2023,https://www.nature.com/articles/s41587-023-01679-x,LNPhub_BL_2023_LNP_000376,BL_A38-T4,CCC#CCOC(=O)OC(C/C=C\CCCCCCCCOC(=O)CCN(CCC(=O)OCCCCCCCC/C=C\CC(CCCCCC)OC(=O)OCC#CCC)CCC1CCCCN1C)CCCCCC,Ugi-3CR,CN1CCCCC1CCN,primary_tertiary,C=CC(=O)OCCCCCCCC/C=C\CC(CCCCCC)OC(=O)O,ester/carbonate acrylate,1,T4,CCC#CCO,ricinoleic/aliphatic,,,,,,,,,,,,,,,,head–linker–tail,DOPE,[H][C@@](COP([O-])(OCC[NH3+])=O)(OC(CCCCCCC/C=C\\CCCCCCCC)=O)COC(CCCCCCC/C=C\\CCCCCCCC)=O,16.0,Cholesterol,C[C@H](CCCC(C)C)[C@H]1CC[C@@H]2[C@@]1(CC[C@H]3[C@H]2CC=C4[C@@]3(CC[C@@H](C4)O)C)C,46.5,DMPE-PEG2000,CCCCCCCCCCCCCC(=O)OCC(COP(=O)(OCCNCC(=O)OCCOCCOCCOCCOCCOCCOCCOCCOCCOCCOCCOCCOCCOCCOCCOCCOCCOCCOCCOCCOCCOCCOCCOCCOCCOCCOCCOCCOCCOCCOCCOCCOCCOCCOCCOCCOCCOCCOCCOCCOCCOCCOCCOC)O)OC(=O)CCCCCCCCCCCCC,2.5,2000.0,35.0,10.0,,,,mRNA,in_vitro,in_vitro,A549,in_vitro,,,,,,,0.704701368789932,normalized_luminescence,74.0,1.0,0.0,45.0,1038.784748,130.14,0.0,12.0,15.1946,300.724,0.806451613,3.0,2.0,1039.534,True,True,False,biodegradable acrylate,,,,,,,,,,,,,,,,,,,cyclic
LNPhub_R0004385,LNPhub_BL_2023,https://www.nature.com/articles/s41587-023-01679-x,LNPhub_BL_2023_LNP_000377,BL_A14-T4,CCC#CCOC(=O)OC(C/C=C\CCCCCCCCOC(=O)CCN(C)CCN(CCN(C)CCC(=O)OCCCCCCCC/C=C\CC(CCCCCC)OC(=O)OCC#CCC)CCN(C)CCC(=O)OCCCCCCCC/C=C\CC(CCCCCC)OC(=O)OCC#CCC)CCCCCC,Ugi-3CR,CNCCN(CCNC)CCNC,secondary_tertiary,C=CC(=O)OCCCCCCCC/C=C\CC(CCCCCC)OC(=O)O,ester/carbonate acrylate,1,T4,CCC#CCO,ricinoleic/aliphatic,,,,,,,,,,,,,,,,head–linker–tail,DOTAP,[H]C(C[N+](C)(C)C)(OC(CCCCCCC/C=C\CCCCCCCC)=O)COC(CCCCCCC/C=C\CCCCCCCC)=O,39.0,Cholesterol,C[C@H](CCCC(C)C)[C@H]1CC[C@@H]2[C@@]1(CC[C@H]3[C@H]2CC=C4[C@@]3(CC[C@@H](C4)O)C)C,30.0,DMPE-PEG2000,CCCCCCCCCCCCCC(=O)OCC(COP(=O)(OCCNCC(=O)OCCOCCOCCOCCOCCOCCOCCOCCOCCOCCOCCOCCOCCOCCOCCOCCOCCOCCOCCOCCOCCOCCOCCOCCOCCOCCOCCOCCOCCOCCOCCOCCOCCOCCOCCOCCOCCOCCOCCOCCOCCOCCOCCOC)O)OC(=O)CCCCCCCCCCCCC,1.0,2000.0,30.0,7.5,,,,mRNA,intratracheal,in_vivo,Mouse_B6,lung_epithelium,132.8,,,,,,-1.3624025139409022,normalized_luminescence,109.0,0.0,0.0,72.0,1533.15672,198.45,0.0,19.0,20.6315,443.028,0.8,3.0,4.0,1534.251,True,True,False,biodegradable acrylate,,,,,,92.0,,,,,,,,,,,,,branched
LNPhub_R0004386,LNPhub_BL_2023,https://www.nature.com/articles/s41587-023-01679-x,LNPhub_BL_2023_LNP_000378,BL_A14-T6,CCCCC#CCOC(=O)OC(C/C=C\CCCCCCCCOC(=O)CCN(C)CCN(CCN(C)CCC(=O)OCCCCCCCC/C=C\CC(CCCCCC)OC(=O)OCC#CCCCC)CCN(C)CCC(=O)OCCCCCCCC/C=C\CC(CCCCCC)OC(=O)OCC#CCCCC)CCCCCC,Ugi-3CR,CNCCN(CCNC)CCNC,secondary_tertiary,C=CC(=O)OCCCCCCCC/C=C\CC(CCCCCC)OC(=O)O,ester/carbonate acrylate,1,T6,CCCCC#CCO,ricinoleic/aliphatic,,,,,,,,,,,,,,,,head–linker–tail,DOPE,[H][C@@](COP([O-])(OCC[NH3+])=O)(OC(CCCCCCC/C=C\\CCCCCCCC)=O)COC(CCCCCCC/C=C\\CCCCCCCC)=O,16.0,Cholesterol,C[C@H](CCCC(C)C)[C@H]1CC[C@@H]2[C@@]1(CC[C@H]3[C@H]2CC=C4[C@@]3(CC[C@@H](C4)O)C)C,46.5,DMPE-PEG2000,CCCCCCCCCCCCCC(=O)OCC(COP(=O)(OCCNCC(=O)OCCOCCOCCOCCOCCOCCOCCOCCOCCOCCOCCOCCOCCOCCOCCOCCOCCOCCOCCOCCOCCOCCOCCOCCOCCOCCOCCOCCOCCOCCOCCOCCOCCOCCOCCOCCOCCOCCOCCOCCOCCOCCOCCOC)O)OC(=O)CCCCCCCCCCCCC,2.5,2000.0,35.0,10.0,,,,mRNA,in_vitro,in_vitro,A549,in_vitro,,,,,,,-1.3039089761889011,normalized_luminescence,115.0,0.0,0.0,78.0,1617.250621,198.45,0.0,19.0,22.9721,470.73,0.8125,3.0,4.0,1618.413,True,True,False,biodegradable acrylate,,,,,,,,,,,,,,,,,,,branched
LNPhub_R0004387,LNPhub_BL_2023,https://www.nature.com/articles/s41587-023-01679-x,LNPhub_BL_2023_LNP_000379,BL_A63-T7,CCCCCC#CCOC(=O)OC(C/C=C\CCCCCCCCOC(=O)CCN(CCC(=O)OCCCCCCCC/C=C\CC(CCCCCC)OC(=O)OCC#CCCCCC)CCN(CCC(=O)OCCCCCCCC/C=C\CC(CCCCCC)OC(=O)OCC#CCCCCC)CCN1CCN(CCN(CCC(=O)OCCCCCCCC/C=C\CC(CCCCCC)OC(=O)OCC#CCCCCC)CCC(=O)OCCCCCCCC/C=C\CC(CCCCCC)OC(=O)OCC#CCCCCC)CC1)CCCCCC,Ugi-3CR,C(CNCCN1CCN(CCN)CC1)N,primary_secondary_tertiary,C=CC(=O)OCCCCCCCC/C=C\CC(CCCCCC)OC(=O)O,ester/carbonate acrylate,1,T7,CCCCCC#CCO,ricinoleic/aliphatic,,,,,,,,,,,,,,,,head–linker–tail,DOPE,[H][C@@](COP([O-])(OCC[NH3+])=O)(OC(CCCCCCC/C=C\\CCCCCCCC)=O)COC(CCCCCCC/C=C\\CCCCCCCC)=O,16.0,Cholesterol,C[C@H](CCCC(C)C)[C@H]1CC[C@@H]2[C@@]1(CC[C@H]3[C@H]2CC=C4[C@@]3(CC[C@@H](C4)O)C)C,46.5,DMPE-PEG2000,CCCCCCCCCCCCCC(=O)OCC(COP(=O)(OCCNCC(=O)OCCOCCOCCOCCOCCOCCOCCOCCOCCOCCOCCOCCOCCOCCOCCOCCOCCOCCOCCOCCOCCOCCOCCOCCOCCOCCOCCOCCOCCOCCOCCOCCOCCOCCOCCOCCOCCOCCOCCOCCOCCOCCOCCOC)O)OC(=O)CCCCCCCCCCCCC,2.5,2000.0,35.0,10.0,,,,mRNA,in_vitro,in_vitro,A549,in_vitro,,,,,,,1.189513938072306,normalized_luminescence,190.0,1.0,0.0,129.0,2667.040119,325.35,0.0,30.0,39.941,774.95,0.8125,5.0,5.0,2668.97,True,True,False,biodegradable acrylate,,,,,,,,,,,,,,,,,,,cyclic-dendrimer
LNPhub_R0004388,LNPhub_BL_2023,https://www.nature.com/articles/s41587-023-01679-x,LNPhub_BL_2023_LNP_000380,BL_A51-T1,CCCCCCCCCCCCCCCCCCOC(=O)OC(C/C=C\CCCCCCCCOC(=O)CCN1CCC(CO)CC1)CCCCCC,Ugi-3CR,C1CNCCC1CO,secondary,C=CC(=O)OCCCCCCCC/C=C\CC(CCCCCC)OC(=O)O,ester/carbonate acrylate,1,T1,CCCCCCCCCCCCCCCCCCO,ricinoleic/aliphatic,,,,,,,,,,,,,,,,head–linker–tail,DOPE,[H][C@@](COP([O-])(OCC[NH3+])=O)(OC(CCCCCCC/C=C\\CCCCCCCC)=O)COC(CCCCCCC/C=C\\CCCCCCCC)=O,16.0,Cholesterol,C[C@H](CCCC(C)C)[C@H]1CC[C@@H]2[C@@]1(CC[C@H]3[C@H]2CC=C4[C@@]3(CC[C@@H](C4)O)C)C,46.5,DMPE-PEG2000,CCCCCCCCCCCCCC(=O)OCC(COP(=O)(OCCNCC(=O)OCCOCCOCCOCCOCCOCCOCCOCCOCCOCCOCCOCCOCCOCCOCCOCCOCCOCCOCCOCCOCCOCCOCCOCCOCCOCCOCCOCCOCCOCCOCCOCCOCCOCCOCCOCCOCCOCCOCCOCCOCCOCCOCCOC)O)OC(=O)CCCCCCCCCCCCC,2.5,2000.0,35.0,10.0,,,,mRNA,in_vitro,in_vitro,A549,in_vitro,,,,,,,1.4368418281353008,normalized_luminescence,53.0,1.0,0.0,38.0,749.6533395,85.3,1.0,7.0,13.0547,222.4278,0.913043478,1.0,1.0,750.203,True,True,False,biodegradable acrylate,,,,,,,,,,,,,,,,,,,cyclic
LNPhub_R0004389,LNPhub_BL_2023,https://www.nature.com/articles/s41587-023-01679-x,LNPhub_BL_2023_LNP_000381,BL_A65-T9,CCCCC#CCCOC(=O)OC(C/C=C\CCCCCCCCOC(=O)CCN(CCC(=O)OCCCCCCCC/C=C\CC(CCCCCC)OC(=O)OCCC#CCCCC)CC(OC)OC)CCCCCC,Ugi-3CR,COC(CN)OC,primary,C=CC(=O)OCCCCCCCC/C=C\CC(CCCCCC)OC(=O)O,ester/carbonate acrylate,1,T9,CCCCC#CCCO,ricinoleic/aliphatic,,,,,,,,,,,,,,,,head–linker–tail,DOPE,[H][C@@](COP([O-])(OCC[NH3+])=O)(OC(CCCCCCC/C=C\\CCCCCCCC)=O)COC(CCCCCCC/C=C\\CCCCCCCC)=O,16.0,Cholesterol,C[C@H](CCCC(C)C)[C@H]1CC[C@@H]2[C@@]1(CC[C@H]3[C@H]2CC=C4[C@@]3(CC[C@@H](C4)O)C)C,46.5,DMPE-PEG2000,CCCCCCCCCCCCCC(=O)OCC(COP(=O)(OCCNCC(=O)OCCOCCOCCOCCOCCOCCOCCOCCOCCOCCOCCOCCOCCOCCOCCOCCOCCOCCOCCOCCOCCOCCOCCOCCOCCOCCOCCOCCOCCOCCOCCOCCOCCOCCOCCOCCOCCOCCOCCOCCOCCOCCOCCOC)O)OC(=O)CCCCCCCCCCCCC,2.5,2000.0,35.0,10.0,,,,mRNA,in_vitro,in_vitro,A549,in_vitro,,,,,,,-0.9678228234630304,normalized_luminescence,77.0,0.0,0.0,52.0,1085.810628,145.36,0.0,13.0,16.2797,311.346,0.8125,2.0,1.0,1086.587,True,True,False,biodegradable acrylate,,,,,,,,,,,,,,,,,,,branched
LNPhub_R0004390,LNPhub_BL_2023,https://www.nature.com/articles/s41587-023-01679-x,LNPhub_BL_2023_LNP_000382,BL_A4-T9,CCCCC#CCCOC(=O)OC(C/C=C\CCCCCCCCOC(=O)CCN(CCC(=O)OCCCCCCCC/C=C\CC(CCCCCC)OC(=O)OCCC#CCCCC)CCN(CC)CC)CCCCCC,Ugi-3CR,CCN(CC)CCN,primary_tertiary,C=CC(=O)OCCCCCCCC/C=C\CC(CCCCCC)OC(=O)O,ester/carbonate acrylate,1,T9,CCCCC#CCCO,ricinoleic/aliphatic,,,,,,,,,,,,,,,,head–linker–tail,DOPE,[H][C@@](COP([O-])(OCC[NH3+])=O)(OC(CCCCCCC/C=C\\CCCCCCCC)=O)COC(CCCCCCC/C=C\\CCCCCCCC)=O,16.0,Cholesterol,C[C@H](CCCC(C)C)[C@H]1CC[C@@H]2[C@@]1(CC[C@H]3[C@H]2CC=C4[C@@]3(CC[C@@H](C4)O)C)C,46.5,DMPE-PEG2000,CCCCCCCCCCCCCC(=O)OCC(COP(=O)(OCCNCC(=O)OCCOCCOCCOCCOCCOCCOCCOCCOCCOCCOCCOCCOCCOCCOCCOCCOCCOCCOCCOCCOCCOCCOCCOCCOCCOCCOCCOCCOCCOCCOCCOCCOCCOCCOCCOCCOCCOCCOCCOCCOCCOCCOCCOC)O)OC(=O)CCCCCCCCCCCCC,2.5,2000.0,35.0,7.5,,,,mRNA,intratracheal,in_vivo,Mouse_B6,lung_epithelium,134.7,,,,,,-0.4348580332681577,normalized_luminescence,78.0,0.0,0.0,53.0,1096.862998,130.14,0.0,12.0,17.0026,321.328,0.818181818,2.0,2.0,1097.658,True,True,False,biodegradable acrylate,,,,,,92.0,,,,,,,,,,,,,branched
LNPhub_R0004391,LNPhub_BL_2023,https://www.nature.com/articles/s41587-023-01679-x,LNPhub_BL_2023_LNP_000383,BL_A44-T8,CCCCCCC#CCOC(=O)OC(C/C=C\CCCCCCCCOC(=O)CCN(CCC(=O)OCCCCCCCC/C=C\CC(CCCCCC)OC(=O)OCC#CCCCCCC)CCC1CCCCN1C(C)C)CCCCCC,Ugi-3CR,CC(C)N1CCCCC1CCN,primary_tertiary,C=CC(=O)OCCCCCCCC/C=C\CC(CCCCCC)OC(=O)O,ester/carbonate acrylate,1,T8,CCCCCCC#CCO,ricinoleic/aliphatic,,,,,,,,,,,,,,,,head–linker–tail,DOPE,[H][C@@](COP([O-])(OCC[NH3+])=O)(OC(CCCCCCC/C=C\\CCCCCCCC)=O)COC(CCCCCCC/C=C\\CCCCCCCC)=O,16.0,Cholesterol,C[C@H](CCCC(C)C)[C@H]1CC[C@@H]2[C@@]1(CC[C@H]3[C@H]2CC=C4[C@@]3(CC[C@@H](C4)O)C)C,46.5,DMPE-PEG2000,CCCCCCCCCCCCCC(=O)OCC(COP(=O)(OCCNCC(=O)OCCOCCOCCOCCOCCOCCOCCOCCOCCOCCOCCOCCOCCOCCOCCOCCOCCOCCOCCOCCOCCOCCOCCOCCOCCOCCOCCOCCOCCOCCOCCOCCOCCOCCOCCOCCOCCOCCOCCOCCOCCOCCOCCOC)O)OC(=O)CCCCCCCCCCCCC,2.5,2000.0,35.0,10.0,,,,mRNA,in_vitro,in_vitro,A549,in_vitro,,,,,,,1.2082379131654382,normalized_luminescence,84.0,1.0,0.0,54.0,1178.941248,130.14,0.0,12.0,19.094,346.872,0.833333333,3.0,2.0,1179.804,True,True,False,biodegradable acrylate,,,,,,,,,,,,,,,,,,,cyclic-dendrimer
LNPhub_R0004392,LNPhub_BL_2023,https://www.nature.com/articles/s41587-023-01679-x,LNPhub_BL_2023_LNP_000384,BL_A51-T5,CCCC#CCOC(=O)OC(C/C=C\CCCCCCCCOC(=O)CCN1CCC(CO)CC1)CCCCCC,Ugi-3CR,C1CNCCC1CO,secondary,C=CC(=O)OCCCCCCCC/C=C\CC(CCCCCC)OC(=O)O,ester/carbonate acrylate,1,T5,CCCC#CCO,ricinoleic/aliphatic,,,,,,,,,,,,,,,,head–linker–tail,DOPE,[H][C@@](COP([O-])(OCC[NH3+])=O)(OC(CCCCCCC/C=C\\CCCCCCCC)=O)COC(CCCCCCC/C=C\\CCCCCCCC)=O,16.0,Cholesterol,C[C@H](CCCC(C)C)[C@H]1CC[C@@H]2[C@@]1(CC[C@H]3[C@H]2CC=C4[C@@]3(CC[C@@H](C4)O)C)C,46.5,DMPE-PEG2000,CCCCCCCCCCCCCC(=O)OCC(COP(=O)(OCCNCC(=O)OCCOCCOCCOCCOCCOCCOCCOCCOCCOCCOCCOCCOCCOCCOCCOCCOCCOCCOCCOCCOCCOCCOCCOCCOCCOCCOCCOCCOCCOCCOCCOCCOCCOCCOCCOCCOCCOCCOCCOCCOCCOCCOCCOC)O)OC(=O)CCCCCCCCCCCCC,2.5,2000.0,35.0,10.0,,,,mRNA,in_vitro,in_vitro,A549,in_vitro,,,,,,,-0.4992588118543897,normalized_luminescence,41.0,1.0,0.0,23.0,577.4342386,85.3,1.0,7.0,7.5967,165.5658,0.823529412,1.0,1.0,577.847,True,True,False,biodegradable acrylate,,,,,,,,,,,,,,,,,,,cyclic
LNPhub_R0004393,LNPhub_BL_2023,https://www.nature.com/articles/s41587-023-01679-x,LNPhub_BL_2023_LNP_000385,BL_A65-T2,CCCCCCCC/C=C\CCCCCCCCOC(=O)OC(C/C=C\CCCCCCCCOC(=O)CCN(CCC(=O)OCCCCCCCC/C=C\CC(CCCCCC)OC(=O)OCCCCCCCC/C=C\CCCCCCCC)CC(OC)OC)CCCCCC,Ugi-3CR,COC(CN)OC,primary,C=CC(=O)OCCCCCCCC/C=C\CC(CCCCCC)OC(=O)O,ester/carbonate acrylate,1,T2,CCCCCCCCC=CCCCCCCCCO,ricinoleic/aliphatic,,,,,,,,,,,,,,,,head–linker–tail,DOPE,[H][C@@](COP([O-])(OCC[NH3+])=O)(OC(CCCCCCC/C=C\\CCCCCCCC)=O)COC(CCCCCCC/C=C\\CCCCCCCC)=O,16.0,Cholesterol,C[C@H](CCCC(C)C)[C@H]1CC[C@@H]2[C@@]1(CC[C@H]3[C@H]2CC=C4[C@@]3(CC[C@@H](C4)O)C)C,46.5,DMPE-PEG2000,CCCCCCCCCCCCCC(=O)OCC(COP(=O)(OCCNCC(=O)OCCOCCOCCOCCOCCOCCOCCOCCOCCOCCOCCOCCOCCOCCOCCOCCOCCOCCOCCOCCOCCOCCOCCOCCOCCOCCOCCOCCOCCOCCOCCOCCOCCOCCOCCOCCOCCOCCOCCOCCOCCOCCOCCOC)O)OC(=O)CCCCCCCCCCCCC,2.5,2000.0,35.0,10.0,,,,mRNA,in_vitro,in_vitro,A549,in_vitro,,,,,,,-1.6356739948054773,normalized_luminescence,97.0,0.0,0.0,76.0,1370.154929,145.36,0.0,13.0,25.1873,406.414,0.857142857,2.0,1.0,1371.159,True,True,False,biodegradable acrylate,,,,,,,,,,,,,,,,,,,branched
LNPhub_R0004394,LNPhub_BL_2023,https://www.nature.com/articles/s41587-023-01679-x,LNPhub_BL_2023_LNP_000205,BL_MD-1,CCCCCCCCCCC(O)CN(CCCCC1NC(=O)C(CCCCN(CC(O)CCCCCCCCCC)CC(O)CCCCCCCCCC)NC1=O)CC(O)CCCCCCCCCC,Ugi-3CR,,,C=CC(=O)OCCCCCCCC/C=C\CC(CCCCCC)OC(=O)O,ester/carbonate acrylate,0,,,ricinoleic/aliphatic,,,,,,,,,,,,,,,,head–linker–tail,DOTAP,[H]C(C[N+](C)(C)C)(OC(CCCCCCC/C=C\CCCCCCCC)=O)COC(CCCCCCC/C=C\CCCCCCCC)=O,39.0,Cholesterol,C[C@H](CCCC(C)C)[C@H]1CC[C@@H]2[C@@]1(CC[C@H]3[C@H]2CC=C4[C@@]3(CC[C@@H](C4)O)C)C,30.0,DMPE-PEG2000,CCCCCCCCCCCCCC(=O)OCC(COP(=O)(OCCNCC(=O)OCCOCCOCCOCCOCCOCCOCCOCCOCCOCCOCCOCCOCCOCCOCCOCCOCCOCCOCCOCCOCCOCCOCCOCCOCCOCCOCCOCCOCCOCCOCCOCCOCCOCCOCCOCCOCCOCCOCCOCCOCCOCCOCCOC)O)OC(=O)CCCCCCCCCCCCC,1.0,2000.0,30.0,7.5,,,,mRNA,intratracheal,in_vivo,Mouse_B6,lung_epithelium,,,,,,,2.055233550168451,normalized_luminescence,70.0,1.0,0.0,54.0,992.9207876,145.6,6.0,8.0,13.481,297.3786,0.966666667,6.0,4.0,993.642,False,False,False,biodegradable acrylate,,,,,,,,,,,,,,,,,,,unknown
LNPhub_R0004395,LNPhub_BL_2023,https://www.nature.com/articles/s41587-023-01679-x,LNPhub_BL_2023_LNP_000386,BL_A32-T9,CCCCC#CCCOC(=O)OC(C/C=C\CCCCCCCCOC(=O)CCN(CCCN(C)C)CCCN(C)C)CCCCCC,Ugi-3CR,CN(C)CCCNCCCN(C)C,secondary_tertiary,C=CC(=O)OCCCCCCCC/C=C\CC(CCCCCC)OC(=O)O,ester/carbonate acrylate,1,T9,CCCCC#CCCO,ricinoleic/aliphatic,,,,,,,,,,,,,,,,head–linker–tail,DOPE,[H][C@@](COP([O-])(OCC[NH3+])=O)(OC(CCCCCCC/C=C\\CCCCCCCC)=O)COC(CCCCCCC/C=C\\CCCCCCCC)=O,16.0,Cholesterol,C[C@H](CCCC(C)C)[C@H]1CC[C@@H]2[C@@]1(CC[C@H]3[C@H]2CC=C4[C@@]3(CC[C@@H](C4)O)C)C,46.5,DMPE-PEG2000,CCCCCCCCCCCCCC(=O)OCC(COP(=O)(OCCNCC(=O)OCCOCCOCCOCCOCCOCCOCCOCCOCCOCCOCCOCCOCCOCCOCCOCCOCCOCCOCCOCCOCCOCCOCCOCCOCCOCCOCCOCCOCCOCCOCCOCCOCCOCCOCCOCCOCCOCCOCCOCCOCCOCCOCCOC)O)OC(=O)CCCCCCCCCCCCC,2.5,2000.0,35.0,10.0,,,,mRNA,in_vitro,in_vitro,A549,in_vitro,,,,,,,-0.3472337989662606,normalized_luminescence,48.0,0.0,0.0,32.0,677.5706725,71.55,0.0,8.0,8.878,201.332,0.85,1.0,3.0,678.056,True,True,False,biodegradable acrylate,,,,,,,,,,,,,,,,,,,branched
LNPhub_R0004396,LNPhub_BL_2023,https://www.nature.com/articles/s41587-023-01679-x,LNPhub_BL_2023_LNP_000387,BL_A33-T5,CCCC#CCOC(=O)OC(C/C=C\CCCCCCCCOC(=O)CCN(CCCN(C)C)CCCN(CCC(=O)OCCCCCCCC/C=C\CC(CCCCCC)OC(=O)OCC#CCCC)CCC(=O)OCCCCCCCC/C=C\CC(CCCCCC)OC(=O)OCC#CCCC)CCCCCC,Ugi-3CR,CN(C)CCCNCCCN,primary_secondary_tertiary,C=CC(=O)OCCCCCCCC/C=C\CC(CCCCCC)OC(=O)O,ester/carbonate acrylate,1,T5,CCCC#CCO,ricinoleic/aliphatic,,,,,,,,,,,,,,,,head–linker–tail,DOPE,[H][C@@](COP([O-])(OCC[NH3+])=O)(OC(CCCCCCC/C=C\\CCCCCCCC)=O)COC(CCCCCCC/C=C\\CCCCCCCC)=O,16.0,Cholesterol,C[C@H](CCCC(C)C)[C@H]1CC[C@@H]2[C@@]1(CC[C@H]3[C@H]2CC=C4[C@@]3(CC[C@@H](C4)O)C)C,46.5,DMPE-PEG2000,CCCCCCCCCCCCCC(=O)OCC(COP(=O)(OCCNCC(=O)OCCOCCOCCOCCOCCOCCOCCOCCOCCOCCOCCOCCOCCOCCOCCOCCOCCOCCOCCOCCOCCOCCOCCOCCOCCOCCOCCOCCOCCOCCOCCOCCOCCOCCOCCOCCOCCOCCOCCOCCOCCOCCOCCOC)O)OC(=O)CCCCCCCCCCCCC,2.5,2000.0,35.0,10.0,,,,mRNA,in_vitro,in_vitro,A549,in_vitro,,,,,,,0.7602392343730228,normalized_luminescence,110.0,0.0,0.0,74.0,1546.177121,195.21,0.0,18.0,22.6502,448.616,0.804347826,3.0,3.0,1547.29,True,True,False,biodegradable acrylate,,,,,,,,,,,,,,,,,,,branched
LNPhub_R0004397,LNPhub_BL_2023,https://www.nature.com/articles/s41587-023-01679-x,LNPhub_BL_2023_LNP_000388,BL_A33-T3,CCCCC/C=C\C/C=C\CCCCCCCCOC(=O)OC(C/C=C\CCCCCCCCOC(=O)CCN(CCCN(C)C)CCCN(CCC(=O)OCCCCCCCC/C=C\CC(CCCCCC)OC(=O)OCCCCCCCC/C=C\C/C=C\CCCCC)CCC(=O)OCCCCCCCC/C=C\CC(CCCCCC)OC(=O)OCCCCCCCC/C=C\C/C=C\CCCCC)CCCCCC,Ugi-3CR,CN(C)CCCNCCCN,primary_secondary_tertiary,C=CC(=O)OCCCCCCCC/C=C\CC(CCCCCC)OC(=O)O,ester/carbonate acrylate,1,T3,CCCCCC=CCC=C=CCCCCCCCCO,ricinoleic/aliphatic,,,,,,,,,,,,,,,,head–linker–tail,DOPE,[H][C@@](COP([O-])(OCC[NH3+])=O)(OC(CCCCCCC/C=C\\CCCCCCCC)=O)COC(CCCCCCC/C=C\\CCCCCCCC)=O,16.0,Cholesterol,C[C@H](CCCC(C)C)[C@H]1CC[C@@H]2[C@@]1(CC[C@H]3[C@H]2CC=C4[C@@]3(CC[C@@H](C4)O)C)C,46.5,DMPE-PEG2000,CCCCCCCCCCCCCC(=O)OCC(COP(=O)(OCCNCC(=O)OCCOCCOCCOCCOCCOCCOCCOCCOCCOCCOCCOCCOCCOCCOCCOCCOCCOCCOCCOCCOCCOCCOCCOCCOCCOCCOCCOCCOCCOCCOCCOCCOCCOCCOCCOCCOCCOCCOCCOCCOCCOCCOCCOC)O)OC(=O)CCCCCCCCCCCCC,2.5,2000.0,35.0,10.0,,,,mRNA,in_vitro,in_vitro,A549,in_vitro,,,,,,,0.2160953065623872,normalized_luminescence,146.0,0.0,0.0,113.0,2050.740524,195.21,0.0,18.0,37.6802,618.638,0.8125,3.0,3.0,2052.262,True,True,False,biodegradable acrylate,,,,,,,,,,,,,,,,,,,branched
LNPhub_R0004398,LNPhub_BL_2023,https://www.nature.com/articles/s41587-023-01679-x,LNPhub_BL_2023_LNP_000389,BL_A59-T10,CCCCCCC#CCCOC(=O)OC(C/C=C\CCCCCCCCOC(=O)CCN(CCCN(CCC(=O)OCCCCCCCC/C=C\CC(CCCCCC)OC(=O)OCCC#CCCCCCC)CCC(=O)OCCCCCCCC/C=C\CC(CCCCCC)OC(=O)OCCC#CCCCCCC)CCC(=O)OCCCCCCCC/C=C\CC(CCCCCC)OC(=O)OCCC#CCCCCCC)CCCCCC,Ugi-3CR,C(CN)CN,primary,C=CC(=O)OCCCCCCCC/C=C\CC(CCCCCC)OC(=O)O,ester/carbonate acrylate,1,T10,CCCCCCC#CCCO,ricinoleic/aliphatic,,,,,,,,,,,,,,,,head–linker–tail,DOPE,[H][C@@](COP([O-])(OCC[NH3+])=O)(OC(CCCCCCC/C=C\\CCCCCCCC)=O)COC(CCCCCCC/C=C\\CCCCCCCC)=O,16.0,Cholesterol,C[C@H](CCCC(C)C)[C@H]1CC[C@@H]2[C@@]1(CC[C@H]3[C@H]2CC=C4[C@@]3(CC[C@@H](C4)O)C)C,46.5,DMPE-PEG2000,CCCCCCCCCCCCCC(=O)OCC(COP(=O)(OCCNCC(=O)OCCOCCOCCOCCOCCOCCOCCOCCOCCOCCOCCOCCOCCOCCOCCOCCOCCOCCOCCOCCOCCOCCOCCOCCOCCOCCOCCOCCOCCOCCOCCOCCOCCOCCOCCOCCOCCOCCOCCOCCOCCOCCOCCOC)O)OC(=O)CCCCCCCCCCCCC,2.5,2000.0,35.0,10.0,,,,mRNA,in_vitro,in_vitro,A549,in_vitro,,,,,,,-0.7920068222091143,normalized_luminescence,153.0,0.0,0.0,108.0,2147.672898,253.8,0.0,22.0,35.8461,628.633,0.816793893,4.0,2.0,2149.243,True,True,False,biodegradable acrylate,,,,,,,,,,,,,,,,,,,linear
LNPhub_R0004399,LNPhub_BL_2023,https://www.nature.com/articles/s41587-023-01679-x,LNPhub_BL_2023_LNP_000390,BL_A58-T5,CCCC#CCOC(=O)OC(C/C=C\CCCCCCCCOC(=O)CCN(CCCCCO)CCC(=O)OCCCCCCCC/C=C\CC(CCCCCC)OC(=O)OCC#CCCC)CCCCCC,Ugi-3CR,C(CCN)CCO,primary,C=CC(=O)OCCCCCCCC/C=C\CC(CCCCCC)OC(=O)O,ester/carbonate acrylate,1,T5,CCCC#CCO,ricinoleic/aliphatic,,,,,,,,,,,,,,,,head–linker–tail,DOPE,[H][C@@](COP([O-])(OCC[NH3+])=O)(OC(CCCCCCC/C=C\\CCCCCCCC)=O)COC(CCCCCCC/C=C\\CCCCCCCC)=O,16.0,Cholesterol,C[C@H](CCCC(C)C)[C@H]1CC[C@@H]2[C@@]1(CC[C@H]3[C@H]2CC=C4[C@@]3(CC[C@@H](C4)O)C)C,46.5,DMPE-PEG2000,CCCCCCCCCCCCCC(=O)OCC(COP(=O)(OCCNCC(=O)OCCOCCOCCOCCOCCOCCOCCOCCOCCOCCOCCOCCOCCOCCOCCOCCOCCOCCOCCOCCOCCOCCOCCOCCOCCOCCOCCOCCOCCOCCOCCOCCOCCOCCOCCOCCOCCOCCOCCOCCOCCOCCOCCOC)O)OC(=O)CCCCCCCCCCCCC,2.5,2000.0,35.0,10.0,,,,mRNA,in_vitro,in_vitro,A549,in_vitro,,,,,,,-0.4935597524183179,normalized_luminescence,73.0,0.0,0.0,49.0,1027.768763,147.13,1.0,12.0,15.263,296.0088,0.803278689,2.0,1.0,1028.507,True,True,False,biodegradable acrylate,,,,,,,,,,,,,,,,,,,linear
LNPhub_R0004400,LNPhub_BL_2023,https://www.nature.com/articles/s41587-023-01679-x,LNPhub_BL_2023_LNP_000391,BL_A14-T5,CCCC#CCOC(=O)OC(C/C=C\CCCCCCCCOC(=O)CCN(C)CCN(CCN(C)CCC(=O)OCCCCCCCC/C=C\CC(CCCCCC)OC(=O)OCC#CCCC)CCN(C)CCC(=O)OCCCCCCCC/C=C\CC(CCCCCC)OC(=O)OCC#CCCC)CCCCCC,Ugi-3CR,CNCCN(CCNC)CCNC,secondary_tertiary,C=CC(=O)OCCCCCCCC/C=C\CC(CCCCCC)OC(=O)O,ester/carbonate acrylate,1,T5,CCCC#CCO,ricinoleic/aliphatic,,,,,,,,,,,,,,,,head–linker–tail,DOPE,[H][C@@](COP([O-])(OCC[NH3+])=O)(OC(CCCCCCC/C=C\\CCCCCCCC)=O)COC(CCCCCCC/C=C\\CCCCCCCC)=O,16.0,Cholesterol,C[C@H](CCCC(C)C)[C@H]1CC[C@@H]2[C@@]1(CC[C@H]3[C@H]2CC=C4[C@@]3(CC[C@@H](C4)O)C)C,46.5,DMPE-PEG2000,CCCCCCCCCCCCCC(=O)OCC(COP(=O)(OCCNCC(=O)OCCOCCOCCOCCOCCOCCOCCOCCOCCOCCOCCOCCOCCOCCOCCOCCOCCOCCOCCOCCOCCOCCOCCOCCOCCOCCOCCOCCOCCOCCOCCOCCOCCOCCOCCOCCOCCOCCOCCOCCOCCOCCOCCOC)O)OC(=O)CCCCCCCCCCCCC,2.5,2000.0,35.0,7.5,,,,mRNA,intratracheal,in_vivo,Mouse_B6,lung_epithelium,,,,,,,-0.0802394254158274,normalized_luminescence,112.0,0.0,0.0,75.0,1575.20367,198.45,0.0,19.0,21.8018,456.879,0.806451613,3.0,4.0,1576.332,True,True,False,biodegradable acrylate,,,,,,,,,,,,,,,,,,,branched
LNPhub_R0004401,LNPhub_BL_2023,https://www.nature.com/articles/s41587-023-01679-x,LNPhub_BL_2023_LNP_000392,BL_A19-T1,CCCCCCCCCCCCCCCCCCOC(=O)OC(C/C=C\CCCCCCCCOC(=O)CCN(CCC(=O)OCCCCCCCC/C=C\CC(CCCCCC)OC(=O)OCCCCCCCCCCCCCCCCCC)CCN1CCCCC1)CCCCCC,Ugi-3CR,NCCN1CCCCC1,primary_tertiary,C=CC(=O)OCCCCCCCC/C=C\CC(CCCCCC)OC(=O)O,ester/carbonate acrylate,1,T1,CCCCCCCCCCCCCCCCCCO,ricinoleic/aliphatic,,,,,,,,,,,,,,,,head–linker–tail,DOPE,[H][C@@](COP([O-])(OCC[NH3+])=O)(OC(CCCCCCC/C=C\\CCCCCCCC)=O)COC(CCCCCCC/C=C\\CCCCCCCC)=O,16.0,Cholesterol,C[C@H](CCCC(C)C)[C@H]1CC[C@@H]2[C@@]1(CC[C@H]3[C@H]2CC=C4[C@@]3(CC[C@@H](C4)O)C)C,46.5,DMPE-PEG2000,CCCCCCCCCCCCCC(=O)OCC(COP(=O)(OCCNCC(=O)OCCOCCOCCOCCOCCOCCOCCOCCOCCOCCOCCOCCOCCOCCOCCOCCOCCOCCOCCOCCOCCOCCOCCOCCOCCOCCOCCOCCOCCOCCOCCOCCOCCOCCOCCOCCOCCOCCOCCOCCOCCOCCOCCOC)O)OC(=O)CCCCCCCCCCCCC,2.5,2000.0,35.0,10.0,,,,mRNA,in_vitro,in_vitro,A549,in_vitro,,,,,,,0.9359135732288782,normalized_luminescence,99.0,1.0,0.0,77.0,1397.238599,130.14,0.0,12.0,26.5023,419.087,0.908045977,2.0,2.0,1398.273,True,True,False,biodegradable acrylate,,,,,,,,,,,,,,,,,,,cyclic
LNPhub_R0004402,LNPhub_BL_2023,https://www.nature.com/articles/s41587-023-01679-x,LNPhub_BL_2023_LNP_000393,BL_A31-T7,CCCCCC#CCOC(=O)OC(C/C=C\CCCCCCCCOC(=O)CCN(CCCN(CCC(=O)OCCCCCCCC/C=C\CC(CCCCCC)OC(=O)OCC#CCCCCC)CCC(=O)OCCCCCCCC/C=C\CC(CCCCCC)OC(=O)OCC#CCCCCC)CCCN(CCC(=O)OCCCCCCCC/C=C\CC(CCCCCC)OC(=O)OCC#CCCCCC)CCC(=O)OCCCCCCCC/C=C\CC(CCCCCC)OC(=O)OCC#CCCCCC)CCCCCC,Ugi-3CR,C(CN)CNCCCN,primary_secondary,C=CC(=O)OCCCCCCCC/C=C\CC(CCCCCC)OC(=O)O,ester/carbonate acrylate,1,T7,CCCCCC#CCO,ricinoleic/aliphatic,,,,,,,,,,,,,,,,head–linker–tail,DOPE,[H][C@@](COP([O-])(OCC[NH3+])=O)(OC(CCCCCCC/C=C\\CCCCCCCC)=O)COC(CCCCCCC/C=C\\CCCCCCCC)=O,16.0,Cholesterol,C[C@H](CCCC(C)C)[C@H]1CC[C@@H]2[C@@]1(CC[C@H]3[C@H]2CC=C4[C@@]3(CC[C@@H](C4)O)C)C,46.5,DMPE-PEG2000,CCCCCCCCCCCCCC(=O)OCC(COP(=O)(OCCNCC(=O)OCCOCCOCCOCCOCCOCCOCCOCCOCCOCCOCCOCCOCCOCCOCCOCCOCCOCCOCCOCCOCCOCCOCCOCCOCCOCCOCCOCCOCCOCCOCCOCCOCCOCCOCCOCCOCCOCCOCCOCCOCCOCCOCCOC)O)OC(=O)CCCCCCCCCCCCC,2.5,2000.0,35.0,10.0,,,,mRNA,in_vitro,in_vitro,A549,in_vitro,,,,,,,1.0753730536637502,normalized_luminescence,184.0,0.0,0.0,128.0,2582.971371,318.87,0.0,28.0,41.1036,751.304,0.807692308,5.0,3.0,2584.848,True,True,False,biodegradable acrylate,,,,,,,,,,,,,,,,,,,linear
LNPhub_R0004403,LNPhub_BL_2023,https://www.nature.com/articles/s41587-023-01679-x,LNPhub_BL_2023_LNP_000394,BL_A11-T6,CCCCC#CCOC(=O)OC(C/C=C\CCCCCCCCOC(=O)CCN1CCC(CCCC2CCN(CCO)CC2)CC1)CCCCCC,Ugi-3CR,C(CC1CCNCC1)CC2CCN(CC2)CCO,secondary_tertiary,C=CC(=O)OCCCCCCCC/C=C\CC(CCCCCC)OC(=O)O,ester/carbonate acrylate,1,T6,CCCCC#CCO,ricinoleic/aliphatic,,,,,,,,,,,,,,,,head–linker–tail,DOPE,[H][C@@](COP([O-])(OCC[NH3+])=O)(OC(CCCCCCC/C=C\\CCCCCCCC)=O)COC(CCCCCCC/C=C\\CCCCCCCC)=O,16.0,Cholesterol,C[C@H](CCCC(C)C)[C@H]1CC[C@@H]2[C@@]1(CC[C@H]3[C@H]2CC=C4[C@@]3(CC[C@@H](C4)O)C)C,46.5,DMPE-PEG2000,CCCCCCCCCCCCCC(=O)OCC(COP(=O)(OCCNCC(=O)OCCOCCOCCOCCOCCOCCOCCOCCOCCOCCOCCOCCOCCOCCOCCOCCOCCOCCOCCOCCOCCOCCOCCOCCOCCOCCOCCOCCOCCOCCOCCOCCOCCOCCOCCOCCOCCOCCOCCOCCOCCOCCOCCOC)O)OC(=O)CCCCCCCCCCCCC,2.5,2000.0,35.0,10.0,,,,mRNA,in_vitro,in_vitro,A549,in_vitro,,,,,,,-1.1480953694158915,normalized_luminescence,52.0,2.0,0.0,29.0,730.5859882,88.54,1.0,8.0,9.8691,213.1978,0.863636364,1.0,2.0,731.116,True,True,False,biodegradable acrylate,,,,,,,,,,,,,,,,,,,cyclic-dendrimer
LNPhub_R0004404,LNPhub_BL_2023,https://www.nature.com/articles/s41587-023-01679-x,LNPhub_BL_2023_LNP_000395,BL_A69-T8,CCCCCCC#CCOC(=O)OC(C/C=C\CCCCCCCCOC(=O)CCN(CCCN1CCCC1)CCC(=O)OCCCCCCCC/C=C\CC(CCCCCC)OC(=O)OCC#CCCCCCC)CCCCCC,Ugi-3CR,C1CCN(C1)CCCN,primary_tertiary,C=CC(=O)OCCCCCCCC/C=C\CC(CCCCCC)OC(=O)O,ester/carbonate acrylate,1,T8,CCCCCCC#CCO,ricinoleic/aliphatic,,,,,,,,,,,,,,,,head–linker–tail,DOPE,[H][C@@](COP([O-])(OCC[NH3+])=O)(OC(CCCCCCC/C=C\\CCCCCCCC)=O)COC(CCCCCCC/C=C\\CCCCCCCC)=O,16.0,Cholesterol,C[C@H](CCCC(C)C)[C@H]1CC[C@@H]2[C@@]1(CC[C@H]3[C@H]2CC=C4[C@@]3(CC[C@@H](C4)O)C)C,46.5,DMPE-PEG2000,CCCCCCCCCCCCCC(=O)OCC(COP(=O)(OCCNCC(=O)OCCOCCOCCOCCOCCOCCOCCOCCOCCOCCOCCOCCOCCOCCOCCOCCOCCOCCOCCOCCOCCOCCOCCOCCOCCOCCOCCOCCOCCOCCOCCOCCOCCOCCOCCOCCOCCOCCOCCOCCOCCOCCOCCOC)O)OC(=O)CCCCCCCCCCCCC,2.5,2000.0,35.0,10.0,,,,mRNA,in_vitro,in_vitro,A549,in_vitro,,,,,,,-1.4388258288679094,normalized_luminescence,81.0,1.0,0.0,54.0,1136.894298,130.14,0.0,12.0,17.9269,333.065,0.826086957,2.0,2.0,1137.723,True,True,False,biodegradable acrylate,,,,,,,,,,,,,,,,,,,cyclic
LNPhub_R0004405,LNPhub_BL_2023,https://www.nature.com/articles/s41587-023-01679-x,LNPhub_BL_2023_LNP_000396,BL_A21-T1,CCCCCCCCCCCCCCCCCCOC(=O)OC(C/C=C\CCCCCCCCOC(=O)CCN(C)CCOCCOCCN(C)CCC(=O)OCCCCCCCC/C=C\CC(CCCCCC)OC(=O)OCCCCCCCCCCCCCCCCCC)CCCCCC,Ugi-3CR,CNCCOCCOCCNC,secondary,C=CC(=O)OCCCCCCCC/C=C\CC(CCCCCC)OC(=O)O,ester/carbonate acrylate,1,T1,CCCCCCCCCCCCCCCCCCO,ricinoleic/aliphatic,,,,,,,,,,,,,,,,head–linker–tail,DOPE,[H][C@@](COP([O-])(OCC[NH3+])=O)(OC(CCCCCCC/C=C\\CCCCCCCC)=O)COC(CCCCCCC/C=C\\CCCCCCCC)=O,16.0,Cholesterol,C[C@H](CCCC(C)C)[C@H]1CC[C@@H]2[C@@]1(CC[C@H]3[C@H]2CC=C4[C@@]3(CC[C@@H](C4)O)C)C,46.5,DMPE-PEG2000,CCCCCCCCCCCCCC(=O)OCC(COP(=O)(OCCNCC(=O)OCCOCCOCCOCCOCCOCCOCCOCCOCCOCCOCCOCCOCCOCCOCCOCCOCCOCCOCCOCCOCCOCCOCCOCCOCCOCCOCCOCCOCCOCCOCCOCCOCCOCCOCCOCCOCCOCCOCCOCCOCCOCCOCCOC)O)OC(=O)CCCCCCCCCCCCC,2.5,2000.0,35.0,10.0,,,,mRNA,in_vitro,in_vitro,A549,in_vitro,,,,,,,0.7422590595359169,normalized_luminescence,102.0,0.0,0.0,83.0,1445.259729,148.6,0.0,14.0,25.6112,428.988,0.909090909,2.0,2.0,1446.314,True,True,False,biodegradable acrylate,,,,,,,,,,,,,,,,,,,linear
LNPhub_R0004406,LNPhub_BL_2023,https://www.nature.com/articles/s41587-023-01679-x,LNPhub_BL_2023_LNP_000397,BL_A56-T9,CCCCC#CCCOC(=O)OC(C/C=C\CCCCCCCCOC(=O)CCN(CCO)CCC(=O)OCCCCCCCC/C=C\CC(CCCCCC)OC(=O)OCCC#CCCCC)CCCCCC,Ugi-3CR,C(CO)N,primary,C=CC(=O)OCCCCCCCC/C=C\CC(CCCCCC)OC(=O)O,ester/carbonate acrylate,1,T9,CCCCC#CCCO,ricinoleic/aliphatic,,,,,,,,,,,,,,,,head–linker–tail,DOPE,[H][C@@](COP([O-])(OCC[NH3+])=O)(OC(CCCCCCC/C=C\\CCCCCCCC)=O)COC(CCCCCCC/C=C\\CCCCCCCC)=O,16.0,Cholesterol,C[C@H](CCCC(C)C)[C@H]1CC[C@@H]2[C@@]1(CC[C@H]3[C@H]2CC=C4[C@@]3(CC[C@@H](C4)O)C)C,46.5,DMPE-PEG2000,CCCCCCCCCCCCCC(=O)OCC(COP(=O)(OCCNCC(=O)OCCOCCOCCOCCOCCOCCOCCOCCOCCOCCOCCOCCOCCOCCOCCOCCOCCOCCOCCOCCOCCOCCOCCOCCOCCOCCOCCOCCOCCOCCOCCOCCOCCOCCOCCOCCOCCOCCOCCOCCOCCOCCOCCOC)O)OC(=O)CCCCCCCCCCCCC,2.5,2000.0,35.0,10.0,,,,mRNA,in_vitro,in_vitro,A549,in_vitro,,,,,,,-1.2091154846159895,normalized_luminescence,74.0,0.0,0.0,50.0,1041.784413,147.13,1.0,12.0,15.6531,300.6258,0.806451613,2.0,1.0,1042.534,True,True,False,biodegradable acrylate,,,,,,,,,,,,,,,,,,,linear
LNPhub_R0004407,LNPhub_BL_2023,https://www.nature.com/articles/s41587-023-01679-x,LNPhub_BL_2023_LNP_000398,BL_A39-T9,CCCCC#CCCOC(=O)OC(C/C=C\CCCCCCCCOC(=O)CCN1CCN(CC2CCN(C)CC2)CC1)CCCCCC,Ugi-3CR,CN1CCC(CC1)CN2CCNCC2,secondary_tertiary,C=CC(=O)OCCCCCCCC/C=C\CC(CCCCCC)OC(=O)O,ester/carbonate acrylate,1,T9,CCCCC#CCCO,ricinoleic/aliphatic,,,,,,,,,,,,,,,,head–linker–tail,DOPE,[H][C@@](COP([O-])(OCC[NH3+])=O)(OC(CCCCCCC/C=C\\CCCCCCCC)=O)COC(CCCCCCC/C=C\\CCCCCCCC)=O,16.0,Cholesterol,C[C@H](CCCC(C)C)[C@H]1CC[C@@H]2[C@@]1(CC[C@H]3[C@H]2CC=C4[C@@]3(CC[C@@H](C4)O)C)C,46.5,DMPE-PEG2000,CCCCCCCCCCCCCC(=O)OCC(COP(=O)(OCCNCC(=O)OCCOCCOCCOCCOCCOCCOCCOCCOCCOCCOCCOCCOCCOCCOCCOCCOCCOCCOCCOCCOCCOCCOCCOCCOCCOCCOCCOCCOCCOCCOCCOCCOCCOCCOCCOCCOCCOCCOCCOCCOCCOCCOCCOC)O)OC(=O)CCCCCCCCCCCCC,2.5,2000.0,35.0,10.0,,,,mRNA,in_vitro,in_vitro,A549,in_vitro,,,,,,,-0.6452058610610325,normalized_luminescence,49.0,2.0,0.0,26.0,687.5550224,71.55,0.0,8.0,8.632,201.651,0.853658537,1.0,3.0,688.051,True,True,False,biodegradable acrylate,,,,,,,,,,,,,,,,,,,cyclic-dendrimer
LNPhub_R0004408,LNPhub_BL_2023,https://www.nature.com/articles/s41587-023-01679-x,LNPhub_BL_2023_LNP_000399,BL_A65-T7,CCCCCC#CCOC(=O)OC(C/C=C\CCCCCCCCOC(=O)CCN(CCC(=O)OCCCCCCCC/C=C\CC(CCCCCC)OC(=O)OCC#CCCCCC)CC(OC)OC)CCCCCC,Ugi-3CR,COC(CN)OC,primary,C=CC(=O)OCCCCCCCC/C=C\CC(CCCCCC)OC(=O)O,ester/carbonate acrylate,1,T7,CCCCCC#CCO,ricinoleic/aliphatic,,,,,,,,,,,,,,,,head–linker–tail,DOPE,[H][C@@](COP([O-])(OCC[NH3+])=O)(OC(CCCCCCC/C=C\\CCCCCCCC)=O)COC(CCCCCCC/C=C\\CCCCCCCC)=O,16.0,Cholesterol,C[C@H](CCCC(C)C)[C@H]1CC[C@@H]2[C@@]1(CC[C@H]3[C@H]2CC=C4[C@@]3(CC[C@@H](C4)O)C)C,46.5,DMPE-PEG2000,CCCCCCCCCCCCCC(=O)OCC(COP(=O)(OCCNCC(=O)OCCOCCOCCOCCOCCOCCOCCOCCOCCOCCOCCOCCOCCOCCOCCOCCOCCOCCOCCOCCOCCOCCOCCOCCOCCOCCOCCOCCOCCOCCOCCOCCOCCOCCOCCOCCOCCOCCOCCOCCOCCOCCOCCOC)O)OC(=O)CCCCCCCCCCCCC,2.5,2000.0,35.0,10.0,,,,mRNA,in_vitro,in_vitro,A549,in_vitro,,,,,,,-1.05148307530898,normalized_luminescence,77.0,0.0,0.0,52.0,1085.810628,145.36,0.0,13.0,16.2797,311.346,0.8125,2.0,1.0,1086.587,True,True,False,biodegradable acrylate,,,,,,,,,,,,,,,,,,,branched
LNPhub_R0004409,LNPhub_BL_2023,https://www.nature.com/articles/s41587-023-01679-x,LNPhub_BL_2023_LNP_000400,BL_A4-T8,CCCCCCC#CCOC(=O)OC(C/C=C\CCCCCCCCOC(=O)CCN(CCC(=O)OCCCCCCCC/C=C\CC(CCCCCC)OC(=O)OCC#CCCCCCC)CCN(CC)CC)CCCCCC,Ugi-3CR,CCN(CC)CCN,primary_tertiary,C=CC(=O)OCCCCCCCC/C=C\CC(CCCCCC)OC(=O)O,ester/carbonate acrylate,1,T8,CCCCCCC#CCO,ricinoleic/aliphatic,,,,,,,,,,,,,,,,head–linker–tail,DOTAP,[H]C(C[N+](C)(C)C)(OC(CCCCCCC/C=C\CCCCCCCC)=O)COC(CCCCCCC/C=C\CCCCCCCC)=O,39.0,Cholesterol,C[C@H](CCCC(C)C)[C@H]1CC[C@@H]2[C@@]1(CC[C@H]3[C@H]2CC=C4[C@@]3(CC[C@@H](C4)O)C)C,30.0,DMPE-PEG2000,CCCCCCCCCCCCCC(=O)OCC(COP(=O)(OCCNCC(=O)OCCOCCOCCOCCOCCOCCOCCOCCOCCOCCOCCOCCOCCOCCOCCOCCOCCOCCOCCOCCOCCOCCOCCOCCOCCOCCOCCOCCOCCOCCOCCOCCOCCOCCOCCOCCOCCOCCOCCOCCOCCOCCOCCOC)O)OC(=O)CCCCCCCCCCCCC,1.0,2000.0,30.0,7.5,,,,mRNA,intratracheal,in_vivo,Mouse_B6,lung_epithelium,116.8,0.11,9.7,ZetaPALS,87.1,,0.8375969713784388,normalized_luminescence,80.0,0.0,0.0,55.0,1124.894298,130.14,0.0,12.0,17.7828,330.562,0.823529412,2.0,2.0,1125.712,True,True,False,biodegradable acrylate,,,,,,95.0,,,,,,,,,,,,,branched
LNPhub_R0004410,LNPhub_BL_2023,https://www.nature.com/articles/s41587-023-01679-x,LNPhub_BL_2023_LNP_000401,BL_A60-T5,CCCC#CCOC(=O)OC(C/C=C\CCCCCCCCOC(=O)CCN(CCC(=O)OCCCCCCCC/C=C\CC(CCCCCC)OC(=O)OCC#CCCC)CC(O)CO)CCCCCC,Ugi-3CR,C(C(CO)O)N,primary,C=CC(=O)OCCCCCCCC/C=C\CC(CCCCCC)OC(=O)O,ester/carbonate acrylate,1,T5,CCCC#CCO,ricinoleic/aliphatic,,,,,,,,,,,,,,,,head–linker–tail,DOPE,[H][C@@](COP([O-])(OCC[NH3+])=O)(OC(CCCCCCC/C=C\\CCCCCCCC)=O)COC(CCCCCCC/C=C\\CCCCCCCC)=O,16.0,Cholesterol,C[C@H](CCCC(C)C)[C@H]1CC[C@@H]2[C@@]1(CC[C@H]3[C@H]2CC=C4[C@@]3(CC[C@@H](C4)O)C)C,46.5,DMPE-PEG2000,CCCCCCCCCCCCCC(=O)OCC(COP(=O)(OCCNCC(=O)OCCOCCOCCOCCOCCOCCOCCOCCOCCOCCOCCOCCOCCOCCOCCOCCOCCOCCOCCOCCOCCOCCOCCOCCOCCOCCOCCOCCOCCOCCOCCOCCOCCOCCOCCOCCOCCOCCOCCOCCOCCOCCOCCOC)O)OC(=O)CCCCCCCCCCCCC,2.5,2000.0,35.0,10.0,,,,mRNA,in_vitro,in_vitro,A549,in_vitro,,,,,,,-0.465381828050505,normalized_luminescence,72.0,0.0,0.0,47.0,1015.732378,167.36,2.0,13.0,13.4536,288.1646,0.796610169,3.0,1.0,1016.452,True,True,False,biodegradable acrylate,,,,,,,,,,,,,,,,,,,branched
LNPhub_R0004411,LNPhub_BL_2023,https://www.nature.com/articles/s41587-023-01679-x,LNPhub_BL_2023_LNP_000402,BL_A52-T1,CCCCCCCCCCCCCCCCCCOC(=O)OC(C/C=C\CCCCCCCCOC(=O)CCN1CCC(CCO)CC1)CCCCCC,Ugi-3CR,C1CNCCC1CCO,secondary,C=CC(=O)OCCCCCCCC/C=C\CC(CCCCCC)OC(=O)O,ester/carbonate acrylate,1,T1,CCCCCCCCCCCCCCCCCCO,ricinoleic/aliphatic,,,,,,,,,,,,,,,,head–linker–tail,DOPE,[H][C@@](COP([O-])(OCC[NH3+])=O)(OC(CCCCCCC/C=C\\CCCCCCCC)=O)COC(CCCCCCC/C=C\\CCCCCCCC)=O,16.0,Cholesterol,C[C@H](CCCC(C)C)[C@H]1CC[C@@H]2[C@@]1(CC[C@H]3[C@H]2CC=C4[C@@]3(CC[C@@H](C4)O)C)C,46.5,DMPE-PEG2000,CCCCCCCCCCCCCC(=O)OCC(COP(=O)(OCCNCC(=O)OCCOCCOCCOCCOCCOCCOCCOCCOCCOCCOCCOCCOCCOCCOCCOCCOCCOCCOCCOCCOCCOCCOCCOCCOCCOCCOCCOCCOCCOCCOCCOCCOCCOCCOCCOCCOCCOCCOCCOCCOCCOCCOCCOC)O)OC(=O)CCCCCCCCCCCCC,2.5,2000.0,35.0,10.0,,,,mRNA,in_vitro,in_vitro,A549,in_vitro,,,,,,,0.1188402116930673,normalized_luminescence,54.0,1.0,0.0,39.0,763.6689896,85.3,1.0,7.0,13.4448,227.0448,0.914893617,1.0,1.0,764.23,True,True,False,biodegradable acrylate,,,,,,,,,,,,,,,,,,,cyclic
LNPhub_R0004412,LNPhub_BL_2023,https://www.nature.com/articles/s41587-023-01679-x,LNPhub_BL_2023_LNP_000403,BL_A6-T7,CCCCCC#CCOC(=O)OC(C/C=C\CCCCCCCCOC(=O)CCN(CCCN1CCN(CCCN(CCC(=O)OCCCCCCCC/C=C\CC(CCCCCC)OC(=O)OCC#CCCCCC)CCC(=O)OCCCCCCCC/C=C\CC(CCCCCC)OC(=O)OCC#CCCCCC)CC1)CCC(=O)OCCCCCCCC/C=C\CC(CCCCCC)OC(=O)OCC#CCCCCC)CCCCCC,Ugi-3CR,C(CN)CN1CCN(CCCN)CC1,primary_tertiary,C=CC(=O)OCCCCCCCC/C=C\CC(CCCCCC)OC(=O)O,ester/carbonate acrylate,1,T7,CCCCCC#CCO,ricinoleic/aliphatic,,,,,,,,,,,,,,,,head–linker–tail,DOPE,[H][C@@](COP([O-])(OCC[NH3+])=O)(OC(CCCCCCC/C=C\\CCCCCCCC)=O)COC(CCCCCCC/C=C\\CCCCCCCC)=O,16.0,Cholesterol,C[C@H](CCCC(C)C)[C@H]1CC[C@@H]2[C@@]1(CC[C@H]3[C@H]2CC=C4[C@@]3(CC[C@@H](C4)O)C)C,46.5,DMPE-PEG2000,CCCCCCCCCCCCCC(=O)OCC(COP(=O)(OCCNCC(=O)OCCOCCOCCOCCOCCOCCOCCOCCOCCOCCOCCOCCOCCOCCOCCOCCOCCOCCOCCOCCOCCOCCOCCOCCOCCOCCOCCOCCOCCOCCOCCOCCOCCOCCOCCOCCOCCOCCOCCOCCOCCOCCOCCOC)O)OC(=O)CCCCCCCCCCCCC,2.5,2000.0,35.0,10.0,,,,mRNA,in_vitro,in_vitro,A549,in_vitro,,,,,,,-0.0184949653943686,normalized_luminescence,154.0,1.0,0.0,104.0,2161.663396,260.28,0.0,24.0,32.733,629.194,0.815384615,4.0,4.0,2163.23,True,True,False,biodegradable acrylate,,,,,,,,,,,,,,,,,,,cyclic-dendrimer
LNPhub_R0004413,LNPhub_BL_2023,https://www.nature.com/articles/s41587-023-01679-x,LNPhub_BL_2023_LNP_000404,BL_A65-T1,CCCCCCCCCCCCCCCCCCOC(=O)OC(C/C=C\CCCCCCCCOC(=O)CCN(CCC(=O)OCCCCCCCC/C=C\CC(CCCCCC)OC(=O)OCCCCCCCCCCCCCCCCCC)CC(OC)OC)CCCCCC,Ugi-3CR,COC(CN)OC,primary,C=CC(=O)OCCCCCCCC/C=C\CC(CCCCCC)OC(=O)O,ester/carbonate acrylate,1,T1,CCCCCCCCCCCCCCCCCCO,ricinoleic/aliphatic,,,,,,,,,,,,,,,,head–linker–tail,DOPE,[H][C@@](COP([O-])(OCC[NH3+])=O)(OC(CCCCCCC/C=C\\CCCCCCCC)=O)COC(CCCCCCC/C=C\\CCCCCCCC)=O,16.0,Cholesterol,C[C@H](CCCC(C)C)[C@H]1CC[C@@H]2[C@@]1(CC[C@H]3[C@H]2CC=C4[C@@]3(CC[C@@H](C4)O)C)C,46.5,DMPE-PEG2000,CCCCCCCCCCCCCC(=O)OCC(COP(=O)(OCCNCC(=O)OCCOCCOCCOCCOCCOCCOCCOCCOCCOCCOCCOCCOCCOCCOCCOCCOCCOCCOCCOCCOCCOCCOCCOCCOCCOCCOCCOCCOCCOCCOCCOCCOCCOCCOCCOCCOCCOCCOCCOCCOCCOCCOCCOC)O)OC(=O)CCCCCCCCCCCCC,2.5,2000.0,35.0,10.0,,,,mRNA,in_vitro,in_vitro,A549,in_vitro,,,,,,,-1.9163343438036355,normalized_luminescence,97.0,0.0,0.0,78.0,1374.18623,145.36,0.0,13.0,25.6353,406.602,0.904761905,2.0,1.0,1375.191,True,True,False,biodegradable acrylate,,,,,,,,,,,,,,,,,,,branched
LNPhub_R0004414,LNPhub_BL_2023,https://www.nature.com/articles/s41587-023-01679-x,LNPhub_BL_2023_LNP_000405,BL_A57-T3,CCCCC/C=C\C/C=C\CCCCCCCCOC(=O)OC(C/C=C\CCCCCCCCOC(=O)CCN(C)CCO)CCCCCC,Ugi-3CR,CNCCO,secondary,C=CC(=O)OCCCCCCCC/C=C\CC(CCCCCC)OC(=O)O,ester/carbonate acrylate,1,T3,CCCCCC=CCC=C=CCCCCCCCCO,ricinoleic/aliphatic,,,,,,,,,,,,,,,,head–linker–tail,DOPE,[H][C@@](COP([O-])(OCC[NH3+])=O)(OC(CCCCCCC/C=C\\CCCCCCCC)=O)COC(CCCCCCC/C=C\\CCCCCCCC)=O,16.0,Cholesterol,C[C@H](CCCC(C)C)[C@H]1CC[C@@H]2[C@@]1(CC[C@H]3[C@H]2CC=C4[C@@]3(CC[C@@H](C4)O)C)C,46.5,DMPE-PEG2000,CCCCCCCCCCCCCC(=O)OCC(COP(=O)(OCCNCC(=O)OCCOCCOCCOCCOCCOCCOCCOCCOCCOCCOCCOCCOCCOCCOCCOCCOCCOCCOCCOCCOCCOCCOCCOCCOCCOCCOCCOCCOCCOCCOCCOCCOCCOCCOCCOCCOCCOCCOCCOCCOCCOCCOCCOC)O)OC(=O)CCCCCCCCCCCCC,2.5,2000.0,35.0,10.0,,,,mRNA,in_vitro,in_vitro,A549,in_vitro,,,,,,,0.967875790848888,normalized_luminescence,50.0,0.0,0.0,37.0,705.5907392,85.3,1.0,7.0,11.8265,210.5728,0.813953488,1.0,1.0,706.106,True,True,False,biodegradable acrylate,,,,,,,,,,,,,,,,,,,linear
LNPhub_R0004415,LNPhub_BL_2023,https://www.nature.com/articles/s41587-023-01679-x,LNPhub_BL_2023_LNP_000406,BL_A56-T7,CCCCCC#CCOC(=O)OC(C/C=C\CCCCCCCCOC(=O)CCN(CCO)CCC(=O)OCCCCCCCC/C=C\CC(CCCCCC)OC(=O)OCC#CCCCCC)CCCCCC,Ugi-3CR,C(CO)N,primary,C=CC(=O)OCCCCCCCC/C=C\CC(CCCCCC)OC(=O)O,ester/carbonate acrylate,1,T7,CCCCCC#CCO,ricinoleic/aliphatic,,,,,,,,,,,,,,,,head–linker–tail,DOPE,[H][C@@](COP([O-])(OCC[NH3+])=O)(OC(CCCCCCC/C=C\\CCCCCCCC)=O)COC(CCCCCCC/C=C\\CCCCCCCC)=O,16.0,Cholesterol,C[C@H](CCCC(C)C)[C@H]1CC[C@@H]2[C@@]1(CC[C@H]3[C@H]2CC=C4[C@@]3(CC[C@@H](C4)O)C)C,46.5,DMPE-PEG2000,CCCCCCCCCCCCCC(=O)OCC(COP(=O)(OCCNCC(=O)OCCOCCOCCOCCOCCOCCOCCOCCOCCOCCOCCOCCOCCOCCOCCOCCOCCOCCOCCOCCOCCOCCOCCOCCOCCOCCOCCOCCOCCOCCOCCOCCOCCOCCOCCOCCOCCOCCOCCOCCOCCOCCOCCOC)O)OC(=O)CCCCCCCCCCCCC,2.5,2000.0,35.0,10.0,,,,mRNA,in_vitro,in_vitro,A549,in_vitro,,,,,,,-1.7841859258558557,normalized_luminescence,74.0,0.0,0.0,50.0,1041.784413,147.13,1.0,12.0,15.6531,300.6258,0.806451613,2.0,1.0,1042.534,True,True,False,biodegradable acrylate,,,,,,,,,,,,,,,,,,,linear
LNPhub_R0004416,LNPhub_BL_2023,https://www.nature.com/articles/s41587-023-01679-x,LNPhub_BL_2023_LNP_000407,BL_A15-T2,CCCCCCCC/C=C\CCCCCCCCOC(=O)OC(C/C=C\CCCCCCCCOC(=O)CCN(CCCN(C)CCCN(CCC(=O)OCCCCCCCC/C=C\CC(CCCCCC)OC(=O)OCCCCCCCC/C=C\CCCCCCCC)CCC(=O)OCCCCCCCC/C=C\CC(CCCCCC)OC(=O)OCCCCCCCC/C=C\CCCCCCCC)CCC(=O)OCCCCCCCC/C=C\CC(CCCCCC)OC(=O)OCCCCCCCC/C=C\CCCCCCCC)CCCCCC,Ugi-3CR,CN(CCCN)CCCN,primary_tertiary,C=CC(=O)OCCCCCCCC/C=C\CC(CCCCCC)OC(=O)O,ester/carbonate acrylate,1,T2,CCCCCCCCC=CCCCCCCCCO,ricinoleic/aliphatic,,,,,,,,,,,,,,,,head–linker–tail,DOPE,[H][C@@](COP([O-])(OCC[NH3+])=O)(OC(CCCCCCC/C=C\\CCCCCCCC)=O)COC(CCCCCCC/C=C\\CCCCCCCC)=O,16.0,Cholesterol,C[C@H](CCCC(C)C)[C@H]1CC[C@@H]2[C@@]1(CC[C@H]3[C@H]2CC=C4[C@@]3(CC[C@@H](C4)O)C)C,46.5,DMPE-PEG2000,CCCCCCCCCCCCCC(=O)OCC(COP(=O)(OCCNCC(=O)OCCOCCOCCOCCOCCOCCOCCOCCOCCOCCOCCOCCOCCOCCOCCOCCOCCOCCOCCOCCOCCOCCOCCOCCOCCOCCOCCOCCOCCOCCOCCOCCOCCOCCOCCOCCOCCOCCOCCOCCOCCOCCOCCOC)O)OC(=O)CCCCCCCCCCCCC,2.5,2000.0,35.0,10.0,,,,mRNA,in_vitro,in_vitro,A549,in_vitro,,,,,,,0.9715126476309394,normalized_luminescence,190.0,0.0,0.0,152.0,2675.309799,257.04,0.0,23.0,50.8624,803.947,0.856287425,4.0,3.0,2677.294,True,True,False,biodegradable acrylate,,,,,,,,,,,,,,,,,,,branched
LNPhub_R0004417,LNPhub_BL_2023,https://www.nature.com/articles/s41587-023-01679-x,LNPhub_BL_2023_LNP_000408,BL_A49-T8,CCCCCCC#CCOC(=O)OC(C/C=C\CCCCCCCCOC(=O)CCN(CCC(=O)OCCCCCCCC/C=C\CC(CCCCCC)OC(=O)OCC#CCCCCCC)CCN1CCCCCC1)CCCCCC,Ugi-3CR,C1CCCN(CC1)CCN,primary_tertiary,C=CC(=O)OCCCCCCCC/C=C\CC(CCCCCC)OC(=O)O,ester/carbonate acrylate,1,T8,CCCCCCC#CCO,ricinoleic/aliphatic,,,,,,,,,,,,,,,,head–linker–tail,DOPE,[H][C@@](COP([O-])(OCC[NH3+])=O)(OC(CCCCCCC/C=C\\CCCCCCCC)=O)COC(CCCCCCC/C=C\\CCCCCCCC)=O,16.0,Cholesterol,C[C@H](CCCC(C)C)[C@H]1CC[C@@H]2[C@@]1(CC[C@H]3[C@H]2CC=C4[C@@]3(CC[C@@H](C4)O)C)C,46.5,DMPE-PEG2000,CCCCCCCCCCCCCC(=O)OCC(COP(=O)(OCCNCC(=O)OCCOCCOCCOCCOCCOCCOCCOCCOCCOCCOCCOCCOCCOCCOCCOCCOCCOCCOCCOCCOCCOCCOCCOCCOCCOCCOCCOCCOCCOCCOCCOCCOCCOCCOCCOCCOCCOCCOCCOCCOCCOCCOCCOC)O)OC(=O)CCCCCCCCCCCCC,2.5,2000.0,35.0,10.0,,,,mRNA,in_vitro,in_vitro,A549,in_vitro,,,,,,,-0.2218329198175362,normalized_luminescence,82.0,1.0,0.0,53.0,1150.909948,130.14,0.0,12.0,18.317,337.682,0.828571429,2.0,2.0,1151.75,True,True,False,biodegradable acrylate,,,,,,,,,,,,,,,,,,,cyclic
LNPhub_R0004418,LNPhub_BL_2023,https://www.nature.com/articles/s41587-023-01679-x,LNPhub_BL_2023_LNP_000409,BL_A62-T1,CCCCCCCCCCCCCCCCCCOC(=O)OC(C/C=C\CCCCCCCCOC(=O)CCN(C)CCCN(CCC(=O)OCCCCCCCC/C=C\CC(CCCCCC)OC(=O)OCCCCCCCCCCCCCCCCCC)CCC(=O)OCCCCCCCC/C=C\CC(CCCCCC)OC(=O)OCCCCCCCCCCCCCCCCCC)CCCCCC,Ugi-3CR,CNCCCN,primary_secondary,C=CC(=O)OCCCCCCCC/C=C\CC(CCCCCC)OC(=O)O,ester/carbonate acrylate,1,T1,CCCCCCCCCCCCCCCCCCO,ricinoleic/aliphatic,,,,,,,,,,,,,,,,head–linker–tail,DOPE,[H][C@@](COP([O-])(OCC[NH3+])=O)(OC(CCCCCCC/C=C\\CCCCCCCC)=O)COC(CCCCCCC/C=C\\CCCCCCCC)=O,16.0,Cholesterol,C[C@H](CCCC(C)C)[C@H]1CC[C@@H]2[C@@]1(CC[C@H]3[C@H]2CC=C4[C@@]3(CC[C@@H](C4)O)C)C,46.5,DMPE-PEG2000,CCCCCCCCCCCCCC(=O)OCC(COP(=O)(OCCNCC(=O)OCCOCCOCCOCCOCCOCCOCCOCCOCCOCCOCCOCCOCCOCCOCCOCCOCCOCCOCCOCCOCCOCCOCCOCCOCCOCCOCCOCCOCCOCCOCCOCCOCCOCCOCCOCCOCCOCCOCCOCCOCCOCCOCCOC)O)OC(=O)CCCCCCCCCCCCC,2.5,2000.0,35.0,10.0,,,,mRNA,in_vitro,in_vitro,A549,in_vitro,,,,,,,-0.640441069821985,normalized_luminescence,141.0,0.0,0.0,115.0,1991.760925,191.97,0.0,17.0,38.7023,597.088,0.903225806,3.0,2.0,1993.235,True,True,False,biodegradable acrylate,,,,,,,,,,,,,,,,,,,linear
LNPhub_R0004419,LNPhub_BL_2023,https://www.nature.com/articles/s41587-023-01679-x,LNPhub_BL_2023_LNP_000410,BL_A52-T8,CCCCCCC#CCOC(=O)OC(C/C=C\CCCCCCCCOC(=O)CCN1CCC(CCO)CC1)CCCCCC,Ugi-3CR,C1CNCCC1CCO,secondary,C=CC(=O)OCCCCCCCC/C=C\CC(CCCCCC)OC(=O)O,ester/carbonate acrylate,1,T8,CCCCCCC#CCO,ricinoleic/aliphatic,,,,,,,,,,,,,,,,head–linker–tail,DOPE,[H][C@@](COP([O-])(OCC[NH3+])=O)(OC(CCCCCCC/C=C\\CCCCCCCC)=O)COC(CCCCCCC/C=C\\CCCCCCCC)=O,16.0,Cholesterol,C[C@H](CCCC(C)C)[C@H]1CC[C@@H]2[C@@]1(CC[C@H]3[C@H]2CC=C4[C@@]3(CC[C@@H](C4)O)C)C,46.5,DMPE-PEG2000,CCCCCCCCCCCCCC(=O)OCC(COP(=O)(OCCNCC(=O)OCCOCCOCCOCCOCCOCCOCCOCCOCCOCCOCCOCCOCCOCCOCCOCCOCCOCCOCCOCCOCCOCCOCCOCCOCCOCCOCCOCCOCCOCCOCCOCCOCCOCCOCCOCCOCCOCCOCCOCCOCCOCCOCCOC)O)OC(=O)CCCCCCCCCCCCC,2.5,2000.0,35.0,10.0,,,,mRNA,in_vitro,in_vitro,A549,in_vitro,,,,,,,0.1218583174621792,normalized_luminescence,45.0,1.0,0.0,27.0,633.4968389,85.3,1.0,7.0,9.1571,184.0338,0.842105263,1.0,1.0,633.955,True,True,False,biodegradable acrylate,,,,,,,,,,,,,,,,,,,cyclic
LNPhub_R0004420,LNPhub_BL_2023,https://www.nature.com/articles/s41587-023-01679-x,LNPhub_BL_2023_LNP_000411,BL_A25-T8,CCCCCCC#CCOC(=O)OC(C/C=C\CCCCCCCCOC(=O)CCN1CCN(c2ccncc2)CC1)CCCCCC,Ugi-3CR,C1=CC(N2CCNCC2)=CN=C1,secondary_tertiary,C=CC(=O)OCCCCCCCC/C=C\CC(CCCCCC)OC(=O)O,ester/carbonate acrylate,1,T8,CCCCCCC#CCO,ricinoleic/aliphatic,,,,,,,,,,,,,,,,head–linker–tail,DOPE,[H][C@@](COP([O-])(OCC[NH3+])=O)(OC(CCCCCCC/C=C\\CCCCCCCC)=O)COC(CCCCCCC/C=C\\CCCCCCCC)=O,16.0,Cholesterol,C[C@H](CCCC(C)C)[C@H]1CC[C@@H]2[C@@]1(CC[C@H]3[C@H]2CC=C4[C@@]3(CC[C@@H](C4)O)C)C,46.5,DMPE-PEG2000,CCCCCCCCCCCCCC(=O)OCC(COP(=O)(OCCNCC(=O)OCCOCCOCCOCCOCCOCCOCCOCCOCCOCCOCCOCCOCCOCCOCCOCCOCCOCCOCCOCCOCCOCCOCCOCCOCCOCCOCCOCCOCCOCCOCCOCCOCCOCCOCCOCCOCCOCCOCCOCCOCCOCCOCCOC)O)OC(=O)CCCCCCCCCCCCC,2.5,2000.0,35.0,10.0,,,,mRNA,in_vitro,in_vitro,A549,in_vitro,,,,,,,1.8819989362968508,normalized_luminescence,48.0,2.0,1.0,26.0,667.4924222,81.2,0.0,8.0,9.2799,196.057,0.725,1.0,3.0,667.976,True,True,False,biodegradable acrylate,,,,,,,,,,,,,,,,,,,cyclic
LNPhub_R0004421,LNPhub_BL_2023,https://www.nature.com/articles/s41587-023-01679-x,LNPhub_BL_2023_LNP_000412,BL_A71-T5,CCCC#CCOC(=O)OC(C/C=C\CCCCCCCCOC(=O)CCN(CCCn1ccnc1)CCC(=O)OCCCCCCCC/C=C\CC(CCCCCC)OC(=O)OCC#CCCC)CCCCCC,Ugi-3CR,C(CN)CN1C=CN=C1,primary,C=CC(=O)OCCCCCCCC/C=C\CC(CCCCCC)OC(=O)O,ester/carbonate acrylate,1,T5,CCCC#CCO,ricinoleic/aliphatic,,,,,,,,,,,,,,,,head–linker–tail,DOPE,[H][C@@](COP([O-])(OCC[NH3+])=O)(OC(CCCCCCC/C=C\\CCCCCCCC)=O)COC(CCCCCCC/C=C\\CCCCCCCC)=O,16.0,Cholesterol,C[C@H](CCCC(C)C)[C@H]1CC[C@@H]2[C@@]1(CC[C@H]3[C@H]2CC=C4[C@@]3(CC[C@@H](C4)O)C)C,46.5,DMPE-PEG2000,CCCCCCCCCCCCCC(=O)OCC(COP(=O)(OCCNCC(=O)OCCOCCOCCOCCOCCOCCOCCOCCOCCOCCOCCOCCOCCOCCOCCOCCOCCOCCOCCOCCOCCOCCOCCOCCOCCOCCOCCOCCOCCOCCOCCOCCOCCOCCOCCOCCOCCOCCOCCOCCOCCOCCOCCOC)O)OC(=O)CCCCCCCCCCCCC,2.5,2000.0,35.0,10.0,,,,mRNA,in_vitro,in_vitro,A549,in_vitro,,,,,,,0.8020256549654871,normalized_luminescence,75.0,1.0,1.0,48.0,1049.764346,144.72,0.0,13.0,15.3872,301.916,0.758064516,2.0,3.0,1050.517,True,True,False,biodegradable acrylate,,,,,,,,,,,,,,,,,,,cyclic
LNPhub_R0004422,LNPhub_BL_2023,https://www.nature.com/articles/s41587-023-01679-x,LNPhub_BL_2023_LNP_000413,BL_A55-T6,CCCCC#CCOC(=O)OC(C/C=C\CCCCCCCCOC(=O)CCN(C)CCO)CCCCCC,Ugi-3CR,CNCCO,secondary,C=CC(=O)OCCCCCCCC/C=C\CC(CCCCCC)OC(=O)O,ester/carbonate acrylate,1,T6,CCCCC#CCO,ricinoleic/aliphatic,,,,,,,,,,,,,,,,head–linker–tail,DOPE,[H][C@@](COP([O-])(OCC[NH3+])=O)(OC(CCCCCCC/C=C\\CCCCCCCC)=O)COC(CCCCCCC/C=C\\CCCCCCCC)=O,16.0,Cholesterol,C[C@H](CCCC(C)C)[C@H]1CC[C@@H]2[C@@]1(CC[C@H]3[C@H]2CC=C4[C@@]3(CC[C@@H](C4)O)C)C,46.5,DMPE-PEG2000,CCCCCCCCCCCCCC(=O)OCC(COP(=O)(OCCNCC(=O)OCCOCCOCCOCCOCCOCCOCCOCCOCCOCCOCCOCCOCCOCCOCCOCCOCCOCCOCCOCCOCCOCCOCCOCCOCCOCCOCCOCCOCCOCCOCCOCCOCCOCCOCCOCCOCCOCCOCCOCCOCCOCCOCCOC)O)OC(=O)CCCCCCCCCCCCC,2.5,2000.0,35.0,10.0,,,,mRNA,in_vitro,in_vitro,A549,in_vitro,,,,,,,-1.2164197934200904,normalized_luminescence,39.0,0.0,0.0,25.0,551.4185885,85.3,1.0,7.0,7.2066,158.5158,0.8125,1.0,1.0,551.809,True,True,False,biodegradable acrylate,,,,,,,,,,,,,,,,,,,linear
LNPhub_R0004423,LNPhub_BL_2023,https://www.nature.com/articles/s41587-023-01679-x,LNPhub_BL_2023_LNP_000414,BL_A18-T10,CCCCCCC#CCCOC(=O)OC(C/C=C\CCCCCCCCOC(=O)CCN(CCC(=O)OCCCCCCCC/C=C\CC(CCCCCC)OC(=O)OCCC#CCCCCCC)CCN(C)CCN(CCC(=O)OCCCCCCCC/C=C\CC(CCCCCC)OC(=O)OCCC#CCCCCCC)CCC(=O)OCCCCCCCC/C=C\CC(CCCCCC)OC(=O)OCCC#CCCCCCC)CCCCCC,Ugi-3CR,CN(CCN)CCN,primary_tertiary,C=CC(=O)OCCCCCCCC/C=C\CC(CCCCCC)OC(=O)O,ester/carbonate acrylate,1,T10,CCCCCCC#CCCO,ricinoleic/aliphatic,,,,,,,,,,,,,,,,head–linker–tail,DOPE,[H][C@@](COP([O-])(OCC[NH3+])=O)(OC(CCCCCCC/C=C\\CCCCCCCC)=O)COC(CCCCCCC/C=C\\CCCCCCCC)=O,16.0,Cholesterol,C[C@H](CCCC(C)C)[C@H]1CC[C@@H]2[C@@]1(CC[C@H]3[C@H]2CC=C4[C@@]3(CC[C@@H](C4)O)C)C,46.5,DMPE-PEG2000,CCCCCCCCCCCCCC(=O)OCC(COP(=O)(OCCNCC(=O)OCCOCCOCCOCCOCCOCCOCCOCCOCCOCCOCCOCCOCCOCCOCCOCCOCCOCCOCCOCCOCCOCCOCCOCCOCCOCCOCCOCCOCCOCCOCCOCCOCCOCCOCCOCCOCCOCCOCCOCCOCCOCCOCCOC)O)OC(=O)CCCCCCCCCCCCC,2.5,2000.0,35.0,10.0,,,,mRNA,in_vitro,in_vitro,A549,in_vitro,,,,,,,0.1727131973629528,normalized_luminescence,156.0,0.0,0.0,110.0,2190.715097,257.04,0.0,23.0,35.3878,641.513,0.819548872,4.0,3.0,2192.312,True,True,False,biodegradable acrylate,,,,,,,,,,,,,,,,,,,branched
LNPhub_R0004424,LNPhub_BL_2023,https://www.nature.com/articles/s41587-023-01679-x,LNPhub_BL_2023_LNP_000415,BL_A20-T10,CCCCCCC#CCCOC(=O)OC(C/C=C\CCCCCCCCOC(=O)CCN1CCN=C1C)CCCCCC,Ugi-3CR,C1CN=C(N1)C,secondary,C=CC(=O)OCCCCCCCC/C=C\CC(CCCCCC)OC(=O)O,ester/carbonate acrylate,1,T10,CCCCCCC#CCCO,ricinoleic/aliphatic,,,,,,,,,,,,,,,,head–linker–tail,DOPE,[H][C@@](COP([O-])(OCC[NH3+])=O)(OC(CCCCCCC/C=C\\CCCCCCCC)=O)COC(CCCCCCC/C=C\\CCCCCCCC)=O,16.0,Cholesterol,C[C@H](CCCC(C)C)[C@H]1CC[C@@H]2[C@@]1(CC[C@H]3[C@H]2CC=C4[C@@]3(CC[C@@H](C4)O)C)C,46.5,DMPE-PEG2000,CCCCCCCCCCCCCC(=O)OCC(COP(=O)(OCCNCC(=O)OCCOCCOCCOCCOCCOCCOCCOCCOCCOCCOCCOCCOCCOCCOCCOCCOCCOCCOCCOCCOCCOCCOCCOCCOCCOCCOCCOCCOCCOCCOCCOCCOCCOCCOCCOCCOCCOCCOCCOCCOCCOCCOCCOC)O)OC(=O)CCCCCCCCCCCCC,2.5,2000.0,35.0,10.0,,,,mRNA,in_vitro,in_vitro,A549,in_vitro,,,,,,,-0.1747213202597994,normalized_luminescence,43.0,1.0,0.0,26.0,602.4658731,77.43,0.0,7.0,9.1868,177.333,0.805555556,1.0,2.0,602.901,True,True,False,biodegradable acrylate,,,,,,,,,,,,,,,,,,,cyclic
LNPhub_R0004425,LNPhub_BL_2023,https://www.nature.com/articles/s41587-023-01679-x,LNPhub_BL_2023_LNP_000416,BL_MD-1,CCCCCCCCCCC(O)CN(CCCCC1NC(=O)C(CCCCN(CC(O)CCCCCCCCCC)CC(O)CCCCCCCCCC)NC1=O)CC(O)CCCCCCCCCC,Ugi-3CR,,,C=CC(=O)OCCCCCCCC/C=C\CC(CCCCCC)OC(=O)O,ester/carbonate acrylate,0,,,ricinoleic/aliphatic,,,,,,,,,,,,,,,,head–linker–tail,DOTAP,[H]C(C[N+](C)(C)C)(OC(CCCCCCC/C=C\CCCCCCCC)=O)COC(CCCCCCC/C=C\CCCCCCCC)=O,39.0,Cholesterol,C[C@H](CCCC(C)C)[C@H]1CC[C@@H]2[C@@]1(CC[C@H]3[C@H]2CC=C4[C@@]3(CC[C@@H](C4)O)C)C,30.0,DMPE-PEG2000,CCCCCCCCCCCCCC(=O)OCC(COP(=O)(OCCNCC(=O)OCCOCCOCCOCCOCCOCCOCCOCCOCCOCCOCCOCCOCCOCCOCCOCCOCCOCCOCCOCCOCCOCCOCCOCCOCCOCCOCCOCCOCCOCCOCCOCCOCCOCCOCCOCCOCCOCCOCCOCCOCCOCCOCCOC)O)OC(=O)CCCCCCCCCCCCC,1.0,2000.0,30.0,7.5,,,,mRNA,intramuscular,in_vivo,Mouse_B6,muscle,,,,,,,1.7046276880730569,normalized_luminescence,70.0,1.0,0.0,54.0,992.9207876,145.6,6.0,8.0,13.481,297.3786,0.966666667,6.0,4.0,993.642,False,False,False,biodegradable acrylate,,,,,,,,,,,,,,,,,,,unknown
LNPhub_R0004426,LNPhub_BL_2023,https://www.nature.com/articles/s41587-023-01679-x,LNPhub_BL_2023_LNP_000417,BL_A1-T1,CCCCCCCCCCCCCCCCCCOC(=O)OC(C/C=C\CCCCCCCCOC(=O)CCN(CCCN(C)C)CCC(=O)OCCCCCCCC/C=C\CC(CCCCCC)OC(=O)OCCCCCCCCCCCCCCCCCC)CCCCCC,Ugi-3CR,CN(C)CCCN,primary_tertiary,C=CC(=O)OCCCCCCCC/C=C\CC(CCCCCC)OC(=O)O,ester/carbonate acrylate,1,T1,CCCCCCCCCCCCCCCCCCO,ricinoleic/aliphatic,,,,,,,,,,,,,,,,head–linker–tail,DOPE,[H][C@@](COP([O-])(OCC[NH3+])=O)(OC(CCCCCCC/C=C\\CCCCCCCC)=O)COC(CCCCCCC/C=C\\CCCCCCCC)=O,16.0,Cholesterol,C[C@H](CCCC(C)C)[C@H]1CC[C@@H]2[C@@]1(CC[C@H]3[C@H]2CC=C4[C@@]3(CC[C@@H](C4)O)C)C,46.5,DMPE-PEG2000,CCCCCCCCCCCCCC(=O)OCC(COP(=O)(OCCNCC(=O)OCCOCCOCCOCCOCCOCCOCCOCCOCCOCCOCCOCCOCCOCCOCCOCCOCCOCCOCCOCCOCCOCCOCCOCCOCCOCCOCCOCCOCCOCCOCCOCCOCCOCCOCCOCCOCCOCCOCCOCCOCCOCCOCCOC)O)OC(=O)CCCCCCCCCCCCC,2.5,2000.0,35.0,10.0,,,,mRNA,in_vitro,in_vitro,A549,in_vitro,,,,,,,2.006216993610787,normalized_luminescence,97.0,0.0,0.0,78.0,1371.222949,130.14,0.0,12.0,25.9681,411.967,0.905882353,2.0,2.0,1372.235,True,True,False,biodegradable acrylate,,,,,,,,,,,,,,,,,,,branched
LNPhub_R0004427,LNPhub_BL_2023,https://www.nature.com/articles/s41587-023-01679-x,LNPhub_BL_2023_LNP_000418,BL_A29-T5,CCCC#CCOC(=O)OC(C/C=C\CCCCCCCCOC(=O)CCN(C)CCN(C)C)CCCCCC,Ugi-3CR,CNCCN(C)C,secondary_tertiary,C=CC(=O)OCCCCCCCC/C=C\CC(CCCCCC)OC(=O)O,ester/carbonate acrylate,1,T5,CCCC#CCO,ricinoleic/aliphatic,,,,,,,,,,,,,,,,head–linker–tail,DOPE,[H][C@@](COP([O-])(OCC[NH3+])=O)(OC(CCCCCCC/C=C\\CCCCCCCC)=O)COC(CCCCCCC/C=C\\CCCCCCCC)=O,16.0,Cholesterol,C[C@H](CCCC(C)C)[C@H]1CC[C@@H]2[C@@]1(CC[C@H]3[C@H]2CC=C4[C@@]3(CC[C@@H](C4)O)C)C,46.5,DMPE-PEG2000,CCCCCCCCCCCCCC(=O)OCC(COP(=O)(OCCNCC(=O)OCCOCCOCCOCCOCCOCCOCCOCCOCCOCCOCCOCCOCCOCCOCCOCCOCCOCCOCCOCCOCCOCCOCCOCCOCCOCCOCCOCCOCCOCCOCCOCCOCCOCCOCCOCCOCCOCCOCCOCCOCCOCCOCCOC)O)OC(=O)CCCCCCCCCCCCC,2.5,2000.0,35.0,10.0,,,,mRNA,in_vitro,in_vitro,A549,in_vitro,,,,,,,-0.2484757737805468,normalized_luminescence,40.0,0.0,0.0,25.0,564.450223,68.31,0.0,7.0,7.3858,165.367,0.818181818,1.0,2.0,564.852,True,True,False,biodegradable acrylate,,,,,,,,,,,,,,,,,,,branched
LNPhub_R0004428,LNPhub_BL_2023,https://www.nature.com/articles/s41587-023-01679-x,LNPhub_BL_2023_LNP_000419,BL_A41-T4,CCC#CCOC(=O)OC(C/C=C\CCCCCCCCOC(=O)CCN1CCC[C@H]1CO)CCCCCC,Ugi-3CR,C1C[C@@H](CO)NC1,secondary,C=CC(=O)OCCCCCCCC/C=C\CC(CCCCCC)OC(=O)O,ester/carbonate acrylate,1,T4,CCC#CCO,ricinoleic/aliphatic,,,,,,,,,,,,,,,,head–linker–tail,DOPE,[H][C@@](COP([O-])(OCC[NH3+])=O)(OC(CCCCCCC/C=C\\CCCCCCCC)=O)COC(CCCCCCC/C=C\\CCCCCCCC)=O,16.0,Cholesterol,C[C@H](CCCC(C)C)[C@H]1CC[C@@H]2[C@@]1(CC[C@H]3[C@H]2CC=C4[C@@]3(CC[C@@H](C4)O)C)C,46.5,DMPE-PEG2000,CCCCCCCCCCCCCC(=O)OCC(COP(=O)(OCCNCC(=O)OCCOCCOCCOCCOCCOCCOCCOCCOCCOCCOCCOCCOCCOCCOCCOCCOCCOCCOCCOCCOCCOCCOCCOCCOCCOCCOCCOCCOCCOCCOCCOCCOCCOCCOCCOCCOCCOCCOCCOCCOCCOCCOCCOC)O)OC(=O)CCCCCCCCCCCCC,2.5,2000.0,35.0,10.0,,,,mRNA,in_vitro,in_vitro,A549,in_vitro,,,,,,,-0.2511443877696784,normalized_luminescence,39.0,1.0,0.0,22.0,549.4029385,85.3,1.0,7.0,6.959,156.3798,0.8125,2.0,1.0,549.793,True,True,False,biodegradable acrylate,,,,,,,,,,,,,,,,,,,cyclic
LNPhub_R0004429,LNPhub_BL_2023,https://www.nature.com/articles/s41587-023-01679-x,LNPhub_BL_2023_LNP_000420,BL_A30-T10,CCCCCCC#CCCOC(=O)OC(C/C=C\CCCCCCCCOC(=O)CCN(CCCN1CCCCC1)CCC(=O)OCCCCCCCC/C=C\CC(CCCCCC)OC(=O)OCCC#CCCCCCC)CCCCCC,Ugi-3CR,C1CCN(CC1)CCCN,primary_tertiary,C=CC(=O)OCCCCCCCC/C=C\CC(CCCCCC)OC(=O)O,ester/carbonate acrylate,1,T10,CCCCCCC#CCCO,ricinoleic/aliphatic,,,,,,,,,,,,,,,,head–linker–tail,DOPE,[H][C@@](COP([O-])(OCC[NH3+])=O)(OC(CCCCCCC/C=C\\CCCCCCCC)=O)COC(CCCCCCC/C=C\\CCCCCCCC)=O,16.0,Cholesterol,C[C@H](CCCC(C)C)[C@H]1CC[C@@H]2[C@@]1(CC[C@H]3[C@H]2CC=C4[C@@]3(CC[C@@H](C4)O)C)C,46.5,DMPE-PEG2000,CCCCCCCCCCCCCC(=O)OCC(COP(=O)(OCCNCC(=O)OCCOCCOCCOCCOCCOCCOCCOCCOCCOCCOCCOCCOCCOCCOCCOCCOCCOCCOCCOCCOCCOCCOCCOCCOCCOCCOCCOCCOCCOCCOCCOCCOCCOCCOCCOCCOCCOCCOCCOCCOCCOCCOCCOC)O)OC(=O)CCCCCCCCCCCCC,2.5,2000.0,35.0,10.0,,,,mRNA,in_vitro,in_vitro,A549,in_vitro,,,,,,,0.2143528965811179,normalized_luminescence,84.0,1.0,0.0,56.0,1178.941248,130.14,0.0,12.0,19.0972,346.916,0.833333333,2.0,2.0,1179.804,True,True,False,biodegradable acrylate,,,,,,,,,,,,,,,,,,,cyclic
LNPhub_R0004430,LNPhub_BL_2023,https://www.nature.com/articles/s41587-023-01679-x,LNPhub_BL_2023_LNP_000421,BL_A44-T9,CCCCC#CCCOC(=O)OC(C/C=C\CCCCCCCCOC(=O)CCN(CCC(=O)OCCCCCCCC/C=C\CC(CCCCCC)OC(=O)OCCC#CCCCC)CCC1CCCCN1C(C)C)CCCCCC,Ugi-3CR,CC(C)N1CCCCC1CCN,primary_tertiary,C=CC(=O)OCCCCCCCC/C=C\CC(CCCCCC)OC(=O)O,ester/carbonate acrylate,1,T9,CCCCC#CCCO,ricinoleic/aliphatic,,,,,,,,,,,,,,,,head–linker–tail,DOPE,[H][C@@](COP([O-])(OCC[NH3+])=O)(OC(CCCCCCC/C=C\\CCCCCCCC)=O)COC(CCCCCCC/C=C\\CCCCCCCC)=O,16.0,Cholesterol,C[C@H](CCCC(C)C)[C@H]1CC[C@@H]2[C@@]1(CC[C@H]3[C@H]2CC=C4[C@@]3(CC[C@@H](C4)O)C)C,46.5,DMPE-PEG2000,CCCCCCCCCCCCCC(=O)OCC(COP(=O)(OCCNCC(=O)OCCOCCOCCOCCOCCOCCOCCOCCOCCOCCOCCOCCOCCOCCOCCOCCOCCOCCOCCOCCOCCOCCOCCOCCOCCOCCOCCOCCOCCOCCOCCOCCOCCOCCOCCOCCOCCOCCOCCOCCOCCOCCOCCOC)O)OC(=O)CCCCCCCCCCCCC,2.5,2000.0,35.0,10.0,,,,mRNA,in_vitro,in_vitro,A549,in_vitro,,,,,,,-0.0187165706803732,normalized_luminescence,82.0,1.0,0.0,52.0,1150.909948,130.14,0.0,12.0,18.3138,337.638,0.828571429,3.0,2.0,1151.75,True,True,False,biodegradable acrylate,,,,,,,,,,,,,,,,,,,cyclic-dendrimer
LNPhub_R0004431,LNPhub_BL_2023,https://www.nature.com/articles/s41587-023-01679-x,LNPhub_BL_2023_LNP_000422,BL_A30-T3,CCCCC/C=C\C/C=C\CCCCCCCCOC(=O)OC(C/C=C\CCCCCCCCOC(=O)CCN(CCCN1CCCCC1)CCC(=O)OCCCCCCCC/C=C\CC(CCCCCC)OC(=O)OCCCCCCCC/C=C\C/C=C\CCCCC)CCCCCC,Ugi-3CR,C1CCN(CC1)CCCN,primary_tertiary,C=CC(=O)OCCCCCCCC/C=C\CC(CCCCCC)OC(=O)O,ester/carbonate acrylate,1,T3,CCCCCC=CCC=C=CCCCCCCCCO,ricinoleic/aliphatic,,,,,,,,,,,,,,,,head–linker–tail,DOPE,[H][C@@](COP([O-])(OCC[NH3+])=O)(OC(CCCCCCC/C=C\\CCCCCCCC)=O)COC(CCCCCCC/C=C\\CCCCCCCC)=O,16.0,Cholesterol,C[C@H](CCCC(C)C)[C@H]1CC[C@@H]2[C@@]1(CC[C@H]3[C@H]2CC=C4[C@@]3(CC[C@@H](C4)O)C)C,46.5,DMPE-PEG2000,CCCCCCCCCCCCCC(=O)OCC(COP(=O)(OCCNCC(=O)OCCOCCOCCOCCOCCOCCOCCOCCOCCOCCOCCOCCOCCOCCOCCOCCOCCOCCOCCOCCOCCOCCOCCOCCOCCOCCOCCOCCOCCOCCOCCOCCOCCOCCOCCOCCOCCOCCOCCOCCOCCOCCOCCOC)O)OC(=O)CCCCCCCCCCCCC,2.5,2000.0,35.0,10.0,,,,mRNA,in_vitro,in_vitro,A549,in_vitro,,,,,,,1.7728798934313623,normalized_luminescence,100.0,1.0,0.0,74.0,1403.191649,130.14,0.0,12.0,25.9964,423.328,0.818181818,2.0,2.0,1404.236,True,True,False,biodegradable acrylate,,,,,,,,,,,,,,,,,,,cyclic
LNPhub_R0004432,LNPhub_BL_2023,https://www.nature.com/articles/s41587-023-01679-x,LNPhub_BL_2023_LNP_000423,BL_A39-T10,CCCCCCC#CCCOC(=O)OC(C/C=C\CCCCCCCCOC(=O)CCN1CCN(CC2CCN(C)CC2)CC1)CCCCCC,Ugi-3CR,CN1CCC(CC1)CN2CCNCC2,secondary_tertiary,C=CC(=O)OCCCCCCCC/C=C\CC(CCCCCC)OC(=O)O,ester/carbonate acrylate,1,T10,CCCCCCC#CCCO,ricinoleic/aliphatic,,,,,,,,,,,,,,,,head–linker–tail,DOPE,[H][C@@](COP([O-])(OCC[NH3+])=O)(OC(CCCCCCC/C=C\\CCCCCCCC)=O)COC(CCCCCCC/C=C\\CCCCCCCC)=O,16.0,Cholesterol,C[C@H](CCCC(C)C)[C@H]1CC[C@@H]2[C@@]1(CC[C@H]3[C@H]2CC=C4[C@@]3(CC[C@@H](C4)O)C)C,46.5,DMPE-PEG2000,CCCCCCCCCCCCCC(=O)OCC(COP(=O)(OCCNCC(=O)OCCOCCOCCOCCOCCOCCOCCOCCOCCOCCOCCOCCOCCOCCOCCOCCOCCOCCOCCOCCOCCOCCOCCOCCOCCOCCOCCOCCOCCOCCOCCOCCOCCOCCOCCOCCOCCOCCOCCOCCOCCOCCOCCOC)O)OC(=O)CCCCCCCCCCCCC,2.5,2000.0,35.0,10.0,,,,mRNA,in_vitro,in_vitro,A549,in_vitro,,,,,,,-0.959384869492771,normalized_luminescence,51.0,2.0,0.0,28.0,715.5863226,71.55,0.0,8.0,9.4122,210.885,0.860465116,1.0,3.0,716.105,True,True,False,biodegradable acrylate,,,,,,,,,,,,,,,,,,,cyclic-dendrimer
LNPhub_R0004433,LNPhub_BL_2023,https://www.nature.com/articles/s41587-023-01679-x,LNPhub_BL_2023_LNP_000424,BL_A70-T10,CCCCCCC#CCCOC(=O)OC(C/C=C\CCCCCCCCOC(=O)CCN(CCCN1CCOCC1)CCC(=O)OCCCCCCCC/C=C\CC(CCCCCC)OC(=O)OCCC#CCCCCCC)CCCCCC,Ugi-3CR,C(CN)CN1CCOCC1,primary_tertiary,C=CC(=O)OCCCCCCCC/C=C\CC(CCCCCC)OC(=O)O,ester/carbonate acrylate,1,T10,CCCCCCC#CCCO,ricinoleic/aliphatic,,,,,,,,,,,,,,,,head–linker–tail,DOPE,[H][C@@](COP([O-])(OCC[NH3+])=O)(OC(CCCCCCC/C=C\\CCCCCCCC)=O)COC(CCCCCCC/C=C\\CCCCCCCC)=O,16.0,Cholesterol,C[C@H](CCCC(C)C)[C@H]1CC[C@@H]2[C@@]1(CC[C@H]3[C@H]2CC=C4[C@@]3(CC[C@@H](C4)O)C)C,46.5,DMPE-PEG2000,CCCCCCCCCCCCCC(=O)OCC(COP(=O)(OCCNCC(=O)OCCOCCOCCOCCOCCOCCOCCOCCOCCOCCOCCOCCOCCOCCOCCOCCOCCOCCOCCOCCOCCOCCOCCOCCOCCOCCOCCOCCOCCOCCOCCOCCOCCOCCOCCOCCOCCOCCOCCOCCOCCOCCOCCOC)O)OC(=O)CCCCCCCCCCCCC,2.5,2000.0,35.0,10.0,,,,mRNA,in_vitro,in_vitro,A549,in_vitro,,,,,,,0.8180292334749266,normalized_luminescence,84.0,1.0,0.0,56.0,1180.920513,139.37,0.0,13.0,17.9435,343.884,0.830985915,2.0,2.0,1181.776,True,True,False,biodegradable acrylate,,,,,,,,,,,,,,,,,,,cyclic
LNPhub_R0004434,LNPhub_BL_2023,https://www.nature.com/articles/s41587-023-01679-x,LNPhub_BL_2023_LNP_000425,BL_A3-T3,CCCCC/C=C\C/C=C\CCCCCCCCOC(=O)OC(C/C=C\CCCCCCCCOC(=O)CCN(CCCN(CC)CC)CCC(=O)OCCCCCCCC/C=C\CC(CCCCCC)OC(=O)OCCCCCCCC/C=C\C/C=C\CCCCC)CCCCCC,Ugi-3CR,CCN(CC)CCCN,primary_tertiary,C=CC(=O)OCCCCCCCC/C=C\CC(CCCCCC)OC(=O)O,ester/carbonate acrylate,1,T3,CCCCCC=CCC=C=CCCCCCCCCO,ricinoleic/aliphatic,,,,,,,,,,,,,,,,head–linker–tail,DOPE,[H][C@@](COP([O-])(OCC[NH3+])=O)(OC(CCCCCCC/C=C\\CCCCCCCC)=O)COC(CCCCCCC/C=C\\CCCCCCCC)=O,16.0,Cholesterol,C[C@H](CCCC(C)C)[C@H]1CC[C@@H]2[C@@]1(CC[C@H]3[C@H]2CC=C4[C@@]3(CC[C@@H](C4)O)C)C,46.5,DMPE-PEG2000,CCCCCCCCCCCCCC(=O)OCC(COP(=O)(OCCNCC(=O)OCCOCCOCCOCCOCCOCCOCCOCCOCCOCCOCCOCCOCCOCCOCCOCCOCCOCCOCCOCCOCCOCCOCCOCCOCCOCCOCCOCCOCCOCCOCCOCCOCCOCCOCCOCCOCCOCCOCCOCCOCCOCCOCCOC)O)OC(=O)CCCCCCCCCCCCC,2.5,2000.0,35.0,10.0,,,,mRNA,in_vitro,in_vitro,A549,in_vitro,,,,,,,1.684184633629235,normalized_luminescence,99.0,0.0,0.0,76.0,1391.191649,130.14,0.0,12.0,25.8523,420.825,0.816091954,2.0,2.0,1392.225,True,True,False,biodegradable acrylate,,,,,,,,,,,,,,,,,,,branched
LNPhub_R0004435,LNPhub_BL_2023,https://www.nature.com/articles/s41587-023-01679-x,LNPhub_BL_2023_LNP_000426,BL_A7-T5,CCCC#CCOC(=O)OC(C/C=C\CCCCCCCCOC(=O)CCN(C)CCCCCCN(C)CCC(=O)OCCCCCCCC/C=C\CC(CCCCCC)OC(=O)OCC#CCCC)CCCCCC,Ugi-3CR,CNCCCCCCNC,secondary,C=CC(=O)OCCCCCCCC/C=C\CC(CCCCCC)OC(=O)O,ester/carbonate acrylate,1,T5,CCCC#CCO,ricinoleic/aliphatic,,,,,,,,,,,,,,,,head–linker–tail,DOPE,[H][C@@](COP([O-])(OCC[NH3+])=O)(OC(CCCCCCC/C=C\\CCCCCCCC)=O)COC(CCCCCCC/C=C\\CCCCCCCC)=O,16.0,Cholesterol,C[C@H](CCCC(C)C)[C@H]1CC[C@@H]2[C@@]1(CC[C@H]3[C@H]2CC=C4[C@@]3(CC[C@@H](C4)O)C)C,46.5,DMPE-PEG2000,CCCCCCCCCCCCCC(=O)OCC(COP(=O)(OCCNCC(=O)OCCOCCOCCOCCOCCOCCOCCOCCOCCOCCOCCOCCOCCOCCOCCOCCOCCOCCOCCOCCOCCOCCOCCOCCOCCOCCOCCOCCOCCOCCOCCOCCOCCOCCOCCOCCOCCOCCOCCOCCOCCOCCOCCOC)O)OC(=O)CCCCCCCCCCCCC,2.5,2000.0,35.0,10.0,,,,mRNA,in_vitro,in_vitro,A549,in_vitro,,,,,,,0.766689515573206,normalized_luminescence,76.0,0.0,0.0,51.0,1068.831698,130.14,0.0,12.0,16.2224,312.094,0.8125,2.0,2.0,1069.604,True,True,False,biodegradable acrylate,,,,,,,,,,,,,,,,,,,linear
LNPhub_R0004436,LNPhub_BL_2023,https://www.nature.com/articles/s41587-023-01679-x,LNPhub_BL_2023_LNP_000427,BL_A70-T4,CCC#CCOC(=O)OC(C/C=C\CCCCCCCCOC(=O)CCN(CCCN1CCOCC1)CCC(=O)OCCCCCCCC/C=C\CC(CCCCCC)OC(=O)OCC#CCC)CCCCCC,Ugi-3CR,C(CN)CN1CCOCC1,primary_tertiary,C=CC(=O)OCCCCCCCC/C=C\CC(CCCCCC)OC(=O)O,ester/carbonate acrylate,1,T4,CCC#CCO,ricinoleic/aliphatic,,,,,,,,,,,,,,,,head–linker–tail,DOPE,[H][C@@](COP([O-])(OCC[NH3+])=O)(OC(CCCCCCC/C=C\\CCCCCCCC)=O)COC(CCCCCCC/C=C\\CCCCCCCC)=O,16.0,Cholesterol,C[C@H](CCCC(C)C)[C@H]1CC[C@@H]2[C@@]1(CC[C@H]3[C@H]2CC=C4[C@@]3(CC[C@@H](C4)O)C)C,46.5,DMPE-PEG2000,CCCCCCCCCCCCCC(=O)OCC(COP(=O)(OCCNCC(=O)OCCOCCOCCOCCOCCOCCOCCOCCOCCOCCOCCOCCOCCOCCOCCOCCOCCOCCOCCOCCOCCOCCOCCOCCOCCOCCOCCOCCOCCOCCOCCOCCOCCOCCOCCOCCOCCOCCOCCOCCOCCOCCOCCOC)O)OC(=O)CCCCCCCCCCCCC,2.5,2000.0,35.0,10.0,,,,mRNA,in_vitro,in_vitro,A549,in_vitro,,,,,,,0.5150452013781981,normalized_luminescence,74.0,1.0,0.0,46.0,1040.764012,139.37,0.0,13.0,14.0425,297.714,0.803278689,2.0,2.0,1041.506,True,True,False,biodegradable acrylate,,,,,,,,,,,,,,,,,,,cyclic
LNPhub_R0004437,LNPhub_BL_2023,https://www.nature.com/articles/s41587-023-01679-x,LNPhub_BL_2023_LNP_000428,BL_A3-T8,CCCCCCC#CCOC(=O)OC(C/C=C\CCCCCCCCOC(=O)CCN(CCCN(CC)CC)CCC(=O)OCCCCCCCC/C=C\CC(CCCCCC)OC(=O)OCC#CCCCCCC)CCCCCC,Ugi-3CR,CCN(CC)CCCN,primary_tertiary,C=CC(=O)OCCCCCCCC/C=C\CC(CCCCCC)OC(=O)O,ester/carbonate acrylate,1,T8,CCCCCCC#CCO,ricinoleic/aliphatic,,,,,,,,,,,,,,,,head–linker–tail,DOPE,[H][C@@](COP([O-])(OCC[NH3+])=O)(OC(CCCCCCC/C=C\\CCCCCCCC)=O)COC(CCCCCCC/C=C\\CCCCCCCC)=O,16.0,Cholesterol,C[C@H](CCCC(C)C)[C@H]1CC[C@@H]2[C@@]1(CC[C@H]3[C@H]2CC=C4[C@@]3(CC[C@@H](C4)O)C)C,46.5,DMPE-PEG2000,CCCCCCCCCCCCCC(=O)OCC(COP(=O)(OCCNCC(=O)OCCOCCOCCOCCOCCOCCOCCOCCOCCOCCOCCOCCOCCOCCOCCOCCOCCOCCOCCOCCOCCOCCOCCOCCOCCOCCOCCOCCOCCOCCOCCOCCOCCOCCOCCOCCOCCOCCOCCOCCOCCOCCOCCOC)O)OC(=O)CCCCCCCCCCCCC,2.5,2000.0,35.0,10.0,,,,mRNA,in_vitro,in_vitro,A549,in_vitro,,,,,,,0.2272361659322889,normalized_luminescence,81.0,0.0,0.0,56.0,1138.909948,130.14,0.0,12.0,18.1729,335.179,0.826086957,2.0,2.0,1139.739,True,True,False,biodegradable acrylate,,,,,,,,,,,,,,,,,,,branched
LNPhub_R0004438,LNPhub_BL_2023,https://www.nature.com/articles/s41587-023-01679-x,LNPhub_BL_2023_LNP_000429,BL_A14-T7,CCCCCC#CCOC(=O)OC(C/C=C\CCCCCCCCOC(=O)CCN(C)CCN(CCN(C)CCC(=O)OCCCCCCCC/C=C\CC(CCCCCC)OC(=O)OCC#CCCCCC)CCN(C)CCC(=O)OCCCCCCCC/C=C\CC(CCCCCC)OC(=O)OCC#CCCCCC)CCCCCC,Ugi-3CR,CNCCN(CCNC)CCNC,secondary_tertiary,C=CC(=O)OCCCCCCCC/C=C\CC(CCCCCC)OC(=O)O,ester/carbonate acrylate,1,T7,CCCCCC#CCO,ricinoleic/aliphatic,,,,,,,,,,,,,,,,head–linker–tail,DOTAP,[H]C(C[N+](C)(C)C)(OC(CCCCCCC/C=C\CCCCCCCC)=O)COC(CCCCCCC/C=C\CCCCCCCC)=O,39.0,Cholesterol,C[C@H](CCCC(C)C)[C@H]1CC[C@@H]2[C@@]1(CC[C@H]3[C@H]2CC=C4[C@@]3(CC[C@@H](C4)O)C)C,30.0,DMPE-PEG2000,CCCCCCCCCCCCCC(=O)OCC(COP(=O)(OCCNCC(=O)OCCOCCOCCOCCOCCOCCOCCOCCOCCOCCOCCOCCOCCOCCOCCOCCOCCOCCOCCOCCOCCOCCOCCOCCOCCOCCOCCOCCOCCOCCOCCOCCOCCOCCOCCOCCOCCOCCOCCOCCOCCOCCOCCOC)O)OC(=O)CCCCCCCCCCCCC,1.0,2000.0,30.0,7.5,,,,mRNA,intratracheal,in_vivo,Mouse_B6,lung_epithelium,,,,,,,0.5947600019087974,normalized_luminescence,118.0,0.0,0.0,81.0,1659.297571,198.45,0.0,19.0,24.1424,484.581,0.818181818,3.0,4.0,1660.494,True,True,False,biodegradable acrylate,,,,,,,,,,,,,,,,,,,branched
LNPhub_R0004439,LNPhub_BL_2023,https://www.nature.com/articles/s41587-023-01679-x,LNPhub_BL_2023_LNP_000430,BL_A28-T6,CCCCC#CCOC(=O)OC(C/C=C\CCCCCCCCOC(=O)CCN(C)CCCN(C)CCCN(C)CCC(=O)OCCCCCCCC/C=C\CC(CCCCCC)OC(=O)OCC#CCCCC)CCCCCC,Ugi-3CR,CNCCCN(C)CCCNC,secondary_tertiary,C=CC(=O)OCCCCCCCC/C=C\CC(CCCCCC)OC(=O)O,ester/carbonate acrylate,1,T6,CCCCC#CCO,ricinoleic/aliphatic,,,,,,,,,,,,,,,,head–linker–tail,DOPE,[H][C@@](COP([O-])(OCC[NH3+])=O)(OC(CCCCCCC/C=C\\CCCCCCCC)=O)COC(CCCCCCC/C=C\\CCCCCCCC)=O,16.0,Cholesterol,C[C@H](CCCC(C)C)[C@H]1CC[C@@H]2[C@@]1(CC[C@H]3[C@H]2CC=C4[C@@]3(CC[C@@H](C4)O)C)C,46.5,DMPE-PEG2000,CCCCCCCCCCCCCC(=O)OCC(COP(=O)(OCCNCC(=O)OCCOCCOCCOCCOCCOCCOCCOCCOCCOCCOCCOCCOCCOCCOCCOCCOCCOCCOCCOCCOCCOCCOCCOCCOCCOCCOCCOCCOCCOCCOCCOCCOCCOCCOCCOCCOCCOCCOCCOCCOCCOCCOCCOC)O)OC(=O)CCCCCCCCCCCCC,2.5,2000.0,35.0,10.0,,,,mRNA,in_vitro,in_vitro,A549,in_vitro,,,,,,,-0.2770494478794656,normalized_luminescence,80.0,0.0,0.0,54.0,1125.889547,133.38,0.0,13.0,16.1542,329.591,0.820895522,2.0,3.0,1126.7,True,True,False,biodegradable acrylate,,,,,,,,,,,,,,,,,,,branched
LNPhub_R0004440,LNPhub_BL_2023,https://www.nature.com/articles/s41587-023-01679-x,LNPhub_BL_2023_LNP_000431,BL_A60-T3,CCCCC/C=C\C/C=C\CCCCCCCCOC(=O)OC(C/C=C\CCCCCCCCOC(=O)CCN(CCC(=O)OCCCCCCCC/C=C\CC(CCCCCC)OC(=O)OCCCCCCCC/C=C\C/C=C\CCCCC)CC(O)CO)CCCCCC,Ugi-3CR,C(C(CO)O)N,primary,C=CC(=O)OCCCCCCCC/C=C\CC(CCCCCC)OC(=O)O,ester/carbonate acrylate,1,T3,CCCCCC=CCC=C=CCCCCCCCCO,ricinoleic/aliphatic,,,,,,,,,,,,,,,,head–linker–tail,DOPE,[H][C@@](COP([O-])(OCC[NH3+])=O)(OC(CCCCCCC/C=C\\CCCCCCCC)=O)COC(CCCCCCC/C=C\\CCCCCCCC)=O,16.0,Cholesterol,C[C@H](CCCC(C)C)[C@H]1CC[C@@H]2[C@@]1(CC[C@H]3[C@H]2CC=C4[C@@]3(CC[C@@H](C4)O)C)C,46.5,DMPE-PEG2000,CCCCCCCCCCCCCC(=O)OCC(COP(=O)(OCCNCC(=O)OCCOCCOCCOCCOCCOCCOCCOCCOCCOCCOCCOCCOCCOCCOCCOCCOCCOCCOCCOCCOCCOCCOCCOCCOCCOCCOCCOCCOCCOCCOCCOCCOCCOCCOCCOCCOCCOCCOCCOCCOCCOCCOCCOC)O)OC(=O)CCCCCCCCCCCCC,2.5,2000.0,35.0,10.0,,,,mRNA,in_vitro,in_vitro,A549,in_vitro,,,,,,,-0.7726549024446329,normalized_luminescence,96.0,0.0,0.0,73.0,1352.107979,167.36,2.0,13.0,23.4736,401.5126,0.807228916,3.0,1.0,1353.1,True,True,False,biodegradable acrylate,,,,,,,,,,,,,,,,,,,branched
LNPhub_R0004441,LNPhub_BL_2023,https://www.nature.com/articles/s41587-023-01679-x,LNPhub_BL_2023_LNP_000432,BL_A21-T5,CCCC#CCOC(=O)OC(C/C=C\CCCCCCCCOC(=O)CCN(C)CCOCCOCCN(C)CCC(=O)OCCCCCCCC/C=C\CC(CCCCCC)OC(=O)OCC#CCCC)CCCCCC,Ugi-3CR,CNCCOCCOCCNC,secondary,C=CC(=O)OCCCCCCCC/C=C\CC(CCCCCC)OC(=O)O,ester/carbonate acrylate,1,T5,CCCC#CCO,ricinoleic/aliphatic,,,,,,,,,,,,,,,,head–linker–tail,DOPE,[H][C@@](COP([O-])(OCC[NH3+])=O)(OC(CCCCCCC/C=C\\CCCCCCCC)=O)COC(CCCCCCC/C=C\\CCCCCCCC)=O,16.0,Cholesterol,C[C@H](CCCC(C)C)[C@H]1CC[C@@H]2[C@@]1(CC[C@H]3[C@H]2CC=C4[C@@]3(CC[C@@H](C4)O)C)C,46.5,DMPE-PEG2000,CCCCCCCCCCCCCC(=O)OCC(COP(=O)(OCCNCC(=O)OCCOCCOCCOCCOCCOCCOCCOCCOCCOCCOCCOCCOCCOCCOCCOCCOCCOCCOCCOCCOCCOCCOCCOCCOCCOCCOCCOCCOCCOCCOCCOCCOCCOCCOCCOCCOCCOCCOCCOCCOCCOCCOCCOC)O)OC(=O)CCCCCCCCCCCCC,2.5,2000.0,35.0,10.0,,,,mRNA,in_vitro,in_vitro,A549,in_vitro,,,,,,,0.3833299384071117,normalized_luminescence,78.0,0.0,0.0,53.0,1100.821527,148.6,0.0,14.0,14.6952,315.264,0.8125,2.0,2.0,1101.602,True,True,False,biodegradable acrylate,,,,,,,,,,,,,,,,,,,linear
LNPhub_R0004442,LNPhub_BL_2023,https://www.nature.com/articles/s41587-023-01679-x,LNPhub_BL_2023_LNP_000433,BL_A58-T1,CCCCCCCCCCCCCCCCCCOC(=O)OC(C/C=C\CCCCCCCCOC(=O)CCN(CCCCCO)CCC(=O)OCCCCCCCC/C=C\CC(CCCCCC)OC(=O)OCCCCCCCCCCCCCCCCCC)CCCCCC,Ugi-3CR,C(CCN)CCO,primary,C=CC(=O)OCCCCCCCC/C=C\CC(CCCCCC)OC(=O)O,ester/carbonate acrylate,1,T1,CCCCCCCCCCCCCCCCCCO,ricinoleic/aliphatic,,,,,,,,,,,,,,,,head–linker–tail,DOPE,[H][C@@](COP([O-])(OCC[NH3+])=O)(OC(CCCCCCC/C=C\\CCCCCCCC)=O)COC(CCCCCCC/C=C\\CCCCCCCC)=O,16.0,Cholesterol,C[C@H](CCCC(C)C)[C@H]1CC[C@@H]2[C@@]1(CC[C@H]3[C@H]2CC=C4[C@@]3(CC[C@@H](C4)O)C)C,46.5,DMPE-PEG2000,CCCCCCCCCCCCCC(=O)OCC(COP(=O)(OCCNCC(=O)OCCOCCOCCOCCOCCOCCOCCOCCOCCOCCOCCOCCOCCOCCOCCOCCOCCOCCOCCOCCOCCOCCOCCOCCOCCOCCOCCOCCOCCOCCOCCOCCOCCOCCOCCOCCOCCOCCOCCOCCOCCOCCOCCOC)O)OC(=O)CCCCCCCCCCCCC,2.5,2000.0,35.0,10.0,,,,mRNA,in_vitro,in_vitro,A549,in_vitro,,,,,,,-1.022165838313556,normalized_luminescence,97.0,0.0,0.0,79.0,1372.206965,147.13,1.0,12.0,26.179,409.7328,0.905882353,2.0,1.0,1373.219,True,True,False,biodegradable acrylate,,,,,,,,,,,,,,,,,,,linear
LNPhub_R0004443,LNPhub_BL_2023,https://www.nature.com/articles/s41587-023-01679-x,LNPhub_BL_2023_LNP_000434,BL_A71-T7,CCCCCC#CCOC(=O)OC(C/C=C\CCCCCCCCOC(=O)CCN(CCCn1ccnc1)CCC(=O)OCCCCCCCC/C=C\CC(CCCCCC)OC(=O)OCC#CCCCCC)CCCCCC,Ugi-3CR,C(CN)CN1C=CN=C1,primary,C=CC(=O)OCCCCCCCC/C=C\CC(CCCCCC)OC(=O)O,ester/carbonate acrylate,1,T7,CCCCCC#CCO,ricinoleic/aliphatic,,,,,,,,,,,,,,,,head–linker–tail,DOPE,[H][C@@](COP([O-])(OCC[NH3+])=O)(OC(CCCCCCC/C=C\\CCCCCCCC)=O)COC(CCCCCCC/C=C\\CCCCCCCC)=O,16.0,Cholesterol,C[C@H](CCCC(C)C)[C@H]1CC[C@@H]2[C@@]1(CC[C@H]3[C@H]2CC=C4[C@@]3(CC[C@@H](C4)O)C)C,46.5,DMPE-PEG2000,CCCCCCCCCCCCCC(=O)OCC(COP(=O)(OCCNCC(=O)OCCOCCOCCOCCOCCOCCOCCOCCOCCOCCOCCOCCOCCOCCOCCOCCOCCOCCOCCOCCOCCOCCOCCOCCOCCOCCOCCOCCOCCOCCOCCOCCOCCOCCOCCOCCOCCOCCOCCOCCOCCOCCOCCOC)O)OC(=O)CCCCCCCCCCCCC,2.5,2000.0,35.0,10.0,,,,mRNA,in_vitro,in_vitro,A549,in_vitro,,,,,,,0.916800141449238,normalized_luminescence,79.0,1.0,1.0,52.0,1105.826947,144.72,0.0,13.0,16.9476,320.384,0.772727273,2.0,3.0,1106.625,True,True,False,biodegradable acrylate,,,,,,,,,,,,,,,,,,,cyclic
LNPhub_R0004444,LNPhub_BL_2023,https://www.nature.com/articles/s41587-023-01679-x,LNPhub_BL_2023_LNP_000435,BL_A7-T7,CCCCCC#CCOC(=O)OC(C/C=C\CCCCCCCCOC(=O)CCN(C)CCCCCCN(C)CCC(=O)OCCCCCCCC/C=C\CC(CCCCCC)OC(=O)OCC#CCCCCC)CCCCCC,Ugi-3CR,CNCCCCCCNC,secondary,C=CC(=O)OCCCCCCCC/C=C\CC(CCCCCC)OC(=O)O,ester/carbonate acrylate,1,T7,CCCCCC#CCO,ricinoleic/aliphatic,,,,,,,,,,,,,,,,head–linker–tail,DOPE,[H][C@@](COP([O-])(OCC[NH3+])=O)(OC(CCCCCCC/C=C\\CCCCCCCC)=O)COC(CCCCCCC/C=C\\CCCCCCCC)=O,16.0,Cholesterol,C[C@H](CCCC(C)C)[C@H]1CC[C@@H]2[C@@]1(CC[C@H]3[C@H]2CC=C4[C@@]3(CC[C@@H](C4)O)C)C,46.5,DMPE-PEG2000,CCCCCCCCCCCCCC(=O)OCC(COP(=O)(OCCNCC(=O)OCCOCCOCCOCCOCCOCCOCCOCCOCCOCCOCCOCCOCCOCCOCCOCCOCCOCCOCCOCCOCCOCCOCCOCCOCCOCCOCCOCCOCCOCCOCCOCCOCCOCCOCCOCCOCCOCCOCCOCCOCCOCCOCCOC)O)OC(=O)CCCCCCCCCCCCC,2.5,2000.0,35.0,10.0,,,,mRNA,in_vitro,in_vitro,A549,in_vitro,,,,,,,1.0719686905328651,normalized_luminescence,80.0,0.0,0.0,55.0,1124.894298,130.14,0.0,12.0,17.7828,330.562,0.823529412,2.0,2.0,1125.712,True,True,False,biodegradable acrylate,,,,,,,,,,,,,,,,,,,linear
LNPhub_R0004445,LNPhub_BL_2023,https://www.nature.com/articles/s41587-023-01679-x,LNPhub_BL_2023_LNP_000436,BL_A23-T10,CCCCCCC#CCCOC(=O)OC(C/C=C\CCCCCCCCOC(=O)CCN1CCN(c2ccccn2)CC1)CCCCCC,Ugi-3CR,C1=CC(=NC=C1)N2CCNCC2,secondary_tertiary,C=CC(=O)OCCCCCCCC/C=C\CC(CCCCCC)OC(=O)O,ester/carbonate acrylate,1,T10,CCCCCCC#CCCO,ricinoleic/aliphatic,,,,,,,,,,,,,,,,head–linker–tail,DOPE,[H][C@@](COP([O-])(OCC[NH3+])=O)(OC(CCCCCCC/C=C\\CCCCCCCC)=O)COC(CCCCCCC/C=C\\CCCCCCCC)=O,16.0,Cholesterol,C[C@H](CCCC(C)C)[C@H]1CC[C@@H]2[C@@]1(CC[C@H]3[C@H]2CC=C4[C@@]3(CC[C@@H](C4)O)C)C,46.5,DMPE-PEG2000,CCCCCCCCCCCCCC(=O)OCC(COP(=O)(OCCNCC(=O)OCCOCCOCCOCCOCCOCCOCCOCCOCCOCCOCCOCCOCCOCCOCCOCCOCCOCCOCCOCCOCCOCCOCCOCCOCCOCCOCCOCCOCCOCCOCCOCCOCCOCCOCCOCCOCCOCCOCCOCCOCCOCCOCCOC)O)OC(=O)CCCCCCCCCCCCC,2.5,2000.0,35.0,10.0,,,,mRNA,in_vitro,in_vitro,A549,in_vitro,,,,,,,-0.8591156818394673,normalized_luminescence,49.0,2.0,1.0,27.0,681.5080722,81.2,0.0,8.0,9.67,200.674,0.731707317,1.0,3.0,682.003,True,True,False,biodegradable acrylate,,,,,,,,,,,,,,,,,,,cyclic
LNPhub_R0004446,LNPhub_BL_2023,https://www.nature.com/articles/s41587-023-01679-x,LNPhub_BL_2023_LNP_000437,BL_A30-T9,CCCCC#CCCOC(=O)OC(C/C=C\CCCCCCCCOC(=O)CCN(CCCN1CCCCC1)CCC(=O)OCCCCCCCC/C=C\CC(CCCCCC)OC(=O)OCCC#CCCCC)CCCCCC,Ugi-3CR,C1CCN(CC1)CCCN,primary_tertiary,C=CC(=O)OCCCCCCCC/C=C\CC(CCCCCC)OC(=O)O,ester/carbonate acrylate,1,T9,CCCCC#CCCO,ricinoleic/aliphatic,,,,,,,,,,,,,,,,head–linker–tail,DOPE,[H][C@@](COP([O-])(OCC[NH3+])=O)(OC(CCCCCCC/C=C\\CCCCCCCC)=O)COC(CCCCCCC/C=C\\CCCCCCCC)=O,16.0,Cholesterol,C[C@H](CCCC(C)C)[C@H]1CC[C@@H]2[C@@]1(CC[C@H]3[C@H]2CC=C4[C@@]3(CC[C@@H](C4)O)C)C,46.5,DMPE-PEG2000,CCCCCCCCCCCCCC(=O)OCC(COP(=O)(OCCNCC(=O)OCCOCCOCCOCCOCCOCCOCCOCCOCCOCCOCCOCCOCCOCCOCCOCCOCCOCCOCCOCCOCCOCCOCCOCCOCCOCCOCCOCCOCCOCCOCCOCCOCCOCCOCCOCCOCCOCCOCCOCCOCCOCCOCCOC)O)OC(=O)CCCCCCCCCCCCC,2.5,2000.0,35.0,10.0,,,,mRNA,in_vitro,in_vitro,A549,in_vitro,,,,,,,0.0205431427208661,normalized_luminescence,80.0,1.0,0.0,52.0,1122.878648,130.14,0.0,12.0,17.5368,328.448,0.823529412,2.0,2.0,1123.696,True,True,False,biodegradable acrylate,,,,,,,,,,,,,,,,,,,cyclic
LNPhub_R0004447,LNPhub_BL_2023,https://www.nature.com/articles/s41587-023-01679-x,LNPhub_BL_2023_LNP_000438,BL_A32-T10,CCCCCCC#CCCOC(=O)OC(C/C=C\CCCCCCCCOC(=O)CCN(CCCN(C)C)CCCN(C)C)CCCCCC,Ugi-3CR,CN(C)CCCNCCCN(C)C,secondary_tertiary,C=CC(=O)OCCCCCCCC/C=C\CC(CCCCCC)OC(=O)O,ester/carbonate acrylate,1,T10,CCCCCCC#CCCO,ricinoleic/aliphatic,,,,,,,,,,,,,,,,head–linker–tail,DOPE,[H][C@@](COP([O-])(OCC[NH3+])=O)(OC(CCCCCCC/C=C\\CCCCCCCC)=O)COC(CCCCCCC/C=C\\CCCCCCCC)=O,16.0,Cholesterol,C[C@H](CCCC(C)C)[C@H]1CC[C@@H]2[C@@]1(CC[C@H]3[C@H]2CC=C4[C@@]3(CC[C@@H](C4)O)C)C,46.5,DMPE-PEG2000,CCCCCCCCCCCCCC(=O)OCC(COP(=O)(OCCNCC(=O)OCCOCCOCCOCCOCCOCCOCCOCCOCCOCCOCCOCCOCCOCCOCCOCCOCCOCCOCCOCCOCCOCCOCCOCCOCCOCCOCCOCCOCCOCCOCCOCCOCCOCCOCCOCCOCCOCCOCCOCCOCCOCCOCCOC)O)OC(=O)CCCCCCCCCCCCC,2.5,2000.0,35.0,10.0,,,,mRNA,in_vitro,in_vitro,A549,in_vitro,,,,,,,-0.3515998493419289,normalized_luminescence,50.0,0.0,0.0,34.0,705.6019726,71.55,0.0,8.0,9.6582,210.566,0.857142857,1.0,3.0,706.11,True,True,False,biodegradable acrylate,,,,,,,,,,,,,,,,,,,branched
LNPhub_R0004448,LNPhub_BL_2023,https://www.nature.com/articles/s41587-023-01679-x,LNPhub_BL_2023_LNP_000439,BL_A42-T6,CCCCC#CCOC(=O)OC(C/C=C\CCCCCCCCOC(=O)CCN1CCCCC1CCO)CCCCCC,Ugi-3CR,C1CCNC(C1)CCO,secondary,C=CC(=O)OCCCCCCCC/C=C\CC(CCCCCC)OC(=O)O,ester/carbonate acrylate,1,T6,CCCCC#CCO,ricinoleic/aliphatic,,,,,,,,,,,,,,,,head–linker–tail,DOPE,[H][C@@](COP([O-])(OCC[NH3+])=O)(OC(CCCCCCC/C=C\\CCCCCCCC)=O)COC(CCCCCCC/C=C\\CCCCCCCC)=O,16.0,Cholesterol,C[C@H](CCCC(C)C)[C@H]1CC[C@@H]2[C@@]1(CC[C@H]3[C@H]2CC=C4[C@@]3(CC[C@@H](C4)O)C)C,46.5,DMPE-PEG2000,CCCCCCCCCCCCCC(=O)OCC(COP(=O)(OCCNCC(=O)OCCOCCOCCOCCOCCOCCOCCOCCOCCOCCOCCOCCOCCOCCOCCOCCOCCOCCOCCOCCOCCOCCOCCOCCOCCOCCOCCOCCOCCOCCOCCOCCOCCOCCOCCOCCOCCOCCOCCOCCOCCOCCOCCOC)O)OC(=O)CCCCCCCCCCCCC,2.5,2000.0,35.0,10.0,,,,mRNA,in_vitro,in_vitro,A549,in_vitro,,,,,,,0.309784857105173,normalized_luminescence,43.0,1.0,0.0,25.0,605.4655387,85.3,1.0,7.0,8.5194,174.8478,0.833333333,2.0,1.0,605.901,True,True,False,biodegradable acrylate,,,,,,,,,,,,,,,,,,,cyclic
LNPhub_R0004449,LNPhub_BL_2023,https://www.nature.com/articles/s41587-023-01679-x,LNPhub_BL_2023_LNP_000440,BL_A52-T9,CCCCC#CCCOC(=O)OC(C/C=C\CCCCCCCCOC(=O)CCN1CCC(CCO)CC1)CCCCCC,Ugi-3CR,C1CNCCC1CCO,secondary,C=CC(=O)OCCCCCCCC/C=C\CC(CCCCCC)OC(=O)O,ester/carbonate acrylate,1,T9,CCCCC#CCCO,ricinoleic/aliphatic,,,,,,,,,,,,,,,,head–linker–tail,DOPE,[H][C@@](COP([O-])(OCC[NH3+])=O)(OC(CCCCCCC/C=C\\CCCCCCCC)=O)COC(CCCCCCC/C=C\\CCCCCCCC)=O,16.0,Cholesterol,C[C@H](CCCC(C)C)[C@H]1CC[C@@H]2[C@@]1(CC[C@H]3[C@H]2CC=C4[C@@]3(CC[C@@H](C4)O)C)C,46.5,DMPE-PEG2000,CCCCCCCCCCCCCC(=O)OCC(COP(=O)(OCCNCC(=O)OCCOCCOCCOCCOCCOCCOCCOCCOCCOCCOCCOCCOCCOCCOCCOCCOCCOCCOCCOCCOCCOCCOCCOCCOCCOCCOCCOCCOCCOCCOCCOCCOCCOCCOCCOCCOCCOCCOCCOCCOCCOCCOCCOC)O)OC(=O)CCCCCCCCCCCCC,2.5,2000.0,35.0,10.0,,,,mRNA,in_vitro,in_vitro,A549,in_vitro,,,,,,,1.145056979470522,normalized_luminescence,44.0,1.0,0.0,26.0,619.4811888,85.3,1.0,7.0,8.767,179.4168,0.837837838,1.0,1.0,619.928,True,True,False,biodegradable acrylate,,,,,,,,,,,,,,,,,,,cyclic
LNPhub_R0004450,LNPhub_BL_2023,https://www.nature.com/articles/s41587-023-01679-x,LNPhub_BL_2023_LNP_000441,BL_A49-T5,CCCC#CCOC(=O)OC(C/C=C\CCCCCCCCOC(=O)CCN(CCC(=O)OCCCCCCCC/C=C\CC(CCCCCC)OC(=O)OCC#CCCC)CCN1CCCCCC1)CCCCCC,Ugi-3CR,C1CCCN(CC1)CCN,primary_tertiary,C=CC(=O)OCCCCCCCC/C=C\CC(CCCCCC)OC(=O)O,ester/carbonate acrylate,1,T5,CCCC#CCO,ricinoleic/aliphatic,,,,,,,,,,,,,,,,head–linker–tail,DOPE,[H][C@@](COP([O-])(OCC[NH3+])=O)(OC(CCCCCCC/C=C\\CCCCCCCC)=O)COC(CCCCCCC/C=C\\CCCCCCCC)=O,16.0,Cholesterol,C[C@H](CCCC(C)C)[C@H]1CC[C@@H]2[C@@]1(CC[C@H]3[C@H]2CC=C4[C@@]3(CC[C@@H](C4)O)C)C,46.5,DMPE-PEG2000,CCCCCCCCCCCCCC(=O)OCC(COP(=O)(OCCNCC(=O)OCCOCCOCCOCCOCCOCCOCCOCCOCCOCCOCCOCCOCCOCCOCCOCCOCCOCCOCCOCCOCCOCCOCCOCCOCCOCCOCCOCCOCCOCCOCCOCCOCCOCCOCCOCCOCCOCCOCCOCCOCCOCCOCCOC)O)OC(=O)CCCCCCCCCCCCC,2.5,2000.0,35.0,10.0,,,,mRNA,in_vitro,in_vitro,A549,in_vitro,,,,,,,-0.5485529141072856,normalized_luminescence,76.0,1.0,0.0,47.0,1066.816048,130.14,0.0,12.0,15.9764,309.98,0.8125,2.0,2.0,1067.588,True,True,False,biodegradable acrylate,,,,,,,,,,,,,,,,,,,cyclic
LNPhub_R0004451,LNPhub_BL_2023,https://www.nature.com/articles/s41587-023-01679-x,LNPhub_BL_2023_LNP_000442,BL_A10-T1,CCCCCCCCCCCCCCCCCCOC(=O)OC(C/C=C\CCCCCCCCOC(=O)CCN(CCC(=O)OCCCCCCCC/C=C\CC(CCCCCC)OC(=O)OCCCCCCCCCCCCCCCCCC)CCc1ccncc1)CCCCCC,Ugi-3CR,NCCC1=CC=NC=C1,primary,C=CC(=O)OCCCCCCCC/C=C\CC(CCCCCC)OC(=O)O,ester/carbonate acrylate,1,T1,CCCCCCCCCCCCCCCCCCO,ricinoleic/aliphatic,,,,,,,,,,,,,,,,head–linker–tail,DOPE,[H][C@@](COP([O-])(OCC[NH3+])=O)(OC(CCCCCCC/C=C\\CCCCCCCC)=O)COC(CCCCCCC/C=C\\CCCCCCCC)=O,16.0,Cholesterol,C[C@H](CCCC(C)C)[C@H]1CC[C@@H]2[C@@]1(CC[C@H]3[C@H]2CC=C4[C@@]3(CC[C@@H](C4)O)C)C,46.5,DMPE-PEG2000,CCCCCCCCCCCCCC(=O)OCC(COP(=O)(OCCNCC(=O)OCCOCCOCCOCCOCCOCCOCCOCCOCCOCCOCCOCCOCCOCCOCCOCCOCCOCCOCCOCCOCCOCCOCCOCCOCCOCCOCCOCCOCCOCCOCCOCCOCCOCCOCCOCCOCCOCCOCCOCCOCCOCCOCCOC)O)OC(=O)CCCCCCCCCCCCC,2.5,2000.0,35.0,10.0,,,,mRNA,in_vitro,in_vitro,A549,in_vitro,,,,,,,0.8004437643893371,normalized_luminescence,99.0,1.0,1.0,77.0,1391.191649,139.79,0.0,12.0,26.6541,416.737,0.850574713,2.0,2.0,1392.225,True,True,False,biodegradable acrylate,,,,,,,,,,,,,,,,,,,cyclic
LNPhub_R0004452,LNPhub_BL_2023,https://www.nature.com/articles/s41587-023-01679-x,LNPhub_BL_2023_LNP_000443,BL_A45-T2,CCCCCCCC/C=C\CCCCCCCCOC(=O)OC(C/C=C\CCCCCCCCOC(=O)CCN(CCC(=O)OCCCCCCCC/C=C\CC(CCCCCC)OC(=O)OCCCCCCCC/C=C\CCCCCCCC)CCC1CCCCN1CC(C)C)CCCCCC,Ugi-3CR,CC(C)CN1CCCCC1CCN,primary_tertiary,C=CC(=O)OCCCCCCCC/C=C\CC(CCCCCC)OC(=O)O,ester/carbonate acrylate,1,T2,CCCCCCCCC=CCCCCCCCCO,ricinoleic/aliphatic,,,,,,,,,,,,,,,,head–linker–tail,DOPE,[H][C@@](COP([O-])(OCC[NH3+])=O)(OC(CCCCCCC/C=C\\CCCCCCCC)=O)COC(CCCCCCC/C=C\\CCCCCCCC)=O,16.0,Cholesterol,C[C@H](CCCC(C)C)[C@H]1CC[C@@H]2[C@@]1(CC[C@H]3[C@H]2CC=C4[C@@]3(CC[C@@H](C4)O)C)C,46.5,DMPE-PEG2000,CCCCCCCCCCCCCC(=O)OCC(COP(=O)(OCCNCC(=O)OCCOCCOCCOCCOCCOCCOCCOCCOCCOCCOCCOCCOCCOCCOCCOCCOCCOCCOCCOCCOCCOCCOCCOCCOCCOCCOCCOCCOCCOCCOCCOCCOCCOCCOCCOCCOCCOCCOCCOCCOCCOCCOCCOC)O)OC(=O)CCCCCCCCCCCCC,2.5,2000.0,35.0,10.0,,,,mRNA,in_vitro,in_vitro,A549,in_vitro,,,,,,,-0.0494415306743503,normalized_luminescence,103.0,1.0,0.0,77.0,1449.2699,130.14,0.0,12.0,27.469,437.275,0.868131868,3.0,2.0,1450.349,True,True,False,biodegradable acrylate,,,,,,,,,,,,,,,,,,,cyclic-dendrimer
LNPhub_R0004453,LNPhub_BL_2023,https://www.nature.com/articles/s41587-023-01679-x,LNPhub_BL_2023_LNP_000444,BL_A62-T3,CCCCC/C=C\C/C=C\CCCCCCCCOC(=O)OC(C/C=C\CCCCCCCCOC(=O)CCN(C)CCCN(CCC(=O)OCCCCCCCC/C=C\CC(CCCCCC)OC(=O)OCCCCCCCC/C=C\C/C=C\CCCCC)CCC(=O)OCCCCCCCC/C=C\CC(CCCCCC)OC(=O)OCCCCCCCC/C=C\C/C=C\CCCCC)CCCCCC,Ugi-3CR,CNCCCN,primary_secondary,C=CC(=O)OCCCCCCCC/C=C\CC(CCCCCC)OC(=O)O,ester/carbonate acrylate,1,T3,CCCCCC=CCC=C=CCCCCCCCCO,ricinoleic/aliphatic,,,,,,,,,,,,,,,,head–linker–tail,DOPE,[H][C@@](COP([O-])(OCC[NH3+])=O)(OC(CCCCCCC/C=C\\CCCCCCCC)=O)COC(CCCCCCC/C=C\\CCCCCCCC)=O,16.0,Cholesterol,C[C@H](CCCC(C)C)[C@H]1CC[C@@H]2[C@@]1(CC[C@H]3[C@H]2CC=C4[C@@]3(CC[C@@H](C4)O)C)C,46.5,DMPE-PEG2000,CCCCCCCCCCCCCC(=O)OCC(COP(=O)(OCCNCC(=O)OCCOCCOCCOCCOCCOCCOCCOCCOCCOCCOCCOCCOCCOCCOCCOCCOCCOCCOCCOCCOCCOCCOCCOCCOCCOCCOCCOCCOCCOCCOCCOCCOCCOCCOCCOCCOCCOCCOCCOCCOCCOCCOCCOC)O)OC(=O)CCCCCCCCCCCCC,2.5,2000.0,35.0,10.0,,,,mRNA,in_vitro,in_vitro,A549,in_vitro,,,,,,,-1.119599258575139,normalized_luminescence,141.0,0.0,0.0,109.0,1979.667024,191.97,0.0,17.0,37.3583,596.524,0.806451613,3.0,2.0,1981.139,True,True,False,biodegradable acrylate,,,,,,,,,,,,,,,,,,,linear
LNPhub_R0004454,LNPhub_BL_2023,https://www.nature.com/articles/s41587-023-01679-x,LNPhub_BL_2023_LNP_000445,BL_A18-T4,CCC#CCOC(=O)OC(C/C=C\CCCCCCCCOC(=O)CCN(CCC(=O)OCCCCCCCC/C=C\CC(CCCCCC)OC(=O)OCC#CCC)CCN(C)CCN(CCC(=O)OCCCCCCCC/C=C\CC(CCCCCC)OC(=O)OCC#CCC)CCC(=O)OCCCCCCCC/C=C\CC(CCCCCC)OC(=O)OCC#CCC)CCCCCC,Ugi-3CR,CN(CCN)CCN,primary_tertiary,C=CC(=O)OCCCCCCCC/C=C\CC(CCCCCC)OC(=O)O,ester/carbonate acrylate,1,T4,CCC#CCO,ricinoleic/aliphatic,,,,,,,,,,,,,,,,head–linker–tail,DOPE,[H][C@@](COP([O-])(OCC[NH3+])=O)(OC(CCCCCCC/C=C\\CCCCCCCC)=O)COC(CCCCCCC/C=C\\CCCCCCCC)=O,16.0,Cholesterol,C[C@H](CCCC(C)C)[C@H]1CC[C@@H]2[C@@]1(CC[C@H]3[C@H]2CC=C4[C@@]3(CC[C@@H](C4)O)C)C,46.5,DMPE-PEG2000,CCCCCCCCCCCCCC(=O)OCC(COP(=O)(OCCNCC(=O)OCCOCCOCCOCCOCCOCCOCCOCCOCCOCCOCCOCCOCCOCCOCCOCCOCCOCCOCCOCCOCCOCCOCCOCCOCCOCCOCCOCCOCCOCCOCCOCCOCCOCCOCCOCCOCCOCCOCCOCCOCCOCCOCCOC)O)OC(=O)CCCCCCCCCCCCC,2.5,2000.0,35.0,10.0,,,,mRNA,in_vitro,in_vitro,A549,in_vitro,,,,,,,1.4419120236347585,normalized_luminescence,136.0,0.0,0.0,90.0,1910.402096,257.04,0.0,23.0,27.5858,549.173,0.787610619,4.0,3.0,1911.772,True,True,False,biodegradable acrylate,,,,,,,,,,,,,,,,,,,branched
LNPhub_R0004455,LNPhub_BL_2023,https://www.nature.com/articles/s41587-023-01679-x,LNPhub_BL_2023_LNP_000446,BL_A46-T5,CCCC#CCOC(=O)OC(C/C=C\CCCCCCCCOC(=O)CCN(CCC(=O)OCCCCCCCC/C=C\CC(CCCCCC)OC(=O)OCC#CCCC)CCN1CCC(C)CC1)CCCCCC,Ugi-3CR,CC1CCN(CC1)CCN,primary_tertiary,C=CC(=O)OCCCCCCCC/C=C\CC(CCCCCC)OC(=O)O,ester/carbonate acrylate,1,T5,CCCC#CCO,ricinoleic/aliphatic,,,,,,,,,,,,,,,,head–linker–tail,DOPE,[H][C@@](COP([O-])(OCC[NH3+])=O)(OC(CCCCCCC/C=C\\CCCCCCCC)=O)COC(CCCCCCC/C=C\\CCCCCCCC)=O,16.0,Cholesterol,C[C@H](CCCC(C)C)[C@H]1CC[C@@H]2[C@@]1(CC[C@H]3[C@H]2CC=C4[C@@]3(CC[C@@H](C4)O)C)C,46.5,DMPE-PEG2000,CCCCCCCCCCCCCC(=O)OCC(COP(=O)(OCCNCC(=O)OCCOCCOCCOCCOCCOCCOCCOCCOCCOCCOCCOCCOCCOCCOCCOCCOCCOCCOCCOCCOCCOCCOCCOCCOCCOCCOCCOCCOCCOCCOCCOCCOCCOCCOCCOCCOCCOCCOCCOCCOCCOCCOCCOC)O)OC(=O)CCCCCCCCCCCCC,2.5,2000.0,35.0,10.0,,,,mRNA,in_vitro,in_vitro,A549,in_vitro,,,,,,,-0.7884319233024613,normalized_luminescence,76.0,1.0,0.0,47.0,1066.816048,130.14,0.0,12.0,15.8323,309.91,0.8125,2.0,2.0,1067.588,True,True,False,biodegradable acrylate,,,,,,,,,,,,,,,,,,,cyclic
LNPhub_R0004456,LNPhub_BL_2023,https://www.nature.com/articles/s41587-023-01679-x,LNPhub_BL_2023_LNP_000447,BL_A7-T6,CCCCC#CCOC(=O)OC(C/C=C\CCCCCCCCOC(=O)CCN(C)CCCCCCN(C)CCC(=O)OCCCCCCCC/C=C\CC(CCCCCC)OC(=O)OCC#CCCCC)CCCCCC,Ugi-3CR,CNCCCCCCNC,secondary,C=CC(=O)OCCCCCCCC/C=C\CC(CCCCCC)OC(=O)O,ester/carbonate acrylate,1,T6,CCCCC#CCO,ricinoleic/aliphatic,,,,,,,,,,,,,,,,head–linker–tail,DOPE,[H][C@@](COP([O-])(OCC[NH3+])=O)(OC(CCCCCCC/C=C\\CCCCCCCC)=O)COC(CCCCCCC/C=C\\CCCCCCCC)=O,16.0,Cholesterol,C[C@H](CCCC(C)C)[C@H]1CC[C@@H]2[C@@]1(CC[C@H]3[C@H]2CC=C4[C@@]3(CC[C@@H](C4)O)C)C,46.5,DMPE-PEG2000,CCCCCCCCCCCCCC(=O)OCC(COP(=O)(OCCNCC(=O)OCCOCCOCCOCCOCCOCCOCCOCCOCCOCCOCCOCCOCCOCCOCCOCCOCCOCCOCCOCCOCCOCCOCCOCCOCCOCCOCCOCCOCCOCCOCCOCCOCCOCCOCCOCCOCCOCCOCCOCCOCCOCCOCCOC)O)OC(=O)CCCCCCCCCCCCC,2.5,2000.0,35.0,10.0,,,,mRNA,in_vitro,in_vitro,A549,in_vitro,,,,,,,0.6017712773088978,normalized_luminescence,78.0,0.0,0.0,53.0,1096.862998,130.14,0.0,12.0,17.0026,321.328,0.818181818,2.0,2.0,1097.658,True,True,False,biodegradable acrylate,,,,,,,,,,,,,,,,,,,linear
LNPhub_R0004457,LNPhub_BL_2023,https://www.nature.com/articles/s41587-023-01679-x,LNPhub_BL_2023_LNP_000448,BL_A26-T10,CCCCCCC#CCCOC(=O)OC(C/C=C\CCCCCCCCOC(=O)CCN(C)CCCn1ccnc1)CCCCCC,Ugi-3CR,CNCCCN1C=CN=C1,secondary,C=CC(=O)OCCCCCCCC/C=C\CC(CCCCCC)OC(=O)O,ester/carbonate acrylate,1,T10,CCCCCCC#CCCO,ricinoleic/aliphatic,,,,,,,,,,,,,,,,head–linker–tail,DOPE,[H][C@@](COP([O-])(OCC[NH3+])=O)(OC(CCCCCCC/C=C\\CCCCCCCC)=O)COC(CCCCCCC/C=C\\CCCCCCCC)=O,16.0,Cholesterol,C[C@H](CCCC(C)C)[C@H]1CC[C@@H]2[C@@]1(CC[C@H]3[C@H]2CC=C4[C@@]3(CC[C@@H](C4)O)C)C,46.5,DMPE-PEG2000,CCCCCCCCCCCCCC(=O)OCC(COP(=O)(OCCNCC(=O)OCCOCCOCCOCCOCCOCCOCCOCCOCCOCCOCCOCCOCCOCCOCCOCCOCCOCCOCCOCCOCCOCCOCCOCCOCCOCCOCCOCCOCCOCCOCCOCCOCCOCCOCCOCCOCCOCCOCCOCCOCCOCCOCCOC)O)OC(=O)CCCCCCCCCCCCC,2.5,2000.0,35.0,10.0,,,,mRNA,in_vitro,in_vitro,A549,in_vitro,,,,,,,0.3643497347164383,normalized_luminescence,47.0,1.0,1.0,30.0,657.5080722,82.89,0.0,8.0,9.6714,192.125,0.769230769,1.0,3.0,657.981,True,True,False,biodegradable acrylate,,,,,,,,,,,,,,,,,,,cyclic
LNPhub_R0004458,LNPhub_BL_2023,https://www.nature.com/articles/s41587-023-01679-x,LNPhub_BL_2023_LNP_000449,BL_A22-T2,CCCCCCCC/C=C\CCCCCCCCOC(=O)OC(C/C=C\CCCCCCCCOC(=O)CCN(CCC(=O)OCCCCCCCC/C=C\CC(CCCCCC)OC(=O)OCCCCCCCC/C=C\CCCCCCCC)CCc1ccccn1)CCCCCC,Ugi-3CR,C1=CC(=NC=C1)CCN,primary,C=CC(=O)OCCCCCCCC/C=C\CC(CCCCCC)OC(=O)O,ester/carbonate acrylate,1,T2,CCCCCCCCC=CCCCCCCCCO,ricinoleic/aliphatic,,,,,,,,,,,,,,,,head–linker–tail,DOPE,[H][C@@](COP([O-])(OCC[NH3+])=O)(OC(CCCCCCC/C=C\\CCCCCCCC)=O)COC(CCCCCCC/C=C\\CCCCCCCC)=O,16.0,Cholesterol,C[C@H](CCCC(C)C)[C@H]1CC[C@@H]2[C@@]1(CC[C@H]3[C@H]2CC=C4[C@@]3(CC[C@@H](C4)O)C)C,46.5,DMPE-PEG2000,CCCCCCCCCCCCCC(=O)OCC(COP(=O)(OCCNCC(=O)OCCOCCOCCOCCOCCOCCOCCOCCOCCOCCOCCOCCOCCOCCOCCOCCOCCOCCOCCOCCOCCOCCOCCOCCOCCOCCOCCOCCOCCOCCOCCOCCOCCOCCOCCOCCOCCOCCOCCOCCOCCOCCOCCOC)O)OC(=O)CCCCCCCCCCCCC,2.5,2000.0,35.0,10.0,,,,mRNA,in_vitro,in_vitro,A549,in_vitro,,,,,,,1.911382138118237,normalized_luminescence,99.0,1.0,1.0,75.0,1387.160349,139.79,0.0,12.0,26.2061,416.549,0.804597701,2.0,2.0,1388.193,True,True,False,biodegradable acrylate,,,,,,,,,,,,,,,,,,,cyclic
LNPhub_R0004459,LNPhub_BL_2023,https://www.nature.com/articles/s41587-023-01679-x,LNPhub_BL_2023_LNP_000450,BL_A47-T8,CCCCCCC#CCOC(=O)OC(C/C=C\CCCCCCCCOC(=O)CCN1CCN(CCC(=O)OCCCCCCCC/C=C\CC(CCCCCC)OC(=O)OCC#CCCCCCC)CCN(CCC(=O)OCCCCCCCC/C=C\CC(CCCCCC)OC(=O)OCC#CCCCCCC)CC1)CCCCCC,Ugi-3CR,C1CN2CCNCCN1CC2,secondary_tertiary,C=CC(=O)OCCCCCCCC/C=C\CC(CCCCCC)OC(=O)O,ester/carbonate acrylate,1,T8,CCCCCCC#CCO,ricinoleic/aliphatic,,,,,,,,,,,,,,,,head–linker–tail,DOPE,[H][C@@](COP([O-])(OCC[NH3+])=O)(OC(CCCCCCC/C=C\\CCCCCCCC)=O)COC(CCCCCCC/C=C\\CCCCCCCC)=O,16.0,Cholesterol,C[C@H](CCCC(C)C)[C@H]1CC[C@@H]2[C@@]1(CC[C@H]3[C@H]2CC=C4[C@@]3(CC[C@@H](C4)O)C)C,46.5,DMPE-PEG2000,CCCCCCCCCCCCCC(=O)OCC(COP(=O)(OCCNCC(=O)OCCOCCOCCOCCOCCOCCOCCOCCOCCOCCOCCOCCOCCOCCOCCOCCOCCOCCOCCOCCOCCOCCOCCOCCOCCOCCOCCOCCOCCOCCOCCOCCOCCOCCOCCOCCOCCOCCOCCOCCOCCOCCOCCOC)O)OC(=O)CCCCCCCCCCCCC,2.5,2000.0,35.0,10.0,,,,mRNA,in_vitro,in_vitro,A549,in_vitro,,,,,,,1.0677509244835988,normalized_luminescence,117.0,1.0,0.0,75.0,1642.271022,195.21,0.0,18.0,25.1349,478.821,0.818181818,3.0,3.0,1643.463,True,True,False,biodegradable acrylate,,,,,,,,,,,,,,,,,,,macrocyclic
LNPhub_R0004460,LNPhub_BL_2023,https://www.nature.com/articles/s41587-023-01679-x,LNPhub_BL_2023_LNP_000451,BL_A54-T10,CCCCCCC#CCCOC(=O)OC(C/C=C\CCCCCCCCOC(=O)CCN1CCN(CCOCCO)CC1)CCCCCC,Ugi-3CR,C1CN(CCN1)CCOCCO,secondary_tertiary,C=CC(=O)OCCCCCCCC/C=C\CC(CCCCCC)OC(=O)O,ester/carbonate acrylate,1,T10,CCCCCCC#CCCO,ricinoleic/aliphatic,,,,,,,,,,,,,,,,head–linker–tail,DOPE,[H][C@@](COP([O-])(OCC[NH3+])=O)(OC(CCCCCCC/C=C\\CCCCCCCC)=O)COC(CCCCCCC/C=C\\CCCCCCCC)=O,16.0,Cholesterol,C[C@H](CCCC(C)C)[C@H]1CC[C@@H]2[C@@]1(CC[C@H]3[C@H]2CC=C4[C@@]3(CC[C@@H](C4)O)C)C,46.5,DMPE-PEG2000,CCCCCCCCCCCCCC(=O)OCC(COP(=O)(OCCNCC(=O)OCCOCCOCCOCCOCCOCCOCCOCCOCCOCCOCCOCCOCCOCCOCCOCCOCCOCCOCCOCCOCCOCCOCCOCCOCCOCCOCCOCCOCCOCCOCCOCCOCCOCCOCCOCCOCCOCCOCCOCCOCCOCCOCCOC)O)OC(=O)CCCCCCCCCCCCC,2.5,2000.0,35.0,10.0,,,,mRNA,in_vitro,in_vitro,A549,in_vitro,,,,,,,0.1060642006842492,normalized_luminescence,49.0,1.0,0.0,31.0,692.5339526,97.77,1.0,9.0,8.0793,198.5688,0.85,1.0,2.0,693.023,True,True,False,biodegradable acrylate,,,,,,,,,,,,,,,,,,,cyclic
LNPhub_R0004461,LNPhub_BL_2023,https://www.nature.com/articles/s41587-023-01679-x,LNPhub_BL_2023_LNP_000452,BL_A40-T10,CCCCCCC#CCCOC(=O)OC(C/C=C\CCCCCCCCOC(=O)CCN(CCC(=O)OCCCCCCCC/C=C\CC(CCCCCC)OC(=O)OCCC#CCCCCCC)CCN1CCN(C)CC1)CCCCCC,Ugi-3CR,CN1CCN(CCN)CC1,primary_tertiary,C=CC(=O)OCCCCCCCC/C=C\CC(CCCCCC)OC(=O)O,ester/carbonate acrylate,1,T10,CCCCCCC#CCCO,ricinoleic/aliphatic,,,,,,,,,,,,,,,,head–linker–tail,DOPE,[H][C@@](COP([O-])(OCC[NH3+])=O)(OC(CCCCCCC/C=C\\CCCCCCCC)=O)COC(CCCCCCC/C=C\\CCCCCCCC)=O,16.0,Cholesterol,C[C@H](CCCC(C)C)[C@H]1CC[C@@H]2[C@@]1(CC[C@H]3[C@H]2CC=C4[C@@]3(CC[C@@H](C4)O)C)C,46.5,DMPE-PEG2000,CCCCCCCCCCCCCC(=O)OCC(COP(=O)(OCCNCC(=O)OCCOCCOCCOCCOCCOCCOCCOCCOCCOCCOCCOCCOCCOCCOCCOCCOCCOCCOCCOCCOCCOCCOCCOCCOCCOCCOCCOCCOCCOCCOCCOCCOCCOCCOCCOCCOCCOCCOCCOCCOCCOCCOCCOC)O)OC(=O)CCCCCCCCCCCCC,2.5,2000.0,35.0,10.0,,,,mRNA,in_vitro,in_vitro,A549,in_vitro,,,,,,,0.475037408209223,normalized_luminescence,84.0,1.0,0.0,55.0,1179.936497,133.38,0.0,13.0,17.4686,345.945,0.830985915,2.0,3.0,1180.792,True,True,False,biodegradable acrylate,,,,,,,,,,,,,,,,,,,cyclic
LNPhub_R0004462,LNPhub_BL_2023,https://www.nature.com/articles/s41587-023-01679-x,LNPhub_BL_2023_LNP_000453,BL_A56-T10,CCCCCCC#CCCOC(=O)OC(C/C=C\CCCCCCCCOC(=O)CCN(CCO)CCC(=O)OCCCCCCCC/C=C\CC(CCCCCC)OC(=O)OCCC#CCCCCCC)CCCCCC,Ugi-3CR,C(CO)N,primary,C=CC(=O)OCCCCCCCC/C=C\CC(CCCCCC)OC(=O)O,ester/carbonate acrylate,1,T10,CCCCCCC#CCCO,ricinoleic/aliphatic,,,,,,,,,,,,,,,,head–linker–tail,DOPE,[H][C@@](COP([O-])(OCC[NH3+])=O)(OC(CCCCCCC/C=C\\CCCCCCCC)=O)COC(CCCCCCC/C=C\\CCCCCCCC)=O,16.0,Cholesterol,C[C@H](CCCC(C)C)[C@H]1CC[C@@H]2[C@@]1(CC[C@H]3[C@H]2CC=C4[C@@]3(CC[C@@H](C4)O)C)C,46.5,DMPE-PEG2000,CCCCCCCCCCCCCC(=O)OCC(COP(=O)(OCCNCC(=O)OCCOCCOCCOCCOCCOCCOCCOCCOCCOCCOCCOCCOCCOCCOCCOCCOCCOCCOCCOCCOCCOCCOCCOCCOCCOCCOCCOCCOCCOCCOCCOCCOCCOCCOCCOCCOCCOCCOCCOCCOCCOCCOCCOC)O)OC(=O)CCCCCCCCCCCCC,2.5,2000.0,35.0,10.0,,,,mRNA,in_vitro,in_vitro,A549,in_vitro,,,,,,,-0.7404986293352664,normalized_luminescence,78.0,0.0,0.0,54.0,1097.847014,147.13,1.0,12.0,17.2135,319.0938,0.818181818,2.0,1.0,1098.642,True,True,False,biodegradable acrylate,,,,,,,,,,,,,,,,,,,linear
LNPhub_R0004463,LNPhub_BL_2023,https://www.nature.com/articles/s41587-023-01679-x,LNPhub_BL_2023_LNP_000454,BL_A12-T5,CCCC#CCOC(=O)OC(C/C=C\CCCCCCCCOC(=O)CCN1CCC(N2CCN(CC)CC2)CC1)CCCCCC,Ugi-3CR,CCN1CCN(CC1)C2CCNCC2,secondary_tertiary,C=CC(=O)OCCCCCCCC/C=C\CC(CCCCCC)OC(=O)O,ester/carbonate acrylate,1,T5,CCCC#CCO,ricinoleic/aliphatic,,,,,,,,,,,,,,,,head–linker–tail,DOPE,[H][C@@](COP([O-])(OCC[NH3+])=O)(OC(CCCCCCC/C=C\\CCCCCCCC)=O)COC(CCCCCCC/C=C\\CCCCCCCC)=O,16.0,Cholesterol,C[C@H](CCCC(C)C)[C@H]1CC[C@@H]2[C@@]1(CC[C@H]3[C@H]2CC=C4[C@@]3(CC[C@@H](C4)O)C)C,46.5,DMPE-PEG2000,CCCCCCCCCCCCCC(=O)OCC(COP(=O)(OCCNCC(=O)OCCOCCOCCOCCOCCOCCOCCOCCOCCOCCOCCOCCOCCOCCOCCOCCOCCOCCOCCOCCOCCOCCOCCOCCOCCOCCOCCOCCOCCOCCOCCOCCOCCOCCOCCOCCOCCOCCOCCOCCOCCOCCOCCOC)O)OC(=O)CCCCCCCCCCCCC,2.5,2000.0,35.0,10.0,,,,mRNA,in_vitro,in_vitro,A549,in_vitro,,,,,,,-0.965064783268468,normalized_luminescence,47.0,2.0,0.0,24.0,659.5237223,71.55,0.0,8.0,7.9943,192.465,0.846153846,1.0,3.0,659.997,True,True,False,biodegradable acrylate,,,,,,,,,,,,,,,,,,,cyclic-dendrimer
LNPhub_R0004464,LNPhub_BL_2023,https://www.nature.com/articles/s41587-023-01679-x,LNPhub_BL_2023_LNP_000455,BL_A14-T8,CCCCCCC#CCOC(=O)OC(C/C=C\CCCCCCCCOC(=O)CCN(C)CCN(CCN(C)CCC(=O)OCCCCCCCC/C=C\CC(CCCCCC)OC(=O)OCC#CCCCCCC)CCN(C)CCC(=O)OCCCCCCCC/C=C\CC(CCCCCC)OC(=O)OCC#CCCCCCC)CCCCCC,Ugi-3CR,CNCCN(CCNC)CCNC,secondary_tertiary,C=CC(=O)OCCCCCCCC/C=C\CC(CCCCCC)OC(=O)O,ester/carbonate acrylate,1,T8,CCCCCCC#CCO,ricinoleic/aliphatic,,,,,,,,,,,,,,,,head–linker–tail,DOPE,[H][C@@](COP([O-])(OCC[NH3+])=O)(OC(CCCCCCC/C=C\\CCCCCCCC)=O)COC(CCCCCCC/C=C\\CCCCCCCC)=O,16.0,Cholesterol,C[C@H](CCCC(C)C)[C@H]1CC[C@@H]2[C@@]1(CC[C@H]3[C@H]2CC=C4[C@@]3(CC[C@@H](C4)O)C)C,46.5,DMPE-PEG2000,CCCCCCCCCCCCCC(=O)OCC(COP(=O)(OCCNCC(=O)OCCOCCOCCOCCOCCOCCOCCOCCOCCOCCOCCOCCOCCOCCOCCOCCOCCOCCOCCOCCOCCOCCOCCOCCOCCOCCOCCOCCOCCOCCOCCOCCOCCOCCOCCOCCOCCOCCOCCOCCOCCOCCOCCOC)O)OC(=O)CCCCCCCCCCCCC,2.5,2000.0,35.0,7.5,,,,mRNA,intratracheal,in_vivo,Mouse_B6,lung_epithelium,129.6,,,,,,0.044920083237936,normalized_luminescence,121.0,0.0,0.0,84.0,1701.344521,198.45,0.0,19.0,25.3127,498.432,0.823529412,3.0,4.0,1702.575,True,True,False,biodegradable acrylate,,,,,,78.0,,,,,,,,,,,,,branched
LNPhub_R0004465,LNPhub_BL_2023,https://www.nature.com/articles/s41587-023-01679-x,LNPhub_BL_2023_LNP_000456,BL_A19-T4,CCC#CCOC(=O)OC(C/C=C\CCCCCCCCOC(=O)CCN(CCC(=O)OCCCCCCCC/C=C\CC(CCCCCC)OC(=O)OCC#CCC)CCN1CCCCC1)CCCCCC,Ugi-3CR,NCCN1CCCCC1,primary_tertiary,C=CC(=O)OCCCCCCCC/C=C\CC(CCCCCC)OC(=O)O,ester/carbonate acrylate,1,T4,CCC#CCO,ricinoleic/aliphatic,,,,,,,,,,,,,,,,head–linker–tail,DOPE,[H][C@@](COP([O-])(OCC[NH3+])=O)(OC(CCCCCCC/C=C\\CCCCCCCC)=O)COC(CCCCCCC/C=C\\CCCCCCCC)=O,16.0,Cholesterol,C[C@H](CCCC(C)C)[C@H]1CC[C@@H]2[C@@]1(CC[C@H]3[C@H]2CC=C4[C@@]3(CC[C@@H](C4)O)C)C,46.5,DMPE-PEG2000,CCCCCCCCCCCCCC(=O)OCC(COP(=O)(OCCNCC(=O)OCCOCCOCCOCCOCCOCCOCCOCCOCCOCCOCCOCCOCCOCCOCCOCCOCCOCCOCCOCCOCCOCCOCCOCCOCCOCCOCCOCCOCCOCCOCCOCCOCCOCCOCCOCCOCCOCCOCCOCCOCCOCCOCCOC)O)OC(=O)CCCCCCCCCCCCC,2.5,2000.0,35.0,10.0,,,,mRNA,in_vitro,in_vitro,A549,in_vitro,,,,,,,0.7229843258693455,normalized_luminescence,73.0,1.0,0.0,45.0,1024.769098,130.14,0.0,12.0,14.8061,296.129,0.803278689,2.0,2.0,1025.507,True,True,False,biodegradable acrylate,,,,,,,,,,,,,,,,,,,cyclic
LNPhub_R0004466,LNPhub_BL_2023,https://www.nature.com/articles/s41587-023-01679-x,LNPhub_BL_2023_LNP_000457,BL_A7-T1,CCCCCCCCCCCCCCCCCCOC(=O)OC(C/C=C\CCCCCCCCOC(=O)CCN(C)CCCCCCN(C)CCC(=O)OCCCCCCCC/C=C\CC(CCCCCC)OC(=O)OCCCCCCCCCCCCCCCCCC)CCCCCC,Ugi-3CR,CNCCCCCCNC,secondary,C=CC(=O)OCCCCCCCC/C=C\CC(CCCCCC)OC(=O)O,ester/carbonate acrylate,1,T1,CCCCCCCCCCCCCCCCCCO,ricinoleic/aliphatic,,,,,,,,,,,,,,,,head–linker–tail,DOPE,[H][C@@](COP([O-])(OCC[NH3+])=O)(OC(CCCCCCC/C=C\\CCCCCCCC)=O)COC(CCCCCCC/C=C\\CCCCCCCC)=O,16.0,Cholesterol,C[C@H](CCCC(C)C)[C@H]1CC[C@@H]2[C@@]1(CC[C@H]3[C@H]2CC=C4[C@@]3(CC[C@@H](C4)O)C)C,46.5,DMPE-PEG2000,CCCCCCCCCCCCCC(=O)OCC(COP(=O)(OCCNCC(=O)OCCOCCOCCOCCOCCOCCOCCOCCOCCOCCOCCOCCOCCOCCOCCOCCOCCOCCOCCOCCOCCOCCOCCOCCOCCOCCOCCOCCOCCOCCOCCOCCOCCOCCOCCOCCOCCOCCOCCOCCOCCOCCOCCOC)O)OC(=O)CCCCCCCCCCCCC,2.5,2000.0,35.0,10.0,,,,mRNA,in_vitro,in_vitro,A549,in_vitro,,,,,,,1.1295286460166285,normalized_luminescence,100.0,0.0,0.0,81.0,1413.2699,130.14,0.0,12.0,27.1384,425.818,0.909090909,2.0,2.0,1414.316,True,True,False,biodegradable acrylate,,,,,,,,,,,,,,,,,,,linear
LNPhub_R0004467,LNPhub_BL_2023,https://www.nature.com/articles/s41587-023-01679-x,LNPhub_BL_2023_LNP_000063,BL_A4-T7,CCCCCC#CCOC(=O)OC(C/C=C\CCCCCCCCOC(=O)CCN(CCC(=O)OCCCCCCCC/C=C\CC(CCCCCC)OC(=O)OCC#CCCCCC)CCN(CC)CC)CCCCCC,Ugi-3CR,CCN(CC)CCN,primary_tertiary,C=CC(=O)OCCCCCCCC/C=C\CC(CCCCCC)OC(=O)O,ester/carbonate acrylate,1,T7,CCCCCC#CCO,ricinoleic/aliphatic,,,,,,,,,,,,,,,,head–linker–tail,DOTAP,[H]C(C[N+](C)(C)C)(OC(CCCCCCC/C=C\CCCCCCCC)=O)COC(CCCCCCC/C=C\CCCCCCCC)=O,39.0,Cholesterol,C[C@H](CCCC(C)C)[C@H]1CC[C@@H]2[C@@]1(CC[C@H]3[C@H]2CC=C4[C@@]3(CC[C@@H](C4)O)C)C,30.0,DMPE-PEG2000,CCCCCCCCCCCCCC(=O)OCC(COP(=O)(OCCNCC(=O)OCCOCCOCCOCCOCCOCCOCCOCCOCCOCCOCCOCCOCCOCCOCCOCCOCCOCCOCCOCCOCCOCCOCCOCCOCCOCCOCCOCCOCCOCCOCCOCCOCCOCCOCCOCCOCCOCCOCCOCCOCCOCCOCCOC)O)OC(=O)CCCCCCCCCCCCC,1.0,2000.0,30.0,7.5,,,,mRNA,intratracheal,in_vivo,Mouse_B6,lung_epithelium,115.3,,,,,,0.670717626506754,normalized_luminescence,78.0,0.0,0.0,53.0,1096.862998,130.14,0.0,12.0,17.0026,321.328,0.818181818,2.0,2.0,1097.658,True,True,False,biodegradable acrylate,,,,,,93.0,,,,,,,,,,,,,branched
LNPhub_R0004468,LNPhub_BL_2023,https://www.nature.com/articles/s41587-023-01679-x,LNPhub_BL_2023_LNP_000458,BL_A65-T8,CCCCCCC#CCOC(=O)OC(C/C=C\CCCCCCCCOC(=O)CCN(CCC(=O)OCCCCCCCC/C=C\CC(CCCCCC)OC(=O)OCC#CCCCCCC)CC(OC)OC)CCCCCC,Ugi-3CR,COC(CN)OC,primary,C=CC(=O)OCCCCCCCC/C=C\CC(CCCCCC)OC(=O)O,ester/carbonate acrylate,1,T8,CCCCCCC#CCO,ricinoleic/aliphatic,,,,,,,,,,,,,,,,head–linker–tail,DOPE,[H][C@@](COP([O-])(OCC[NH3+])=O)(OC(CCCCCCC/C=C\\CCCCCCCC)=O)COC(CCCCCCC/C=C\\CCCCCCCC)=O,16.0,Cholesterol,C[C@H](CCCC(C)C)[C@H]1CC[C@@H]2[C@@]1(CC[C@H]3[C@H]2CC=C4[C@@]3(CC[C@@H](C4)O)C)C,46.5,DMPE-PEG2000,CCCCCCCCCCCCCC(=O)OCC(COP(=O)(OCCNCC(=O)OCCOCCOCCOCCOCCOCCOCCOCCOCCOCCOCCOCCOCCOCCOCCOCCOCCOCCOCCOCCOCCOCCOCCOCCOCCOCCOCCOCCOCCOCCOCCOCCOCCOCCOCCOCCOCCOCCOCCOCCOCCOCCOCCOC)O)OC(=O)CCCCCCCCCCCCC,2.5,2000.0,35.0,10.0,,,,mRNA,in_vitro,in_vitro,A549,in_vitro,,,,,,,-0.7662257894895594,normalized_luminescence,79.0,0.0,0.0,54.0,1113.841928,145.36,0.0,13.0,17.0599,320.58,0.818181818,2.0,1.0,1114.641,True,True,False,biodegradable acrylate,,,,,,,,,,,,,,,,,,,branched
LNPhub_R0004469,LNPhub_BL_2023,https://www.nature.com/articles/s41587-023-01679-x,LNPhub_BL_2023_LNP_000459,BL_A34-T6,CCCCC#CCOC(=O)OC(C/C=C\CCCCCCCCOC(=O)CCN(CCCN(CCC(=O)OCCCCCCCC/C=C\CC(CCCCCC)OC(=O)OCC#CCCCC)CCN(CCCN(CCC(=O)OCCCCCCCC/C=C\CC(CCCCCC)OC(=O)OCC#CCCCC)CCC(=O)OCCCCCCCC/C=C\CC(CCCCCC)OC(=O)OCC#CCCCC)CCC(=O)OCCCCCCCC/C=C\CC(CCCCCC)OC(=O)OCC#CCCCC)CCC(=O)OCCCCCCCC/C=C\CC(CCCCCC)OC(=O)OCC#CCCCC)CCCCCC,Ugi-3CR,C(CN)CNCCNCCCN,primary_secondary,C=CC(=O)OCCCCCCCC/C=C\CC(CCCCCC)OC(=O)O,ester/carbonate acrylate,1,T6,CCCCC#CCO,ricinoleic/aliphatic,,,,,,,,,,,,,,,,head–linker–tail,DOPE,[H][C@@](COP([O-])(OCC[NH3+])=O)(OC(CCCCCCC/C=C\\CCCCCCCC)=O)COC(CCCCCCC/C=C\\CCCCCCCC)=O,16.0,Cholesterol,C[C@H](CCCC(C)C)[C@H]1CC[C@@H]2[C@@]1(CC[C@H]3[C@H]2CC=C4[C@@]3(CC[C@@H](C4)O)C)C,46.5,DMPE-PEG2000,CCCCCCCCCCCCCC(=O)OCC(COP(=O)(OCCNCC(=O)OCCOCCOCCOCCOCCOCCOCCOCCOCCOCCOCCOCCOCCOCCOCCOCCOCCOCCOCCOCCOCCOCCOCCOCCOCCOCCOCCOCCOCCOCCOCCOCCOCCOCCOCCOCCOCCOCCOCCOCCOCCOCCOCCOC)O)OC(=O)CCCCCCCCCCCCC,2.5,2000.0,35.0,10.0,,,,mRNA,in_vitro,in_vitro,A549,in_vitro,,,,,,,1.2231587168783404,normalized_luminescence,216.0,0.0,0.0,149.0,3032.285495,383.94,0.0,34.0,46.7512,878.592,0.802197802,6.0,4.0,3034.48,True,True,False,biodegradable acrylate,,,,,,,,,,,,,,,,,,,linear
LNPhub_R0004470,LNPhub_BL_2023,https://www.nature.com/articles/s41587-023-01679-x,LNPhub_BL_2023_LNP_000460,BL_A26-T8,CCCCCCC#CCOC(=O)OC(C/C=C\CCCCCCCCOC(=O)CCN(C)CCCn1ccnc1)CCCCCC,Ugi-3CR,CNCCCN1C=CN=C1,secondary,C=CC(=O)OCCCCCCCC/C=C\CC(CCCCCC)OC(=O)O,ester/carbonate acrylate,1,T8,CCCCCCC#CCO,ricinoleic/aliphatic,,,,,,,,,,,,,,,,head–linker–tail,DOPE,[H][C@@](COP([O-])(OCC[NH3+])=O)(OC(CCCCCCC/C=C\\CCCCCCCC)=O)COC(CCCCCCC/C=C\\CCCCCCCC)=O,16.0,Cholesterol,C[C@H](CCCC(C)C)[C@H]1CC[C@@H]2[C@@]1(CC[C@H]3[C@H]2CC=C4[C@@]3(CC[C@@H](C4)O)C)C,46.5,DMPE-PEG2000,CCCCCCCCCCCCCC(=O)OCC(COP(=O)(OCCNCC(=O)OCCOCCOCCOCCOCCOCCOCCOCCOCCOCCOCCOCCOCCOCCOCCOCCOCCOCCOCCOCCOCCOCCOCCOCCOCCOCCOCCOCCOCCOCCOCCOCCOCCOCCOCCOCCOCCOCCOCCOCCOCCOCCOCCOC)O)OC(=O)CCCCCCCCCCCCC,2.5,2000.0,35.0,10.0,,,,mRNA,in_vitro,in_vitro,A549,in_vitro,,,,,,,0.7592036488620042,normalized_luminescence,46.0,1.0,1.0,29.0,643.4924222,82.89,0.0,8.0,9.2813,187.508,0.763157895,1.0,3.0,643.954,True,True,False,biodegradable acrylate,,,,,,,,,,,,,,,,,,,cyclic
LNPhub_R0004471,LNPhub_BL_2023,https://www.nature.com/articles/s41587-023-01679-x,LNPhub_BL_2023_LNP_000461,BL_A44-T5,CCCC#CCOC(=O)OC(C/C=C\CCCCCCCCOC(=O)CCN(CCC(=O)OCCCCCCCC/C=C\CC(CCCCCC)OC(=O)OCC#CCCC)CCC1CCCCN1C(C)C)CCCCCC,Ugi-3CR,CC(C)N1CCCCC1CCN,primary_tertiary,C=CC(=O)OCCCCCCCC/C=C\CC(CCCCCC)OC(=O)O,ester/carbonate acrylate,1,T5,CCCC#CCO,ricinoleic/aliphatic,,,,,,,,,,,,,,,,head–linker–tail,DOPE,[H][C@@](COP([O-])(OCC[NH3+])=O)(OC(CCCCCCC/C=C\\CCCCCCCC)=O)COC(CCCCCCC/C=C\\CCCCCCCC)=O,16.0,Cholesterol,C[C@H](CCCC(C)C)[C@H]1CC[C@@H]2[C@@]1(CC[C@H]3[C@H]2CC=C4[C@@]3(CC[C@@H](C4)O)C)C,46.5,DMPE-PEG2000,CCCCCCCCCCCCCC(=O)OCC(COP(=O)(OCCNCC(=O)OCCOCCOCCOCCOCCOCCOCCOCCOCCOCCOCCOCCOCCOCCOCCOCCOCCOCCOCCOCCOCCOCCOCCOCCOCCOCCOCCOCCOCCOCCOCCOCCOCCOCCOCCOCCOCCOCCOCCOCCOCCOCCOCCOC)O)OC(=O)CCCCCCCCCCCCC,2.5,2000.0,35.0,10.0,,,,mRNA,in_vitro,in_vitro,A549,in_vitro,,,,,,,0.2194048968640467,normalized_luminescence,78.0,1.0,0.0,48.0,1094.847348,130.14,0.0,12.0,16.7534,319.17,0.818181818,3.0,2.0,1095.642,True,True,False,biodegradable acrylate,,,,,,,,,,,,,,,,,,,cyclic-dendrimer
LNPhub_R0004472,LNPhub_BL_2023,https://www.nature.com/articles/s41587-023-01679-x,LNPhub_BL_2023_LNP_000462,BL_A69-T2,CCCCCCCC/C=C\CCCCCCCCOC(=O)OC(C/C=C\CCCCCCCCOC(=O)CCN(CCCN1CCCC1)CCC(=O)OCCCCCCCC/C=C\CC(CCCCCC)OC(=O)OCCCCCCCC/C=C\CCCCCCCC)CCCCCC,Ugi-3CR,C1CCN(C1)CCCN,primary_tertiary,C=CC(=O)OCCCCCCCC/C=C\CC(CCCCCC)OC(=O)O,ester/carbonate acrylate,1,T2,CCCCCCCCC=CCCCCCCCCO,ricinoleic/aliphatic,,,,,,,,,,,,,,,,head–linker–tail,DOPE,[H][C@@](COP([O-])(OCC[NH3+])=O)(OC(CCCCCCC/C=C\\CCCCCCCC)=O)COC(CCCCCCC/C=C\\CCCCCCCC)=O,16.0,Cholesterol,C[C@H](CCCC(C)C)[C@H]1CC[C@@H]2[C@@]1(CC[C@H]3[C@H]2CC=C4[C@@]3(CC[C@@H](C4)O)C)C,46.5,DMPE-PEG2000,CCCCCCCCCCCCCC(=O)OCC(COP(=O)(OCCNCC(=O)OCCOCCOCCOCCOCCOCCOCCOCCOCCOCCOCCOCCOCCOCCOCCOCCOCCOCCOCCOCCOCCOCCOCCOCCOCCOCCOCCOCCOCCOCCOCCOCCOCCOCCOCCOCCOCCOCCOCCOCCOCCOCCOCCOC)O)OC(=O)CCCCCCCCCCCCC,2.5,2000.0,35.0,10.0,,,,mRNA,in_vitro,in_vitro,A549,in_vitro,,,,,,,-1.9487762278031568,normalized_luminescence,99.0,1.0,0.0,76.0,1393.207299,130.14,0.0,12.0,26.0543,418.899,0.862068966,2.0,2.0,1394.241,True,True,False,biodegradable acrylate,,,,,,,,,,,,,,,,,,,cyclic
LNPhub_R0004473,LNPhub_BL_2023,https://www.nature.com/articles/s41587-023-01679-x,LNPhub_BL_2023_LNP_000463,BL_A46-T1,CCCCCCCCCCCCCCCCCCOC(=O)OC(C/C=C\CCCCCCCCOC(=O)CCN(CCC(=O)OCCCCCCCC/C=C\CC(CCCCCC)OC(=O)OCCCCCCCCCCCCCCCCCC)CCN1CCC(C)CC1)CCCCCC,Ugi-3CR,CC1CCN(CC1)CCN,primary_tertiary,C=CC(=O)OCCCCCCCC/C=C\CC(CCCCCC)OC(=O)O,ester/carbonate acrylate,1,T1,CCCCCCCCCCCCCCCCCCO,ricinoleic/aliphatic,,,,,,,,,,,,,,,,head–linker–tail,DOPE,[H][C@@](COP([O-])(OCC[NH3+])=O)(OC(CCCCCCC/C=C\\CCCCCCCC)=O)COC(CCCCCCC/C=C\\CCCCCCCC)=O,16.0,Cholesterol,C[C@H](CCCC(C)C)[C@H]1CC[C@@H]2[C@@]1(CC[C@H]3[C@H]2CC=C4[C@@]3(CC[C@@H](C4)O)C)C,46.5,DMPE-PEG2000,CCCCCCCCCCCCCC(=O)OCC(COP(=O)(OCCNCC(=O)OCCOCCOCCOCCOCCOCCOCCOCCOCCOCCOCCOCCOCCOCCOCCOCCOCCOCCOCCOCCOCCOCCOCCOCCOCCOCCOCCOCCOCCOCCOCCOCCOCCOCCOCCOCCOCCOCCOCCOCCOCCOCCOCCOC)O)OC(=O)CCCCCCCCCCCCC,2.5,2000.0,35.0,10.0,,,,mRNA,in_vitro,in_vitro,A549,in_vitro,,,,,,,-1.1924773354838163,normalized_luminescence,100.0,1.0,0.0,77.0,1411.25425,130.14,0.0,12.0,26.7483,423.634,0.909090909,2.0,2.0,1412.3,True,True,False,biodegradable acrylate,,,,,,,,,,,,,,,,,,,cyclic
LNPhub_R0004474,LNPhub_BL_2023,https://www.nature.com/articles/s41587-023-01679-x,LNPhub_BL_2023_LNP_000464,BL_A57-T4,CCC#CCOC(=O)OC(C/C=C\CCCCCCCCOC(=O)CCN(C)CCO)CCCCCC,Ugi-3CR,CNCCO,secondary,C=CC(=O)OCCCCCCCC/C=C\CC(CCCCCC)OC(=O)O,ester/carbonate acrylate,1,T4,CCC#CCO,ricinoleic/aliphatic,,,,,,,,,,,,,,,,head–linker–tail,DOPE,[H][C@@](COP([O-])(OCC[NH3+])=O)(OC(CCCCCCC/C=C\\CCCCCCCC)=O)COC(CCCCCCC/C=C\\CCCCCCCC)=O,16.0,Cholesterol,C[C@H](CCCC(C)C)[C@H]1CC[C@@H]2[C@@]1(CC[C@H]3[C@H]2CC=C4[C@@]3(CC[C@@H](C4)O)C)C,46.5,DMPE-PEG2000,CCCCCCCCCCCCCC(=O)OCC(COP(=O)(OCCNCC(=O)OCCOCCOCCOCCOCCOCCOCCOCCOCCOCCOCCOCCOCCOCCOCCOCCOCCOCCOCCOCCOCCOCCOCCOCCOCCOCCOCCOCCOCCOCCOCCOCCOCCOCCOCCOCCOCCOCCOCCOCCOCCOCCOCCOC)O)OC(=O)CCCCCCCCCCCCC,2.5,2000.0,35.0,10.0,,,,mRNA,in_vitro,in_vitro,A549,in_vitro,,,,,,,-0.8115186176918775,normalized_luminescence,37.0,0.0,0.0,23.0,523.3872884,85.3,1.0,7.0,6.4264,149.2818,0.8,1.0,1.0,523.755,True,True,False,biodegradable acrylate,,,,,,,,,,,,,,,,,,,linear
LNPhub_R0004475,LNPhub_BL_2023,https://www.nature.com/articles/s41587-023-01679-x,LNPhub_BL_2023_LNP_000465,BL_A64-T6,CCCCC#CCOC(=O)OC(C/C=C\CCCCCCCCOC(=O)CCN(CCC(=O)OCCCCCCCC/C=C\CC(CCCCCC)OC(=O)OCC#CCCCC)CC(OCC)OCC)CCCCCC,Ugi-3CR,CCOC(CN)OCC,primary,C=CC(=O)OCCCCCCCC/C=C\CC(CCCCCC)OC(=O)O,ester/carbonate acrylate,1,T6,CCCCC#CCO,ricinoleic/aliphatic,,,,,,,,,,,,,,,,head–linker–tail,DOPE,[H][C@@](COP([O-])(OCC[NH3+])=O)(OC(CCCCCCC/C=C\\CCCCCCCC)=O)COC(CCCCCCC/C=C\\CCCCCCCC)=O,16.0,Cholesterol,C[C@H](CCCC(C)C)[C@H]1CC[C@@H]2[C@@]1(CC[C@H]3[C@H]2CC=C4[C@@]3(CC[C@@H](C4)O)C)C,46.5,DMPE-PEG2000,CCCCCCCCCCCCCC(=O)OCC(COP(=O)(OCCNCC(=O)OCCOCCOCCOCCOCCOCCOCCOCCOCCOCCOCCOCCOCCOCCOCCOCCOCCOCCOCCOCCOCCOCCOCCOCCOCCOCCOCCOCCOCCOCCOCCOCCOCCOCCOCCOCCOCCOCCOCCOCCOCCOCCOCCOC)O)OC(=O)CCCCCCCCCCCCC,2.5,2000.0,35.0,10.0,,,,mRNA,in_vitro,in_vitro,A549,in_vitro,,,,,,,-0.8030408537022359,normalized_luminescence,77.0,0.0,0.0,52.0,1085.810628,145.36,0.0,13.0,16.2797,311.346,0.8125,2.0,1.0,1086.587,True,True,False,biodegradable acrylate,,,,,,,,,,,,,,,,,,,branched
LNPhub_R0004476,LNPhub_BL_2023,https://www.nature.com/articles/s41587-023-01679-x,LNPhub_BL_2023_LNP_000466,BL_A67-T3,CCCCC/C=C\C/C=C\CCCCCCCCOC(=O)OC(C/C=C\CCCCCCCCOC(=O)CCN(CCC(=O)OCCCCCCCC/C=C\CC(CCCCCC)OC(=O)OCCCCCCCC/C=C\C/C=C\CCCCC)CC1OCCO1)CCCCCC,Ugi-3CR,NCC1OCCO1,primary,C=CC(=O)OCCCCCCCC/C=C\CC(CCCCCC)OC(=O)O,ester/carbonate acrylate,1,T3,CCCCCC=CCC=C=CCCCCCCCCO,ricinoleic/aliphatic,,,,,,,,,,,,,,,,head–linker–tail,DOPE,[H][C@@](COP([O-])(OCC[NH3+])=O)(OC(CCCCCCC/C=C\\CCCCCCCC)=O)COC(CCCCCCC/C=C\\CCCCCCCC)=O,16.0,Cholesterol,C[C@H](CCCC(C)C)[C@H]1CC[C@@H]2[C@@]1(CC[C@H]3[C@H]2CC=C4[C@@]3(CC[C@@H](C4)O)C)C,46.5,DMPE-PEG2000,CCCCCCCCCCCCCC(=O)OCC(COP(=O)(OCCNCC(=O)OCCOCCOCCOCCOCCOCCOCCOCCOCCOCCOCCOCCOCCOCCOCCOCCOCCOCCOCCOCCOCCOCCOCCOCCOCCOCCOCCOCCOCCOCCOCCOCCOCCOCCOCCOCCOCCOCCOCCOCCOCCOCCOCCOC)O)OC(=O)CCCCCCCCCCCCC,2.5,2000.0,35.0,10.0,,,,mRNA,in_vitro,in_vitro,A549,in_vitro,,,,,,,-1.522707907267214,normalized_luminescence,97.0,1.0,0.0,72.0,1364.107979,145.36,0.0,13.0,24.4933,404.112,0.80952381,2.0,1.0,1365.111,True,True,False,biodegradable acrylate,,,,,,,,,,,,,,,,,,,cyclic
LNPhub_R0004477,LNPhub_BL_2023,https://www.nature.com/articles/s41587-023-01679-x,LNPhub_BL_2023_LNP_000467,BL_A72-T10,CCCCCCC#CCCOC(=O)OC(C/C=C\CCCCCCCCOC(=O)CCN1CCC1c1ccccc1)CCCCCC,Ugi-3CR,C1=CC=C(C=C1)C2CCN2,secondary,C=CC(=O)OCCCCCCCC/C=C\CC(CCCCCC)OC(=O)O,ester/carbonate acrylate,1,T10,CCCCCCC#CCCO,ricinoleic/aliphatic,,,,,,,,,,,,,,,,head–linker–tail,DOPE,[H][C@@](COP([O-])(OCC[NH3+])=O)(OC(CCCCCCC/C=C\\CCCCCCCC)=O)COC(CCCCCCC/C=C\\CCCCCCCC)=O,16.0,Cholesterol,C[C@H](CCCC(C)C)[C@H]1CC[C@@H]2[C@@]1(CC[C@H]3[C@H]2CC=C4[C@@]3(CC[C@@H](C4)O)C)C,46.5,DMPE-PEG2000,CCCCCCCCCCCCCC(=O)OCC(COP(=O)(OCCNCC(=O)OCCOCCOCCOCCOCCOCCOCCOCCOCCOCCOCCOCCOCCOCCOCCOCCOCCOCCOCCOCCOCCOCCOCCOCCOCCOCCOCCOCCOCCOCCOCCOCCOCCOCCOCCOCCOCCOCCOCCOCCOCCOCCOCCOC)O)OC(=O)CCCCCCCCCCCCC,2.5,2000.0,35.0,10.0,,,,mRNA,in_vitro,in_vitro,A549,in_vitro,,,,,,,-0.7625486560151684,normalized_luminescence,47.0,2.0,1.0,27.0,651.4862742,65.07,0.0,6.0,10.8998,193.157,0.707317073,2.0,1.0,651.973,True,True,False,biodegradable acrylate,,,,,,,,,,,,,,,,,,,cyclic
LNPhub_R0004478,LNPhub_BL_2023,https://www.nature.com/articles/s41587-023-01679-x,LNPhub_BL_2023_LNP_000468,BL_A6-T1,CCCCCCCCCCCCCCCCCCOC(=O)OC(C/C=C\CCCCCCCCOC(=O)CCN(CCCN1CCN(CCCN(CCC(=O)OCCCCCCCC/C=C\CC(CCCCCC)OC(=O)OCCCCCCCCCCCCCCCCCC)CCC(=O)OCCCCCCCC/C=C\CC(CCCCCC)OC(=O)OCCCCCCCCCCCCCCCCCC)CC1)CCC(=O)OCCCCCCCC/C=C\CC(CCCCCC)OC(=O)OCCCCCCCCCCCCCCCCCC)CCCCCC,Ugi-3CR,C(CN)CN1CCN(CCCN)CC1,primary_tertiary,C=CC(=O)OCCCCCCCC/C=C\CC(CCCCCC)OC(=O)O,ester/carbonate acrylate,1,T1,CCCCCCCCCCCCCCCCCCO,ricinoleic/aliphatic,,,,,,,,,,,,,,,,head–linker–tail,DOPE,[H][C@@](COP([O-])(OCC[NH3+])=O)(OC(CCCCCCC/C=C\\CCCCCCCC)=O)COC(CCCCCCC/C=C\\CCCCCCCC)=O,16.0,Cholesterol,C[C@H](CCCC(C)C)[C@H]1CC[C@@H]2[C@@]1(CC[C@H]3[C@H]2CC=C4[C@@]3(CC[C@@H](C4)O)C)C,46.5,DMPE-PEG2000,CCCCCCCCCCCCCC(=O)OCC(COP(=O)(OCCNCC(=O)OCCOCCOCCOCCOCCOCCOCCOCCOCCOCCOCCOCCOCCOCCOCCOCCOCCOCCOCCOCCOCCOCCOCCOCCOCCOCCOCCOCCOCCOCCOCCOCCOCCOCCOCCOCCOCCOCCOCCOCCOCCOCCOCCOC)O)OC(=O)CCCCCCCCCCCCC,2.5,2000.0,35.0,10.0,,,,mRNA,in_vitro,in_vitro,A549,in_vitro,,,,,,,2.243907191979796,normalized_luminescence,194.0,1.0,0.0,156.0,2738.414599,260.28,0.0,24.0,51.4442,819.706,0.905882353,4.0,4.0,2740.438,True,True,False,biodegradable acrylate,,,,,,,,,,,,,,,,,,,cyclic-dendrimer
LNPhub_R0004479,LNPhub_BL_2023,https://www.nature.com/articles/s41587-023-01679-x,LNPhub_BL_2023_LNP_000469,BL_A19-T7,CCCCCC#CCOC(=O)OC(C/C=C\CCCCCCCCOC(=O)CCN(CCC(=O)OCCCCCCCC/C=C\CC(CCCCCC)OC(=O)OCC#CCCCCC)CCN1CCCCC1)CCCCCC,Ugi-3CR,NCCN1CCCCC1,primary_tertiary,C=CC(=O)OCCCCCCCC/C=C\CC(CCCCCC)OC(=O)O,ester/carbonate acrylate,1,T7,CCCCCC#CCO,ricinoleic/aliphatic,,,,,,,,,,,,,,,,head–linker–tail,DOTAP,[H]C(C[N+](C)(C)C)(OC(CCCCCCC/C=C\CCCCCCCC)=O)COC(CCCCCCC/C=C\CCCCCCCC)=O,39.0,Cholesterol,C[C@H](CCCC(C)C)[C@H]1CC[C@@H]2[C@@]1(CC[C@H]3[C@H]2CC=C4[C@@]3(CC[C@@H](C4)O)C)C,30.0,DMPE-PEG2000,CCCCCCCCCCCCCC(=O)OCC(COP(=O)(OCCNCC(=O)OCCOCCOCCOCCOCCOCCOCCOCCOCCOCCOCCOCCOCCOCCOCCOCCOCCOCCOCCOCCOCCOCCOCCOCCOCCOCCOCCOCCOCCOCCOCCOCCOCCOCCOCCOCCOCCOCCOCCOCCOCCOCCOCCOC)O)OC(=O)CCCCCCCCCCCCC,1.0,2000.0,30.0,7.5,,,,mRNA,intratracheal,in_vivo,Mouse_B6,lung_epithelium,,,,,,,0.1074998375648178,normalized_luminescence,79.0,1.0,0.0,51.0,1108.862998,130.14,0.0,12.0,17.1467,323.831,0.820895522,2.0,2.0,1109.669,True,True,False,biodegradable acrylate,,,,,,,,,,,,,,,,,,,cyclic
LNPhub_R0004480,LNPhub_BL_2023,https://www.nature.com/articles/s41587-023-01679-x,LNPhub_BL_2023_LNP_000470,BL_A4-T1,CCCCCCCCCCCCCCCCCCOC(=O)OC(C/C=C\CCCCCCCCOC(=O)CCN(CCC(=O)OCCCCCCCC/C=C\CC(CCCCCC)OC(=O)OCCCCCCCCCCCCCCCCCC)CCN(CC)CC)CCCCCC,Ugi-3CR,CCN(CC)CCN,primary_tertiary,C=CC(=O)OCCCCCCCC/C=C\CC(CCCCCC)OC(=O)O,ester/carbonate acrylate,1,T1,CCCCCCCCCCCCCCCCCCO,ricinoleic/aliphatic,,,,,,,,,,,,,,,,head–linker–tail,DOPE,[H][C@@](COP([O-])(OCC[NH3+])=O)(OC(CCCCCCC/C=C\\CCCCCCCC)=O)COC(CCCCCCC/C=C\\CCCCCCCC)=O,16.0,Cholesterol,C[C@H](CCCC(C)C)[C@H]1CC[C@@H]2[C@@]1(CC[C@H]3[C@H]2CC=C4[C@@]3(CC[C@@H](C4)O)C)C,46.5,DMPE-PEG2000,CCCCCCCCCCCCCC(=O)OCC(COP(=O)(OCCNCC(=O)OCCOCCOCCOCCOCCOCCOCCOCCOCCOCCOCCOCCOCCOCCOCCOCCOCCOCCOCCOCCOCCOCCOCCOCCOCCOCCOCCOCCOCCOCCOCCOCCOCCOCCOCCOCCOCCOCCOCCOCCOCCOCCOCCOC)O)OC(=O)CCCCCCCCCCCCC,2.5,2000.0,35.0,10.0,,,,mRNA,in_vitro,in_vitro,A549,in_vitro,,,,,,,1.6223352526532524,normalized_luminescence,98.0,0.0,0.0,79.0,1385.238599,130.14,0.0,12.0,26.3582,416.584,0.906976744,2.0,2.0,1386.262,True,True,False,biodegradable acrylate,,,,,,,,,,,,,,,,,,,branched
LNPhub_R0004481,LNPhub_BL_2023,https://www.nature.com/articles/s41587-023-01679-x,LNPhub_BL_2023_LNP_000471,BL_A14-T10,CCCCCCC#CCCOC(=O)OC(C/C=C\CCCCCCCCOC(=O)CCN(C)CCN(CCN(C)CCC(=O)OCCCCCCCC/C=C\CC(CCCCCC)OC(=O)OCCC#CCCCCCC)CCN(C)CCC(=O)OCCCCCCCC/C=C\CC(CCCCCC)OC(=O)OCCC#CCCCCCC)CCCCCC,Ugi-3CR,CNCCN(CCNC)CCNC,secondary_tertiary,C=CC(=O)OCCCCCCCC/C=C\CC(CCCCCC)OC(=O)O,ester/carbonate acrylate,1,T10,CCCCCCC#CCCO,ricinoleic/aliphatic,,,,,,,,,,,,,,,,head–linker–tail,DOTAP,[H]C(C[N+](C)(C)C)(OC(CCCCCCC/C=C\CCCCCCCC)=O)COC(CCCCCCC/C=C\CCCCCCCC)=O,39.0,Cholesterol,C[C@H](CCCC(C)C)[C@H]1CC[C@@H]2[C@@]1(CC[C@H]3[C@H]2CC=C4[C@@]3(CC[C@@H](C4)O)C)C,30.0,DMPE-PEG2000,CCCCCCCCCCCCCC(=O)OCC(COP(=O)(OCCNCC(=O)OCCOCCOCCOCCOCCOCCOCCOCCOCCOCCOCCOCCOCCOCCOCCOCCOCCOCCOCCOCCOCCOCCOCCOCCOCCOCCOCCOCCOCCOCCOCCOCCOCCOCCOCCOCCOCCOCCOCCOCCOCCOCCOCCOC)O)OC(=O)CCCCCCCCCCCCC,1.0,2000.0,30.0,7.5,,,,mRNA,intratracheal,in_vivo,Mouse_B6,lung_epithelium,,,,,,,-0.8882026740646136,normalized_luminescence,124.0,0.0,0.0,87.0,1743.391471,198.45,0.0,19.0,26.483,512.283,0.828571429,3.0,4.0,1744.656,True,True,False,biodegradable acrylate,,,,,,,,,,,,,,,,,,,branched
LNPhub_R0004482,LNPhub_BL_2023,https://www.nature.com/articles/s41587-023-01679-x,LNPhub_BL_2023_LNP_000472,BL_A43-T1,CCCCCCCCCCCCCCCCCCOC(=O)OC(C/C=C\CCCCCCCCOC(=O)CCN(CCC(=O)OCCCCCCCC/C=C\CC(CCCCCC)OC(=O)OCCCCCCCCCCCCCCCCCC)CC1CCCCN1C)CCCCCC,Ugi-3CR,CN1CCCCC1CN,primary_tertiary,C=CC(=O)OCCCCCCCC/C=C\CC(CCCCCC)OC(=O)O,ester/carbonate acrylate,1,T1,CCCCCCCCCCCCCCCCCCO,ricinoleic/aliphatic,,,,,,,,,,,,,,,,head–linker–tail,DOPE,[H][C@@](COP([O-])(OCC[NH3+])=O)(OC(CCCCCCC/C=C\\CCCCCCCC)=O)COC(CCCCCCC/C=C\\CCCCCCCC)=O,16.0,Cholesterol,C[C@H](CCCC(C)C)[C@H]1CC[C@@H]2[C@@]1(CC[C@H]3[C@H]2CC=C4[C@@]3(CC[C@@H](C4)O)C)C,46.5,DMPE-PEG2000,CCCCCCCCCCCCCC(=O)OCC(COP(=O)(OCCNCC(=O)OCCOCCOCCOCCOCCOCCOCCOCCOCCOCCOCCOCCOCCOCCOCCOCCOCCOCCOCCOCCOCCOCCOCCOCCOCCOCCOCCOCCOCCOCCOCCOCCOCCOCCOCCOCCOCCOCCOCCOCCOCCOCCOCCOC)O)OC(=O)CCCCCCCCCCCCC,2.5,2000.0,35.0,10.0,,,,mRNA,in_vitro,in_vitro,A549,in_vitro,,,,,,,-1.1878238718948482,normalized_luminescence,99.0,1.0,0.0,76.0,1397.238599,130.14,0.0,12.0,26.5007,419.065,0.908045977,3.0,2.0,1398.273,True,True,False,biodegradable acrylate,,,,,,,,,,,,,,,,,,,cyclic
LNPhub_R0004483,LNPhub_BL_2023,https://www.nature.com/articles/s41587-023-01679-x,LNPhub_BL_2023_LNP_000473,BL_A46-T7,CCCCCC#CCOC(=O)OC(C/C=C\CCCCCCCCOC(=O)CCN(CCC(=O)OCCCCCCCC/C=C\CC(CCCCCC)OC(=O)OCC#CCCCCC)CCN1CCC(C)CC1)CCCCCC,Ugi-3CR,CC1CCN(CC1)CCN,primary_tertiary,C=CC(=O)OCCCCCCCC/C=C\CC(CCCCCC)OC(=O)O,ester/carbonate acrylate,1,T7,CCCCCC#CCO,ricinoleic/aliphatic,,,,,,,,,,,,,,,,head–linker–tail,DOPE,[H][C@@](COP([O-])(OCC[NH3+])=O)(OC(CCCCCCC/C=C\\CCCCCCCC)=O)COC(CCCCCCC/C=C\\CCCCCCCC)=O,16.0,Cholesterol,C[C@H](CCCC(C)C)[C@H]1CC[C@@H]2[C@@]1(CC[C@H]3[C@H]2CC=C4[C@@]3(CC[C@@H](C4)O)C)C,46.5,DMPE-PEG2000,CCCCCCCCCCCCCC(=O)OCC(COP(=O)(OCCNCC(=O)OCCOCCOCCOCCOCCOCCOCCOCCOCCOCCOCCOCCOCCOCCOCCOCCOCCOCCOCCOCCOCCOCCOCCOCCOCCOCCOCCOCCOCCOCCOCCOCCOCCOCCOCCOCCOCCOCCOCCOCCOCCOCCOCCOC)O)OC(=O)CCCCCCCCCCCCC,2.5,2000.0,35.0,10.0,,,,mRNA,in_vitro,in_vitro,A549,in_vitro,,,,,,,-0.98712629875266,normalized_luminescence,80.0,1.0,0.0,51.0,1122.878648,130.14,0.0,12.0,17.3927,328.378,0.823529412,2.0,2.0,1123.696,True,True,False,biodegradable acrylate,,,,,,,,,,,,,,,,,,,cyclic
LNPhub_R0004484,LNPhub_BL_2023,https://www.nature.com/articles/s41587-023-01679-x,LNPhub_BL_2023_LNP_000474,BL_A7-T9,CCCCC#CCCOC(=O)OC(C/C=C\CCCCCCCCOC(=O)CCN(C)CCCCCCN(C)CCC(=O)OCCCCCCCC/C=C\CC(CCCCCC)OC(=O)OCCC#CCCCC)CCCCCC,Ugi-3CR,CNCCCCCCNC,secondary,C=CC(=O)OCCCCCCCC/C=C\CC(CCCCCC)OC(=O)O,ester/carbonate acrylate,1,T9,CCCCC#CCCO,ricinoleic/aliphatic,,,,,,,,,,,,,,,,head–linker–tail,DOPE,[H][C@@](COP([O-])(OCC[NH3+])=O)(OC(CCCCCCC/C=C\\CCCCCCCC)=O)COC(CCCCCCC/C=C\\CCCCCCCC)=O,16.0,Cholesterol,C[C@H](CCCC(C)C)[C@H]1CC[C@@H]2[C@@]1(CC[C@H]3[C@H]2CC=C4[C@@]3(CC[C@@H](C4)O)C)C,46.5,DMPE-PEG2000,CCCCCCCCCCCCCC(=O)OCC(COP(=O)(OCCNCC(=O)OCCOCCOCCOCCOCCOCCOCCOCCOCCOCCOCCOCCOCCOCCOCCOCCOCCOCCOCCOCCOCCOCCOCCOCCOCCOCCOCCOCCOCCOCCOCCOCCOCCOCCOCCOCCOCCOCCOCCOCCOCCOCCOCCOC)O)OC(=O)CCCCCCCCCCCCC,2.5,2000.0,35.0,10.0,,,,mRNA,in_vitro,in_vitro,A549,in_vitro,,,,,,,0.8071580386595396,normalized_luminescence,80.0,0.0,0.0,55.0,1124.894298,130.14,0.0,12.0,17.7828,330.562,0.823529412,2.0,2.0,1125.712,True,True,False,biodegradable acrylate,,,,,,,,,,,,,,,,,,,linear
LNPhub_R0004485,LNPhub_BL_2023,https://www.nature.com/articles/s41587-023-01679-x,LNPhub_BL_2023_LNP_000475,BL_A4-T2,CCCCCCCC/C=C\CCCCCCCCOC(=O)OC(C/C=C\CCCCCCCCOC(=O)CCN(CCC(=O)OCCCCCCCC/C=C\CC(CCCCCC)OC(=O)OCCCCCCCC/C=C\CCCCCCCC)CCN(CC)CC)CCCCCC,Ugi-3CR,CCN(CC)CCN,primary_tertiary,C=CC(=O)OCCCCCCCC/C=C\CC(CCCCCC)OC(=O)O,ester/carbonate acrylate,1,T2,CCCCCCCCC=CCCCCCCCCO,ricinoleic/aliphatic,,,,,,,,,,,,,,,,head–linker–tail,DOPE,[H][C@@](COP([O-])(OCC[NH3+])=O)(OC(CCCCCCC/C=C\\CCCCCCCC)=O)COC(CCCCCCC/C=C\\CCCCCCCC)=O,16.0,Cholesterol,C[C@H](CCCC(C)C)[C@H]1CC[C@@H]2[C@@]1(CC[C@H]3[C@H]2CC=C4[C@@]3(CC[C@@H](C4)O)C)C,46.5,DMPE-PEG2000,CCCCCCCCCCCCCC(=O)OCC(COP(=O)(OCCNCC(=O)OCCOCCOCCOCCOCCOCCOCCOCCOCCOCCOCCOCCOCCOCCOCCOCCOCCOCCOCCOCCOCCOCCOCCOCCOCCOCCOCCOCCOCCOCCOCCOCCOCCOCCOCCOCCOCCOCCOCCOCCOCCOCCOCCOC)O)OC(=O)CCCCCCCCCCCCC,2.5,2000.0,35.0,10.0,,,,mRNA,in_vitro,in_vitro,A549,in_vitro,122.0,,,,,,1.9193302323244557,normalized_luminescence,98.0,0.0,0.0,77.0,1381.207299,130.14,0.0,12.0,25.9102,416.396,0.860465116,2.0,2.0,1382.23,True,True,False,biodegradable acrylate,,,,,,48.0,,,,,,,,,,,,,branched
LNPhub_R0004486,LNPhub_BL_2023,https://www.nature.com/articles/s41587-023-01679-x,LNPhub_BL_2023_LNP_000476,BL_A63-T10,CCCCCCC#CCCOC(=O)OC(C/C=C\CCCCCCCCOC(=O)CCN(CCC(=O)OCCCCCCCC/C=C\CC(CCCCCC)OC(=O)OCCC#CCCCCCC)CCN(CCC(=O)OCCCCCCCC/C=C\CC(CCCCCC)OC(=O)OCCC#CCCCCCC)CCN1CCN(CCN(CCC(=O)OCCCCCCCC/C=C\CC(CCCCCC)OC(=O)OCCC#CCCCCCC)CCC(=O)OCCCCCCCC/C=C\CC(CCCCCC)OC(=O)OCCC#CCCCCCC)CC1)CCCCCC,Ugi-3CR,C(CNCCN1CCN(CCN)CC1)N,primary_secondary_tertiary,C=CC(=O)OCCCCCCCC/C=C\CC(CCCCCC)OC(=O)O,ester/carbonate acrylate,1,T10,CCCCCCC#CCCO,ricinoleic/aliphatic,,,,,,,,,,,,,,,,head–linker–tail,DOPE,[H][C@@](COP([O-])(OCC[NH3+])=O)(OC(CCCCCCC/C=C\\CCCCCCCC)=O)COC(CCCCCCC/C=C\\CCCCCCCC)=O,16.0,Cholesterol,C[C@H](CCCC(C)C)[C@H]1CC[C@@H]2[C@@]1(CC[C@H]3[C@H]2CC=C4[C@@]3(CC[C@@H](C4)O)C)C,46.5,DMPE-PEG2000,CCCCCCCCCCCCCC(=O)OCC(COP(=O)(OCCNCC(=O)OCCOCCOCCOCCOCCOCCOCCOCCOCCOCCOCCOCCOCCOCCOCCOCCOCCOCCOCCOCCOCCOCCOCCOCCOCCOCCOCCOCCOCCOCCOCCOCCOCCOCCOCCOCCOCCOCCOCCOCCOCCOCCOCCOC)O)OC(=O)CCCCCCCCCCCCC,2.5,2000.0,35.0,10.0,,,,mRNA,in_vitro,in_vitro,A549,in_vitro,,,,,,,1.5845132168210088,normalized_luminescence,200.0,1.0,0.0,139.0,2807.19662,325.35,0.0,30.0,43.842,821.12,0.823529412,5.0,5.0,2809.24,True,True,False,biodegradable acrylate,,,,,,,,,,,,,,,,,,,cyclic-dendrimer
LNPhub_R0004487,LNPhub_BL_2023,https://www.nature.com/articles/s41587-023-01679-x,LNPhub_BL_2023_LNP_000477,BL_A14-T6,CCCCC#CCOC(=O)OC(C/C=C\CCCCCCCCOC(=O)CCN(C)CCN(CCN(C)CCC(=O)OCCCCCCCC/C=C\CC(CCCCCC)OC(=O)OCC#CCCCC)CCN(C)CCC(=O)OCCCCCCCC/C=C\CC(CCCCCC)OC(=O)OCC#CCCCC)CCCCCC,Ugi-3CR,CNCCN(CCNC)CCNC,secondary_tertiary,C=CC(=O)OCCCCCCCC/C=C\CC(CCCCCC)OC(=O)O,ester/carbonate acrylate,1,T6,CCCCC#CCO,ricinoleic/aliphatic,,,,,,,,,,,,,,,,head–linker–tail,DOPE,[H][C@@](COP([O-])(OCC[NH3+])=O)(OC(CCCCCCC/C=C\\CCCCCCCC)=O)COC(CCCCCCC/C=C\\CCCCCCCC)=O,16.0,Cholesterol,C[C@H](CCCC(C)C)[C@H]1CC[C@@H]2[C@@]1(CC[C@H]3[C@H]2CC=C4[C@@]3(CC[C@@H](C4)O)C)C,46.5,DMPE-PEG2000,CCCCCCCCCCCCCC(=O)OCC(COP(=O)(OCCNCC(=O)OCCOCCOCCOCCOCCOCCOCCOCCOCCOCCOCCOCCOCCOCCOCCOCCOCCOCCOCCOCCOCCOCCOCCOCCOCCOCCOCCOCCOCCOCCOCCOCCOCCOCCOCCOCCOCCOCCOCCOCCOCCOCCOCCOC)O)OC(=O)CCCCCCCCCCCCC,2.5,2000.0,35.0,7.5,,,,mRNA,intratracheal,in_vivo,Mouse_B6,lung_epithelium,,,,,,,-0.3722782789412759,normalized_luminescence,115.0,0.0,0.0,78.0,1617.250621,198.45,0.0,19.0,22.9721,470.73,0.8125,3.0,4.0,1618.413,True,True,False,biodegradable acrylate,,,,,,,,,,,,,,,,,,,branched
LNPhub_R0004488,LNPhub_BL_2023,https://www.nature.com/articles/s41587-023-01679-x,LNPhub_BL_2023_LNP_000478,BL_A57-T7,CCCCCC#CCOC(=O)OC(C/C=C\CCCCCCCCOC(=O)CCN(C)CCO)CCCCCC,Ugi-3CR,CNCCO,secondary,C=CC(=O)OCCCCCCCC/C=C\CC(CCCCCC)OC(=O)O,ester/carbonate acrylate,1,T7,CCCCCC#CCO,ricinoleic/aliphatic,,,,,,,,,,,,,,,,head–linker–tail,DOPE,[H][C@@](COP([O-])(OCC[NH3+])=O)(OC(CCCCCCC/C=C\\CCCCCCCC)=O)COC(CCCCCCC/C=C\\CCCCCCCC)=O,16.0,Cholesterol,C[C@H](CCCC(C)C)[C@H]1CC[C@@H]2[C@@]1(CC[C@H]3[C@H]2CC=C4[C@@]3(CC[C@@H](C4)O)C)C,46.5,DMPE-PEG2000,CCCCCCCCCCCCCC(=O)OCC(COP(=O)(OCCNCC(=O)OCCOCCOCCOCCOCCOCCOCCOCCOCCOCCOCCOCCOCCOCCOCCOCCOCCOCCOCCOCCOCCOCCOCCOCCOCCOCCOCCOCCOCCOCCOCCOCCOCCOCCOCCOCCOCCOCCOCCOCCOCCOCCOCCOC)O)OC(=O)CCCCCCCCCCCCC,2.5,2000.0,35.0,10.0,,,,mRNA,in_vitro,in_vitro,A549,in_vitro,,,,,,,-1.8372904640984,normalized_luminescence,40.0,0.0,0.0,26.0,565.4342386,85.3,1.0,7.0,7.5967,163.1328,0.818181818,1.0,1.0,565.836,True,True,False,biodegradable acrylate,,,,,,,,,,,,,,,,,,,linear
LNPhub_R0004489,LNPhub_BL_2023,https://www.nature.com/articles/s41587-023-01679-x,LNPhub_BL_2023_LNP_000479,BL_A56-T3,CCCCC/C=C\C/C=C\CCCCCCCCOC(=O)OC(C/C=C\CCCCCCCCOC(=O)CCN(CCO)CCC(=O)OCCCCCCCC/C=C\CC(CCCCCC)OC(=O)OCCCCCCCC/C=C\C/C=C\CCCCC)CCCCCC,Ugi-3CR,C(CO)N,primary,C=CC(=O)OCCCCCCCC/C=C\CC(CCCCCC)OC(=O)O,ester/carbonate acrylate,1,T3,CCCCCC=CCC=C=CCCCCCCCCO,ricinoleic/aliphatic,,,,,,,,,,,,,,,,head–linker–tail,DOPE,[H][C@@](COP([O-])(OCC[NH3+])=O)(OC(CCCCCCC/C=C\\CCCCCCCC)=O)COC(CCCCCCC/C=C\\CCCCCCCC)=O,16.0,Cholesterol,C[C@H](CCCC(C)C)[C@H]1CC[C@@H]2[C@@]1(CC[C@H]3[C@H]2CC=C4[C@@]3(CC[C@@H](C4)O)C)C,46.5,DMPE-PEG2000,CCCCCCCCCCCCCC(=O)OCC(COP(=O)(OCCNCC(=O)OCCOCCOCCOCCOCCOCCOCCOCCOCCOCCOCCOCCOCCOCCOCCOCCOCCOCCOCCOCCOCCOCCOCCOCCOCCOCCOCCOCCOCCOCCOCCOCCOCCOCCOCCOCCOCCOCCOCCOCCOCCOCCOCCOC)O)OC(=O)CCCCCCCCCCCCC,2.5,2000.0,35.0,10.0,,,,mRNA,in_vitro,in_vitro,A549,in_vitro,,,,,,,2.3240863321028478,normalized_luminescence,94.0,0.0,0.0,72.0,1322.097415,147.13,1.0,12.0,24.1127,395.5058,0.804878049,2.0,1.0,1323.074,True,True,False,biodegradable acrylate,,,,,,,,,,,,,,,,,,,linear
LNPhub_R0004490,LNPhub_BL_2023,https://www.nature.com/articles/s41587-023-01679-x,LNPhub_BL_2023_LNP_000480,BL_A14-T4,CCC#CCOC(=O)OC(C/C=C\CCCCCCCCOC(=O)CCN(C)CCN(CCN(C)CCC(=O)OCCCCCCCC/C=C\CC(CCCCCC)OC(=O)OCC#CCC)CCN(C)CCC(=O)OCCCCCCCC/C=C\CC(CCCCCC)OC(=O)OCC#CCC)CCCCCC,Ugi-3CR,CNCCN(CCNC)CCNC,secondary_tertiary,C=CC(=O)OCCCCCCCC/C=C\CC(CCCCCC)OC(=O)O,ester/carbonate acrylate,1,T4,CCC#CCO,ricinoleic/aliphatic,,,,,,,,,,,,,,,,head–linker–tail,DOPE,[H][C@@](COP([O-])(OCC[NH3+])=O)(OC(CCCCCCC/C=C\\CCCCCCCC)=O)COC(CCCCCCC/C=C\\CCCCCCCC)=O,16.0,Cholesterol,C[C@H](CCCC(C)C)[C@H]1CC[C@@H]2[C@@]1(CC[C@H]3[C@H]2CC=C4[C@@]3(CC[C@@H](C4)O)C)C,46.5,DMPE-PEG2000,CCCCCCCCCCCCCC(=O)OCC(COP(=O)(OCCNCC(=O)OCCOCCOCCOCCOCCOCCOCCOCCOCCOCCOCCOCCOCCOCCOCCOCCOCCOCCOCCOCCOCCOCCOCCOCCOCCOCCOCCOCCOCCOCCOCCOCCOCCOCCOCCOCCOCCOCCOCCOCCOCCOCCOCCOC)O)OC(=O)CCCCCCCCCCCCC,2.5,2000.0,35.0,7.5,,,,mRNA,intratracheal,in_vivo,Mouse_B6,lung_epithelium,132.8,,,,,,0.1074998375648178,normalized_luminescence,109.0,0.0,0.0,72.0,1533.15672,198.45,0.0,19.0,20.6315,443.028,0.8,3.0,4.0,1534.251,True,True,False,biodegradable acrylate,,,,,,92.0,,,,,,,,,,,,,branched
LNPhub_R0004491,LNPhub_BL_2023,https://www.nature.com/articles/s41587-023-01679-x,LNPhub_BL_2023_LNP_000481,BL_A50-T3,CCCCC/C=C\C/C=C\CCCCCCCCOC(=O)OC(C/C=C\CCCCCCCCOC(=O)CCN1CCCCC1CO)CCCCCC,Ugi-3CR,C1CCNC(C1)CO,secondary,C=CC(=O)OCCCCCCCC/C=C\CC(CCCCCC)OC(=O)O,ester/carbonate acrylate,1,T3,CCCCCC=CCC=C=CCCCCCCCCO,ricinoleic/aliphatic,,,,,,,,,,,,,,,,head–linker–tail,DOPE,[H][C@@](COP([O-])(OCC[NH3+])=O)(OC(CCCCCCC/C=C\\CCCCCCCC)=O)COC(CCCCCCC/C=C\\CCCCCCCC)=O,16.0,Cholesterol,C[C@H](CCCC(C)C)[C@H]1CC[C@@H]2[C@@]1(CC[C@H]3[C@H]2CC=C4[C@@]3(CC[C@@H](C4)O)C)C,46.5,DMPE-PEG2000,CCCCCCCCCCCCCC(=O)OCC(COP(=O)(OCCNCC(=O)OCCOCCOCCOCCOCCOCCOCCOCCOCCOCCOCCOCCOCCOCCOCCOCCOCCOCCOCCOCCOCCOCCOCCOCCOCCOCCOCCOCCOCCOCCOCCOCCOCCOCCOCCOCCOCCOCCOCCOCCOCCOCCOCCOC)O)OC(=O)CCCCCCCCCCCCC,2.5,2000.0,35.0,10.0,,,,mRNA,in_vitro,in_vitro,A549,in_vitro,,,,,,,-0.8231575458445204,normalized_luminescence,53.0,1.0,0.0,36.0,745.6220394,85.3,1.0,7.0,12.7492,222.2878,0.826086957,2.0,1.0,746.171,True,True,False,biodegradable acrylate,,,,,,,,,,,,,,,,,,,cyclic
LNPhub_R0004492,LNPhub_BL_2023,https://www.nature.com/articles/s41587-023-01679-x,LNPhub_BL_2023_LNP_000482,BL_A26-T4,CCC#CCOC(=O)OC(C/C=C\CCCCCCCCOC(=O)CCN(C)CCCn1ccnc1)CCCCCC,Ugi-3CR,CNCCCN1C=CN=C1,secondary,C=CC(=O)OCCCCCCCC/C=C\CC(CCCCCC)OC(=O)O,ester/carbonate acrylate,1,T4,CCC#CCO,ricinoleic/aliphatic,,,,,,,,,,,,,,,,head–linker–tail,DOPE,[H][C@@](COP([O-])(OCC[NH3+])=O)(OC(CCCCCCC/C=C\\CCCCCCCC)=O)COC(CCCCCCC/C=C\\CCCCCCCC)=O,16.0,Cholesterol,C[C@H](CCCC(C)C)[C@H]1CC[C@@H]2[C@@]1(CC[C@H]3[C@H]2CC=C4[C@@]3(CC[C@@H](C4)O)C)C,46.5,DMPE-PEG2000,CCCCCCCCCCCCCC(=O)OCC(COP(=O)(OCCNCC(=O)OCCOCCOCCOCCOCCOCCOCCOCCOCCOCCOCCOCCOCCOCCOCCOCCOCCOCCOCCOCCOCCOCCOCCOCCOCCOCCOCCOCCOCCOCCOCCOCCOCCOCCOCCOCCOCCOCCOCCOCCOCCOCCOCCOC)O)OC(=O)CCCCCCCCCCCCC,2.5,2000.0,35.0,10.0,,,,mRNA,in_vitro,in_vitro,A549,in_vitro,,,,,,,0.1563835975048479,normalized_luminescence,42.0,1.0,1.0,25.0,587.4298219,82.89,0.0,8.0,7.7209,169.04,0.735294118,1.0,3.0,587.846,True,True,False,biodegradable acrylate,,,,,,,,,,,,,,,,,,,cyclic
LNPhub_R0004493,LNPhub_BL_2023,https://www.nature.com/articles/s41587-023-01679-x,LNPhub_BL_2023_LNP_000483,BL_A5-T10,CCCCCCC#CCCOC(=O)OC(C/C=C\CCCCCCCCOC(=O)CCN(C)CCCN(C)CCC(=O)OCCCCCCCC/C=C\CC(CCCCCC)OC(=O)OCCC#CCCCCCC)CCCCCC,Ugi-3CR,CNCCCNC,secondary,C=CC(=O)OCCCCCCCC/C=C\CC(CCCCCC)OC(=O)O,ester/carbonate acrylate,1,T10,CCCCCCC#CCCO,ricinoleic/aliphatic,,,,,,,,,,,,,,,,head–linker–tail,DOPE,[H][C@@](COP([O-])(OCC[NH3+])=O)(OC(CCCCCCC/C=C\\CCCCCCCC)=O)COC(CCCCCCC/C=C\\CCCCCCCC)=O,16.0,Cholesterol,C[C@H](CCCC(C)C)[C@H]1CC[C@@H]2[C@@]1(CC[C@H]3[C@H]2CC=C4[C@@]3(CC[C@@H](C4)O)C)C,46.5,DMPE-PEG2000,CCCCCCCCCCCCCC(=O)OCC(COP(=O)(OCCNCC(=O)OCCOCCOCCOCCOCCOCCOCCOCCOCCOCCOCCOCCOCCOCCOCCOCCOCCOCCOCCOCCOCCOCCOCCOCCOCCOCCOCCOCCOCCOCCOCCOCCOCCOCCOCCOCCOCCOCCOCCOCCOCCOCCOCCOC)O)OC(=O)CCCCCCCCCCCCC,2.5,2000.0,35.0,10.0,,,,mRNA,in_vitro,in_vitro,A549,in_vitro,,,,,,,-0.8136998249672759,normalized_luminescence,81.0,0.0,0.0,56.0,1138.909948,130.14,0.0,12.0,18.1729,335.179,0.826086957,2.0,2.0,1139.739,True,True,False,biodegradable acrylate,,,,,,,,,,,,,,,,,,,linear
LNPhub_R0004494,LNPhub_BL_2023,https://www.nature.com/articles/s41587-023-01679-x,LNPhub_BL_2023_LNP_000484,BL_A12-T4,CCC#CCOC(=O)OC(C/C=C\CCCCCCCCOC(=O)CCN1CCC(N2CCN(CC)CC2)CC1)CCCCCC,Ugi-3CR,CCN1CCN(CC1)C2CCNCC2,secondary_tertiary,C=CC(=O)OCCCCCCCC/C=C\CC(CCCCCC)OC(=O)O,ester/carbonate acrylate,1,T4,CCC#CCO,ricinoleic/aliphatic,,,,,,,,,,,,,,,,head–linker–tail,DOPE,[H][C@@](COP([O-])(OCC[NH3+])=O)(OC(CCCCCCC/C=C\\CCCCCCCC)=O)COC(CCCCCCC/C=C\\CCCCCCCC)=O,16.0,Cholesterol,C[C@H](CCCC(C)C)[C@H]1CC[C@@H]2[C@@]1(CC[C@H]3[C@H]2CC=C4[C@@]3(CC[C@@H](C4)O)C)C,46.5,DMPE-PEG2000,CCCCCCCCCCCCCC(=O)OCC(COP(=O)(OCCNCC(=O)OCCOCCOCCOCCOCCOCCOCCOCCOCCOCCOCCOCCOCCOCCOCCOCCOCCOCCOCCOCCOCCOCCOCCOCCOCCOCCOCCOCCOCCOCCOCCOCCOCCOCCOCCOCCOCCOCCOCCOCCOCCOCCOCCOC)O)OC(=O)CCCCCCCCCCCCC,2.5,2000.0,35.0,10.0,,,,mRNA,in_vitro,in_vitro,A549,in_vitro,,,,,,,-0.5913313436176257,normalized_luminescence,46.0,2.0,0.0,23.0,645.5080722,71.55,0.0,8.0,7.6042,187.848,0.842105263,1.0,3.0,645.97,True,True,False,biodegradable acrylate,,,,,,,,,,,,,,,,,,,cyclic-dendrimer
LNPhub_R0004495,LNPhub_BL_2023,https://www.nature.com/articles/s41587-023-01679-x,LNPhub_BL_2023_LNP_000485,BL_A42-T4,CCC#CCOC(=O)OC(C/C=C\CCCCCCCCOC(=O)CCN1CCCCC1CCO)CCCCCC,Ugi-3CR,C1CCNC(C1)CCO,secondary,C=CC(=O)OCCCCCCCC/C=C\CC(CCCCCC)OC(=O)O,ester/carbonate acrylate,1,T4,CCC#CCO,ricinoleic/aliphatic,,,,,,,,,,,,,,,,head–linker–tail,DOPE,[H][C@@](COP([O-])(OCC[NH3+])=O)(OC(CCCCCCC/C=C\\CCCCCCCC)=O)COC(CCCCCCC/C=C\\CCCCCCCC)=O,16.0,Cholesterol,C[C@H](CCCC(C)C)[C@H]1CC[C@@H]2[C@@]1(CC[C@H]3[C@H]2CC=C4[C@@]3(CC[C@@H](C4)O)C)C,46.5,DMPE-PEG2000,CCCCCCCCCCCCCC(=O)OCC(COP(=O)(OCCNCC(=O)OCCOCCOCCOCCOCCOCCOCCOCCOCCOCCOCCOCCOCCOCCOCCOCCOCCOCCOCCOCCOCCOCCOCCOCCOCCOCCOCCOCCOCCOCCOCCOCCOCCOCCOCCOCCOCCOCCOCCOCCOCCOCCOCCOC)O)OC(=O)CCCCCCCCCCCCC,2.5,2000.0,35.0,10.0,,,,mRNA,in_vitro,in_vitro,A549,in_vitro,,,,,,,-0.4821929720433178,normalized_luminescence,41.0,1.0,0.0,23.0,577.4342386,85.3,1.0,7.0,7.7392,165.6138,0.823529412,2.0,1.0,577.847,True,True,False,biodegradable acrylate,,,,,,,,,,,,,,,,,,,cyclic
LNPhub_R0004496,LNPhub_BL_2023,https://www.nature.com/articles/s41587-023-01679-x,LNPhub_BL_2023_LNP_000486,BL_A56-T8,CCCCCCC#CCOC(=O)OC(C/C=C\CCCCCCCCOC(=O)CCN(CCO)CCC(=O)OCCCCCCCC/C=C\CC(CCCCCC)OC(=O)OCC#CCCCCCC)CCCCCC,Ugi-3CR,C(CO)N,primary,C=CC(=O)OCCCCCCCC/C=C\CC(CCCCCC)OC(=O)O,ester/carbonate acrylate,1,T8,CCCCCCC#CCO,ricinoleic/aliphatic,,,,,,,,,,,,,,,,head–linker–tail,DOPE,[H][C@@](COP([O-])(OCC[NH3+])=O)(OC(CCCCCCC/C=C\\CCCCCCCC)=O)COC(CCCCCCC/C=C\\CCCCCCCC)=O,16.0,Cholesterol,C[C@H](CCCC(C)C)[C@H]1CC[C@@H]2[C@@]1(CC[C@H]3[C@H]2CC=C4[C@@]3(CC[C@@H](C4)O)C)C,46.5,DMPE-PEG2000,CCCCCCCCCCCCCC(=O)OCC(COP(=O)(OCCNCC(=O)OCCOCCOCCOCCOCCOCCOCCOCCOCCOCCOCCOCCOCCOCCOCCOCCOCCOCCOCCOCCOCCOCCOCCOCCOCCOCCOCCOCCOCCOCCOCCOCCOCCOCCOCCOCCOCCOCCOCCOCCOCCOCCOCCOC)O)OC(=O)CCCCCCCCCCCCC,2.5,2000.0,35.0,10.0,,,,mRNA,in_vitro,in_vitro,A549,in_vitro,,,,,,,-1.9163343438036355,normalized_luminescence,76.0,0.0,0.0,52.0,1069.815713,147.13,1.0,12.0,16.4333,309.8598,0.8125,2.0,1.0,1070.588,True,True,False,biodegradable acrylate,,,,,,,,,,,,,,,,,,,linear
LNPhub_R0004497,LNPhub_BL_2023,https://www.nature.com/articles/s41587-023-01679-x,LNPhub_BL_2023_LNP_000487,BL_A64-T4,CCC#CCOC(=O)OC(C/C=C\CCCCCCCCOC(=O)CCN(CCC(=O)OCCCCCCCC/C=C\CC(CCCCCC)OC(=O)OCC#CCC)CC(OCC)OCC)CCCCCC,Ugi-3CR,CCOC(CN)OCC,primary,C=CC(=O)OCCCCCCCC/C=C\CC(CCCCCC)OC(=O)O,ester/carbonate acrylate,1,T4,CCC#CCO,ricinoleic/aliphatic,,,,,,,,,,,,,,,,head–linker–tail,DOPE,[H][C@@](COP([O-])(OCC[NH3+])=O)(OC(CCCCCCC/C=C\\CCCCCCCC)=O)COC(CCCCCCC/C=C\\CCCCCCCC)=O,16.0,Cholesterol,C[C@H](CCCC(C)C)[C@H]1CC[C@@H]2[C@@]1(CC[C@H]3[C@H]2CC=C4[C@@]3(CC[C@@H](C4)O)C)C,46.5,DMPE-PEG2000,CCCCCCCCCCCCCC(=O)OCC(COP(=O)(OCCNCC(=O)OCCOCCOCCOCCOCCOCCOCCOCCOCCOCCOCCOCCOCCOCCOCCOCCOCCOCCOCCOCCOCCOCCOCCOCCOCCOCCOCCOCCOCCOCCOCCOCCOCCOCCOCCOCCOCCOCCOCCOCCOCCOCCOCCOC)O)OC(=O)CCCCCCCCCCCCC,2.5,2000.0,35.0,10.0,,,,mRNA,in_vitro,in_vitro,A549,in_vitro,,,,,,,0.3526616781716786,normalized_luminescence,73.0,0.0,0.0,48.0,1029.748028,145.36,0.0,13.0,14.7193,292.878,0.8,2.0,1.0,1030.479,True,True,False,biodegradable acrylate,,,,,,,,,,,,,,,,,,,branched
LNPhub_R0004498,LNPhub_BL_2023,https://www.nature.com/articles/s41587-023-01679-x,LNPhub_BL_2023_LNP_000488,BL_A35-T3,CCCCC/C=C\C/C=C\CCCCCCCCOC(=O)OC(C/C=C\CCCCCCCCOC(=O)CCN1CCN(CCCN(C)C)CC1)CCCCCC,Ugi-3CR,CN(C)CCCN1CCNCC1,secondary_tertiary,C=CC(=O)OCCCCCCCC/C=C\CC(CCCCCC)OC(=O)O,ester/carbonate acrylate,1,T3,CCCCCC=CCC=C=CCCCCCCCCO,ricinoleic/aliphatic,,,,,,,,,,,,,,,,head–linker–tail,DOPE,[H][C@@](COP([O-])(OCC[NH3+])=O)(OC(CCCCCCC/C=C\\CCCCCCCC)=O)COC(CCCCCCC/C=C\\CCCCCCCC)=O,16.0,Cholesterol,C[C@H](CCCC(C)C)[C@H]1CC[C@@H]2[C@@]1(CC[C@H]3[C@H]2CC=C4[C@@]3(CC[C@@H](C4)O)C)C,46.5,DMPE-PEG2000,CCCCCCCCCCCCCC(=O)OCC(COP(=O)(OCCNCC(=O)OCCOCCOCCOCCOCCOCCOCCOCCOCCOCCOCCOCCOCCOCCOCCOCCOCCOCCOCCOCCOCCOCCOCCOCCOCCOCCOCCOCCOCCOCCOCCOCCOCCOCCOCCOCCOCCOCCOCCOCCOCCOCCOCCOC)O)OC(=O)CCCCCCCCCCCCC,2.5,2000.0,35.0,10.0,,,,mRNA,in_vitro,in_vitro,A549,in_vitro,,,,,,,1.2224537470307906,normalized_luminescence,57.0,1.0,0.0,39.0,801.695873,71.55,0.0,8.0,12.4717,242.041,0.836734694,1.0,3.0,802.283,True,True,False,biodegradable acrylate,,,,,,,,,,,,,,,,,,,cyclic
LNPhub_R0004499,LNPhub_BL_2023,https://www.nature.com/articles/s41587-023-01679-x,LNPhub_BL_2023_LNP_000489,BL_A6-T5,CCCC#CCOC(=O)OC(C/C=C\CCCCCCCCOC(=O)CCN(CCCN1CCN(CCCN(CCC(=O)OCCCCCCCC/C=C\CC(CCCCCC)OC(=O)OCC#CCCC)CCC(=O)OCCCCCCCC/C=C\CC(CCCCCC)OC(=O)OCC#CCCC)CC1)CCC(=O)OCCCCCCCC/C=C\CC(CCCCCC)OC(=O)OCC#CCCC)CCCCCC,Ugi-3CR,C(CN)CN1CCN(CCCN)CC1,primary_tertiary,C=CC(=O)OCCCCCCCC/C=C\CC(CCCCCC)OC(=O)O,ester/carbonate acrylate,1,T5,CCCC#CCO,ricinoleic/aliphatic,,,,,,,,,,,,,,,,head–linker–tail,DOPE,[H][C@@](COP([O-])(OCC[NH3+])=O)(OC(CCCCCCC/C=C\\CCCCCCCC)=O)COC(CCCCCCC/C=C\\CCCCCCCC)=O,16.0,Cholesterol,C[C@H](CCCC(C)C)[C@H]1CC[C@@H]2[C@@]1(CC[C@H]3[C@H]2CC=C4[C@@]3(CC[C@@H](C4)O)C)C,46.5,DMPE-PEG2000,CCCCCCCCCCCCCC(=O)OCC(COP(=O)(OCCNCC(=O)OCCOCCOCCOCCOCCOCCOCCOCCOCCOCCOCCOCCOCCOCCOCCOCCOCCOCCOCCOCCOCCOCCOCCOCCOCCOCCOCCOCCOCCOCCOCCOCCOCCOCCOCCOCCOCCOCCOCCOCCOCCOCCOCCOC)O)OC(=O)CCCCCCCCCCCCC,2.5,2000.0,35.0,10.0,,,,mRNA,in_vitro,in_vitro,A549,in_vitro,,,,,,,0.3300831141948832,normalized_luminescence,146.0,1.0,0.0,96.0,2049.538195,260.28,0.0,24.0,29.6122,592.258,0.803278689,4.0,4.0,2051.014,True,True,False,biodegradable acrylate,,,,,,,,,,,,,,,,,,,cyclic-dendrimer
LNPhub_R0004500,LNPhub_BL_2023,https://www.nature.com/articles/s41587-023-01679-x,LNPhub_BL_2023_LNP_000490,BL_A70-T9,CCCCC#CCCOC(=O)OC(C/C=C\CCCCCCCCOC(=O)CCN(CCCN1CCOCC1)CCC(=O)OCCCCCCCC/C=C\CC(CCCCCC)OC(=O)OCCC#CCCCC)CCCCCC,Ugi-3CR,C(CN)CN1CCOCC1,primary_tertiary,C=CC(=O)OCCCCCCCC/C=C\CC(CCCCCC)OC(=O)O,ester/carbonate acrylate,1,T9,CCCCC#CCCO,ricinoleic/aliphatic,,,,,,,,,,,,,,,,head–linker–tail,DOPE,[H][C@@](COP([O-])(OCC[NH3+])=O)(OC(CCCCCCC/C=C\\CCCCCCCC)=O)COC(CCCCCCC/C=C\\CCCCCCCC)=O,16.0,Cholesterol,C[C@H](CCCC(C)C)[C@H]1CC[C@@H]2[C@@]1(CC[C@H]3[C@H]2CC=C4[C@@]3(CC[C@@H](C4)O)C)C,46.5,DMPE-PEG2000,CCCCCCCCCCCCCC(=O)OCC(COP(=O)(OCCNCC(=O)OCCOCCOCCOCCOCCOCCOCCOCCOCCOCCOCCOCCOCCOCCOCCOCCOCCOCCOCCOCCOCCOCCOCCOCCOCCOCCOCCOCCOCCOCCOCCOCCOCCOCCOCCOCCOCCOCCOCCOCCOCCOCCOCCOC)O)OC(=O)CCCCCCCCCCCCC,2.5,2000.0,35.0,10.0,,,,mRNA,in_vitro,in_vitro,A549,in_vitro,,,,,,,-0.7260170946182538,normalized_luminescence,80.0,1.0,0.0,52.0,1124.857913,139.37,0.0,13.0,16.3831,325.416,0.820895522,2.0,2.0,1125.668,True,True,False,biodegradable acrylate,,,,,,,,,,,,,,,,,,,cyclic
LNPhub_R0004501,LNPhub_BL_2023,https://www.nature.com/articles/s41587-023-01679-x,LNPhub_BL_2023_LNP_000491,BL_A52-T2,CCCCCCCC/C=C\CCCCCCCCOC(=O)OC(C/C=C\CCCCCCCCOC(=O)CCN1CCC(CCO)CC1)CCCCCC,Ugi-3CR,C1CNCCC1CCO,secondary,C=CC(=O)OCCCCCCCC/C=C\CC(CCCCCC)OC(=O)O,ester/carbonate acrylate,1,T2,CCCCCCCCC=CCCCCCCCCO,ricinoleic/aliphatic,,,,,,,,,,,,,,,,head–linker–tail,DOPE,[H][C@@](COP([O-])(OCC[NH3+])=O)(OC(CCCCCCC/C=C\\CCCCCCCC)=O)COC(CCCCCCC/C=C\\CCCCCCCC)=O,16.0,Cholesterol,C[C@H](CCCC(C)C)[C@H]1CC[C@@H]2[C@@]1(CC[C@H]3[C@H]2CC=C4[C@@]3(CC[C@@H](C4)O)C)C,46.5,DMPE-PEG2000,CCCCCCCCCCCCCC(=O)OCC(COP(=O)(OCCNCC(=O)OCCOCCOCCOCCOCCOCCOCCOCCOCCOCCOCCOCCOCCOCCOCCOCCOCCOCCOCCOCCOCCOCCOCCOCCOCCOCCOCCOCCOCCOCCOCCOCCOCCOCCOCCOCCOCCOCCOCCOCCOCCOCCOCCOC)O)OC(=O)CCCCCCCCCCCCC,2.5,2000.0,35.0,10.0,,,,mRNA,in_vitro,in_vitro,A549,in_vitro,,,,,,,0.5839565380351331,normalized_luminescence,54.0,1.0,0.0,38.0,761.6533395,85.3,1.0,7.0,13.2208,226.9508,0.872340426,1.0,1.0,762.214,True,True,False,biodegradable acrylate,,,,,,,,,,,,,,,,,,,cyclic
LNPhub_R0004502,LNPhub_BL_2023,https://www.nature.com/articles/s41587-023-01679-x,LNPhub_BL_2023_LNP_000492,BL_A5-T1,CCCCCCCCCCCCCCCCCCOC(=O)OC(C/C=C\CCCCCCCCOC(=O)CCN(C)CCCN(C)CCC(=O)OCCCCCCCC/C=C\CC(CCCCCC)OC(=O)OCCCCCCCCCCCCCCCCCC)CCCCCC,Ugi-3CR,CNCCCNC,secondary,C=CC(=O)OCCCCCCCC/C=C\CC(CCCCCC)OC(=O)O,ester/carbonate acrylate,1,T1,CCCCCCCCCCCCCCCCCCO,ricinoleic/aliphatic,,,,,,,,,,,,,,,,head–linker–tail,DOPE,[H][C@@](COP([O-])(OCC[NH3+])=O)(OC(CCCCCCC/C=C\\CCCCCCCC)=O)COC(CCCCCCC/C=C\\CCCCCCCC)=O,16.0,Cholesterol,C[C@H](CCCC(C)C)[C@H]1CC[C@@H]2[C@@]1(CC[C@H]3[C@H]2CC=C4[C@@]3(CC[C@@H](C4)O)C)C,46.5,DMPE-PEG2000,CCCCCCCCCCCCCC(=O)OCC(COP(=O)(OCCNCC(=O)OCCOCCOCCOCCOCCOCCOCCOCCOCCOCCOCCOCCOCCOCCOCCOCCOCCOCCOCCOCCOCCOCCOCCOCCOCCOCCOCCOCCOCCOCCOCCOCCOCCOCCOCCOCCOCCOCCOCCOCCOCCOCCOCCOC)O)OC(=O)CCCCCCCCCCCCC,2.5,2000.0,35.0,10.0,,,,mRNA,in_vitro,in_vitro,A549,in_vitro,,,,,,,1.7716158342946302,normalized_luminescence,97.0,0.0,0.0,78.0,1371.222949,130.14,0.0,12.0,25.9681,411.967,0.905882353,2.0,2.0,1372.235,True,True,False,biodegradable acrylate,,,,,,,,,,,,,,,,,,,linear
LNPhub_R0004503,LNPhub_BL_2023,https://www.nature.com/articles/s41587-023-01679-x,LNPhub_BL_2023_LNP_000493,BL_A49-T1,CCCCCCCCCCCCCCCCCCOC(=O)OC(C/C=C\CCCCCCCCOC(=O)CCN(CCC(=O)OCCCCCCCC/C=C\CC(CCCCCC)OC(=O)OCCCCCCCCCCCCCCCCCC)CCN1CCCCCC1)CCCCCC,Ugi-3CR,C1CCCN(CC1)CCN,primary_tertiary,C=CC(=O)OCCCCCCCC/C=C\CC(CCCCCC)OC(=O)O,ester/carbonate acrylate,1,T1,CCCCCCCCCCCCCCCCCCO,ricinoleic/aliphatic,,,,,,,,,,,,,,,,head–linker–tail,DOPE,[H][C@@](COP([O-])(OCC[NH3+])=O)(OC(CCCCCCC/C=C\\CCCCCCCC)=O)COC(CCCCCCC/C=C\\CCCCCCCC)=O,16.0,Cholesterol,C[C@H](CCCC(C)C)[C@H]1CC[C@@H]2[C@@]1(CC[C@H]3[C@H]2CC=C4[C@@]3(CC[C@@H](C4)O)C)C,46.5,DMPE-PEG2000,CCCCCCCCCCCCCC(=O)OCC(COP(=O)(OCCNCC(=O)OCCOCCOCCOCCOCCOCCOCCOCCOCCOCCOCCOCCOCCOCCOCCOCCOCCOCCOCCOCCOCCOCCOCCOCCOCCOCCOCCOCCOCCOCCOCCOCCOCCOCCOCCOCCOCCOCCOCCOCCOCCOCCOCCOC)O)OC(=O)CCCCCCCCCCCCC,2.5,2000.0,35.0,10.0,,,,mRNA,in_vitro,in_vitro,A549,in_vitro,,,,,,,-1.1251112425009997,normalized_luminescence,100.0,1.0,0.0,77.0,1411.25425,130.14,0.0,12.0,26.8924,423.704,0.909090909,2.0,2.0,1412.3,True,True,False,biodegradable acrylate,,,,,,,,,,,,,,,,,,,cyclic
LNPhub_R0004504,LNPhub_BL_2023,https://www.nature.com/articles/s41587-023-01679-x,LNPhub_BL_2023_LNP_000494,BL_A19-T5,CCCC#CCOC(=O)OC(C/C=C\CCCCCCCCOC(=O)CCN(CCC(=O)OCCCCCCCC/C=C\CC(CCCCCC)OC(=O)OCC#CCCC)CCN1CCCCC1)CCCCCC,Ugi-3CR,NCCN1CCCCC1,primary_tertiary,C=CC(=O)OCCCCCCCC/C=C\CC(CCCCCC)OC(=O)O,ester/carbonate acrylate,1,T5,CCCC#CCO,ricinoleic/aliphatic,,,,,,,,,,,,,,,,head–linker–tail,DOPE,[H][C@@](COP([O-])(OCC[NH3+])=O)(OC(CCCCCCC/C=C\\CCCCCCCC)=O)COC(CCCCCCC/C=C\\CCCCCCCC)=O,16.0,Cholesterol,C[C@H](CCCC(C)C)[C@H]1CC[C@@H]2[C@@]1(CC[C@H]3[C@H]2CC=C4[C@@]3(CC[C@@H](C4)O)C)C,46.5,DMPE-PEG2000,CCCCCCCCCCCCCC(=O)OCC(COP(=O)(OCCNCC(=O)OCCOCCOCCOCCOCCOCCOCCOCCOCCOCCOCCOCCOCCOCCOCCOCCOCCOCCOCCOCCOCCOCCOCCOCCOCCOCCOCCOCCOCCOCCOCCOCCOCCOCCOCCOCCOCCOCCOCCOCCOCCOCCOCCOC)O)OC(=O)CCCCCCCCCCCCC,2.5,2000.0,35.0,10.0,,,,mRNA,in_vitro,in_vitro,A549,in_vitro,,,,,,,0.4256118027469329,normalized_luminescence,75.0,1.0,0.0,47.0,1052.800398,130.14,0.0,12.0,15.5863,305.363,0.80952381,2.0,2.0,1053.561,True,True,False,biodegradable acrylate,,,,,,,,,,,,,,,,,,,cyclic
LNPhub_R0004505,LNPhub_BL_2023,https://www.nature.com/articles/s41587-023-01679-x,LNPhub_BL_2023_LNP_000495,BL_A10-T10,CCCCCCC#CCCOC(=O)OC(C/C=C\CCCCCCCCOC(=O)CCN(CCC(=O)OCCCCCCCC/C=C\CC(CCCCCC)OC(=O)OCCC#CCCCCCC)CCc1ccncc1)CCCCCC,Ugi-3CR,NCCC1=CC=NC=C1,primary,C=CC(=O)OCCCCCCCC/C=C\CC(CCCCCC)OC(=O)O,ester/carbonate acrylate,1,T10,CCCCCCC#CCCO,ricinoleic/aliphatic,,,,,,,,,,,,,,,,head–linker–tail,DOPE,[H][C@@](COP([O-])(OCC[NH3+])=O)(OC(CCCCCCC/C=C\\CCCCCCCC)=O)COC(CCCCCCC/C=C\\CCCCCCCC)=O,16.0,Cholesterol,C[C@H](CCCC(C)C)[C@H]1CC[C@@H]2[C@@]1(CC[C@H]3[C@H]2CC=C4[C@@]3(CC[C@@H](C4)O)C)C,46.5,DMPE-PEG2000,CCCCCCCCCCCCCC(=O)OCC(COP(=O)(OCCNCC(=O)OCCOCCOCCOCCOCCOCCOCCOCCOCCOCCOCCOCCOCCOCCOCCOCCOCCOCCOCCOCCOCCOCCOCCOCCOCCOCCOCCOCCOCCOCCOCCOCCOCCOCCOCCOCCOCCOCCOCCOCCOCCOCCOCCOC)O)OC(=O)CCCCCCCCCCCCC,2.5,2000.0,35.0,10.0,,,,mRNA,in_vitro,in_vitro,A549,in_vitro,,,,,,,-0.3968264854163704,normalized_luminescence,83.0,1.0,1.0,55.0,1158.878648,139.79,0.0,12.0,18.8589,339.949,0.76056338,2.0,2.0,1159.729,True,True,False,biodegradable acrylate,,,,,,,,,,,,,,,,,,,cyclic
LNPhub_R0004506,LNPhub_BL_2023,https://www.nature.com/articles/s41587-023-01679-x,LNPhub_BL_2023_LNP_000496,BL_A24-T10,CCCCCCC#CCCOC(=O)OC(C/C=C\CCCCCCCCOC(=O)CCN1CCN(c2cccnc2)CC1)CCCCCC,Ugi-3CR,C1=CC(=CN=C1)N2CCNCC2,secondary_tertiary,C=CC(=O)OCCCCCCCC/C=C\CC(CCCCCC)OC(=O)O,ester/carbonate acrylate,1,T10,CCCCCCC#CCCO,ricinoleic/aliphatic,,,,,,,,,,,,,,,,head–linker–tail,DOPE,[H][C@@](COP([O-])(OCC[NH3+])=O)(OC(CCCCCCC/C=C\\CCCCCCCC)=O)COC(CCCCCCC/C=C\\CCCCCCCC)=O,16.0,Cholesterol,C[C@H](CCCC(C)C)[C@H]1CC[C@@H]2[C@@]1(CC[C@H]3[C@H]2CC=C4[C@@]3(CC[C@@H](C4)O)C)C,46.5,DMPE-PEG2000,CCCCCCCCCCCCCC(=O)OCC(COP(=O)(OCCNCC(=O)OCCOCCOCCOCCOCCOCCOCCOCCOCCOCCOCCOCCOCCOCCOCCOCCOCCOCCOCCOCCOCCOCCOCCOCCOCCOCCOCCOCCOCCOCCOCCOCCOCCOCCOCCOCCOCCOCCOCCOCCOCCOCCOCCOC)O)OC(=O)CCCCCCCCCCCCC,2.5,2000.0,35.0,10.0,,,,mRNA,in_vitro,in_vitro,A549,in_vitro,,,,,,,1.54809389027031,normalized_luminescence,49.0,2.0,1.0,27.0,681.5080722,81.2,0.0,8.0,9.67,200.674,0.731707317,1.0,3.0,682.003,True,True,False,biodegradable acrylate,,,,,,,,,,,,,,,,,,,cyclic
LNPhub_R0004507,LNPhub_BL_2023,https://www.nature.com/articles/s41587-023-01679-x,LNPhub_BL_2023_LNP_000497,BL_A8-T5,CCCC#CCOC(=O)OC(C/C=C\CCCCCCCCOC(=O)CCN(CCN(CC)CC)CCN(CC)CC)CCCCCC,Ugi-3CR,CCN(CC)CCNCCN(CC)CC,secondary_tertiary,C=CC(=O)OCCCCCCCC/C=C\CC(CCCCCC)OC(=O)O,ester/carbonate acrylate,1,T5,CCCC#CCO,ricinoleic/aliphatic,,,,,,,,,,,,,,,,head–linker–tail,DOPE,[H][C@@](COP([O-])(OCC[NH3+])=O)(OC(CCCCCCC/C=C\\CCCCCCCC)=O)COC(CCCCCCC/C=C\\CCCCCCCC)=O,16.0,Cholesterol,C[C@H](CCCC(C)C)[C@H]1CC[C@@H]2[C@@]1(CC[C@H]3[C@H]2CC=C4[C@@]3(CC[C@@H](C4)O)C)C,46.5,DMPE-PEG2000,CCCCCCCCCCCCCC(=O)OCC(COP(=O)(OCCNCC(=O)OCCOCCOCCOCCOCCOCCOCCOCCOCCOCCOCCOCCOCCOCCOCCOCCOCCOCCOCCOCCOCCOCCOCCOCCOCCOCCOCCOCCOCCOCCOCCOCCOCCOCCOCCOCCOCCOCCOCCOCCOCCOCCOCCOC)O)OC(=O)CCCCCCCCCCCCC,2.5,2000.0,35.0,10.0,,,,mRNA,in_vitro,in_vitro,A549,in_vitro,,,,,,,-0.0806063792127982,normalized_luminescence,48.0,0.0,0.0,32.0,677.5706725,71.55,0.0,8.0,8.878,201.332,0.85,1.0,3.0,678.056,True,True,False,biodegradable acrylate,,,,,,,,,,,,,,,,,,,branched
LNPhub_R0004508,LNPhub_BL_2023,https://www.nature.com/articles/s41587-023-01679-x,LNPhub_BL_2023_LNP_000498,BL_A20-T4,CCC#CCOC(=O)OC(C/C=C\CCCCCCCCOC(=O)CCN1CCN=C1C)CCCCCC,Ugi-3CR,C1CN=C(N1)C,secondary,C=CC(=O)OCCCCCCCC/C=C\CC(CCCCCC)OC(=O)O,ester/carbonate acrylate,1,T4,CCC#CCO,ricinoleic/aliphatic,,,,,,,,,,,,,,,,head–linker–tail,DOPE,[H][C@@](COP([O-])(OCC[NH3+])=O)(OC(CCCCCCC/C=C\\CCCCCCCC)=O)COC(CCCCCCC/C=C\\CCCCCCCC)=O,16.0,Cholesterol,C[C@H](CCCC(C)C)[C@H]1CC[C@@H]2[C@@]1(CC[C@H]3[C@H]2CC=C4[C@@]3(CC[C@@H](C4)O)C)C,46.5,DMPE-PEG2000,CCCCCCCCCCCCCC(=O)OCC(COP(=O)(OCCNCC(=O)OCCOCCOCCOCCOCCOCCOCCOCCOCCOCCOCCOCCOCCOCCOCCOCCOCCOCCOCCOCCOCCOCCOCCOCCOCCOCCOCCOCCOCCOCCOCCOCCOCCOCCOCCOCCOCCOCCOCCOCCOCCOCCOCCOC)O)OC(=O)CCCCCCCCCCCCC,2.5,2000.0,35.0,10.0,,,,mRNA,in_vitro,in_vitro,A549,in_vitro,,,,,,,0.5739185053125196,normalized_luminescence,38.0,1.0,0.0,21.0,532.3876228,77.43,0.0,7.0,7.2363,154.248,0.774193548,1.0,2.0,532.766,True,True,False,biodegradable acrylate,,,,,,,,,,,,,,,,,,,cyclic
LNPhub_R0004509,LNPhub_BL_2023,https://www.nature.com/articles/s41587-023-01679-x,LNPhub_BL_2023_LNP_000499,BL_A6-T2,CCCCCCCC/C=C\CCCCCCCCOC(=O)OC(C/C=C\CCCCCCCCOC(=O)CCN(CCCN1CCN(CCCN(CCC(=O)OCCCCCCCC/C=C\CC(CCCCCC)OC(=O)OCCCCCCCC/C=C\CCCCCCCC)CCC(=O)OCCCCCCCC/C=C\CC(CCCCCC)OC(=O)OCCCCCCCC/C=C\CCCCCCCC)CC1)CCC(=O)OCCCCCCCC/C=C\CC(CCCCCC)OC(=O)OCCCCCCCC/C=C\CCCCCCCC)CCCCCC,Ugi-3CR,C(CN)CN1CCN(CCCN)CC1,primary_tertiary,C=CC(=O)OCCCCCCCC/C=C\CC(CCCCCC)OC(=O)O,ester/carbonate acrylate,1,T2,CCCCCCCCC=CCCCCCCCCO,ricinoleic/aliphatic,,,,,,,,,,,,,,,,head–linker–tail,DOPE,[H][C@@](COP([O-])(OCC[NH3+])=O)(OC(CCCCCCC/C=C\\CCCCCCCC)=O)COC(CCCCCCC/C=C\\CCCCCCCC)=O,16.0,Cholesterol,C[C@H](CCCC(C)C)[C@H]1CC[C@@H]2[C@@]1(CC[C@H]3[C@H]2CC=C4[C@@]3(CC[C@@H](C4)O)C)C,46.5,DMPE-PEG2000,CCCCCCCCCCCCCC(=O)OCC(COP(=O)(OCCNCC(=O)OCCOCCOCCOCCOCCOCCOCCOCCOCCOCCOCCOCCOCCOCCOCCOCCOCCOCCOCCOCCOCCOCCOCCOCCOCCOCCOCCOCCOCCOCCOCCOCCOCCOCCOCCOCCOCCOCCOCCOCCOCCOCCOCCOC)O)OC(=O)CCCCCCCCCCCCC,2.5,2000.0,35.0,10.0,,,,mRNA,in_vitro,in_vitro,A549,in_vitro,,,,,,,1.6939945226156394,normalized_luminescence,194.0,1.0,0.0,152.0,2730.351998,260.28,0.0,24.0,50.5482,819.33,0.858823529,4.0,4.0,2732.374,True,True,False,biodegradable acrylate,,,,,,,,,,,,,,,,,,,cyclic-dendrimer
LNPhub_R0004510,LNPhub_BL_2023,https://www.nature.com/articles/s41587-023-01679-x,LNPhub_BL_2023_LNP_000500,BL_A44-T10,CCCCCCC#CCCOC(=O)OC(C/C=C\CCCCCCCCOC(=O)CCN(CCC(=O)OCCCCCCCC/C=C\CC(CCCCCC)OC(=O)OCCC#CCCCCCC)CCC1CCCCN1C(C)C)CCCCCC,Ugi-3CR,CC(C)N1CCCCC1CCN,primary_tertiary,C=CC(=O)OCCCCCCCC/C=C\CC(CCCCCC)OC(=O)O,ester/carbonate acrylate,1,T10,CCCCCCC#CCCO,ricinoleic/aliphatic,,,,,,,,,,,,,,,,head–linker–tail,DOPE,[H][C@@](COP([O-])(OCC[NH3+])=O)(OC(CCCCCCC/C=C\\CCCCCCCC)=O)COC(CCCCCCC/C=C\\CCCCCCCC)=O,16.0,Cholesterol,C[C@H](CCCC(C)C)[C@H]1CC[C@@H]2[C@@]1(CC[C@H]3[C@H]2CC=C4[C@@]3(CC[C@@H](C4)O)C)C,46.5,DMPE-PEG2000,CCCCCCCCCCCCCC(=O)OCC(COP(=O)(OCCNCC(=O)OCCOCCOCCOCCOCCOCCOCCOCCOCCOCCOCCOCCOCCOCCOCCOCCOCCOCCOCCOCCOCCOCCOCCOCCOCCOCCOCCOCCOCCOCCOCCOCCOCCOCCOCCOCCOCCOCCOCCOCCOCCOCCOCCOC)O)OC(=O)CCCCCCCCCCCCC,2.5,2000.0,35.0,10.0,,,,mRNA,in_vitro,in_vitro,A549,in_vitro,,,,,,,0.8969342266815888,normalized_luminescence,86.0,1.0,0.0,56.0,1206.972548,130.14,0.0,12.0,19.8742,356.106,0.837837838,3.0,2.0,1207.858,True,True,False,biodegradable acrylate,,,,,,,,,,,,,,,,,,,cyclic-dendrimer
LNPhub_R0004511,LNPhub_BL_2023,https://www.nature.com/articles/s41587-023-01679-x,LNPhub_BL_2023_LNP_000501,BL_A38-T8,CCCCCCC#CCOC(=O)OC(C/C=C\CCCCCCCCOC(=O)CCN(CCC(=O)OCCCCCCCC/C=C\CC(CCCCCC)OC(=O)OCC#CCCCCCC)CCC1CCCCN1C)CCCCCC,Ugi-3CR,CN1CCCCC1CCN,primary_tertiary,C=CC(=O)OCCCCCCCC/C=C\CC(CCCCCC)OC(=O)O,ester/carbonate acrylate,1,T8,CCCCCCC#CCO,ricinoleic/aliphatic,,,,,,,,,,,,,,,,head–linker–tail,DOPE,[H][C@@](COP([O-])(OCC[NH3+])=O)(OC(CCCCCCC/C=C\\CCCCCCCC)=O)COC(CCCCCCC/C=C\\CCCCCCCC)=O,16.0,Cholesterol,C[C@H](CCCC(C)C)[C@H]1CC[C@@H]2[C@@]1(CC[C@H]3[C@H]2CC=C4[C@@]3(CC[C@@H](C4)O)C)C,46.5,DMPE-PEG2000,CCCCCCCCCCCCCC(=O)OCC(COP(=O)(OCCNCC(=O)OCCOCCOCCOCCOCCOCCOCCOCCOCCOCCOCCOCCOCCOCCOCCOCCOCCOCCOCCOCCOCCOCCOCCOCCOCCOCCOCCOCCOCCOCCOCCOCCOCCOCCOCCOCCOCCOCCOCCOCCOCCOCCOCCOC)O)OC(=O)CCCCCCCCCCCCC,2.5,2000.0,35.0,10.0,,,,mRNA,in_vitro,in_vitro,A549,in_vitro,,,,,,,0.5426437080218898,normalized_luminescence,82.0,1.0,0.0,53.0,1150.909948,130.14,0.0,12.0,18.3154,337.66,0.828571429,3.0,2.0,1151.75,True,True,False,biodegradable acrylate,,,,,,,,,,,,,,,,,,,cyclic
LNPhub_R0004512,LNPhub_BL_2023,https://www.nature.com/articles/s41587-023-01679-x,LNPhub_BL_2023_LNP_000502,BL_MD-1,CCCCCCCCCCC(O)CN(CCCCC1NC(=O)C(CCCCN(CC(O)CCCCCCCCCC)CC(O)CCCCCCCCCC)NC1=O)CC(O)CCCCCCCCCC,Ugi-3CR,,,C=CC(=O)OCCCCCCCC/C=C\CC(CCCCCC)OC(=O)O,ester/carbonate acrylate,0,,,ricinoleic/aliphatic,,,,,,,,,,,,,,,,head–linker–tail,DOPE,[H][C@@](COP([O-])(OCC[NH3+])=O)(OC(CCCCCCC/C=C\\CCCCCCCC)=O)COC(CCCCCCC/C=C\\CCCCCCCC)=O,16.0,Cholesterol,C[C@H](CCCC(C)C)[C@H]1CC[C@@H]2[C@@]1(CC[C@H]3[C@H]2CC=C4[C@@]3(CC[C@@H](C4)O)C)C,46.5,DMPE-PEG2000,CCCCCCCCCCCCCC(=O)OCC(COP(=O)(OCCNCC(=O)OCCOCCOCCOCCOCCOCCOCCOCCOCCOCCOCCOCCOCCOCCOCCOCCOCCOCCOCCOCCOCCOCCOCCOCCOCCOCCOCCOCCOCCOCCOCCOCCOCCOCCOCCOCCOCCOCCOCCOCCOCCOCCOCCOC)O)OC(=O)CCCCCCCCCCCCC,2.5,2000.0,35.0,7.5,,,,mRNA,intratracheal,in_vivo,Mouse_B6,lung_epithelium,,,,,,,0.0422149732108749,normalized_luminescence,70.0,1.0,0.0,54.0,992.9207876,145.6,6.0,8.0,13.481,297.3786,0.966666667,6.0,4.0,993.642,False,False,False,biodegradable acrylate,,,,,,,,,,,,,,,,,,,unknown
LNPhub_R0004513,LNPhub_BL_2023,https://www.nature.com/articles/s41587-023-01679-x,LNPhub_BL_2023_LNP_000503,BL_A3-T7,CCCCCC#CCOC(=O)OC(C/C=C\CCCCCCCCOC(=O)CCN(CCCN(CC)CC)CCC(=O)OCCCCCCCC/C=C\CC(CCCCCC)OC(=O)OCC#CCCCCC)CCCCCC,Ugi-3CR,CCN(CC)CCCN,primary_tertiary,C=CC(=O)OCCCCCCCC/C=C\CC(CCCCCC)OC(=O)O,ester/carbonate acrylate,1,T7,CCCCCC#CCO,ricinoleic/aliphatic,,,,,,,,,,,,,,,,head–linker–tail,DOPE,[H][C@@](COP([O-])(OCC[NH3+])=O)(OC(CCCCCCC/C=C\\CCCCCCCC)=O)COC(CCCCCCC/C=C\\CCCCCCCC)=O,16.0,Cholesterol,C[C@H](CCCC(C)C)[C@H]1CC[C@@H]2[C@@]1(CC[C@H]3[C@H]2CC=C4[C@@]3(CC[C@@H](C4)O)C)C,46.5,DMPE-PEG2000,CCCCCCCCCCCCCC(=O)OCC(COP(=O)(OCCNCC(=O)OCCOCCOCCOCCOCCOCCOCCOCCOCCOCCOCCOCCOCCOCCOCCOCCOCCOCCOCCOCCOCCOCCOCCOCCOCCOCCOCCOCCOCCOCCOCCOCCOCCOCCOCCOCCOCCOCCOCCOCCOCCOCCOCCOC)O)OC(=O)CCCCCCCCCCCCC,2.5,2000.0,35.0,10.0,,,,mRNA,in_vitro,in_vitro,A549,in_vitro,,,,,,,-0.0976375263148465,normalized_luminescence,79.0,0.0,0.0,54.0,1110.878648,130.14,0.0,12.0,17.3927,325.945,0.820895522,2.0,2.0,1111.685,True,True,False,biodegradable acrylate,,,,,,,,,,,,,,,,,,,branched
LNPhub_R0004514,LNPhub_BL_2023,https://www.nature.com/articles/s41587-023-01679-x,LNPhub_BL_2023_LNP_000504,BL_A60-T10,CCCCCCC#CCCOC(=O)OC(C/C=C\CCCCCCCCOC(=O)CCN(CCC(=O)OCCCCCCCC/C=C\CC(CCCCCC)OC(=O)OCCC#CCCCCCC)CC(O)CO)CCCCCC,Ugi-3CR,C(C(CO)O)N,primary,C=CC(=O)OCCCCCCCC/C=C\CC(CCCCCC)OC(=O)O,ester/carbonate acrylate,1,T10,CCCCCCC#CCCO,ricinoleic/aliphatic,,,,,,,,,,,,,,,,head–linker–tail,DOPE,[H][C@@](COP([O-])(OCC[NH3+])=O)(OC(CCCCCCC/C=C\\CCCCCCCC)=O)COC(CCCCCCC/C=C\\CCCCCCCC)=O,16.0,Cholesterol,C[C@H](CCCC(C)C)[C@H]1CC[C@@H]2[C@@]1(CC[C@H]3[C@H]2CC=C4[C@@]3(CC[C@@H](C4)O)C)C,46.5,DMPE-PEG2000,CCCCCCCCCCCCCC(=O)OCC(COP(=O)(OCCNCC(=O)OCCOCCOCCOCCOCCOCCOCCOCCOCCOCCOCCOCCOCCOCCOCCOCCOCCOCCOCCOCCOCCOCCOCCOCCOCCOCCOCCOCCOCCOCCOCCOCCOCCOCCOCCOCCOCCOCCOCCOCCOCCOCCOCCOC)O)OC(=O)CCCCCCCCCCCCC,2.5,2000.0,35.0,10.0,,,,mRNA,in_vitro,in_vitro,A549,in_vitro,,,,,,,-0.5496546253659755,normalized_luminescence,80.0,0.0,0.0,55.0,1127.857578,167.36,2.0,13.0,16.5744,325.1006,0.820895522,3.0,1.0,1128.668,True,True,False,biodegradable acrylate,,,,,,,,,,,,,,,,,,,branched
LNPhub_R0004515,LNPhub_BL_2023,https://www.nature.com/articles/s41587-023-01679-x,LNPhub_BL_2023_LNP_000505,BL_A58-T3,CCCCC/C=C\C/C=C\CCCCCCCCOC(=O)OC(C/C=C\CCCCCCCCOC(=O)CCN(CCCCCO)CCC(=O)OCCCCCCCC/C=C\CC(CCCCCC)OC(=O)OCCCCCCCC/C=C\C/C=C\CCCCC)CCCCCC,Ugi-3CR,C(CCN)CCO,primary,C=CC(=O)OCCCCCCCC/C=C\CC(CCCCCC)OC(=O)O,ester/carbonate acrylate,1,T3,CCCCCC=CCC=C=CCCCCCCCCO,ricinoleic/aliphatic,,,,,,,,,,,,,,,,head–linker–tail,DOPE,[H][C@@](COP([O-])(OCC[NH3+])=O)(OC(CCCCCCC/C=C\\CCCCCCCC)=O)COC(CCCCCCC/C=C\\CCCCCCCC)=O,16.0,Cholesterol,C[C@H](CCCC(C)C)[C@H]1CC[C@@H]2[C@@]1(CC[C@H]3[C@H]2CC=C4[C@@]3(CC[C@@H](C4)O)C)C,46.5,DMPE-PEG2000,CCCCCCCCCCCCCC(=O)OCC(COP(=O)(OCCNCC(=O)OCCOCCOCCOCCOCCOCCOCCOCCOCCOCCOCCOCCOCCOCCOCCOCCOCCOCCOCCOCCOCCOCCOCCOCCOCCOCCOCCOCCOCCOCCOCCOCCOCCOCCOCCOCCOCCOCCOCCOCCOCCOCCOCCOC)O)OC(=O)CCCCCCCCCCCCC,2.5,2000.0,35.0,10.0,,,,mRNA,in_vitro,in_vitro,A549,in_vitro,,,,,,,-0.0905648170406641,normalized_luminescence,97.0,0.0,0.0,75.0,1364.144365,147.13,1.0,12.0,25.283,409.3568,0.811764706,2.0,1.0,1365.155,True,True,False,biodegradable acrylate,,,,,,,,,,,,,,,,,,,linear
LNPhub_R0004516,LNPhub_BL_2023,https://www.nature.com/articles/s41587-023-01679-x,LNPhub_BL_2023_LNP_000506,BL_A66-T10,CCCCCCC#CCCOC(=O)OC(C/C=C\CCCCCCCCOC(=O)CCN(CCC(=O)OCCCCCCCC/C=C\CC(CCCCCC)OC(=O)OCCC#CCCCCCC)CCC1OCCO1)CCCCCC,Ugi-3CR,NCCC1OCCO1,primary,C=CC(=O)OCCCCCCCC/C=C\CC(CCCCCC)OC(=O)O,ester/carbonate acrylate,1,T10,CCCCCCC#CCCO,ricinoleic/aliphatic,,,,,,,,,,,,,,,,head–linker–tail,DOPE,[H][C@@](COP([O-])(OCC[NH3+])=O)(OC(CCCCCCC/C=C\\CCCCCCCC)=O)COC(CCCCCCC/C=C\\CCCCCCCC)=O,16.0,Cholesterol,C[C@H](CCCC(C)C)[C@H]1CC[C@@H]2[C@@]1(CC[C@H]3[C@H]2CC=C4[C@@]3(CC[C@@H](C4)O)C)C,46.5,DMPE-PEG2000,CCCCCCCCCCCCCC(=O)OCC(COP(=O)(OCCNCC(=O)OCCOCCOCCOCCOCCOCCOCCOCCOCCOCCOCCOCCOCCOCCOCCOCCOCCOCCOCCOCCOCCOCCOCCOCCOCCOCCOCCOCCOCCOCCOCCOCCOCCOCCOCCOCCOCCOCCOCCOCCOCCOCCOCCOC)O)OC(=O)CCCCCCCCCCCCC,2.5,2000.0,35.0,10.0,,,,mRNA,in_vitro,in_vitro,A549,in_vitro,,,,,,,-0.4615164141646032,normalized_luminescence,82.0,1.0,0.0,55.0,1153.873228,145.36,0.0,13.0,17.9842,332.317,0.826086957,2.0,1.0,1154.706,True,True,False,biodegradable acrylate,,,,,,,,,,,,,,,,,,,cyclic
LNPhub_R0004517,LNPhub_BL_2023,https://www.nature.com/articles/s41587-023-01679-x,LNPhub_BL_2023_LNP_000507,BL_A4-T8,CCCCCCC#CCOC(=O)OC(C/C=C\CCCCCCCCOC(=O)CCN(CCC(=O)OCCCCCCCC/C=C\CC(CCCCCC)OC(=O)OCC#CCCCCCC)CCN(CC)CC)CCCCCC,Ugi-3CR,CCN(CC)CCN,primary_tertiary,C=CC(=O)OCCCCCCCC/C=C\CC(CCCCCC)OC(=O)O,ester/carbonate acrylate,1,T8,CCCCCCC#CCO,ricinoleic/aliphatic,,,,,,,,,,,,,,,,head–linker–tail,DOPE,[H][C@@](COP([O-])(OCC[NH3+])=O)(OC(CCCCCCC/C=C\\CCCCCCCC)=O)COC(CCCCCCC/C=C\\CCCCCCCC)=O,16.0,Cholesterol,C[C@H](CCCC(C)C)[C@H]1CC[C@@H]2[C@@]1(CC[C@H]3[C@H]2CC=C4[C@@]3(CC[C@@H](C4)O)C)C,46.5,DMPE-PEG2000,CCCCCCCCCCCCCC(=O)OCC(COP(=O)(OCCNCC(=O)OCCOCCOCCOCCOCCOCCOCCOCCOCCOCCOCCOCCOCCOCCOCCOCCOCCOCCOCCOCCOCCOCCOCCOCCOCCOCCOCCOCCOCCOCCOCCOCCOCCOCCOCCOCCOCCOCCOCCOCCOCCOCCOCCOC)O)OC(=O)CCCCCCCCCCCCC,2.5,2000.0,35.0,7.5,,,,mRNA,intratracheal,in_vivo,Mouse_B6,lung_epithelium,116.8,0.11,9.7,ZetaPALS,87.1,,-0.2053989340695911,normalized_luminescence,80.0,0.0,0.0,55.0,1124.894298,130.14,0.0,12.0,17.7828,330.562,0.823529412,2.0,2.0,1125.712,True,True,False,biodegradable acrylate,,,,,,95.0,,,,,,,,,,,,,branched
LNPhub_R0004518,LNPhub_BL_2023,https://www.nature.com/articles/s41587-023-01679-x,LNPhub_BL_2023_LNP_000508,BL_A68-T8,CCCCCCC#CCOC(=O)OC(C/C=C\CCCCCCCCOC(=O)CCN(CCC(=O)OCCCCCCCC/C=C\CC(CCCCCC)OC(=O)OCC#CCCCCCC)CCN1CCCC1)CCCCCC,Ugi-3CR,NCCN1CCCC1,primary_tertiary,C=CC(=O)OCCCCCCCC/C=C\CC(CCCCCC)OC(=O)O,ester/carbonate acrylate,1,T8,CCCCCCC#CCO,ricinoleic/aliphatic,,,,,,,,,,,,,,,,head–linker–tail,DOPE,[H][C@@](COP([O-])(OCC[NH3+])=O)(OC(CCCCCCC/C=C\\CCCCCCCC)=O)COC(CCCCCCC/C=C\\CCCCCCCC)=O,16.0,Cholesterol,C[C@H](CCCC(C)C)[C@H]1CC[C@@H]2[C@@]1(CC[C@H]3[C@H]2CC=C4[C@@]3(CC[C@@H](C4)O)C)C,46.5,DMPE-PEG2000,CCCCCCCCCCCCCC(=O)OCC(COP(=O)(OCCNCC(=O)OCCOCCOCCOCCOCCOCCOCCOCCOCCOCCOCCOCCOCCOCCOCCOCCOCCOCCOCCOCCOCCOCCOCCOCCOCCOCCOCCOCCOCCOCCOCCOCCOCCOCCOCCOCCOCCOCCOCCOCCOCCOCCOCCOC)O)OC(=O)CCCCCCCCCCCCC,2.5,2000.0,35.0,10.0,,,,mRNA,in_vitro,in_vitro,A549,in_vitro,,,,,,,-1.3479842415708947,normalized_luminescence,80.0,1.0,0.0,53.0,1122.878648,130.14,0.0,12.0,17.5368,328.448,0.823529412,2.0,2.0,1123.696,True,True,False,biodegradable acrylate,,,,,,,,,,,,,,,,,,,cyclic
LNPhub_R0004519,LNPhub_BL_2023,https://www.nature.com/articles/s41587-023-01679-x,LNPhub_BL_2023_LNP_000509,BL_A38-T3,CCCCC/C=C\C/C=C\CCCCCCCCOC(=O)OC(C/C=C\CCCCCCCCOC(=O)CCN(CCC(=O)OCCCCCCCC/C=C\CC(CCCCCC)OC(=O)OCCCCCCCC/C=C\C/C=C\CCCCC)CCC1CCCCN1C)CCCCCC,Ugi-3CR,CN1CCCCC1CCN,primary_tertiary,C=CC(=O)OCCCCCCCC/C=C\CC(CCCCCC)OC(=O)O,ester/carbonate acrylate,1,T3,CCCCCC=CCC=C=CCCCCCCCCO,ricinoleic/aliphatic,,,,,,,,,,,,,,,,head–linker–tail,DOPE,[H][C@@](COP([O-])(OCC[NH3+])=O)(OC(CCCCCCC/C=C\\CCCCCCCC)=O)COC(CCCCCCC/C=C\\CCCCCCCC)=O,16.0,Cholesterol,C[C@H](CCCC(C)C)[C@H]1CC[C@@H]2[C@@]1(CC[C@H]3[C@H]2CC=C4[C@@]3(CC[C@@H](C4)O)C)C,46.5,DMPE-PEG2000,CCCCCCCCCCCCCC(=O)OCC(COP(=O)(OCCNCC(=O)OCCOCCOCCOCCOCCOCCOCCOCCOCCOCCOCCOCCOCCOCCOCCOCCOCCOCCOCCOCCOCCOCCOCCOCCOCCOCCOCCOCCOCCOCCOCCOCCOCCOCCOCCOCCOCCOCCOCCOCCOCCOCCOCCOC)O)OC(=O)CCCCCCCCCCCCC,2.5,2000.0,35.0,10.0,,,,mRNA,in_vitro,in_vitro,A549,in_vitro,,,,,,,-0.9504706647062822,normalized_luminescence,100.0,1.0,0.0,73.0,1403.191649,130.14,0.0,12.0,25.9948,423.306,0.818181818,3.0,2.0,1404.236,True,True,False,biodegradable acrylate,,,,,,,,,,,,,,,,,,,cyclic
LNPhub_R0004520,LNPhub_BL_2023,https://www.nature.com/articles/s41587-023-01679-x,LNPhub_BL_2023_LNP_000510,BL_A27-T1,CCCCCCCCCCCCCCCCCCOC(=O)OC(C/C=C\CCCCCCCCOC(=O)CCN(CCCN1CCCCCC1)CCC(=O)OCCCCCCCC/C=C\CC(CCCCCC)OC(=O)OCCCCCCCCCCCCCCCCCC)CCCCCC,Ugi-3CR,C1CCCN(CC1)CCC[NH],primary_tertiary,C=CC(=O)OCCCCCCCC/C=C\CC(CCCCCC)OC(=O)O,ester/carbonate acrylate,1,T1,CCCCCCCCCCCCCCCCCCO,ricinoleic/aliphatic,,,,,,,,,,,,,,,,head–linker–tail,DOPE,[H][C@@](COP([O-])(OCC[NH3+])=O)(OC(CCCCCCC/C=C\\CCCCCCCC)=O)COC(CCCCCCC/C=C\\CCCCCCCC)=O,16.0,Cholesterol,C[C@H](CCCC(C)C)[C@H]1CC[C@@H]2[C@@]1(CC[C@H]3[C@H]2CC=C4[C@@]3(CC[C@@H](C4)O)C)C,46.5,DMPE-PEG2000,CCCCCCCCCCCCCC(=O)OCC(COP(=O)(OCCNCC(=O)OCCOCCOCCOCCOCCOCCOCCOCCOCCOCCOCCOCCOCCOCCOCCOCCOCCOCCOCCOCCOCCOCCOCCOCCOCCOCCOCCOCCOCCOCCOCCOCCOCCOCCOCCOCCOCCOCCOCCOCCOCCOCCOCCOC)O)OC(=O)CCCCCCCCCCCCC,2.5,2000.0,35.0,10.0,,,,mRNA,in_vitro,in_vitro,A549,in_vitro,,,,,,,0.705160790212641,normalized_luminescence,101.0,1.0,0.0,78.0,1425.2699,130.14,0.0,12.0,27.2825,428.321,0.91011236,2.0,2.0,1426.327,True,True,False,biodegradable acrylate,,,,,,,,,,,,,,,,,,,cyclic
LNPhub_R0004521,LNPhub_BL_2023,https://www.nature.com/articles/s41587-023-01679-x,LNPhub_BL_2023_LNP_000511,BL_A57-T9,CCCCC#CCCOC(=O)OC(C/C=C\CCCCCCCCOC(=O)CCN(C)CCO)CCCCCC,Ugi-3CR,CNCCO,secondary,C=CC(=O)OCCCCCCCC/C=C\CC(CCCCCC)OC(=O)O,ester/carbonate acrylate,1,T9,CCCCC#CCCO,ricinoleic/aliphatic,,,,,,,,,,,,,,,,head–linker–tail,DOPE,[H][C@@](COP([O-])(OCC[NH3+])=O)(OC(CCCCCCC/C=C\\CCCCCCCC)=O)COC(CCCCCCC/C=C\\CCCCCCCC)=O,16.0,Cholesterol,C[C@H](CCCC(C)C)[C@H]1CC[C@@H]2[C@@]1(CC[C@H]3[C@H]2CC=C4[C@@]3(CC[C@@H](C4)O)C)C,46.5,DMPE-PEG2000,CCCCCCCCCCCCCC(=O)OCC(COP(=O)(OCCNCC(=O)OCCOCCOCCOCCOCCOCCOCCOCCOCCOCCOCCOCCOCCOCCOCCOCCOCCOCCOCCOCCOCCOCCOCCOCCOCCOCCOCCOCCOCCOCCOCCOCCOCCOCCOCCOCCOCCOCCOCCOCCOCCOCCOCCOC)O)OC(=O)CCCCCCCCCCCCC,2.5,2000.0,35.0,10.0,,,,mRNA,in_vitro,in_vitro,A549,in_vitro,,,,,,,-1.354413354525968,normalized_luminescence,40.0,0.0,0.0,26.0,565.4342386,85.3,1.0,7.0,7.5967,163.1328,0.818181818,1.0,1.0,565.836,True,True,False,biodegradable acrylate,,,,,,,,,,,,,,,,,,,linear
LNPhub_R0004522,LNPhub_BL_2023,https://www.nature.com/articles/s41587-023-01679-x,LNPhub_BL_2023_LNP_000512,BL_A69-T1,CCCCCCCCCCCCCCCCCCOC(=O)OC(C/C=C\CCCCCCCCOC(=O)CCN(CCCN1CCCC1)CCC(=O)OCCCCCCCC/C=C\CC(CCCCCC)OC(=O)OCCCCCCCCCCCCCCCCCC)CCCCCC,Ugi-3CR,C1CCN(C1)CCCN,primary_tertiary,C=CC(=O)OCCCCCCCC/C=C\CC(CCCCCC)OC(=O)O,ester/carbonate acrylate,1,T1,CCCCCCCCCCCCCCCCCCO,ricinoleic/aliphatic,,,,,,,,,,,,,,,,head–linker–tail,DOPE,[H][C@@](COP([O-])(OCC[NH3+])=O)(OC(CCCCCCC/C=C\\CCCCCCCC)=O)COC(CCCCCCC/C=C\\CCCCCCCC)=O,16.0,Cholesterol,C[C@H](CCCC(C)C)[C@H]1CC[C@@H]2[C@@]1(CC[C@H]3[C@H]2CC=C4[C@@]3(CC[C@@H](C4)O)C)C,46.5,DMPE-PEG2000,CCCCCCCCCCCCCC(=O)OCC(COP(=O)(OCCNCC(=O)OCCOCCOCCOCCOCCOCCOCCOCCOCCOCCOCCOCCOCCOCCOCCOCCOCCOCCOCCOCCOCCOCCOCCOCCOCCOCCOCCOCCOCCOCCOCCOCCOCCOCCOCCOCCOCCOCCOCCOCCOCCOCCOCCOC)O)OC(=O)CCCCCCCCCCCCC,2.5,2000.0,35.0,10.0,,,,mRNA,in_vitro,in_vitro,A549,in_vitro,,,,,,,-1.4285299372096865,normalized_luminescence,99.0,1.0,0.0,78.0,1397.238599,130.14,0.0,12.0,26.5023,419.087,0.908045977,2.0,2.0,1398.273,True,True,False,biodegradable acrylate,,,,,,,,,,,,,,,,,,,cyclic
LNPhub_R0004523,LNPhub_BL_2023,https://www.nature.com/articles/s41587-023-01679-x,LNPhub_BL_2023_LNP_000513,BL_A42-T1,CCCCCCCCCCCCCCCCCCOC(=O)OC(C/C=C\CCCCCCCCOC(=O)CCN1CCCCC1CCO)CCCCCC,Ugi-3CR,C1CCNC(C1)CCO,secondary,C=CC(=O)OCCCCCCCC/C=C\CC(CCCCCC)OC(=O)O,ester/carbonate acrylate,1,T1,CCCCCCCCCCCCCCCCCCO,ricinoleic/aliphatic,,,,,,,,,,,,,,,,head–linker–tail,DOPE,[H][C@@](COP([O-])(OCC[NH3+])=O)(OC(CCCCCCC/C=C\\CCCCCCCC)=O)COC(CCCCCCC/C=C\\CCCCCCCC)=O,16.0,Cholesterol,C[C@H](CCCC(C)C)[C@H]1CC[C@@H]2[C@@]1(CC[C@H]3[C@H]2CC=C4[C@@]3(CC[C@@H](C4)O)C)C,46.5,DMPE-PEG2000,CCCCCCCCCCCCCC(=O)OCC(COP(=O)(OCCNCC(=O)OCCOCCOCCOCCOCCOCCOCCOCCOCCOCCOCCOCCOCCOCCOCCOCCOCCOCCOCCOCCOCCOCCOCCOCCOCCOCCOCCOCCOCCOCCOCCOCCOCCOCCOCCOCCOCCOCCOCCOCCOCCOCCOCCOC)O)OC(=O)CCCCCCCCCCCCC,2.5,2000.0,35.0,10.0,,,,mRNA,in_vitro,in_vitro,A549,in_vitro,,,,,,,-0.6543070709544851,normalized_luminescence,54.0,1.0,0.0,39.0,763.6689896,85.3,1.0,7.0,13.5873,227.0928,0.914893617,2.0,1.0,764.23,True,True,False,biodegradable acrylate,,,,,,,,,,,,,,,,,,,cyclic
LNPhub_R0004524,LNPhub_BL_2023,https://www.nature.com/articles/s41587-023-01679-x,LNPhub_BL_2023_LNP_000514,BL_A14-T10,CCCCCCC#CCCOC(=O)OC(C/C=C\CCCCCCCCOC(=O)CCN(C)CCN(CCN(C)CCC(=O)OCCCCCCCC/C=C\CC(CCCCCC)OC(=O)OCCC#CCCCCCC)CCN(C)CCC(=O)OCCCCCCCC/C=C\CC(CCCCCC)OC(=O)OCCC#CCCCCCC)CCCCCC,Ugi-3CR,CNCCN(CCNC)CCNC,secondary_tertiary,C=CC(=O)OCCCCCCCC/C=C\CC(CCCCCC)OC(=O)O,ester/carbonate acrylate,1,T10,CCCCCCC#CCCO,ricinoleic/aliphatic,,,,,,,,,,,,,,,,head–linker–tail,DOPE,[H][C@@](COP([O-])(OCC[NH3+])=O)(OC(CCCCCCC/C=C\\CCCCCCCC)=O)COC(CCCCCCC/C=C\\CCCCCCCC)=O,16.0,Cholesterol,C[C@H](CCCC(C)C)[C@H]1CC[C@@H]2[C@@]1(CC[C@H]3[C@H]2CC=C4[C@@]3(CC[C@@H](C4)O)C)C,46.5,DMPE-PEG2000,CCCCCCCCCCCCCC(=O)OCC(COP(=O)(OCCNCC(=O)OCCOCCOCCOCCOCCOCCOCCOCCOCCOCCOCCOCCOCCOCCOCCOCCOCCOCCOCCOCCOCCOCCOCCOCCOCCOCCOCCOCCOCCOCCOCCOCCOCCOCCOCCOCCOCCOCCOCCOCCOCCOCCOCCOC)O)OC(=O)CCCCCCCCCCCCC,2.5,2000.0,35.0,7.5,,,,mRNA,intratracheal,in_vivo,Mouse_B6,lung_epithelium,,,,,,,-0.3218675831888532,normalized_luminescence,124.0,0.0,0.0,87.0,1743.391471,198.45,0.0,19.0,26.483,512.283,0.828571429,3.0,4.0,1744.656,True,True,False,biodegradable acrylate,,,,,,,,,,,,,,,,,,,branched
LNPhub_R0004525,LNPhub_BL_2023,https://www.nature.com/articles/s41587-023-01679-x,LNPhub_BL_2023_LNP_000515,BL_A66-T5,CCCC#CCOC(=O)OC(C/C=C\CCCCCCCCOC(=O)CCN(CCC(=O)OCCCCCCCC/C=C\CC(CCCCCC)OC(=O)OCC#CCCC)CCC1OCCO1)CCCCCC,Ugi-3CR,NCCC1OCCO1,primary,C=CC(=O)OCCCCCCCC/C=C\CC(CCCCCC)OC(=O)O,ester/carbonate acrylate,1,T5,CCCC#CCO,ricinoleic/aliphatic,,,,,,,,,,,,,,,,head–linker–tail,DOPE,[H][C@@](COP([O-])(OCC[NH3+])=O)(OC(CCCCCCC/C=C\\CCCCCCCC)=O)COC(CCCCCCC/C=C\\CCCCCCCC)=O,16.0,Cholesterol,C[C@H](CCCC(C)C)[C@H]1CC[C@@H]2[C@@]1(CC[C@H]3[C@H]2CC=C4[C@@]3(CC[C@@H](C4)O)C)C,46.5,DMPE-PEG2000,CCCCCCCCCCCCCC(=O)OCC(COP(=O)(OCCNCC(=O)OCCOCCOCCOCCOCCOCCOCCOCCOCCOCCOCCOCCOCCOCCOCCOCCOCCOCCOCCOCCOCCOCCOCCOCCOCCOCCOCCOCCOCCOCCOCCOCCOCCOCCOCCOCCOCCOCCOCCOCCOCCOCCOCCOC)O)OC(=O)CCCCCCCCCCCCC,2.5,2000.0,35.0,10.0,,,,mRNA,in_vitro,in_vitro,A549,in_vitro,,,,,,,-1.440471123603321,normalized_luminescence,74.0,1.0,0.0,47.0,1041.748028,145.36,0.0,13.0,14.8634,295.381,0.803278689,2.0,1.0,1042.49,True,True,False,biodegradable acrylate,,,,,,,,,,,,,,,,,,,cyclic
LNPhub_R0004526,LNPhub_BL_2023,https://www.nature.com/articles/s41587-023-01679-x,LNPhub_BL_2023_LNP_000516,BL_A4-T6,CCCCC#CCOC(=O)OC(C/C=C\CCCCCCCCOC(=O)CCN(CCC(=O)OCCCCCCCC/C=C\CC(CCCCCC)OC(=O)OCC#CCCCC)CCN(CC)CC)CCCCCC,Ugi-3CR,CCN(CC)CCN,primary_tertiary,C=CC(=O)OCCCCCCCC/C=C\CC(CCCCCC)OC(=O)O,ester/carbonate acrylate,1,T6,CCCCC#CCO,ricinoleic/aliphatic,,,,,,,,,,,,,,,,head–linker–tail,DOPE,[H][C@@](COP([O-])(OCC[NH3+])=O)(OC(CCCCCCC/C=C\\CCCCCCCC)=O)COC(CCCCCCC/C=C\\CCCCCCCC)=O,16.0,Cholesterol,C[C@H](CCCC(C)C)[C@H]1CC[C@@H]2[C@@]1(CC[C@H]3[C@H]2CC=C4[C@@]3(CC[C@@H](C4)O)C)C,46.5,DMPE-PEG2000,CCCCCCCCCCCCCC(=O)OCC(COP(=O)(OCCNCC(=O)OCCOCCOCCOCCOCCOCCOCCOCCOCCOCCOCCOCCOCCOCCOCCOCCOCCOCCOCCOCCOCCOCCOCCOCCOCCOCCOCCOCCOCCOCCOCCOCCOCCOCCOCCOCCOCCOCCOCCOCCOCCOCCOCCOC)O)OC(=O)CCCCCCCCCCCCC,2.5,2000.0,35.0,7.5,,,,mRNA,intratracheal,in_vivo,Mouse_B6,lung_epithelium,,,,,,,-0.2679915671620276,normalized_luminescence,76.0,0.0,0.0,51.0,1068.831698,130.14,0.0,12.0,16.2224,312.094,0.8125,2.0,2.0,1069.604,True,True,False,biodegradable acrylate,,,,,,,,,,,,,,,,,,,branched
LNPhub_R0004527,LNPhub_BL_2023,https://www.nature.com/articles/s41587-023-01679-x,LNPhub_BL_2023_LNP_000517,BL_A44-T6,CCCCC#CCOC(=O)OC(C/C=C\CCCCCCCCOC(=O)CCN(CCC(=O)OCCCCCCCC/C=C\CC(CCCCCC)OC(=O)OCC#CCCCC)CCC1CCCCN1C(C)C)CCCCCC,Ugi-3CR,CC(C)N1CCCCC1CCN,primary_tertiary,C=CC(=O)OCCCCCCCC/C=C\CC(CCCCCC)OC(=O)O,ester/carbonate acrylate,1,T6,CCCCC#CCO,ricinoleic/aliphatic,,,,,,,,,,,,,,,,head–linker–tail,DOPE,[H][C@@](COP([O-])(OCC[NH3+])=O)(OC(CCCCCCC/C=C\\CCCCCCCC)=O)COC(CCCCCCC/C=C\\CCCCCCCC)=O,16.0,Cholesterol,C[C@H](CCCC(C)C)[C@H]1CC[C@@H]2[C@@]1(CC[C@H]3[C@H]2CC=C4[C@@]3(CC[C@@H](C4)O)C)C,46.5,DMPE-PEG2000,CCCCCCCCCCCCCC(=O)OCC(COP(=O)(OCCNCC(=O)OCCOCCOCCOCCOCCOCCOCCOCCOCCOCCOCCOCCOCCOCCOCCOCCOCCOCCOCCOCCOCCOCCOCCOCCOCCOCCOCCOCCOCCOCCOCCOCCOCCOCCOCCOCCOCCOCCOCCOCCOCCOCCOCCOC)O)OC(=O)CCCCCCCCCCCCC,2.5,2000.0,35.0,10.0,,,,mRNA,in_vitro,in_vitro,A549,in_vitro,,,,,,,0.8553738387336587,normalized_luminescence,80.0,1.0,0.0,50.0,1122.878648,130.14,0.0,12.0,17.5336,328.404,0.823529412,3.0,2.0,1123.696,True,True,False,biodegradable acrylate,,,,,,,,,,,,,,,,,,,cyclic-dendrimer
LNPhub_R0004528,LNPhub_BL_2023,https://www.nature.com/articles/s41587-023-01679-x,LNPhub_BL_2023_LNP_000518,BL_A48-T2,CCCCCCCC/C=C\CCCCCCCCOC(=O)OC(C/C=C\CCCCCCCCOC(=O)CCN1CCCN(CCC(=O)OCCCCCCCC/C=C\CC(CCCCCC)OC(=O)OCCCCCCCC/C=C\CCCCCCCC)CCN(CCC(=O)OCCCCCCCC/C=C\CC(CCCCCC)OC(=O)OCCCCCCCC/C=C\CCCCCCCC)CCCN(CCC(=O)OCCCCCCCC/C=C\CC(CCCCCC)OC(=O)OCCCCCCCC/C=C\CCCCCCCC)CC1)CCCCCC,Ugi-3CR,C1CNCCNCCCNCCNC1,secondary,C=CC(=O)OCCCCCCCC/C=C\CC(CCCCCC)OC(=O)O,ester/carbonate acrylate,1,T2,CCCCCCCCC=CCCCCCCCCO,ricinoleic/aliphatic,,,,,,,,,,,,,,,,head–linker–tail,DOPE,[H][C@@](COP([O-])(OCC[NH3+])=O)(OC(CCCCCCC/C=C\\CCCCCCCC)=O)COC(CCCCCCC/C=C\\CCCCCCCC)=O,16.0,Cholesterol,C[C@H](CCCC(C)C)[C@H]1CC[C@@H]2[C@@]1(CC[C@H]3[C@H]2CC=C4[C@@]3(CC[C@@H](C4)O)C)C,46.5,DMPE-PEG2000,CCCCCCCCCCCCCC(=O)OCC(COP(=O)(OCCNCC(=O)OCCOCCOCCOCCOCCOCCOCCOCCOCCOCCOCCOCCOCCOCCOCCOCCOCCOCCOCCOCCOCCOCCOCCOCCOCCOCCOCCOCCOCCOCCOCCOCCOCCOCCOCCOCCOCCOCCOCCOCCOCCOCCOCCOC)O)OC(=O)CCCCCCCCCCCCC,2.5,2000.0,35.0,10.0,,,,mRNA,in_vitro,in_vitro,A549,in_vitro,,,,,,,-1.1931456775387874,normalized_luminescence,194.0,1.0,0.0,144.0,2730.351998,260.28,0.0,24.0,50.5482,819.33,0.858823529,4.0,4.0,2732.374,True,True,False,biodegradable acrylate,,,,,,,,,,,,,,,,,,,macrocyclic
LNPhub_R0004529,LNPhub_BL_2023,https://www.nature.com/articles/s41587-023-01679-x,LNPhub_BL_2023_LNP_000519,BL_A32-T8,CCCCCCC#CCOC(=O)OC(C/C=C\CCCCCCCCOC(=O)CCN(CCCN(C)C)CCCN(C)C)CCCCCC,Ugi-3CR,CN(C)CCCNCCCN(C)C,secondary_tertiary,C=CC(=O)OCCCCCCCC/C=C\CC(CCCCCC)OC(=O)O,ester/carbonate acrylate,1,T8,CCCCCCC#CCO,ricinoleic/aliphatic,,,,,,,,,,,,,,,,head–linker–tail,DOPE,[H][C@@](COP([O-])(OCC[NH3+])=O)(OC(CCCCCCC/C=C\\CCCCCCCC)=O)COC(CCCCCCC/C=C\\CCCCCCCC)=O,16.0,Cholesterol,C[C@H](CCCC(C)C)[C@H]1CC[C@@H]2[C@@]1(CC[C@H]3[C@H]2CC=C4[C@@]3(CC[C@@H](C4)O)C)C,46.5,DMPE-PEG2000,CCCCCCCCCCCCCC(=O)OCC(COP(=O)(OCCNCC(=O)OCCOCCOCCOCCOCCOCCOCCOCCOCCOCCOCCOCCOCCOCCOCCOCCOCCOCCOCCOCCOCCOCCOCCOCCOCCOCCOCCOCCOCCOCCOCCOCCOCCOCCOCCOCCOCCOCCOCCOCCOCCOCCOCCOC)O)OC(=O)CCCCCCCCCCCCC,2.5,2000.0,35.0,10.0,,,,mRNA,in_vitro,in_vitro,A549,in_vitro,,,,,,,0.9210921778961926,normalized_luminescence,49.0,0.0,0.0,33.0,691.5863226,71.55,0.0,8.0,9.2681,205.949,0.853658537,1.0,3.0,692.083,True,True,False,biodegradable acrylate,,,,,,,,,,,,,,,,,,,branched
LNPhub_R0004530,LNPhub_BL_2023,https://www.nature.com/articles/s41587-023-01679-x,LNPhub_BL_2023_LNP_000520,BL_A55-T1,CCCCCCCCCCCCCCCCCCOC(=O)OC(C/C=C\CCCCCCCCOC(=O)CCN(C)CCO)CCCCCC,Ugi-3CR,CNCCO,secondary,C=CC(=O)OCCCCCCCC/C=C\CC(CCCCCC)OC(=O)O,ester/carbonate acrylate,1,T1,CCCCCCCCCCCCCCCCCCO,ricinoleic/aliphatic,,,,,,,,,,,,,,,,head–linker–tail,DOPE,[H][C@@](COP([O-])(OCC[NH3+])=O)(OC(CCCCCCC/C=C\\CCCCCCCC)=O)COC(CCCCCCC/C=C\\CCCCCCCC)=O,16.0,Cholesterol,C[C@H](CCCC(C)C)[C@H]1CC[C@@H]2[C@@]1(CC[C@H]3[C@H]2CC=C4[C@@]3(CC[C@@H](C4)O)C)C,46.5,DMPE-PEG2000,CCCCCCCCCCCCCC(=O)OCC(COP(=O)(OCCNCC(=O)OCCOCCOCCOCCOCCOCCOCCOCCOCCOCCOCCOCCOCCOCCOCCOCCOCCOCCOCCOCCOCCOCCOCCOCCOCCOCCOCCOCCOCCOCCOCCOCCOCCOCCOCCOCCOCCOCCOCCOCCOCCOCCOCCOC)O)OC(=O)CCCCCCCCCCCCC,2.5,2000.0,35.0,10.0,,,,mRNA,in_vitro,in_vitro,A549,in_vitro,,,,,,,-1.2171210590510422,normalized_luminescence,50.0,0.0,0.0,39.0,709.6220394,85.3,1.0,7.0,12.2745,210.7608,0.906976744,1.0,1.0,710.138,True,True,False,biodegradable acrylate,,,,,,,,,,,,,,,,,,,linear
LNPhub_R0004531,LNPhub_BL_2023,https://www.nature.com/articles/s41587-023-01679-x,LNPhub_BL_2023_LNP_000521,BL_A72-T4,CCC#CCOC(=O)OC(C/C=C\CCCCCCCCOC(=O)CCN1CCC1c1ccccc1)CCCCCC,Ugi-3CR,C1=CC=C(C=C1)C2CCN2,secondary,C=CC(=O)OCCCCCCCC/C=C\CC(CCCCCC)OC(=O)O,ester/carbonate acrylate,1,T4,CCC#CCO,ricinoleic/aliphatic,,,,,,,,,,,,,,,,head–linker–tail,DOPE,[H][C@@](COP([O-])(OCC[NH3+])=O)(OC(CCCCCCC/C=C\\CCCCCCCC)=O)COC(CCCCCCC/C=C\\CCCCCCCC)=O,16.0,Cholesterol,C[C@H](CCCC(C)C)[C@H]1CC[C@@H]2[C@@]1(CC[C@H]3[C@H]2CC=C4[C@@]3(CC[C@@H](C4)O)C)C,46.5,DMPE-PEG2000,CCCCCCCCCCCCCC(=O)OCC(COP(=O)(OCCNCC(=O)OCCOCCOCCOCCOCCOCCOCCOCCOCCOCCOCCOCCOCCOCCOCCOCCOCCOCCOCCOCCOCCOCCOCCOCCOCCOCCOCCOCCOCCOCCOCCOCCOCCOCCOCCOCCOCCOCCOCCOCCOCCOCCOCCOC)O)OC(=O)CCCCCCCCCCCCC,2.5,2000.0,35.0,10.0,,,,mRNA,in_vitro,in_vitro,A549,in_vitro,,,,,,,-1.1874931385573797,normalized_luminescence,42.0,2.0,1.0,22.0,581.4080239,65.07,0.0,6.0,8.9493,170.072,0.666666667,2.0,1.0,581.838,True,True,False,biodegradable acrylate,,,,,,,,,,,,,,,,,,,cyclic
LNPhub_R0004532,LNPhub_BL_2023,https://www.nature.com/articles/s41587-023-01679-x,LNPhub_BL_2023_LNP_000522,BL_A35-T10,CCCCCCC#CCCOC(=O)OC(C/C=C\CCCCCCCCOC(=O)CCN1CCN(CCCN(C)C)CC1)CCCCCC,Ugi-3CR,CN(C)CCCN1CCNCC1,secondary_tertiary,C=CC(=O)OCCCCCCCC/C=C\CC(CCCCCC)OC(=O)O,ester/carbonate acrylate,1,T10,CCCCCCC#CCCO,ricinoleic/aliphatic,,,,,,,,,,,,,,,,head–linker–tail,DOPE,[H][C@@](COP([O-])(OCC[NH3+])=O)(OC(CCCCCCC/C=C\\CCCCCCCC)=O)COC(CCCCCCC/C=C\\CCCCCCCC)=O,16.0,Cholesterol,C[C@H](CCCC(C)C)[C@H]1CC[C@@H]2[C@@]1(CC[C@H]3[C@H]2CC=C4[C@@]3(CC[C@@H](C4)O)C)C,46.5,DMPE-PEG2000,CCCCCCCCCCCCCC(=O)OCC(COP(=O)(OCCNCC(=O)OCCOCCOCCOCCOCCOCCOCCOCCOCCOCCOCCOCCOCCOCCOCCOCCOCCOCCOCCOCCOCCOCCOCCOCCOCCOCCOCCOCCOCCOCCOCCOCCOCCOCCOCCOCCOCCOCCOCCOCCOCCOCCOCCOC)O)OC(=O)CCCCCCCCCCCCC,2.5,2000.0,35.0,10.0,,,,mRNA,in_vitro,in_vitro,A549,in_vitro,,,,,,,-1.0271734101240428,normalized_luminescence,49.0,1.0,0.0,30.0,689.5706725,71.55,0.0,8.0,9.0221,203.835,0.853658537,1.0,3.0,690.067,True,True,False,biodegradable acrylate,,,,,,,,,,,,,,,,,,,cyclic
LNPhub_R0004533,LNPhub_BL_2023,https://www.nature.com/articles/s41587-023-01679-x,LNPhub_BL_2023_LNP_000523,BL_A5-T5,CCCC#CCOC(=O)OC(C/C=C\CCCCCCCCOC(=O)CCN(C)CCCN(C)CCC(=O)OCCCCCCCC/C=C\CC(CCCCCC)OC(=O)OCC#CCCC)CCCCCC,Ugi-3CR,CNCCCNC,secondary,C=CC(=O)OCCCCCCCC/C=C\CC(CCCCCC)OC(=O)O,ester/carbonate acrylate,1,T5,CCCC#CCO,ricinoleic/aliphatic,,,,,,,,,,,,,,,,head–linker–tail,DOPE,[H][C@@](COP([O-])(OCC[NH3+])=O)(OC(CCCCCCC/C=C\\CCCCCCCC)=O)COC(CCCCCCC/C=C\\CCCCCCCC)=O,16.0,Cholesterol,C[C@H](CCCC(C)C)[C@H]1CC[C@@H]2[C@@]1(CC[C@H]3[C@H]2CC=C4[C@@]3(CC[C@@H](C4)O)C)C,46.5,DMPE-PEG2000,CCCCCCCCCCCCCC(=O)OCC(COP(=O)(OCCNCC(=O)OCCOCCOCCOCCOCCOCCOCCOCCOCCOCCOCCOCCOCCOCCOCCOCCOCCOCCOCCOCCOCCOCCOCCOCCOCCOCCOCCOCCOCCOCCOCCOCCOCCOCCOCCOCCOCCOCCOCCOCCOCCOCCOCCOC)O)OC(=O)CCCCCCCCCCCCC,2.5,2000.0,35.0,10.0,,,,mRNA,in_vitro,in_vitro,A549,in_vitro,,,,,,,1.1531303622908702,normalized_luminescence,73.0,0.0,0.0,48.0,1026.784748,130.14,0.0,12.0,15.0521,298.243,0.803278689,2.0,2.0,1027.523,True,True,False,biodegradable acrylate,,,,,,,,,,,,,,,,,,,linear
LNPhub_R0004534,LNPhub_BL_2023,https://www.nature.com/articles/s41587-023-01679-x,LNPhub_BL_2023_LNP_000524,BL_A27-T2,CCCCCCCC/C=C\CCCCCCCCOC(=O)OC(C/C=C\CCCCCCCCOC(=O)CCN(CCCN1CCCCCC1)CCC(=O)OCCCCCCCC/C=C\CC(CCCCCC)OC(=O)OCCCCCCCC/C=C\CCCCCCCC)CCCCCC,Ugi-3CR,C1CCCN(CC1)CCC[NH],primary_tertiary,C=CC(=O)OCCCCCCCC/C=C\CC(CCCCCC)OC(=O)O,ester/carbonate acrylate,1,T2,CCCCCCCCC=CCCCCCCCCO,ricinoleic/aliphatic,,,,,,,,,,,,,,,,head–linker–tail,DOPE,[H][C@@](COP([O-])(OCC[NH3+])=O)(OC(CCCCCCC/C=C\\CCCCCCCC)=O)COC(CCCCCCC/C=C\\CCCCCCCC)=O,16.0,Cholesterol,C[C@H](CCCC(C)C)[C@H]1CC[C@@H]2[C@@]1(CC[C@H]3[C@H]2CC=C4[C@@]3(CC[C@@H](C4)O)C)C,46.5,DMPE-PEG2000,CCCCCCCCCCCCCC(=O)OCC(COP(=O)(OCCNCC(=O)OCCOCCOCCOCCOCCOCCOCCOCCOCCOCCOCCOCCOCCOCCOCCOCCOCCOCCOCCOCCOCCOCCOCCOCCOCCOCCOCCOCCOCCOCCOCCOCCOCCOCCOCCOCCOCCOCCOCCOCCOCCOCCOCCOC)O)OC(=O)CCCCCCCCCCCCC,2.5,2000.0,35.0,10.0,,,,mRNA,in_vitro,in_vitro,A549,in_vitro,,,,,,,0.5796493176191366,normalized_luminescence,101.0,1.0,0.0,76.0,1421.238599,130.14,0.0,12.0,26.8345,428.133,0.865168539,2.0,2.0,1422.295,True,True,False,biodegradable acrylate,,,,,,,,,,,,,,,,,,,cyclic
LNPhub_R0004535,LNPhub_BL_2023,https://www.nature.com/articles/s41587-023-01679-x,LNPhub_BL_2023_LNP_000525,BL_A56-T5,CCCC#CCOC(=O)OC(C/C=C\CCCCCCCCOC(=O)CCN(CCO)CCC(=O)OCCCCCCCC/C=C\CC(CCCCCC)OC(=O)OCC#CCCC)CCCCCC,Ugi-3CR,C(CO)N,primary,C=CC(=O)OCCCCCCCC/C=C\CC(CCCCCC)OC(=O)O,ester/carbonate acrylate,1,T5,CCCC#CCO,ricinoleic/aliphatic,,,,,,,,,,,,,,,,head–linker–tail,DOPE,[H][C@@](COP([O-])(OCC[NH3+])=O)(OC(CCCCCCC/C=C\\CCCCCCCC)=O)COC(CCCCCCC/C=C\\CCCCCCCC)=O,16.0,Cholesterol,C[C@H](CCCC(C)C)[C@H]1CC[C@@H]2[C@@]1(CC[C@H]3[C@H]2CC=C4[C@@]3(CC[C@@H](C4)O)C)C,46.5,DMPE-PEG2000,CCCCCCCCCCCCCC(=O)OCC(COP(=O)(OCCNCC(=O)OCCOCCOCCOCCOCCOCCOCCOCCOCCOCCOCCOCCOCCOCCOCCOCCOCCOCCOCCOCCOCCOCCOCCOCCOCCOCCOCCOCCOCCOCCOCCOCCOCCOCCOCCOCCOCCOCCOCCOCCOCCOCCOCCOC)O)OC(=O)CCCCCCCCCCCCC,2.5,2000.0,35.0,10.0,,,,mRNA,in_vitro,in_vitro,A549,in_vitro,,,,,,,-1.3269881122867793,normalized_luminescence,70.0,0.0,0.0,46.0,985.721813,147.13,1.0,12.0,14.0927,282.1578,0.793103448,2.0,1.0,986.426,True,True,False,biodegradable acrylate,,,,,,,,,,,,,,,,,,,linear
LNPhub_R0004536,LNPhub_BL_2023,https://www.nature.com/articles/s41587-023-01679-x,LNPhub_BL_2023_LNP_000526,BL_A5-T2,CCCCCCCC/C=C\CCCCCCCCOC(=O)OC(C/C=C\CCCCCCCCOC(=O)CCN(C)CCCN(C)CCC(=O)OCCCCCCCC/C=C\CC(CCCCCC)OC(=O)OCCCCCCCC/C=C\CCCCCCCC)CCCCCC,Ugi-3CR,CNCCCNC,secondary,C=CC(=O)OCCCCCCCC/C=C\CC(CCCCCC)OC(=O)O,ester/carbonate acrylate,1,T2,CCCCCCCCC=CCCCCCCCCO,ricinoleic/aliphatic,,,,,,,,,,,,,,,,head–linker–tail,DOPE,[H][C@@](COP([O-])(OCC[NH3+])=O)(OC(CCCCCCC/C=C\\CCCCCCCC)=O)COC(CCCCCCC/C=C\\CCCCCCCC)=O,16.0,Cholesterol,C[C@H](CCCC(C)C)[C@H]1CC[C@@H]2[C@@]1(CC[C@H]3[C@H]2CC=C4[C@@]3(CC[C@@H](C4)O)C)C,46.5,DMPE-PEG2000,CCCCCCCCCCCCCC(=O)OCC(COP(=O)(OCCNCC(=O)OCCOCCOCCOCCOCCOCCOCCOCCOCCOCCOCCOCCOCCOCCOCCOCCOCCOCCOCCOCCOCCOCCOCCOCCOCCOCCOCCOCCOCCOCCOCCOCCOCCOCCOCCOCCOCCOCCOCCOCCOCCOCCOCCOC)O)OC(=O)CCCCCCCCCCCCC,2.5,2000.0,35.0,10.0,,,,mRNA,in_vitro,in_vitro,A549,in_vitro,,,,,,,1.2039451113346031,normalized_luminescence,97.0,0.0,0.0,76.0,1367.191649,130.14,0.0,12.0,25.5201,411.779,0.858823529,2.0,2.0,1368.203,True,True,False,biodegradable acrylate,,,,,,,,,,,,,,,,,,,linear
LNPhub_R0004537,LNPhub_BL_2023,https://www.nature.com/articles/s41587-023-01679-x,LNPhub_BL_2023_LNP_000527,BL_A50-T7,CCCCCC#CCOC(=O)OC(C/C=C\CCCCCCCCOC(=O)CCN1CCCCC1CO)CCCCCC,Ugi-3CR,C1CCNC(C1)CO,secondary,C=CC(=O)OCCCCCCCC/C=C\CC(CCCCCC)OC(=O)O,ester/carbonate acrylate,1,T7,CCCCCC#CCO,ricinoleic/aliphatic,,,,,,,,,,,,,,,,head–linker–tail,DOPE,[H][C@@](COP([O-])(OCC[NH3+])=O)(OC(CCCCCCC/C=C\\CCCCCCCC)=O)COC(CCCCCCC/C=C\\CCCCCCCC)=O,16.0,Cholesterol,C[C@H](CCCC(C)C)[C@H]1CC[C@@H]2[C@@]1(CC[C@H]3[C@H]2CC=C4[C@@]3(CC[C@@H](C4)O)C)C,46.5,DMPE-PEG2000,CCCCCCCCCCCCCC(=O)OCC(COP(=O)(OCCNCC(=O)OCCOCCOCCOCCOCCOCCOCCOCCOCCOCCOCCOCCOCCOCCOCCOCCOCCOCCOCCOCCOCCOCCOCCOCCOCCOCCOCCOCCOCCOCCOCCOCCOCCOCCOCCOCCOCCOCCOCCOCCOCCOCCOCCOC)O)OC(=O)CCCCCCCCCCCCC,2.5,2000.0,35.0,10.0,,,,mRNA,in_vitro,in_vitro,A549,in_vitro,,,,,,,-0.293869357076637,normalized_luminescence,43.0,1.0,0.0,25.0,605.4655387,85.3,1.0,7.0,8.5194,174.8478,0.833333333,2.0,1.0,605.901,True,True,False,biodegradable acrylate,,,,,,,,,,,,,,,,,,,cyclic
LNPhub_R0004538,LNPhub_BL_2023,https://www.nature.com/articles/s41587-023-01679-x,LNPhub_BL_2023_LNP_000528,BL_A63-T1,CCCCCCCCCCCCCCCCCCOC(=O)OC(C/C=C\CCCCCCCCOC(=O)CCN(CCC(=O)OCCCCCCCC/C=C\CC(CCCCCC)OC(=O)OCCCCCCCCCCCCCCCCCC)CCN(CCC(=O)OCCCCCCCC/C=C\CC(CCCCCC)OC(=O)OCCCCCCCCCCCCCCCCCC)CCN1CCN(CCN(CCC(=O)OCCCCCCCC/C=C\CC(CCCCCC)OC(=O)OCCCCCCCCCCCCCCCCCC)CCC(=O)OCCCCCCCC/C=C\CC(CCCCCC)OC(=O)OCCCCCCCCCCCCCCCCCC)CC1)CCCCCC,Ugi-3CR,C(CNCCN1CCN(CCN)CC1)N,primary_secondary_tertiary,C=CC(=O)OCCCCCCCC/C=C\CC(CCCCCC)OC(=O)O,ester/carbonate acrylate,1,T1,CCCCCCCCCCCCCCCCCCO,ricinoleic/aliphatic,,,,,,,,,,,,,,,,head–linker–tail,DOPE,[H][C@@](COP([O-])(OCC[NH3+])=O)(OC(CCCCCCC/C=C\\CCCCCCCC)=O)COC(CCCCCCC/C=C\\CCCCCCCC)=O,16.0,Cholesterol,C[C@H](CCCC(C)C)[C@H]1CC[C@@H]2[C@@]1(CC[C@H]3[C@H]2CC=C4[C@@]3(CC[C@@H](C4)O)C)C,46.5,DMPE-PEG2000,CCCCCCCCCCCCCC(=O)OCC(COP(=O)(OCCNCC(=O)OCCOCCOCCOCCOCCOCCOCCOCCOCCOCCOCCOCCOCCOCCOCCOCCOCCOCCOCCOCCOCCOCCOCCOCCOCCOCCOCCOCCOCCOCCOCCOCCOCCOCCOCCOCCOCCOCCOCCOCCOCCOCCOCCOC)O)OC(=O)CCCCCCCCCCCCC,2.5,2000.0,35.0,10.0,,,,mRNA,in_vitro,in_vitro,A549,in_vitro,,,,,,,-0.2878550831904461,normalized_luminescence,240.0,1.0,0.0,194.0,3387.979123,325.35,0.0,30.0,63.33,1013.09,0.904761905,5.0,5.0,3390.48,True,True,False,biodegradable acrylate,,,,,,,,,,,,,,,,,,,cyclic-dendrimer
LNPhub_R0004539,LNPhub_BL_2023,https://www.nature.com/articles/s41587-023-01679-x,LNPhub_BL_2023_LNP_000529,BL_A25-T6,CCCCC#CCOC(=O)OC(C/C=C\CCCCCCCCOC(=O)CCN1CCN(c2ccncc2)CC1)CCCCCC,Ugi-3CR,C1=CC(N2CCNCC2)=CN=C1,secondary_tertiary,C=CC(=O)OCCCCCCCC/C=C\CC(CCCCCC)OC(=O)O,ester/carbonate acrylate,1,T6,CCCCC#CCO,ricinoleic/aliphatic,,,,,,,,,,,,,,,,head–linker–tail,DOPE,[H][C@@](COP([O-])(OCC[NH3+])=O)(OC(CCCCCCC/C=C\\CCCCCCCC)=O)COC(CCCCCCC/C=C\\CCCCCCCC)=O,16.0,Cholesterol,C[C@H](CCCC(C)C)[C@H]1CC[C@@H]2[C@@]1(CC[C@H]3[C@H]2CC=C4[C@@]3(CC[C@@H](C4)O)C)C,46.5,DMPE-PEG2000,CCCCCCCCCCCCCC(=O)OCC(COP(=O)(OCCNCC(=O)OCCOCCOCCOCCOCCOCCOCCOCCOCCOCCOCCOCCOCCOCCOCCOCCOCCOCCOCCOCCOCCOCCOCCOCCOCCOCCOCCOCCOCCOCCOCCOCCOCCOCCOCCOCCOCCOCCOCCOCCOCCOCCOCCOC)O)OC(=O)CCCCCCCCCCCCC,2.5,2000.0,35.0,10.0,,,,mRNA,in_vitro,in_vitro,A549,in_vitro,,,,,,,1.098812421054189,normalized_luminescence,46.0,2.0,1.0,24.0,639.4611221,81.2,0.0,8.0,8.4997,186.823,0.710526316,1.0,3.0,639.922,True,True,False,biodegradable acrylate,,,,,,,,,,,,,,,,,,,cyclic
LNPhub_R0004540,LNPhub_BL_2023,https://www.nature.com/articles/s41587-023-01679-x,LNPhub_BL_2023_LNP_000530,BL_A8-T1,CCCCCCCCCCCCCCCCCCOC(=O)OC(C/C=C\CCCCCCCCOC(=O)CCN(CCN(CC)CC)CCN(CC)CC)CCCCCC,Ugi-3CR,CCN(CC)CCNCCN(CC)CC,secondary_tertiary,C=CC(=O)OCCCCCCCC/C=C\CC(CCCCCC)OC(=O)O,ester/carbonate acrylate,1,T1,CCCCCCCCCCCCCCCCCCO,ricinoleic/aliphatic,,,,,,,,,,,,,,,,head–linker–tail,DOPE,[H][C@@](COP([O-])(OCC[NH3+])=O)(OC(CCCCCCC/C=C\\CCCCCCCC)=O)COC(CCCCCCC/C=C\\CCCCCCCC)=O,16.0,Cholesterol,C[C@H](CCCC(C)C)[C@H]1CC[C@@H]2[C@@]1(CC[C@H]3[C@H]2CC=C4[C@@]3(CC[C@@H](C4)O)C)C,46.5,DMPE-PEG2000,CCCCCCCCCCCCCC(=O)OCC(COP(=O)(OCCNCC(=O)OCCOCCOCCOCCOCCOCCOCCOCCOCCOCCOCCOCCOCCOCCOCCOCCOCCOCCOCCOCCOCCOCCOCCOCCOCCOCCOCCOCCOCCOCCOCCOCCOCCOCCOCCOCCOCCOCCOCCOCCOCCOCCOCCOC)O)OC(=O)CCCCCCCCCCCCC,2.5,2000.0,35.0,10.0,,,,mRNA,in_vitro,in_vitro,A549,in_vitro,,,,,,,1.4987254985102731,normalized_luminescence,60.0,0.0,0.0,47.0,849.7897734,71.55,0.0,8.0,14.336,258.194,0.923076923,1.0,3.0,850.412,True,True,False,biodegradable acrylate,,,,,,,,,,,,,,,,,,,branched
LNPhub_R0004541,LNPhub_BL_2023,https://www.nature.com/articles/s41587-023-01679-x,LNPhub_BL_2023_LNP_000531,BL_A45-T7,CCCCCC#CCOC(=O)OC(C/C=C\CCCCCCCCOC(=O)CCN(CCC(=O)OCCCCCCCC/C=C\CC(CCCCCC)OC(=O)OCC#CCCCCC)CCC1CCCCN1CC(C)C)CCCCCC,Ugi-3CR,CC(C)CN1CCCCC1CCN,primary_tertiary,C=CC(=O)OCCCCCCCC/C=C\CC(CCCCCC)OC(=O)O,ester/carbonate acrylate,1,T7,CCCCCC#CCO,ricinoleic/aliphatic,,,,,,,,,,,,,,,,head–linker–tail,DOPE,[H][C@@](COP([O-])(OCC[NH3+])=O)(OC(CCCCCCC/C=C\\CCCCCCCC)=O)COC(CCCCCCC/C=C\\CCCCCCCC)=O,16.0,Cholesterol,C[C@H](CCCC(C)C)[C@H]1CC[C@@H]2[C@@]1(CC[C@H]3[C@H]2CC=C4[C@@]3(CC[C@@H](C4)O)C)C,46.5,DMPE-PEG2000,CCCCCCCCCCCCCC(=O)OCC(COP(=O)(OCCNCC(=O)OCCOCCOCCOCCOCCOCCOCCOCCOCCOCCOCCOCCOCCOCCOCCOCCOCCOCCOCCOCCOCCOCCOCCOCCOCCOCCOCCOCCOCCOCCOCCOCCOCCOCCOCCOCCOCCOCCOCCOCCOCCOCCOCCOC)O)OC(=O)CCCCCCCCCCCCC,2.5,2000.0,35.0,10.0,,,,mRNA,in_vitro,in_vitro,A549,in_vitro,,,,,,,0.9238837933996592,normalized_luminescence,83.0,1.0,0.0,53.0,1164.925598,130.14,0.0,12.0,18.5614,342.207,0.830985915,3.0,2.0,1165.777,True,True,False,biodegradable acrylate,,,,,,,,,,,,,,,,,,,cyclic-dendrimer
LNPhub_R0004542,LNPhub_BL_2023,https://www.nature.com/articles/s41587-023-01679-x,LNPhub_BL_2023_LNP_000532,BL_A28-T8,CCCCCCC#CCOC(=O)OC(C/C=C\CCCCCCCCOC(=O)CCN(C)CCCN(C)CCCN(C)CCC(=O)OCCCCCCCC/C=C\CC(CCCCCC)OC(=O)OCC#CCCCCCC)CCCCCC,Ugi-3CR,CNCCCN(C)CCCNC,secondary_tertiary,C=CC(=O)OCCCCCCCC/C=C\CC(CCCCCC)OC(=O)O,ester/carbonate acrylate,1,T8,CCCCCCC#CCO,ricinoleic/aliphatic,,,,,,,,,,,,,,,,head–linker–tail,DOPE,[H][C@@](COP([O-])(OCC[NH3+])=O)(OC(CCCCCCC/C=C\\CCCCCCCC)=O)COC(CCCCCCC/C=C\\CCCCCCCC)=O,16.0,Cholesterol,C[C@H](CCCC(C)C)[C@H]1CC[C@@H]2[C@@]1(CC[C@H]3[C@H]2CC=C4[C@@]3(CC[C@@H](C4)O)C)C,46.5,DMPE-PEG2000,CCCCCCCCCCCCCC(=O)OCC(COP(=O)(OCCNCC(=O)OCCOCCOCCOCCOCCOCCOCCOCCOCCOCCOCCOCCOCCOCCOCCOCCOCCOCCOCCOCCOCCOCCOCCOCCOCCOCCOCCOCCOCCOCCOCCOCCOCCOCCOCCOCCOCCOCCOCCOCCOCCOCCOCCOC)O)OC(=O)CCCCCCCCCCCCC,2.5,2000.0,35.0,10.0,,,,mRNA,in_vitro,in_vitro,A549,in_vitro,,,,,,,-0.2318338208614681,normalized_luminescence,84.0,0.0,0.0,58.0,1181.952147,133.38,0.0,13.0,17.7146,348.059,0.830985915,2.0,3.0,1182.808,True,True,False,biodegradable acrylate,,,,,,,,,,,,,,,,,,,branched
LNPhub_R0004543,LNPhub_BL_2023,https://www.nature.com/articles/s41587-023-01679-x,LNPhub_BL_2023_LNP_000533,BL_DLin-MC3-DMA,CCCCC/C=C\C/C=C\CCCCCCCCC(CCCCCCCC/C=C\C/C=C\CCCCC)OC(=O)CCCN(C)C,Ugi-3CR,CN(CCCN)C,primary_tertiary,C=CC(=O)OCCCCCCCC/C=C\CC(CCCCCC)OC(=O)O,ester/carbonate acrylate,0,,,ricinoleic/aliphatic,,,,,,,,,,,,,,,,head–linker–tail,DOTAP,[H]C(C[N+](C)(C)C)(OC(CCCCCCC/C=C\CCCCCCCC)=O)COC(CCCCCCC/C=C\CCCCCCCC)=O,39.0,Cholesterol,C[C@H](CCCC(C)C)[C@H]1CC[C@@H]2[C@@]1(CC[C@H]3[C@H]2CC=C4[C@@]3(CC[C@@H](C4)O)C)C,30.0,DMPE-PEG2000,CCCCCCCCCCCCCC(=O)OCC(COP(=O)(OCCNCC(=O)OCCOCCOCCOCCOCCOCCOCCOCCOCCOCCOCCOCCOCCOCCOCCOCCOCCOCCOCCOCCOCCOCCOCCOCCOCCOCCOCCOCCOCCOCCOCCOCCOCCOCCOCCOCCOCCOCCOCCOCCOCCOCCOCCOC)O)OC(=O)CCCCCCCCCCCCC,1.0,2000.0,30.0,7.5,,,,mRNA,intratracheal,in_vivo,Mouse_B6,lung_epithelium,,,,,,,0.0759602446071432,normalized_luminescence,46.0,0.0,0.0,35.0,641.6110808,29.54,0.0,3.0,13.6472,205.618,0.790697674,0.0,1.0,642.11,True,False,False,biodegradable acrylate,,,,,,,,,,,,,,,,,,,branched
LNPhub_R0004544,LNPhub_BL_2023,https://www.nature.com/articles/s41587-023-01679-x,LNPhub_BL_2023_LNP_000534,BL_A1-T7,CCCCCC#CCOC(=O)OC(C/C=C\CCCCCCCCOC(=O)CCN(CCCN(C)C)CCC(=O)OCCCCCCCC/C=C\CC(CCCCCC)OC(=O)OCC#CCCCCC)CCCCCC,Ugi-3CR,CN(C)CCCN,primary_tertiary,C=CC(=O)OCCCCCCCC/C=C\CC(CCCCCC)OC(=O)O,ester/carbonate acrylate,1,T7,CCCCCC#CCO,ricinoleic/aliphatic,,,,,,,,,,,,,,,,head–linker–tail,DOPE,[H][C@@](COP([O-])(OCC[NH3+])=O)(OC(CCCCCCC/C=C\\CCCCCCCC)=O)COC(CCCCCCC/C=C\\CCCCCCCC)=O,16.0,Cholesterol,C[C@H](CCCC(C)C)[C@H]1CC[C@@H]2[C@@]1(CC[C@H]3[C@H]2CC=C4[C@@]3(CC[C@@H](C4)O)C)C,46.5,DMPE-PEG2000,CCCCCCCCCCCCCC(=O)OCC(COP(=O)(OCCNCC(=O)OCCOCCOCCOCCOCCOCCOCCOCCOCCOCCOCCOCCOCCOCCOCCOCCOCCOCCOCCOCCOCCOCCOCCOCCOCCOCCOCCOCCOCCOCCOCCOCCOCCOCCOCCOCCOCCOCCOCCOCCOCCOCCOCCOC)O)OC(=O)CCCCCCCCCCCCC,2.5,2000.0,35.0,10.0,,,,mRNA,in_vitro,in_vitro,A549,in_vitro,,,,,,,0.6435216876458429,normalized_luminescence,77.0,0.0,0.0,52.0,1082.847348,130.14,0.0,12.0,16.6125,316.711,0.815384615,2.0,2.0,1083.631,True,True,False,biodegradable acrylate,,,,,,,,,,,,,,,,,,,branched
LNPhub_R0004545,LNPhub_BL_2023,https://www.nature.com/articles/s41587-023-01679-x,LNPhub_BL_2023_LNP_000535,BL_A69-T6,CCCCC#CCOC(=O)OC(C/C=C\CCCCCCCCOC(=O)CCN(CCCN1CCCC1)CCC(=O)OCCCCCCCC/C=C\CC(CCCCCC)OC(=O)OCC#CCCCC)CCCCCC,Ugi-3CR,C1CCN(C1)CCCN,primary_tertiary,C=CC(=O)OCCCCCCCC/C=C\CC(CCCCCC)OC(=O)O,ester/carbonate acrylate,1,T6,CCCCC#CCO,ricinoleic/aliphatic,,,,,,,,,,,,,,,,head–linker–tail,DOPE,[H][C@@](COP([O-])(OCC[NH3+])=O)(OC(CCCCCCC/C=C\\CCCCCCCC)=O)COC(CCCCCCC/C=C\\CCCCCCCC)=O,16.0,Cholesterol,C[C@H](CCCC(C)C)[C@H]1CC[C@@H]2[C@@]1(CC[C@H]3[C@H]2CC=C4[C@@]3(CC[C@@H](C4)O)C)C,46.5,DMPE-PEG2000,CCCCCCCCCCCCCC(=O)OCC(COP(=O)(OCCNCC(=O)OCCOCCOCCOCCOCCOCCOCCOCCOCCOCCOCCOCCOCCOCCOCCOCCOCCOCCOCCOCCOCCOCCOCCOCCOCCOCCOCCOCCOCCOCCOCCOCCOCCOCCOCCOCCOCCOCCOCCOCCOCCOCCOCCOC)O)OC(=O)CCCCCCCCCCCCC,2.5,2000.0,35.0,10.0,,,,mRNA,in_vitro,in_vitro,A549,in_vitro,,,,,,,-1.3291801495932198,normalized_luminescence,77.0,1.0,0.0,50.0,1080.831698,130.14,0.0,12.0,16.3665,314.597,0.815384615,2.0,2.0,1081.615,True,True,False,biodegradable acrylate,,,,,,,,,,,,,,,,,,,cyclic
LNPhub_R0004546,LNPhub_BL_2023,https://www.nature.com/articles/s41587-023-01679-x,LNPhub_BL_2023_LNP_000536,BL_A27-T6,CCCCC#CCOC(=O)OC(C/C=C\CCCCCCCCOC(=O)CCN(CCCN1CCCCCC1)CCC(=O)OCCCCCCCC/C=C\CC(CCCCCC)OC(=O)OCC#CCCCC)CCCCCC,Ugi-3CR,C1CCCN(CC1)CCC[NH],primary_tertiary,C=CC(=O)OCCCCCCCC/C=C\CC(CCCCCC)OC(=O)O,ester/carbonate acrylate,1,T6,CCCCC#CCO,ricinoleic/aliphatic,,,,,,,,,,,,,,,,head–linker–tail,DOPE,[H][C@@](COP([O-])(OCC[NH3+])=O)(OC(CCCCCCC/C=C\\CCCCCCCC)=O)COC(CCCCCCC/C=C\\CCCCCCCC)=O,16.0,Cholesterol,C[C@H](CCCC(C)C)[C@H]1CC[C@@H]2[C@@]1(CC[C@H]3[C@H]2CC=C4[C@@]3(CC[C@@H](C4)O)C)C,46.5,DMPE-PEG2000,CCCCCCCCCCCCCC(=O)OCC(COP(=O)(OCCNCC(=O)OCCOCCOCCOCCOCCOCCOCCOCCOCCOCCOCCOCCOCCOCCOCCOCCOCCOCCOCCOCCOCCOCCOCCOCCOCCOCCOCCOCCOCCOCCOCCOCCOCCOCCOCCOCCOCCOCCOCCOCCOCCOCCOCCOC)O)OC(=O)CCCCCCCCCCCCC,2.5,2000.0,35.0,10.0,,,,mRNA,in_vitro,in_vitro,A549,in_vitro,,,,,,,-1.0775699769503808,normalized_luminescence,79.0,1.0,0.0,50.0,1108.862998,130.14,0.0,12.0,17.1467,323.831,0.820895522,2.0,2.0,1109.669,True,True,False,biodegradable acrylate,,,,,,,,,,,,,,,,,,,cyclic
LNPhub_R0004547,LNPhub_BL_2023,https://www.nature.com/articles/s41587-023-01679-x,LNPhub_BL_2023_LNP_000537,BL_A9-T3,CCCCC/C=C\C/C=C\CCCCCCCCOC(=O)OC(C/C=C\CCCCCCCCOC(=O)CCN(CCCN1CCN(C)CC1)CCC(=O)OCCCCCCCC/C=C\CC(CCCCCC)OC(=O)OCCCCCCCC/C=C\C/C=C\CCCCC)CCCCCC,Ugi-3CR,CN1CCN(CCCN)CC1,primary_tertiary,C=CC(=O)OCCCCCCCC/C=C\CC(CCCCCC)OC(=O)O,ester/carbonate acrylate,1,T3,CCCCCC=CCC=C=CCCCCCCCCO,ricinoleic/aliphatic,,,,,,,,,,,,,,,,head–linker–tail,DOPE,[H][C@@](COP([O-])(OCC[NH3+])=O)(OC(CCCCCCC/C=C\\CCCCCCCC)=O)COC(CCCCCCC/C=C\\CCCCCCCC)=O,16.0,Cholesterol,C[C@H](CCCC(C)C)[C@H]1CC[C@@H]2[C@@]1(CC[C@H]3[C@H]2CC=C4[C@@]3(CC[C@@H](C4)O)C)C,46.5,DMPE-PEG2000,CCCCCCCCCCCCCC(=O)OCC(COP(=O)(OCCNCC(=O)OCCOCCOCCOCCOCCOCCOCCOCCOCCOCCOCCOCCOCCOCCOCCOCCOCCOCCOCCOCCOCCOCCOCCOCCOCCOCCOCCOCCOCCOCCOCCOCCOCCOCCOCCOCCOCCOCCOCCOCCOCCOCCOCCOC)O)OC(=O)CCCCCCCCCCCCC,2.5,2000.0,35.0,10.0,,,,mRNA,in_vitro,in_vitro,A549,in_vitro,,,,,,,2.087728941642105,normalized_luminescence,101.0,1.0,0.0,74.0,1418.202548,133.38,0.0,13.0,24.7579,426.974,0.818181818,2.0,3.0,1419.251,True,True,False,biodegradable acrylate,,,,,,,,,,,,,,,,,,,cyclic
LNPhub_R0004548,LNPhub_BL_2023,https://www.nature.com/articles/s41587-023-01679-x,LNPhub_BL_2023_LNP_000538,BL_A66-T7,CCCCCC#CCOC(=O)OC(C/C=C\CCCCCCCCOC(=O)CCN(CCC(=O)OCCCCCCCC/C=C\CC(CCCCCC)OC(=O)OCC#CCCCCC)CCC1OCCO1)CCCCCC,Ugi-3CR,NCCC1OCCO1,primary,C=CC(=O)OCCCCCCCC/C=C\CC(CCCCCC)OC(=O)O,ester/carbonate acrylate,1,T7,CCCCCC#CCO,ricinoleic/aliphatic,,,,,,,,,,,,,,,,head–linker–tail,DOPE,[H][C@@](COP([O-])(OCC[NH3+])=O)(OC(CCCCCCC/C=C\\CCCCCCCC)=O)COC(CCCCCCC/C=C\\CCCCCCCC)=O,16.0,Cholesterol,C[C@H](CCCC(C)C)[C@H]1CC[C@@H]2[C@@]1(CC[C@H]3[C@H]2CC=C4[C@@]3(CC[C@@H](C4)O)C)C,46.5,DMPE-PEG2000,CCCCCCCCCCCCCC(=O)OCC(COP(=O)(OCCNCC(=O)OCCOCCOCCOCCOCCOCCOCCOCCOCCOCCOCCOCCOCCOCCOCCOCCOCCOCCOCCOCCOCCOCCOCCOCCOCCOCCOCCOCCOCCOCCOCCOCCOCCOCCOCCOCCOCCOCCOCCOCCOCCOCCOCCOC)O)OC(=O)CCCCCCCCCCCCC,2.5,2000.0,35.0,10.0,,,,mRNA,in_vitro,in_vitro,A549,in_vitro,,,,,,,-1.2005572306045915,normalized_luminescence,78.0,1.0,0.0,51.0,1097.810628,145.36,0.0,13.0,16.4238,313.849,0.815384615,2.0,1.0,1098.598,True,True,False,biodegradable acrylate,,,,,,,,,,,,,,,,,,,cyclic
LNPhub_R0004549,LNPhub_BL_2023,https://www.nature.com/articles/s41587-023-01679-x,LNPhub_BL_2023_LNP_000539,BL_A28-T10,CCCCCCC#CCCOC(=O)OC(C/C=C\CCCCCCCCOC(=O)CCN(C)CCCN(C)CCCN(C)CCC(=O)OCCCCCCCC/C=C\CC(CCCCCC)OC(=O)OCCC#CCCCCCC)CCCCCC,Ugi-3CR,CNCCCN(C)CCCNC,secondary_tertiary,C=CC(=O)OCCCCCCCC/C=C\CC(CCCCCC)OC(=O)O,ester/carbonate acrylate,1,T10,CCCCCCC#CCCO,ricinoleic/aliphatic,,,,,,,,,,,,,,,,head–linker–tail,DOPE,[H][C@@](COP([O-])(OCC[NH3+])=O)(OC(CCCCCCC/C=C\\CCCCCCCC)=O)COC(CCCCCCC/C=C\\CCCCCCCC)=O,16.0,Cholesterol,C[C@H](CCCC(C)C)[C@H]1CC[C@@H]2[C@@]1(CC[C@H]3[C@H]2CC=C4[C@@]3(CC[C@@H](C4)O)C)C,46.5,DMPE-PEG2000,CCCCCCCCCCCCCC(=O)OCC(COP(=O)(OCCNCC(=O)OCCOCCOCCOCCOCCOCCOCCOCCOCCOCCOCCOCCOCCOCCOCCOCCOCCOCCOCCOCCOCCOCCOCCOCCOCCOCCOCCOCCOCCOCCOCCOCCOCCOCCOCCOCCOCCOCCOCCOCCOCCOCCOCCOC)O)OC(=O)CCCCCCCCCCCCC,2.5,2000.0,35.0,10.0,,,,mRNA,in_vitro,in_vitro,A549,in_vitro,,,,,,,1.717393972370303,normalized_luminescence,86.0,0.0,0.0,60.0,1209.983447,133.38,0.0,13.0,18.4948,357.293,0.835616438,2.0,3.0,1210.862,True,True,False,biodegradable acrylate,,,,,,,,,,,,,,,,,,,branched
LNPhub_R0004550,LNPhub_BL_2023,https://www.nature.com/articles/s41587-023-01679-x,LNPhub_BL_2023_LNP_000540,BL_A60-T1,CCCCCCCCCCCCCCCCCCOC(=O)OC(C/C=C\CCCCCCCCOC(=O)CCN(CCC(=O)OCCCCCCCC/C=C\CC(CCCCCC)OC(=O)OCCCCCCCCCCCCCCCCCC)CC(O)CO)CCCCCC,Ugi-3CR,C(C(CO)O)N,primary,C=CC(=O)OCCCCCCCC/C=C\CC(CCCCCC)OC(=O)O,ester/carbonate acrylate,1,T1,CCCCCCCCCCCCCCCCCCO,ricinoleic/aliphatic,,,,,,,,,,,,,,,,head–linker–tail,DOPE,[H][C@@](COP([O-])(OCC[NH3+])=O)(OC(CCCCCCC/C=C\\CCCCCCCC)=O)COC(CCCCCCC/C=C\\CCCCCCCC)=O,16.0,Cholesterol,C[C@H](CCCC(C)C)[C@H]1CC[C@@H]2[C@@]1(CC[C@H]3[C@H]2CC=C4[C@@]3(CC[C@@H](C4)O)C)C,46.5,DMPE-PEG2000,CCCCCCCCCCCCCC(=O)OCC(COP(=O)(OCCNCC(=O)OCCOCCOCCOCCOCCOCCOCCOCCOCCOCCOCCOCCOCCOCCOCCOCCOCCOCCOCCOCCOCCOCCOCCOCCOCCOCCOCCOCCOCCOCCOCCOCCOCCOCCOCCOCCOCCOCCOCCOCCOCCOCCOCCOC)O)OC(=O)CCCCCCCCCCCCC,2.5,2000.0,35.0,10.0,,,,mRNA,in_vitro,in_vitro,A549,in_vitro,,,,,,,-0.5081428860623163,normalized_luminescence,96.0,0.0,0.0,77.0,1360.170579,167.36,2.0,13.0,24.3696,401.8886,0.903614458,3.0,1.0,1361.164,True,True,False,biodegradable acrylate,,,,,,,,,,,,,,,,,,,branched
LNPhub_R0004551,LNPhub_BL_2023,https://www.nature.com/articles/s41587-023-01679-x,LNPhub_BL_2023_LNP_000541,BL_A5-T7,CCCCCC#CCOC(=O)OC(C/C=C\CCCCCCCCOC(=O)CCN(C)CCCN(C)CCC(=O)OCCCCCCCC/C=C\CC(CCCCCC)OC(=O)OCC#CCCCCC)CCCCCC,Ugi-3CR,CNCCCNC,secondary,C=CC(=O)OCCCCCCCC/C=C\CC(CCCCCC)OC(=O)O,ester/carbonate acrylate,1,T7,CCCCCC#CCO,ricinoleic/aliphatic,,,,,,,,,,,,,,,,head–linker–tail,DOPE,[H][C@@](COP([O-])(OCC[NH3+])=O)(OC(CCCCCCC/C=C\\CCCCCCCC)=O)COC(CCCCCCC/C=C\\CCCCCCCC)=O,16.0,Cholesterol,C[C@H](CCCC(C)C)[C@H]1CC[C@@H]2[C@@]1(CC[C@H]3[C@H]2CC=C4[C@@]3(CC[C@@H](C4)O)C)C,46.5,DMPE-PEG2000,CCCCCCCCCCCCCC(=O)OCC(COP(=O)(OCCNCC(=O)OCCOCCOCCOCCOCCOCCOCCOCCOCCOCCOCCOCCOCCOCCOCCOCCOCCOCCOCCOCCOCCOCCOCCOCCOCCOCCOCCOCCOCCOCCOCCOCCOCCOCCOCCOCCOCCOCCOCCOCCOCCOCCOCCOC)O)OC(=O)CCCCCCCCCCCCC,2.5,2000.0,35.0,10.0,,,,mRNA,in_vitro,in_vitro,A549,in_vitro,,,,,,,0.4835104672503863,normalized_luminescence,77.0,0.0,0.0,52.0,1082.847348,130.14,0.0,12.0,16.6125,316.711,0.815384615,2.0,2.0,1083.631,True,True,False,biodegradable acrylate,,,,,,,,,,,,,,,,,,,linear
LNPhub_R0004552,LNPhub_BL_2023,https://www.nature.com/articles/s41587-023-01679-x,LNPhub_BL_2023_LNP_000542,BL_A42-T10,CCCCCCC#CCCOC(=O)OC(C/C=C\CCCCCCCCOC(=O)CCN1CCCCC1CCO)CCCCCC,Ugi-3CR,C1CCNC(C1)CCO,secondary,C=CC(=O)OCCCCCCCC/C=C\CC(CCCCCC)OC(=O)O,ester/carbonate acrylate,1,T10,CCCCCCC#CCCO,ricinoleic/aliphatic,,,,,,,,,,,,,,,,head–linker–tail,DOPE,[H][C@@](COP([O-])(OCC[NH3+])=O)(OC(CCCCCCC/C=C\\CCCCCCCC)=O)COC(CCCCCCC/C=C\\CCCCCCCC)=O,16.0,Cholesterol,C[C@H](CCCC(C)C)[C@H]1CC[C@@H]2[C@@]1(CC[C@H]3[C@H]2CC=C4[C@@]3(CC[C@@H](C4)O)C)C,46.5,DMPE-PEG2000,CCCCCCCCCCCCCC(=O)OCC(COP(=O)(OCCNCC(=O)OCCOCCOCCOCCOCCOCCOCCOCCOCCOCCOCCOCCOCCOCCOCCOCCOCCOCCOCCOCCOCCOCCOCCOCCOCCOCCOCCOCCOCCOCCOCCOCCOCCOCCOCCOCCOCCOCCOCCOCCOCCOCCOCCOC)O)OC(=O)CCCCCCCCCCCCC,2.5,2000.0,35.0,10.0,,,,mRNA,in_vitro,in_vitro,A549,in_vitro,,,,,,,0.2178316427548876,normalized_luminescence,46.0,1.0,0.0,28.0,647.5124889,85.3,1.0,7.0,9.6897,188.6988,0.846153846,2.0,1.0,647.982,True,True,False,biodegradable acrylate,,,,,,,,,,,,,,,,,,,cyclic
LNPhub_R0004553,LNPhub_BL_2023,https://www.nature.com/articles/s41587-023-01679-x,LNPhub_BL_2023_LNP_000543,BL_A58-T8,CCCCCCC#CCOC(=O)OC(C/C=C\CCCCCCCCOC(=O)CCN(CCCCCO)CCC(=O)OCCCCCCCC/C=C\CC(CCCCCC)OC(=O)OCC#CCCCCCC)CCCCCC,Ugi-3CR,C(CCN)CCO,primary,C=CC(=O)OCCCCCCCC/C=C\CC(CCCCCC)OC(=O)O,ester/carbonate acrylate,1,T8,CCCCCCC#CCO,ricinoleic/aliphatic,,,,,,,,,,,,,,,,head–linker–tail,DOPE,[H][C@@](COP([O-])(OCC[NH3+])=O)(OC(CCCCCCC/C=C\\CCCCCCCC)=O)COC(CCCCCCC/C=C\\CCCCCCCC)=O,16.0,Cholesterol,C[C@H](CCCC(C)C)[C@H]1CC[C@@H]2[C@@]1(CC[C@H]3[C@H]2CC=C4[C@@]3(CC[C@@H](C4)O)C)C,46.5,DMPE-PEG2000,CCCCCCCCCCCCCC(=O)OCC(COP(=O)(OCCNCC(=O)OCCOCCOCCOCCOCCOCCOCCOCCOCCOCCOCCOCCOCCOCCOCCOCCOCCOCCOCCOCCOCCOCCOCCOCCOCCOCCOCCOCCOCCOCCOCCOCCOCCOCCOCCOCCOCCOCCOCCOCCOCCOCCOCCOC)O)OC(=O)CCCCCCCCCCCCC,2.5,2000.0,35.0,10.0,,,,mRNA,in_vitro,in_vitro,A549,in_vitro,,,,,,,-0.9935812607630652,normalized_luminescence,79.0,0.0,0.0,55.0,1111.862664,147.13,1.0,12.0,17.6036,323.7108,0.820895522,2.0,1.0,1112.669,True,True,False,biodegradable acrylate,,,,,,,,,,,,,,,,,,,linear
LNPhub_R0004554,LNPhub_BL_2023,https://www.nature.com/articles/s41587-023-01679-x,LNPhub_BL_2023_LNP_000205,BL_MD-1,CCCCCCCCCCC(O)CN(CCCCC1NC(=O)C(CCCCN(CC(O)CCCCCCCCCC)CC(O)CCCCCCCCCC)NC1=O)CC(O)CCCCCCCCCC,Ugi-3CR,,,C=CC(=O)OCCCCCCCC/C=C\CC(CCCCCC)OC(=O)O,ester/carbonate acrylate,0,,,ricinoleic/aliphatic,,,,,,,,,,,,,,,,head–linker–tail,DOTAP,[H]C(C[N+](C)(C)C)(OC(CCCCCCC/C=C\CCCCCCCC)=O)COC(CCCCCCC/C=C\CCCCCCCC)=O,39.0,Cholesterol,C[C@H](CCCC(C)C)[C@H]1CC[C@@H]2[C@@]1(CC[C@H]3[C@H]2CC=C4[C@@]3(CC[C@@H](C4)O)C)C,30.0,DMPE-PEG2000,CCCCCCCCCCCCCC(=O)OCC(COP(=O)(OCCNCC(=O)OCCOCCOCCOCCOCCOCCOCCOCCOCCOCCOCCOCCOCCOCCOCCOCCOCCOCCOCCOCCOCCOCCOCCOCCOCCOCCOCCOCCOCCOCCOCCOCCOCCOCCOCCOCCOCCOCCOCCOCCOCCOCCOCCOC)O)OC(=O)CCCCCCCCCCCCC,1.0,2000.0,30.0,7.5,,,,mRNA,intratracheal,in_vivo,Mouse_B6,lung_epithelium,,,,,,,0.8355844291639368,normalized_luminescence,70.0,1.0,0.0,54.0,992.9207876,145.6,6.0,8.0,13.481,297.3786,0.966666667,6.0,4.0,993.642,False,False,False,biodegradable acrylate,,,,,,,,,,,,,,,,,,,unknown
LNPhub_R0004555,LNPhub_BL_2023,https://www.nature.com/articles/s41587-023-01679-x,LNPhub_BL_2023_LNP_000544,BL_A11-T5,CCCC#CCOC(=O)OC(C/C=C\CCCCCCCCOC(=O)CCN1CCC(CCCC2CCN(CCO)CC2)CC1)CCCCCC,Ugi-3CR,C(CC1CCNCC1)CC2CCN(CC2)CCO,secondary_tertiary,C=CC(=O)OCCCCCCCC/C=C\CC(CCCCCC)OC(=O)O,ester/carbonate acrylate,1,T5,CCCC#CCO,ricinoleic/aliphatic,,,,,,,,,,,,,,,,head–linker–tail,DOPE,[H][C@@](COP([O-])(OCC[NH3+])=O)(OC(CCCCCCC/C=C\\CCCCCCCC)=O)COC(CCCCCCC/C=C\\CCCCCCCC)=O,16.0,Cholesterol,C[C@H](CCCC(C)C)[C@H]1CC[C@@H]2[C@@]1(CC[C@H]3[C@H]2CC=C4[C@@]3(CC[C@@H](C4)O)C)C,46.5,DMPE-PEG2000,CCCCCCCCCCCCCC(=O)OCC(COP(=O)(OCCNCC(=O)OCCOCCOCCOCCOCCOCCOCCOCCOCCOCCOCCOCCOCCOCCOCCOCCOCCOCCOCCOCCOCCOCCOCCOCCOCCOCCOCCOCCOCCOCCOCCOCCOCCOCCOCCOCCOCCOCCOCCOCCOCCOCCOCCOC)O)OC(=O)CCCCCCCCCCCCC,2.5,2000.0,35.0,10.0,,,,mRNA,in_vitro,in_vitro,A549,in_vitro,,,,,,,-0.9380924229960228,normalized_luminescence,51.0,2.0,0.0,28.0,716.5703382,88.54,1.0,8.0,9.479,208.5808,0.860465116,1.0,2.0,717.089,True,True,False,biodegradable acrylate,,,,,,,,,,,,,,,,,,,cyclic-dendrimer
LNPhub_R0004556,LNPhub_BL_2023,https://www.nature.com/articles/s41587-023-01679-x,LNPhub_BL_2023_LNP_000545,BL_A10-T9,CCCCC#CCCOC(=O)OC(C/C=C\CCCCCCCCOC(=O)CCN(CCC(=O)OCCCCCCCC/C=C\CC(CCCCCC)OC(=O)OCCC#CCCCC)CCc1ccncc1)CCCCCC,Ugi-3CR,NCCC1=CC=NC=C1,primary,C=CC(=O)OCCCCCCCC/C=C\CC(CCCCCC)OC(=O)O,ester/carbonate acrylate,1,T9,CCCCC#CCCO,ricinoleic/aliphatic,,,,,,,,,,,,,,,,head–linker–tail,DOPE,[H][C@@](COP([O-])(OCC[NH3+])=O)(OC(CCCCCCC/C=C\\CCCCCCCC)=O)COC(CCCCCCC/C=C\\CCCCCCCC)=O,16.0,Cholesterol,C[C@H](CCCC(C)C)[C@H]1CC[C@@H]2[C@@]1(CC[C@H]3[C@H]2CC=C4[C@@]3(CC[C@@H](C4)O)C)C,46.5,DMPE-PEG2000,CCCCCCCCCCCCCC(=O)OCC(COP(=O)(OCCNCC(=O)OCCOCCOCCOCCOCCOCCOCCOCCOCCOCCOCCOCCOCCOCCOCCOCCOCCOCCOCCOCCOCCOCCOCCOCCOCCOCCOCCOCCOCCOCCOCCOCCOCCOCCOCCOCCOCCOCCOCCOCCOCCOCCOCCOC)O)OC(=O)CCCCCCCCCCCCC,2.5,2000.0,35.0,10.0,,,,mRNA,in_vitro,in_vitro,A549,in_vitro,,,,,,,0.4261177788201693,normalized_luminescence,79.0,1.0,1.0,51.0,1102.816048,139.79,0.0,12.0,17.2985,321.481,0.746268657,2.0,2.0,1103.621,True,True,False,biodegradable acrylate,,,,,,,,,,,,,,,,,,,cyclic
LNPhub_R0004557,LNPhub_BL_2023,https://www.nature.com/articles/s41587-023-01679-x,LNPhub_BL_2023_LNP_000546,BL_A5-T8,CCCCCCC#CCOC(=O)OC(C/C=C\CCCCCCCCOC(=O)CCN(C)CCCN(C)CCC(=O)OCCCCCCCC/C=C\CC(CCCCCC)OC(=O)OCC#CCCCCCC)CCCCCC,Ugi-3CR,CNCCCNC,secondary,C=CC(=O)OCCCCCCCC/C=C\CC(CCCCCC)OC(=O)O,ester/carbonate acrylate,1,T8,CCCCCCC#CCO,ricinoleic/aliphatic,,,,,,,,,,,,,,,,head–linker–tail,DOPE,[H][C@@](COP([O-])(OCC[NH3+])=O)(OC(CCCCCCC/C=C\\CCCCCCCC)=O)COC(CCCCCCC/C=C\\CCCCCCCC)=O,16.0,Cholesterol,C[C@H](CCCC(C)C)[C@H]1CC[C@@H]2[C@@]1(CC[C@H]3[C@H]2CC=C4[C@@]3(CC[C@@H](C4)O)C)C,46.5,DMPE-PEG2000,CCCCCCCCCCCCCC(=O)OCC(COP(=O)(OCCNCC(=O)OCCOCCOCCOCCOCCOCCOCCOCCOCCOCCOCCOCCOCCOCCOCCOCCOCCOCCOCCOCCOCCOCCOCCOCCOCCOCCOCCOCCOCCOCCOCCOCCOCCOCCOCCOCCOCCOCCOCCOCCOCCOCCOCCOC)O)OC(=O)CCCCCCCCCCCCC,2.5,2000.0,35.0,10.0,,,,mRNA,in_vitro,in_vitro,A549,in_vitro,,,,,,,0.2284523729872118,normalized_luminescence,79.0,0.0,0.0,54.0,1110.878648,130.14,0.0,12.0,17.3927,325.945,0.820895522,2.0,2.0,1111.685,True,True,False,biodegradable acrylate,,,,,,,,,,,,,,,,,,,linear
LNPhub_R0004558,LNPhub_BL_2023,https://www.nature.com/articles/s41587-023-01679-x,LNPhub_BL_2023_LNP_000547,BL_A46-T9,CCCCC#CCCOC(=O)OC(C/C=C\CCCCCCCCOC(=O)CCN(CCC(=O)OCCCCCCCC/C=C\CC(CCCCCC)OC(=O)OCCC#CCCCC)CCN1CCC(C)CC1)CCCCCC,Ugi-3CR,CC1CCN(CC1)CCN,primary_tertiary,C=CC(=O)OCCCCCCCC/C=C\CC(CCCCCC)OC(=O)O,ester/carbonate acrylate,1,T9,CCCCC#CCCO,ricinoleic/aliphatic,,,,,,,,,,,,,,,,head–linker–tail,DOPE,[H][C@@](COP([O-])(OCC[NH3+])=O)(OC(CCCCCCC/C=C\\CCCCCCCC)=O)COC(CCCCCCC/C=C\\CCCCCCCC)=O,16.0,Cholesterol,C[C@H](CCCC(C)C)[C@H]1CC[C@@H]2[C@@]1(CC[C@H]3[C@H]2CC=C4[C@@]3(CC[C@@H](C4)O)C)C,46.5,DMPE-PEG2000,CCCCCCCCCCCCCC(=O)OCC(COP(=O)(OCCNCC(=O)OCCOCCOCCOCCOCCOCCOCCOCCOCCOCCOCCOCCOCCOCCOCCOCCOCCOCCOCCOCCOCCOCCOCCOCCOCCOCCOCCOCCOCCOCCOCCOCCOCCOCCOCCOCCOCCOCCOCCOCCOCCOCCOCCOC)O)OC(=O)CCCCCCCCCCCCC,2.5,2000.0,35.0,10.0,,,,mRNA,in_vitro,in_vitro,A549,in_vitro,,,,,,,-0.2697116391985119,normalized_luminescence,80.0,1.0,0.0,51.0,1122.878648,130.14,0.0,12.0,17.3927,328.378,0.823529412,2.0,2.0,1123.696,True,True,False,biodegradable acrylate,,,,,,,,,,,,,,,,,,,cyclic
LNPhub_R0004559,LNPhub_BL_2023,https://www.nature.com/articles/s41587-023-01679-x,LNPhub_BL_2023_LNP_000548,BL_A57-T10,CCCCCCC#CCCOC(=O)OC(C/C=C\CCCCCCCCOC(=O)CCN(C)CCO)CCCCCC,Ugi-3CR,CNCCO,secondary,C=CC(=O)OCCCCCCCC/C=C\CC(CCCCCC)OC(=O)O,ester/carbonate acrylate,1,T10,CCCCCCC#CCCO,ricinoleic/aliphatic,,,,,,,,,,,,,,,,head–linker–tail,DOPE,[H][C@@](COP([O-])(OCC[NH3+])=O)(OC(CCCCCCC/C=C\\CCCCCCCC)=O)COC(CCCCCCC/C=C\\CCCCCCCC)=O,16.0,Cholesterol,C[C@H](CCCC(C)C)[C@H]1CC[C@@H]2[C@@]1(CC[C@H]3[C@H]2CC=C4[C@@]3(CC[C@@H](C4)O)C)C,46.5,DMPE-PEG2000,CCCCCCCCCCCCCC(=O)OCC(COP(=O)(OCCNCC(=O)OCCOCCOCCOCCOCCOCCOCCOCCOCCOCCOCCOCCOCCOCCOCCOCCOCCOCCOCCOCCOCCOCCOCCOCCOCCOCCOCCOCCOCCOCCOCCOCCOCCOCCOCCOCCOCCOCCOCCOCCOCCOCCOCCOC)O)OC(=O)CCCCCCCCCCCCC,2.5,2000.0,35.0,10.0,,,,mRNA,in_vitro,in_vitro,A549,in_vitro,,,,,,,0.930415924410043,normalized_luminescence,42.0,0.0,0.0,28.0,593.4655387,85.3,1.0,7.0,8.3769,172.3668,0.828571429,1.0,1.0,593.89,True,True,False,biodegradable acrylate,,,,,,,,,,,,,,,,,,,linear
LNPhub_R0004560,LNPhub_BL_2023,https://www.nature.com/articles/s41587-023-01679-x,LNPhub_BL_2023_LNP_000549,BL_A35-T9,CCCCC#CCCOC(=O)OC(C/C=C\CCCCCCCCOC(=O)CCN1CCN(CCCN(C)C)CC1)CCCCCC,Ugi-3CR,CN(C)CCCN1CCNCC1,secondary_tertiary,C=CC(=O)OCCCCCCCC/C=C\CC(CCCCCC)OC(=O)O,ester/carbonate acrylate,1,T9,CCCCC#CCCO,ricinoleic/aliphatic,,,,,,,,,,,,,,,,head–linker–tail,DOPE,[H][C@@](COP([O-])(OCC[NH3+])=O)(OC(CCCCCCC/C=C\\CCCCCCCC)=O)COC(CCCCCCC/C=C\\CCCCCCCC)=O,16.0,Cholesterol,C[C@H](CCCC(C)C)[C@H]1CC[C@@H]2[C@@]1(CC[C@H]3[C@H]2CC=C4[C@@]3(CC[C@@H](C4)O)C)C,46.5,DMPE-PEG2000,CCCCCCCCCCCCCC(=O)OCC(COP(=O)(OCCNCC(=O)OCCOCCOCCOCCOCCOCCOCCOCCOCCOCCOCCOCCOCCOCCOCCOCCOCCOCCOCCOCCOCCOCCOCCOCCOCCOCCOCCOCCOCCOCCOCCOCCOCCOCCOCCOCCOCCOCCOCCOCCOCCOCCOCCOC)O)OC(=O)CCCCCCCCCCCCC,2.5,2000.0,35.0,10.0,,,,mRNA,in_vitro,in_vitro,A549,in_vitro,,,,,,,-1.1551715817545352,normalized_luminescence,47.0,1.0,0.0,28.0,661.5393724,71.55,0.0,8.0,8.2419,194.601,0.846153846,1.0,3.0,662.013,True,True,False,biodegradable acrylate,,,,,,,,,,,,,,,,,,,cyclic
LNPhub_R0004561,LNPhub_BL_2023,https://www.nature.com/articles/s41587-023-01679-x,LNPhub_BL_2023_LNP_000550,BL_A68-T4,CCC#CCOC(=O)OC(C/C=C\CCCCCCCCOC(=O)CCN(CCC(=O)OCCCCCCCC/C=C\CC(CCCCCC)OC(=O)OCC#CCC)CCN1CCCC1)CCCCCC,Ugi-3CR,NCCN1CCCC1,primary_tertiary,C=CC(=O)OCCCCCCCC/C=C\CC(CCCCCC)OC(=O)O,ester/carbonate acrylate,1,T4,CCC#CCO,ricinoleic/aliphatic,,,,,,,,,,,,,,,,head–linker–tail,DOPE,[H][C@@](COP([O-])(OCC[NH3+])=O)(OC(CCCCCCC/C=C\\CCCCCCCC)=O)COC(CCCCCCC/C=C\\CCCCCCCC)=O,16.0,Cholesterol,C[C@H](CCCC(C)C)[C@H]1CC[C@@H]2[C@@]1(CC[C@H]3[C@H]2CC=C4[C@@]3(CC[C@@H](C4)O)C)C,46.5,DMPE-PEG2000,CCCCCCCCCCCCCC(=O)OCC(COP(=O)(OCCNCC(=O)OCCOCCOCCOCCOCCOCCOCCOCCOCCOCCOCCOCCOCCOCCOCCOCCOCCOCCOCCOCCOCCOCCOCCOCCOCCOCCOCCOCCOCCOCCOCCOCCOCCOCCOCCOCCOCCOCCOCCOCCOCCOCCOCCOC)O)OC(=O)CCCCCCCCCCCCC,2.5,2000.0,35.0,10.0,,,,mRNA,in_vitro,in_vitro,A549,in_vitro,,,,,,,-1.5898881708773065,normalized_luminescence,72.0,1.0,0.0,45.0,1010.753447,130.14,0.0,12.0,14.416,291.512,0.8,2.0,2.0,1011.48,True,True,False,biodegradable acrylate,,,,,,,,,,,,,,,,,,,cyclic
LNPhub_R0004562,LNPhub_BL_2023,https://www.nature.com/articles/s41587-023-01679-x,LNPhub_BL_2023_LNP_000551,BL_A72-T7,CCCCCC#CCOC(=O)OC(C/C=C\CCCCCCCCOC(=O)CCN1CCC1c1ccccc1)CCCCCC,Ugi-3CR,C1=CC=C(C=C1)C2CCN2,secondary,C=CC(=O)OCCCCCCCC/C=C\CC(CCCCCC)OC(=O)O,ester/carbonate acrylate,1,T7,CCCCCC#CCO,ricinoleic/aliphatic,,,,,,,,,,,,,,,,head–linker–tail,DOPE,[H][C@@](COP([O-])(OCC[NH3+])=O)(OC(CCCCCCC/C=C\\CCCCCCCC)=O)COC(CCCCCCC/C=C\\CCCCCCCC)=O,16.0,Cholesterol,C[C@H](CCCC(C)C)[C@H]1CC[C@@H]2[C@@]1(CC[C@H]3[C@H]2CC=C4[C@@]3(CC[C@@H](C4)O)C)C,46.5,DMPE-PEG2000,CCCCCCCCCCCCCC(=O)OCC(COP(=O)(OCCNCC(=O)OCCOCCOCCOCCOCCOCCOCCOCCOCCOCCOCCOCCOCCOCCOCCOCCOCCOCCOCCOCCOCCOCCOCCOCCOCCOCCOCCOCCOCCOCCOCCOCCOCCOCCOCCOCCOCCOCCOCCOCCOCCOCCOCCOC)O)OC(=O)CCCCCCCCCCCCC,2.5,2000.0,35.0,10.0,,,,mRNA,in_vitro,in_vitro,A549,in_vitro,,,,,,,-0.846950293285743,normalized_luminescence,45.0,2.0,1.0,25.0,623.4549741,65.07,0.0,6.0,10.1196,183.923,0.692307692,2.0,1.0,623.919,True,True,False,biodegradable acrylate,,,,,,,,,,,,,,,,,,,cyclic
LNPhub_R0004563,LNPhub_BL_2023,https://www.nature.com/articles/s41587-023-01679-x,LNPhub_BL_2023_LNP_000552,BL_A28-T4,CCC#CCOC(=O)OC(C/C=C\CCCCCCCCOC(=O)CCN(C)CCCN(C)CCCN(C)CCC(=O)OCCCCCCCC/C=C\CC(CCCCCC)OC(=O)OCC#CCC)CCCCCC,Ugi-3CR,CNCCCN(C)CCCNC,secondary_tertiary,C=CC(=O)OCCCCCCCC/C=C\CC(CCCCCC)OC(=O)O,ester/carbonate acrylate,1,T4,CCC#CCO,ricinoleic/aliphatic,,,,,,,,,,,,,,,,head–linker–tail,DOPE,[H][C@@](COP([O-])(OCC[NH3+])=O)(OC(CCCCCCC/C=C\\CCCCCCCC)=O)COC(CCCCCCC/C=C\\CCCCCCCC)=O,16.0,Cholesterol,C[C@H](CCCC(C)C)[C@H]1CC[C@@H]2[C@@]1(CC[C@H]3[C@H]2CC=C4[C@@]3(CC[C@@H](C4)O)C)C,46.5,DMPE-PEG2000,CCCCCCCCCCCCCC(=O)OCC(COP(=O)(OCCNCC(=O)OCCOCCOCCOCCOCCOCCOCCOCCOCCOCCOCCOCCOCCOCCOCCOCCOCCOCCOCCOCCOCCOCCOCCOCCOCCOCCOCCOCCOCCOCCOCCOCCOCCOCCOCCOCCOCCOCCOCCOCCOCCOCCOCCOC)O)OC(=O)CCCCCCCCCCCCC,2.5,2000.0,35.0,10.0,,,,mRNA,in_vitro,in_vitro,A549,in_vitro,,,,,,,-0.6071694523678609,normalized_luminescence,76.0,0.0,0.0,50.0,1069.826947,133.38,0.0,13.0,14.5938,311.123,0.80952381,2.0,3.0,1070.592,True,True,False,biodegradable acrylate,,,,,,,,,,,,,,,,,,,branched
LNPhub_R0004564,LNPhub_BL_2023,https://www.nature.com/articles/s41587-023-01679-x,LNPhub_BL_2023_LNP_000553,BL_A34-T5,CCCC#CCOC(=O)OC(C/C=C\CCCCCCCCOC(=O)CCN(CCCN(CCC(=O)OCCCCCCCC/C=C\CC(CCCCCC)OC(=O)OCC#CCCC)CCN(CCCN(CCC(=O)OCCCCCCCC/C=C\CC(CCCCCC)OC(=O)OCC#CCCC)CCC(=O)OCCCCCCCC/C=C\CC(CCCCCC)OC(=O)OCC#CCCC)CCC(=O)OCCCCCCCC/C=C\CC(CCCCCC)OC(=O)OCC#CCCC)CCC(=O)OCCCCCCCC/C=C\CC(CCCCCC)OC(=O)OCC#CCCC)CCCCCC,Ugi-3CR,C(CN)CNCCNCCCN,primary_secondary,C=CC(=O)OCCCCCCCC/C=C\CC(CCCCCC)OC(=O)O,ester/carbonate acrylate,1,T5,CCCC#CCO,ricinoleic/aliphatic,,,,,,,,,,,,,,,,head–linker–tail,DOPE,[H][C@@](COP([O-])(OCC[NH3+])=O)(OC(CCCCCCC/C=C\\CCCCCCCC)=O)COC(CCCCCCC/C=C\\CCCCCCCC)=O,16.0,Cholesterol,C[C@H](CCCC(C)C)[C@H]1CC[C@@H]2[C@@]1(CC[C@H]3[C@H]2CC=C4[C@@]3(CC[C@@H](C4)O)C)C,46.5,DMPE-PEG2000,CCCCCCCCCCCCCC(=O)OCC(COP(=O)(OCCNCC(=O)OCCOCCOCCOCCOCCOCCOCCOCCOCCOCCOCCOCCOCCOCCOCCOCCOCCOCCOCCOCCOCCOCCOCCOCCOCCOCCOCCOCCOCCOCCOCCOCCOCCOCCOCCOCCOCCOCCOCCOCCOCCOCCOCCOC)O)OC(=O)CCCCCCCCCCCCC,2.5,2000.0,35.0,10.0,,,,mRNA,in_vitro,in_vitro,A549,in_vitro,,,,,,,0.9412590051970384,normalized_luminescence,210.0,0.0,0.0,143.0,2948.191594,383.94,0.0,34.0,44.4106,850.89,0.795454545,6.0,4.0,2950.318,True,True,False,biodegradable acrylate,,,,,,,,,,,,,,,,,,,linear
LNPhub_R0004565,LNPhub_BL_2023,https://www.nature.com/articles/s41587-023-01679-x,LNPhub_BL_2023_LNP_000554,BL_A63-T3,CCCCC/C=C\C/C=C\CCCCCCCCOC(=O)OC(C/C=C\CCCCCCCCOC(=O)CCN(CCC(=O)OCCCCCCCC/C=C\CC(CCCCCC)OC(=O)OCCCCCCCC/C=C\C/C=C\CCCCC)CCN(CCC(=O)OCCCCCCCC/C=C\CC(CCCCCC)OC(=O)OCCCCCCCC/C=C\C/C=C\CCCCC)CCN1CCN(CCN(CCC(=O)OCCCCCCCC/C=C\CC(CCCCCC)OC(=O)OCCCCCCCC/C=C\C/C=C\CCCCC)CCC(=O)OCCCCCCCC/C=C\CC(CCCCCC)OC(=O)OCCCCCCCC/C=C\C/C=C\CCCCC)CC1)CCCCCC,Ugi-3CR,C(CNCCN1CCN(CCN)CC1)N,primary_secondary_tertiary,C=CC(=O)OCCCCCCCC/C=C\CC(CCCCCC)OC(=O)O,ester/carbonate acrylate,1,T3,CCCCCC=CCC=C=CCCCCCCCCO,ricinoleic/aliphatic,,,,,,,,,,,,,,,,head–linker–tail,DOPE,[H][C@@](COP([O-])(OCC[NH3+])=O)(OC(CCCCCCC/C=C\\CCCCCCCC)=O)COC(CCCCCCC/C=C\\CCCCCCCC)=O,16.0,Cholesterol,C[C@H](CCCC(C)C)[C@H]1CC[C@@H]2[C@@]1(CC[C@H]3[C@H]2CC=C4[C@@]3(CC[C@@H](C4)O)C)C,46.5,DMPE-PEG2000,CCCCCCCCCCCCCC(=O)OCC(COP(=O)(OCCNCC(=O)OCCOCCOCCOCCOCCOCCOCCOCCOCCOCCOCCOCCOCCOCCOCCOCCOCCOCCOCCOCCOCCOCCOCCOCCOCCOCCOCCOCCOCCOCCOCCOCCOCCOCCOCCOCCOCCOCCOCCOCCOCCOCCOCCOC)O)OC(=O)CCCCCCCCCCCCC,2.5,2000.0,35.0,10.0,,,,mRNA,in_vitro,in_vitro,A549,in_vitro,,,,,,,0.9522095796743868,normalized_luminescence,240.0,1.0,0.0,184.0,3367.822623,325.35,0.0,30.0,61.09,1012.15,0.80952381,5.0,5.0,3370.32,True,True,False,biodegradable acrylate,,,,,,,,,,,,,,,,,,,cyclic-dendrimer
LNPhub_R0004566,LNPhub_BL_2023,https://www.nature.com/articles/s41587-023-01679-x,LNPhub_BL_2023_LNP_000555,BL_A36-T4,CCC#CCOC(=O)OC(C/C=C\CCCCCCCCOC(=O)CCN1CCN(CCN(C)C)CC1)CCCCCC,Ugi-3CR,CN(C)CCN1CCNCC1,secondary_tertiary,C=CC(=O)OCCCCCCCC/C=C\CC(CCCCCC)OC(=O)O,ester/carbonate acrylate,1,T4,CCC#CCO,ricinoleic/aliphatic,,,,,,,,,,,,,,,,head–linker–tail,DOPE,[H][C@@](COP([O-])(OCC[NH3+])=O)(OC(CCCCCCC/C=C\\CCCCCCCC)=O)COC(CCCCCCC/C=C\\CCCCCCCC)=O,16.0,Cholesterol,C[C@H](CCCC(C)C)[C@H]1CC[C@@H]2[C@@]1(CC[C@H]3[C@H]2CC=C4[C@@]3(CC[C@@H](C4)O)C)C,46.5,DMPE-PEG2000,CCCCCCCCCCCCCC(=O)OCC(COP(=O)(OCCNCC(=O)OCCOCCOCCOCCOCCOCCOCCOCCOCCOCCOCCOCCOCCOCCOCCOCCOCCOCCOCCOCCOCCOCCOCCOCCOCCOCCOCCOCCOCCOCCOCCOCCOCCOCCOCCOCCOCCOCCOCCOCCOCCOCCOCCOC)O)OC(=O)CCCCCCCCCCCCC,2.5,2000.0,35.0,10.0,,,,mRNA,in_vitro,in_vitro,A549,in_vitro,,,,,,,-0.9449538018353454,normalized_luminescence,43.0,1.0,0.0,24.0,605.4767721,71.55,0.0,8.0,6.6815,176.133,0.828571429,1.0,3.0,605.905,True,True,False,biodegradable acrylate,,,,,,,,,,,,,,,,,,,cyclic
LNPhub_R0004567,LNPhub_BL_2023,https://www.nature.com/articles/s41587-023-01679-x,LNPhub_BL_2023_LNP_000556,BL_A67-T1,CCCCCCCCCCCCCCCCCCOC(=O)OC(C/C=C\CCCCCCCCOC(=O)CCN(CCC(=O)OCCCCCCCC/C=C\CC(CCCCCC)OC(=O)OCCCCCCCCCCCCCCCCCC)CC1OCCO1)CCCCCC,Ugi-3CR,NCC1OCCO1,primary,C=CC(=O)OCCCCCCCC/C=C\CC(CCCCCC)OC(=O)O,ester/carbonate acrylate,1,T1,CCCCCCCCCCCCCCCCCCO,ricinoleic/aliphatic,,,,,,,,,,,,,,,,head–linker–tail,DOPE,[H][C@@](COP([O-])(OCC[NH3+])=O)(OC(CCCCCCC/C=C\\CCCCCCCC)=O)COC(CCCCCCC/C=C\\CCCCCCCC)=O,16.0,Cholesterol,C[C@H](CCCC(C)C)[C@H]1CC[C@@H]2[C@@]1(CC[C@H]3[C@H]2CC=C4[C@@]3(CC[C@@H](C4)O)C)C,46.5,DMPE-PEG2000,CCCCCCCCCCCCCC(=O)OCC(COP(=O)(OCCNCC(=O)OCCOCCOCCOCCOCCOCCOCCOCCOCCOCCOCCOCCOCCOCCOCCOCCOCCOCCOCCOCCOCCOCCOCCOCCOCCOCCOCCOCCOCCOCCOCCOCCOCCOCCOCCOCCOCCOCCOCCOCCOCCOCCOCCOC)O)OC(=O)CCCCCCCCCCCCC,2.5,2000.0,35.0,10.0,,,,mRNA,in_vitro,in_vitro,A549,in_vitro,,,,,,,-1.983478490547576,normalized_luminescence,97.0,1.0,0.0,76.0,1372.170579,145.36,0.0,13.0,25.3893,404.488,0.904761905,2.0,1.0,1373.175,True,True,False,biodegradable acrylate,,,,,,,,,,,,,,,,,,,cyclic
LNPhub_R0004568,LNPhub_BL_2023,https://www.nature.com/articles/s41587-023-01679-x,LNPhub_BL_2023_LNP_000557,BL_A48-T3,CCCCC/C=C\C/C=C\CCCCCCCCOC(=O)OC(C/C=C\CCCCCCCCOC(=O)CCN1CCCN(CCC(=O)OCCCCCCCC/C=C\CC(CCCCCC)OC(=O)OCCCCCCCC/C=C\C/C=C\CCCCC)CCN(CCC(=O)OCCCCCCCC/C=C\CC(CCCCCC)OC(=O)OCCCCCCCC/C=C\C/C=C\CCCCC)CCCN(CCC(=O)OCCCCCCCC/C=C\CC(CCCCCC)OC(=O)OCCCCCCCC/C=C\C/C=C\CCCCC)CC1)CCCCCC,Ugi-3CR,C1CNCCNCCCNCCNC1,secondary,C=CC(=O)OCCCCCCCC/C=C\CC(CCCCCC)OC(=O)O,ester/carbonate acrylate,1,T3,CCCCCC=CCC=C=CCCCCCCCCO,ricinoleic/aliphatic,,,,,,,,,,,,,,,,head–linker–tail,DOPE,[H][C@@](COP([O-])(OCC[NH3+])=O)(OC(CCCCCCC/C=C\\CCCCCCCC)=O)COC(CCCCCCC/C=C\\CCCCCCCC)=O,16.0,Cholesterol,C[C@H](CCCC(C)C)[C@H]1CC[C@@H]2[C@@]1(CC[C@H]3[C@H]2CC=C4[C@@]3(CC[C@@H](C4)O)C)C,46.5,DMPE-PEG2000,CCCCCCCCCCCCCC(=O)OCC(COP(=O)(OCCNCC(=O)OCCOCCOCCOCCOCCOCCOCCOCCOCCOCCOCCOCCOCCOCCOCCOCCOCCOCCOCCOCCOCCOCCOCCOCCOCCOCCOCCOCCOCCOCCOCCOCCOCCOCCOCCOCCOCCOCCOCCOCCOCCOCCOCCOC)O)OC(=O)CCCCCCCCCCCCC,2.5,2000.0,35.0,10.0,,,,mRNA,in_vitro,in_vitro,A549,in_vitro,,,,,,,-0.976406141030666,normalized_luminescence,194.0,1.0,0.0,140.0,2722.289398,260.28,0.0,24.0,49.6522,818.954,0.811764706,4.0,4.0,2724.31,True,True,False,biodegradable acrylate,,,,,,,,,,,,,,,,,,,macrocyclic
LNPhub_R0004569,LNPhub_BL_2023,https://www.nature.com/articles/s41587-023-01679-x,LNPhub_BL_2023_LNP_000558,BL_A12-T8,CCCCCCC#CCOC(=O)OC(C/C=C\CCCCCCCCOC(=O)CCN1CCC(N2CCN(CC)CC2)CC1)CCCCCC,Ugi-3CR,CCN1CCN(CC1)C2CCNCC2,secondary_tertiary,C=CC(=O)OCCCCCCCC/C=C\CC(CCCCCC)OC(=O)O,ester/carbonate acrylate,1,T8,CCCCCCC#CCO,ricinoleic/aliphatic,,,,,,,,,,,,,,,,head–linker–tail,DOPE,[H][C@@](COP([O-])(OCC[NH3+])=O)(OC(CCCCCCC/C=C\\CCCCCCCC)=O)COC(CCCCCCC/C=C\\CCCCCCCC)=O,16.0,Cholesterol,C[C@H](CCCC(C)C)[C@H]1CC[C@@H]2[C@@]1(CC[C@H]3[C@H]2CC=C4[C@@]3(CC[C@@H](C4)O)C)C,46.5,DMPE-PEG2000,CCCCCCCCCCCCCC(=O)OCC(COP(=O)(OCCNCC(=O)OCCOCCOCCOCCOCCOCCOCCOCCOCCOCCOCCOCCOCCOCCOCCOCCOCCOCCOCCOCCOCCOCCOCCOCCOCCOCCOCCOCCOCCOCCOCCOCCOCCOCCOCCOCCOCCOCCOCCOCCOCCOCCOCCOC)O)OC(=O)CCCCCCCCCCCCC,2.5,2000.0,35.0,10.0,,,,mRNA,in_vitro,in_vitro,A549,in_vitro,,,,,,,-0.0043902741191297,normalized_luminescence,50.0,2.0,0.0,27.0,701.5706725,71.55,0.0,8.0,9.1646,206.316,0.857142857,1.0,3.0,702.078,True,True,False,biodegradable acrylate,,,,,,,,,,,,,,,,,,,cyclic-dendrimer
LNPhub_R0004570,LNPhub_BL_2023,https://www.nature.com/articles/s41587-023-01679-x,LNPhub_BL_2023_LNP_000559,BL_A50-T6,CCCCC#CCOC(=O)OC(C/C=C\CCCCCCCCOC(=O)CCN1CCCCC1CO)CCCCCC,Ugi-3CR,C1CCNC(C1)CO,secondary,C=CC(=O)OCCCCCCCC/C=C\CC(CCCCCC)OC(=O)O,ester/carbonate acrylate,1,T6,CCCCC#CCO,ricinoleic/aliphatic,,,,,,,,,,,,,,,,head–linker–tail,DOPE,[H][C@@](COP([O-])(OCC[NH3+])=O)(OC(CCCCCCC/C=C\\CCCCCCCC)=O)COC(CCCCCCC/C=C\\CCCCCCCC)=O,16.0,Cholesterol,C[C@H](CCCC(C)C)[C@H]1CC[C@@H]2[C@@]1(CC[C@H]3[C@H]2CC=C4[C@@]3(CC[C@@H](C4)O)C)C,46.5,DMPE-PEG2000,CCCCCCCCCCCCCC(=O)OCC(COP(=O)(OCCNCC(=O)OCCOCCOCCOCCOCCOCCOCCOCCOCCOCCOCCOCCOCCOCCOCCOCCOCCOCCOCCOCCOCCOCCOCCOCCOCCOCCOCCOCCOCCOCCOCCOCCOCCOCCOCCOCCOCCOCCOCCOCCOCCOCCOCCOC)O)OC(=O)CCCCCCCCCCCCC,2.5,2000.0,35.0,10.0,,,,mRNA,in_vitro,in_vitro,A549,in_vitro,,,,,,,-0.5335573320875499,normalized_luminescence,42.0,1.0,0.0,24.0,591.4498887,85.3,1.0,7.0,8.1293,170.2308,0.828571429,2.0,1.0,591.874,True,True,False,biodegradable acrylate,,,,,,,,,,,,,,,,,,,cyclic
LNPhub_R0004571,LNPhub_BL_2023,https://www.nature.com/articles/s41587-023-01679-x,LNPhub_BL_2023_LNP_000560,BL_A70-T8,CCCCCCC#CCOC(=O)OC(C/C=C\CCCCCCCCOC(=O)CCN(CCCN1CCOCC1)CCC(=O)OCCCCCCCC/C=C\CC(CCCCCC)OC(=O)OCC#CCCCCCC)CCCCCC,Ugi-3CR,C(CN)CN1CCOCC1,primary_tertiary,C=CC(=O)OCCCCCCCC/C=C\CC(CCCCCC)OC(=O)O,ester/carbonate acrylate,1,T8,CCCCCCC#CCO,ricinoleic/aliphatic,,,,,,,,,,,,,,,,head–linker–tail,DOPE,[H][C@@](COP([O-])(OCC[NH3+])=O)(OC(CCCCCCC/C=C\\CCCCCCCC)=O)COC(CCCCCCC/C=C\\CCCCCCCC)=O,16.0,Cholesterol,C[C@H](CCCC(C)C)[C@H]1CC[C@@H]2[C@@]1(CC[C@H]3[C@H]2CC=C4[C@@]3(CC[C@@H](C4)O)C)C,46.5,DMPE-PEG2000,CCCCCCCCCCCCCC(=O)OCC(COP(=O)(OCCNCC(=O)OCCOCCOCCOCCOCCOCCOCCOCCOCCOCCOCCOCCOCCOCCOCCOCCOCCOCCOCCOCCOCCOCCOCCOCCOCCOCCOCCOCCOCCOCCOCCOCCOCCOCCOCCOCCOCCOCCOCCOCCOCCOCCOCCOC)O)OC(=O)CCCCCCCCCCCCC,2.5,2000.0,35.0,10.0,,,,mRNA,in_vitro,in_vitro,A549,in_vitro,,,,,,,0.0977122090796261,normalized_luminescence,82.0,1.0,0.0,54.0,1152.889213,139.37,0.0,13.0,17.1633,334.65,0.826086957,2.0,2.0,1153.722,True,True,False,biodegradable acrylate,,,,,,,,,,,,,,,,,,,cyclic
LNPhub_R0004572,LNPhub_BL_2023,https://www.nature.com/articles/s41587-023-01679-x,LNPhub_BL_2023_LNP_000561,BL_A29-T8,CCCCCCC#CCOC(=O)OC(C/C=C\CCCCCCCCOC(=O)CCN(C)CCN(C)C)CCCCCC,Ugi-3CR,CNCCN(C)C,secondary_tertiary,C=CC(=O)OCCCCCCCC/C=C\CC(CCCCCC)OC(=O)O,ester/carbonate acrylate,1,T8,CCCCCCC#CCO,ricinoleic/aliphatic,,,,,,,,,,,,,,,,head–linker–tail,DOPE,[H][C@@](COP([O-])(OCC[NH3+])=O)(OC(CCCCCCC/C=C\\CCCCCCCC)=O)COC(CCCCCCC/C=C\\CCCCCCCC)=O,16.0,Cholesterol,C[C@H](CCCC(C)C)[C@H]1CC[C@@H]2[C@@]1(CC[C@H]3[C@H]2CC=C4[C@@]3(CC[C@@H](C4)O)C)C,46.5,DMPE-PEG2000,CCCCCCCCCCCCCC(=O)OCC(COP(=O)(OCCNCC(=O)OCCOCCOCCOCCOCCOCCOCCOCCOCCOCCOCCOCCOCCOCCOCCOCCOCCOCCOCCOCCOCCOCCOCCOCCOCCOCCOCCOCCOCCOCCOCCOCCOCCOCCOCCOCCOCCOCCOCCOCCOCCOCCOCCOC)O)OC(=O)CCCCCCCCCCCCC,2.5,2000.0,35.0,10.0,,,,mRNA,in_vitro,in_vitro,A549,in_vitro,,,,,,,0.7386918657618615,normalized_luminescence,43.0,0.0,0.0,28.0,606.4971732,68.31,0.0,7.0,8.5561,179.218,0.833333333,1.0,2.0,606.933,True,True,False,biodegradable acrylate,,,,,,,,,,,,,,,,,,,branched
LNPhub_R0004573,LNPhub_BL_2023,https://www.nature.com/articles/s41587-023-01679-x,LNPhub_BL_2023_LNP_000562,BL_A4-T8,CCCCCCC#CCOC(=O)OC(C/C=C\CCCCCCCCOC(=O)CCN(CCC(=O)OCCCCCCCC/C=C\CC(CCCCCC)OC(=O)OCC#CCCCCCC)CCN(CC)CC)CCCCCC,Ugi-3CR,CCN(CC)CCN,primary_tertiary,C=CC(=O)OCCCCCCCC/C=C\CC(CCCCCC)OC(=O)O,ester/carbonate acrylate,1,T8,CCCCCCC#CCO,ricinoleic/aliphatic,,,,,,,,,,,,,,,,head–linker–tail,DOPE,[H][C@@](COP([O-])(OCC[NH3+])=O)(OC(CCCCCCC/C=C\\CCCCCCCC)=O)COC(CCCCCCC/C=C\\CCCCCCCC)=O,16.0,Cholesterol,C[C@H](CCCC(C)C)[C@H]1CC[C@@H]2[C@@]1(CC[C@H]3[C@H]2CC=C4[C@@]3(CC[C@@H](C4)O)C)C,46.5,DMPE-PEG2000,CCCCCCCCCCCCCC(=O)OCC(COP(=O)(OCCNCC(=O)OCCOCCOCCOCCOCCOCCOCCOCCOCCOCCOCCOCCOCCOCCOCCOCCOCCOCCOCCOCCOCCOCCOCCOCCOCCOCCOCCOCCOCCOCCOCCOCCOCCOCCOCCOCCOCCOCCOCCOCCOCCOCCOCCOC)O)OC(=O)CCCCCCCCCCCCC,2.5,2000.0,35.0,10.0,,,,mRNA,in_vitro,in_vitro,A549,in_vitro,116.8,0.11,9.7,ZetaPALS,87.1,,1.076910280419458,normalized_luminescence,80.0,0.0,0.0,55.0,1124.894298,130.14,0.0,12.0,17.7828,330.562,0.823529412,2.0,2.0,1125.712,True,True,False,biodegradable acrylate,,,,,,95.0,,,,,,,,,,,,,branched
LNPhub_R0004574,LNPhub_BL_2023,https://www.nature.com/articles/s41587-023-01679-x,LNPhub_BL_2023_LNP_000563,BL_A1-T5,CCCC#CCOC(=O)OC(C/C=C\CCCCCCCCOC(=O)CCN(CCCN(C)C)CCC(=O)OCCCCCCCC/C=C\CC(CCCCCC)OC(=O)OCC#CCCC)CCCCCC,Ugi-3CR,CN(C)CCCN,primary_tertiary,C=CC(=O)OCCCCCCCC/C=C\CC(CCCCCC)OC(=O)O,ester/carbonate acrylate,1,T5,CCCC#CCO,ricinoleic/aliphatic,,,,,,,,,,,,,,,,head–linker–tail,DOPE,[H][C@@](COP([O-])(OCC[NH3+])=O)(OC(CCCCCCC/C=C\\CCCCCCCC)=O)COC(CCCCCCC/C=C\\CCCCCCCC)=O,16.0,Cholesterol,C[C@H](CCCC(C)C)[C@H]1CC[C@@H]2[C@@]1(CC[C@H]3[C@H]2CC=C4[C@@]3(CC[C@@H](C4)O)C)C,46.5,DMPE-PEG2000,CCCCCCCCCCCCCC(=O)OCC(COP(=O)(OCCNCC(=O)OCCOCCOCCOCCOCCOCCOCCOCCOCCOCCOCCOCCOCCOCCOCCOCCOCCOCCOCCOCCOCCOCCOCCOCCOCCOCCOCCOCCOCCOCCOCCOCCOCCOCCOCCOCCOCCOCCOCCOCCOCCOCCOCCOC)O)OC(=O)CCCCCCCCCCCCC,2.5,2000.0,35.0,7.5,,,,mRNA,intratracheal,in_vivo,Mouse_B6,lung_epithelium,,,,,,,-1.0815154946459362,normalized_luminescence,73.0,0.0,0.0,48.0,1026.784748,130.14,0.0,12.0,15.0521,298.243,0.803278689,2.0,2.0,1027.523,True,True,False,biodegradable acrylate,,,,,,,,,,,,,,,,,,,branched
LNPhub_R0004575,LNPhub_BL_2023,https://www.nature.com/articles/s41587-023-01679-x,LNPhub_BL_2023_LNP_000564,BL_A38-T6,CCCCC#CCOC(=O)OC(C/C=C\CCCCCCCCOC(=O)CCN(CCC(=O)OCCCCCCCC/C=C\CC(CCCCCC)OC(=O)OCC#CCCCC)CCC1CCCCN1C)CCCCCC,Ugi-3CR,CN1CCCCC1CCN,primary_tertiary,C=CC(=O)OCCCCCCCC/C=C\CC(CCCCCC)OC(=O)O,ester/carbonate acrylate,1,T6,CCCCC#CCO,ricinoleic/aliphatic,,,,,,,,,,,,,,,,head–linker–tail,DOPE,[H][C@@](COP([O-])(OCC[NH3+])=O)(OC(CCCCCCC/C=C\\CCCCCCCC)=O)COC(CCCCCCC/C=C\\CCCCCCCC)=O,16.0,Cholesterol,C[C@H](CCCC(C)C)[C@H]1CC[C@@H]2[C@@]1(CC[C@H]3[C@H]2CC=C4[C@@]3(CC[C@@H](C4)O)C)C,46.5,DMPE-PEG2000,CCCCCCCCCCCCCC(=O)OCC(COP(=O)(OCCNCC(=O)OCCOCCOCCOCCOCCOCCOCCOCCOCCOCCOCCOCCOCCOCCOCCOCCOCCOCCOCCOCCOCCOCCOCCOCCOCCOCCOCCOCCOCCOCCOCCOCCOCCOCCOCCOCCOCCOCCOCCOCCOCCOCCOCCOC)O)OC(=O)CCCCCCCCCCCCC,2.5,2000.0,35.0,10.0,,,,mRNA,in_vitro,in_vitro,A549,in_vitro,,,,,,,0.9651624878952976,normalized_luminescence,78.0,1.0,0.0,49.0,1094.847348,130.14,0.0,12.0,16.755,319.192,0.818181818,3.0,2.0,1095.642,True,True,False,biodegradable acrylate,,,,,,,,,,,,,,,,,,,cyclic
LNPhub_R0004576,LNPhub_BL_2023,https://www.nature.com/articles/s41587-023-01679-x,LNPhub_BL_2023_LNP_000005,BL_A47-T7,CCCCCC#CCOC(=O)OC(C/C=C\CCCCCCCCOC(=O)CCN1CCN(CCC(=O)OCCCCCCCC/C=C\CC(CCCCCC)OC(=O)OCC#CCCCCC)CCN(CCC(=O)OCCCCCCCC/C=C\CC(CCCCCC)OC(=O)OCC#CCCCCC)CC1)CCCCCC,Ugi-3CR,C1CN2CCNCCN1CC2,secondary_tertiary,C=CC(=O)OCCCCCCCC/C=C\CC(CCCCCC)OC(=O)O,ester/carbonate acrylate,1,T7,CCCCCC#CCO,ricinoleic/aliphatic,,,,,,,,,,,,,,,,head–linker–tail,DOTAP,[H]C(C[N+](C)(C)C)(OC(CCCCCCC/C=C\CCCCCCCC)=O)COC(CCCCCCC/C=C\CCCCCCCC)=O,39.0,Cholesterol,C[C@H](CCCC(C)C)[C@H]1CC[C@@H]2[C@@]1(CC[C@H]3[C@H]2CC=C4[C@@]3(CC[C@@H](C4)O)C)C,30.0,DMPE-PEG2000,CCCCCCCCCCCCCC(=O)OCC(COP(=O)(OCCNCC(=O)OCCOCCOCCOCCOCCOCCOCCOCCOCCOCCOCCOCCOCCOCCOCCOCCOCCOCCOCCOCCOCCOCCOCCOCCOCCOCCOCCOCCOCCOCCOCCOCCOCCOCCOCCOCCOCCOCCOCCOCCOCCOCCOCCOC)O)OC(=O)CCCCCCCCCCCCC,1.0,2000.0,30.0,7.5,,,,mRNA,intratracheal,in_vivo,Mouse_B6,lung_epithelium,120.6,,,,,,-0.0467075181025215,normalized_luminescence,114.0,1.0,0.0,72.0,1600.224072,195.21,0.0,18.0,23.9646,464.97,0.8125,3.0,3.0,1601.382,True,True,False,biodegradable acrylate,,,,,,88.0,,,,,,,,,,,,,macrocyclic
LNPhub_R0004577,LNPhub_BL_2023,https://www.nature.com/articles/s41587-023-01679-x,LNPhub_BL_2023_LNP_000565,BL_A5-T4,CCC#CCOC(=O)OC(C/C=C\CCCCCCCCOC(=O)CCN(C)CCCN(C)CCC(=O)OCCCCCCCC/C=C\CC(CCCCCC)OC(=O)OCC#CCC)CCCCCC,Ugi-3CR,CNCCCNC,secondary,C=CC(=O)OCCCCCCCC/C=C\CC(CCCCCC)OC(=O)O,ester/carbonate acrylate,1,T4,CCC#CCO,ricinoleic/aliphatic,,,,,,,,,,,,,,,,head–linker–tail,DOPE,[H][C@@](COP([O-])(OCC[NH3+])=O)(OC(CCCCCCC/C=C\\CCCCCCCC)=O)COC(CCCCCCC/C=C\\CCCCCCCC)=O,16.0,Cholesterol,C[C@H](CCCC(C)C)[C@H]1CC[C@@H]2[C@@]1(CC[C@H]3[C@H]2CC=C4[C@@]3(CC[C@@H](C4)O)C)C,46.5,DMPE-PEG2000,CCCCCCCCCCCCCC(=O)OCC(COP(=O)(OCCNCC(=O)OCCOCCOCCOCCOCCOCCOCCOCCOCCOCCOCCOCCOCCOCCOCCOCCOCCOCCOCCOCCOCCOCCOCCOCCOCCOCCOCCOCCOCCOCCOCCOCCOCCOCCOCCOCCOCCOCCOCCOCCOCCOCCOCCOC)O)OC(=O)CCCCCCCCCCCCC,2.5,2000.0,35.0,10.0,,,,mRNA,in_vitro,in_vitro,A549,in_vitro,,,,,,,0.702345750542851,normalized_luminescence,71.0,0.0,0.0,46.0,998.7534475,130.14,0.0,12.0,14.2719,289.009,0.796610169,2.0,2.0,999.469,True,True,False,biodegradable acrylate,,,,,,,,,,,,,,,,,,,linear
LNPhub_R0004578,LNPhub_BL_2023,https://www.nature.com/articles/s41587-023-01679-x,LNPhub_BL_2023_LNP_000566,BL_A8-T7,CCCCCC#CCOC(=O)OC(C/C=C\CCCCCCCCOC(=O)CCN(CCN(CC)CC)CCN(CC)CC)CCCCCC,Ugi-3CR,CCN(CC)CCNCCN(CC)CC,secondary_tertiary,C=CC(=O)OCCCCCCCC/C=C\CC(CCCCCC)OC(=O)O,ester/carbonate acrylate,1,T7,CCCCCC#CCO,ricinoleic/aliphatic,,,,,,,,,,,,,,,,head–linker–tail,DOPE,[H][C@@](COP([O-])(OCC[NH3+])=O)(OC(CCCCCCC/C=C\\CCCCCCCC)=O)COC(CCCCCCC/C=C\\CCCCCCCC)=O,16.0,Cholesterol,C[C@H](CCCC(C)C)[C@H]1CC[C@@H]2[C@@]1(CC[C@H]3[C@H]2CC=C4[C@@]3(CC[C@@H](C4)O)C)C,46.5,DMPE-PEG2000,CCCCCCCCCCCCCC(=O)OCC(COP(=O)(OCCNCC(=O)OCCOCCOCCOCCOCCOCCOCCOCCOCCOCCOCCOCCOCCOCCOCCOCCOCCOCCOCCOCCOCCOCCOCCOCCOCCOCCOCCOCCOCCOCCOCCOCCOCCOCCOCCOCCOCCOCCOCCOCCOCCOCCOCCOC)O)OC(=O)CCCCCCCCCCCCC,2.5,2000.0,35.0,10.0,,,,mRNA,in_vitro,in_vitro,A549,in_vitro,,,,,,,0.371056533167479,normalized_luminescence,50.0,0.0,0.0,34.0,705.6019726,71.55,0.0,8.0,9.6582,210.566,0.857142857,1.0,3.0,706.11,True,True,False,biodegradable acrylate,,,,,,,,,,,,,,,,,,,branched
LNPhub_R0004579,LNPhub_BL_2023,https://www.nature.com/articles/s41587-023-01679-x,LNPhub_BL_2023_LNP_000567,BL_A47-T3,CCCCC/C=C\C/C=C\CCCCCCCCOC(=O)OC(C/C=C\CCCCCCCCOC(=O)CCN1CCN(CCC(=O)OCCCCCCCC/C=C\CC(CCCCCC)OC(=O)OCCCCCCCC/C=C\C/C=C\CCCCC)CCN(CCC(=O)OCCCCCCCC/C=C\CC(CCCCCC)OC(=O)OCCCCCCCC/C=C\C/C=C\CCCCC)CC1)CCCCCC,Ugi-3CR,C1CN2CCNCCN1CC2,secondary_tertiary,C=CC(=O)OCCCCCCCC/C=C\CC(CCCCCC)OC(=O)O,ester/carbonate acrylate,1,T3,CCCCCC=CCC=C=CCCCCCCCCO,ricinoleic/aliphatic,,,,,,,,,,,,,,,,head–linker–tail,DOPE,[H][C@@](COP([O-])(OCC[NH3+])=O)(OC(CCCCCCC/C=C\\CCCCCCCC)=O)COC(CCCCCCC/C=C\\CCCCCCCC)=O,16.0,Cholesterol,C[C@H](CCCC(C)C)[C@H]1CC[C@@H]2[C@@]1(CC[C@H]3[C@H]2CC=C4[C@@]3(CC[C@@H](C4)O)C)C,46.5,DMPE-PEG2000,CCCCCCCCCCCCCC(=O)OCC(COP(=O)(OCCNCC(=O)OCCOCCOCCOCCOCCOCCOCCOCCOCCOCCOCCOCCOCCOCCOCCOCCOCCOCCOCCOCCOCCOCCOCCOCCOCCOCCOCCOCCOCCOCCOCCOCCOCCOCCOCCOCCOCCOCCOCCOCCOCCOCCOCCOC)O)OC(=O)CCCCCCCCCCCCC,2.5,2000.0,35.0,10.0,,,,mRNA,in_vitro,in_vitro,A549,in_vitro,,,,,,,0.2577674073667384,normalized_luminescence,144.0,1.0,0.0,105.0,2020.693573,195.21,0.0,18.0,36.654,607.29,0.80952381,3.0,3.0,2022.192,True,True,False,biodegradable acrylate,,,,,,,,,,,,,,,,,,,macrocyclic
LNPhub_R0004580,LNPhub_BL_2023,https://www.nature.com/articles/s41587-023-01679-x,LNPhub_BL_2023_LNP_000568,BL_A36-T8,CCCCCCC#CCOC(=O)OC(C/C=C\CCCCCCCCOC(=O)CCN1CCN(CCN(C)C)CC1)CCCCCC,Ugi-3CR,CN(C)CCN1CCNCC1,secondary_tertiary,C=CC(=O)OCCCCCCCC/C=C\CC(CCCCCC)OC(=O)O,ester/carbonate acrylate,1,T8,CCCCCCC#CCO,ricinoleic/aliphatic,,,,,,,,,,,,,,,,head–linker–tail,DOPE,[H][C@@](COP([O-])(OCC[NH3+])=O)(OC(CCCCCCC/C=C\\CCCCCCCC)=O)COC(CCCCCCC/C=C\\CCCCCCCC)=O,16.0,Cholesterol,C[C@H](CCCC(C)C)[C@H]1CC[C@@H]2[C@@]1(CC[C@H]3[C@H]2CC=C4[C@@]3(CC[C@@H](C4)O)C)C,46.5,DMPE-PEG2000,CCCCCCCCCCCCCC(=O)OCC(COP(=O)(OCCNCC(=O)OCCOCCOCCOCCOCCOCCOCCOCCOCCOCCOCCOCCOCCOCCOCCOCCOCCOCCOCCOCCOCCOCCOCCOCCOCCOCCOCCOCCOCCOCCOCCOCCOCCOCCOCCOCCOCCOCCOCCOCCOCCOCCOCCOC)O)OC(=O)CCCCCCCCCCCCC,2.5,2000.0,35.0,10.0,,,,mRNA,in_vitro,in_vitro,A549,in_vitro,,,,,,,-0.2223568165346349,normalized_luminescence,47.0,1.0,0.0,28.0,661.5393724,71.55,0.0,8.0,8.2419,194.601,0.846153846,1.0,3.0,662.013,True,True,False,biodegradable acrylate,,,,,,,,,,,,,,,,,,,cyclic
LNPhub_R0004581,LNPhub_BL_2023,https://www.nature.com/articles/s41587-023-01679-x,LNPhub_BL_2023_LNP_000569,BL_A37-T4,CCC#CCOC(=O)OC(C/C=C\CCCCCCCCOC(=O)CCN(CCC(=O)OCCCCCCCC/C=C\CC(CCCCCC)OC(=O)OCC#CCC)CCN1CCCCN(C)CC1)CCCCCC,Ugi-3CR,CN1CCCCN(CCN)CC1,primary_tertiary,C=CC(=O)OCCCCCCCC/C=C\CC(CCCCCC)OC(=O)O,ester/carbonate acrylate,1,T4,CCC#CCO,ricinoleic/aliphatic,,,,,,,,,,,,,,,,head–linker–tail,DOPE,[H][C@@](COP([O-])(OCC[NH3+])=O)(OC(CCCCCCC/C=C\\CCCCCCCC)=O)COC(CCCCCCC/C=C\\CCCCCCCC)=O,16.0,Cholesterol,C[C@H](CCCC(C)C)[C@H]1CC[C@@H]2[C@@]1(CC[C@H]3[C@H]2CC=C4[C@@]3(CC[C@@H](C4)O)C)C,46.5,DMPE-PEG2000,CCCCCCCCCCCCCC(=O)OCC(COP(=O)(OCCNCC(=O)OCCOCCOCCOCCOCCOCCOCCOCCOCCOCCOCCOCCOCCOCCOCCOCCOCCOCCOCCOCCOCCOCCOCCOCCOCCOCCOCCOCCOCCOCCOCCOCCOCCOCCOCCOCCOCCOCCOCCOCCOCCOCCOCCOC)O)OC(=O)CCCCCCCCCCCCC,2.5,2000.0,35.0,10.0,,,,mRNA,in_vitro,in_vitro,A549,in_vitro,,,,,,,1.0871066932942166,normalized_luminescence,76.0,1.0,0.0,45.0,1067.811297,133.38,0.0,13.0,14.3478,309.009,0.80952381,2.0,3.0,1068.576,True,True,False,biodegradable acrylate,,,,,,,,,,,,,,,,,,,macrocyclic
LNPhub_R0004582,LNPhub_BL_2023,https://www.nature.com/articles/s41587-023-01679-x,LNPhub_BL_2023_LNP_000570,BL_A9-T7,CCCCCC#CCOC(=O)OC(C/C=C\CCCCCCCCOC(=O)CCN(CCCN1CCN(C)CC1)CCC(=O)OCCCCCCCC/C=C\CC(CCCCCC)OC(=O)OCC#CCCCCC)CCCCCC,Ugi-3CR,CN1CCN(CCCN)CC1,primary_tertiary,C=CC(=O)OCCCCCCCC/C=C\CC(CCCCCC)OC(=O)O,ester/carbonate acrylate,1,T7,CCCCCC#CCO,ricinoleic/aliphatic,,,,,,,,,,,,,,,,head–linker–tail,DOPE,[H][C@@](COP([O-])(OCC[NH3+])=O)(OC(CCCCCCC/C=C\\CCCCCCCC)=O)COC(CCCCCCC/C=C\\CCCCCCCC)=O,16.0,Cholesterol,C[C@H](CCCC(C)C)[C@H]1CC[C@@H]2[C@@]1(CC[C@H]3[C@H]2CC=C4[C@@]3(CC[C@@H](C4)O)C)C,46.5,DMPE-PEG2000,CCCCCCCCCCCCCC(=O)OCC(COP(=O)(OCCNCC(=O)OCCOCCOCCOCCOCCOCCOCCOCCOCCOCCOCCOCCOCCOCCOCCOCCOCCOCCOCCOCCOCCOCCOCCOCCOCCOCCOCCOCCOCCOCCOCCOCCOCCOCCOCCOCCOCCOCCOCCOCCOCCOCCOCCOC)O)OC(=O)CCCCCCCCCCCCC,2.5,2000.0,35.0,10.0,,,,mRNA,in_vitro,in_vitro,A549,in_vitro,,,,,,,0.7453843079849031,normalized_luminescence,81.0,1.0,0.0,52.0,1137.889547,133.38,0.0,13.0,16.2983,332.094,0.823529412,2.0,3.0,1138.711,True,True,False,biodegradable acrylate,,,,,,,,,,,,,,,,,,,cyclic
LNPhub_R0004583,LNPhub_BL_2023,https://www.nature.com/articles/s41587-023-01679-x,LNPhub_BL_2023_LNP_000571,BL_A37-T8,CCCCCCC#CCOC(=O)OC(C/C=C\CCCCCCCCOC(=O)CCN(CCC(=O)OCCCCCCCC/C=C\CC(CCCCCC)OC(=O)OCC#CCCCCCC)CCN1CCCCN(C)CC1)CCCCCC,Ugi-3CR,CN1CCCCN(CCN)CC1,primary_tertiary,C=CC(=O)OCCCCCCCC/C=C\CC(CCCCCC)OC(=O)O,ester/carbonate acrylate,1,T8,CCCCCCC#CCO,ricinoleic/aliphatic,,,,,,,,,,,,,,,,head–linker–tail,DOPE,[H][C@@](COP([O-])(OCC[NH3+])=O)(OC(CCCCCCC/C=C\\CCCCCCCC)=O)COC(CCCCCCC/C=C\\CCCCCCCC)=O,16.0,Cholesterol,C[C@H](CCCC(C)C)[C@H]1CC[C@@H]2[C@@]1(CC[C@H]3[C@H]2CC=C4[C@@]3(CC[C@@H](C4)O)C)C,46.5,DMPE-PEG2000,CCCCCCCCCCCCCC(=O)OCC(COP(=O)(OCCNCC(=O)OCCOCCOCCOCCOCCOCCOCCOCCOCCOCCOCCOCCOCCOCCOCCOCCOCCOCCOCCOCCOCCOCCOCCOCCOCCOCCOCCOCCOCCOCCOCCOCCOCCOCCOCCOCCOCCOCCOCCOCCOCCOCCOCCOC)O)OC(=O)CCCCCCCCCCCCC,2.5,2000.0,35.0,10.0,,,,mRNA,in_vitro,in_vitro,A549,in_vitro,,,,,,,0.6794834725405504,normalized_luminescence,84.0,1.0,0.0,53.0,1179.936497,133.38,0.0,13.0,17.4686,345.945,0.830985915,2.0,3.0,1180.792,True,True,False,biodegradable acrylate,,,,,,,,,,,,,,,,,,,macrocyclic
LNPhub_R0004584,LNPhub_BL_2023,https://www.nature.com/articles/s41587-023-01679-x,LNPhub_BL_2023_LNP_000572,BL_A37-T3,CCCCC/C=C\C/C=C\CCCCCCCCOC(=O)OC(C/C=C\CCCCCCCCOC(=O)CCN(CCC(=O)OCCCCCCCC/C=C\CC(CCCCCC)OC(=O)OCCCCCCCC/C=C\C/C=C\CCCCC)CCN1CCCCN(C)CC1)CCCCCC,Ugi-3CR,CN1CCCCN(CCN)CC1,primary_tertiary,C=CC(=O)OCCCCCCCC/C=C\CC(CCCCCC)OC(=O)O,ester/carbonate acrylate,1,T3,CCCCCC=CCC=C=CCCCCCCCCO,ricinoleic/aliphatic,,,,,,,,,,,,,,,,head–linker–tail,DOPE,[H][C@@](COP([O-])(OCC[NH3+])=O)(OC(CCCCCCC/C=C\\CCCCCCCC)=O)COC(CCCCCCC/C=C\\CCCCCCCC)=O,16.0,Cholesterol,C[C@H](CCCC(C)C)[C@H]1CC[C@@H]2[C@@]1(CC[C@H]3[C@H]2CC=C4[C@@]3(CC[C@@H](C4)O)C)C,46.5,DMPE-PEG2000,CCCCCCCCCCCCCC(=O)OCC(COP(=O)(OCCNCC(=O)OCCOCCOCCOCCOCCOCCOCCOCCOCCOCCOCCOCCOCCOCCOCCOCCOCCOCCOCCOCCOCCOCCOCCOCCOCCOCCOCCOCCOCCOCCOCCOCCOCCOCCOCCOCCOCCOCCOCCOCCOCCOCCOCCOC)O)OC(=O)CCCCCCCCCCCCC,2.5,2000.0,35.0,10.0,,,,mRNA,in_vitro,in_vitro,A549,in_vitro,,,,,,,-0.4010374505118936,normalized_luminescence,102.0,1.0,0.0,73.0,1432.218198,133.38,0.0,13.0,25.148,431.591,0.820224719,2.0,3.0,1433.278,True,True,False,biodegradable acrylate,,,,,,,,,,,,,,,,,,,macrocyclic
LNPhub_R0004585,LNPhub_BL_2023,https://www.nature.com/articles/s41587-023-01679-x,LNPhub_BL_2023_LNP_000573,BL_A27-T10,CCCCCCC#CCCOC(=O)OC(C/C=C\CCCCCCCCOC(=O)CCN(CCCN1CCCCCC1)CCC(=O)OCCCCCCCC/C=C\CC(CCCCCC)OC(=O)OCCC#CCCCCCC)CCCCCC,Ugi-3CR,C1CCCN(CC1)CCC[NH],primary_tertiary,C=CC(=O)OCCCCCCCC/C=C\CC(CCCCCC)OC(=O)O,ester/carbonate acrylate,1,T10,CCCCCCC#CCCO,ricinoleic/aliphatic,,,,,,,,,,,,,,,,head–linker–tail,DOPE,[H][C@@](COP([O-])(OCC[NH3+])=O)(OC(CCCCCCC/C=C\\CCCCCCCC)=O)COC(CCCCCCC/C=C\\CCCCCCCC)=O,16.0,Cholesterol,C[C@H](CCCC(C)C)[C@H]1CC[C@@H]2[C@@]1(CC[C@H]3[C@H]2CC=C4[C@@]3(CC[C@@H](C4)O)C)C,46.5,DMPE-PEG2000,CCCCCCCCCCCCCC(=O)OCC(COP(=O)(OCCNCC(=O)OCCOCCOCCOCCOCCOCCOCCOCCOCCOCCOCCOCCOCCOCCOCCOCCOCCOCCOCCOCCOCCOCCOCCOCCOCCOCCOCCOCCOCCOCCOCCOCCOCCOCCOCCOCCOCCOCCOCCOCCOCCOCCOCCOC)O)OC(=O)CCCCCCCCCCCCC,2.5,2000.0,35.0,10.0,,,,mRNA,in_vitro,in_vitro,A549,in_vitro,,,,,,,0.5100520934121036,normalized_luminescence,85.0,1.0,0.0,56.0,1192.956898,130.14,0.0,12.0,19.4873,351.533,0.835616438,2.0,2.0,1193.831,True,True,False,biodegradable acrylate,,,,,,,,,,,,,,,,,,,cyclic
LNPhub_R0004586,LNPhub_BL_2023,https://www.nature.com/articles/s41587-023-01679-x,LNPhub_BL_2023_LNP_000574,BL_A35-T7,CCCCCC#CCOC(=O)OC(C/C=C\CCCCCCCCOC(=O)CCN1CCN(CCCN(C)C)CC1)CCCCCC,Ugi-3CR,CN(C)CCCN1CCNCC1,secondary_tertiary,C=CC(=O)OCCCCCCCC/C=C\CC(CCCCCC)OC(=O)O,ester/carbonate acrylate,1,T7,CCCCCC#CCO,ricinoleic/aliphatic,,,,,,,,,,,,,,,,head–linker–tail,DOPE,[H][C@@](COP([O-])(OCC[NH3+])=O)(OC(CCCCCCC/C=C\\CCCCCCCC)=O)COC(CCCCCCC/C=C\\CCCCCCCC)=O,16.0,Cholesterol,C[C@H](CCCC(C)C)[C@H]1CC[C@@H]2[C@@]1(CC[C@H]3[C@H]2CC=C4[C@@]3(CC[C@@H](C4)O)C)C,46.5,DMPE-PEG2000,CCCCCCCCCCCCCC(=O)OCC(COP(=O)(OCCNCC(=O)OCCOCCOCCOCCOCCOCCOCCOCCOCCOCCOCCOCCOCCOCCOCCOCCOCCOCCOCCOCCOCCOCCOCCOCCOCCOCCOCCOCCOCCOCCOCCOCCOCCOCCOCCOCCOCCOCCOCCOCCOCCOCCOCCOC)O)OC(=O)CCCCCCCCCCCCC,2.5,2000.0,35.0,10.0,,,,mRNA,in_vitro,in_vitro,A549,in_vitro,,,,,,,-0.276305473626841,normalized_luminescence,47.0,1.0,0.0,28.0,661.5393724,71.55,0.0,8.0,8.2419,194.601,0.846153846,1.0,3.0,662.013,True,True,False,biodegradable acrylate,,,,,,,,,,,,,,,,,,,cyclic
LNPhub_R0004587,LNPhub_BL_2023,https://www.nature.com/articles/s41587-023-01679-x,LNPhub_BL_2023_LNP_000575,BL_A61-T6,CCCCC#CCOC(=O)OC(C/C=C\CCCCCCCCOC(=O)CCN(C)CCN(C)CCC(=O)OCCCCCCCC/C=C\CC(CCCCCC)OC(=O)OCC#CCCCC)CCCCCC,Ugi-3CR,CNCCNC,secondary,C=CC(=O)OCCCCCCCC/C=C\CC(CCCCCC)OC(=O)O,ester/carbonate acrylate,1,T6,CCCCC#CCO,ricinoleic/aliphatic,,,,,,,,,,,,,,,,head–linker–tail,DOPE,[H][C@@](COP([O-])(OCC[NH3+])=O)(OC(CCCCCCC/C=C\\CCCCCCCC)=O)COC(CCCCCCC/C=C\\CCCCCCCC)=O,16.0,Cholesterol,C[C@H](CCCC(C)C)[C@H]1CC[C@@H]2[C@@]1(CC[C@H]3[C@H]2CC=C4[C@@]3(CC[C@@H](C4)O)C)C,46.5,DMPE-PEG2000,CCCCCCCCCCCCCC(=O)OCC(COP(=O)(OCCNCC(=O)OCCOCCOCCOCCOCCOCCOCCOCCOCCOCCOCCOCCOCCOCCOCCOCCOCCOCCOCCOCCOCCOCCOCCOCCOCCOCCOCCOCCOCCOCCOCCOCCOCCOCCOCCOCCOCCOCCOCCOCCOCCOCCOCCOC)O)OC(=O)CCCCCCCCCCCCC,2.5,2000.0,35.0,10.0,,,,mRNA,in_vitro,in_vitro,A549,in_vitro,,,,,,,-1.5695486403864192,normalized_luminescence,74.0,0.0,0.0,49.0,1040.800398,130.14,0.0,12.0,15.4422,302.86,0.806451613,2.0,2.0,1041.55,True,True,False,biodegradable acrylate,,,,,,,,,,,,,,,,,,,linear
LNPhub_R0004588,LNPhub_BL_2023,https://www.nature.com/articles/s41587-023-01679-x,LNPhub_BL_2023_LNP_000576,BL_A36-T1,CCCCCCCCCCCCCCCCCCOC(=O)OC(C/C=C\CCCCCCCCOC(=O)CCN1CCN(CCN(C)C)CC1)CCCCCC,Ugi-3CR,CN(C)CCN1CCNCC1,secondary_tertiary,C=CC(=O)OCCCCCCCC/C=C\CC(CCCCCC)OC(=O)O,ester/carbonate acrylate,1,T1,CCCCCCCCCCCCCCCCCCO,ricinoleic/aliphatic,,,,,,,,,,,,,,,,head–linker–tail,DOPE,[H][C@@](COP([O-])(OCC[NH3+])=O)(OC(CCCCCCC/C=C\\CCCCCCCC)=O)COC(CCCCCCC/C=C\\CCCCCCCC)=O,16.0,Cholesterol,C[C@H](CCCC(C)C)[C@H]1CC[C@@H]2[C@@]1(CC[C@H]3[C@H]2CC=C4[C@@]3(CC[C@@H](C4)O)C)C,46.5,DMPE-PEG2000,CCCCCCCCCCCCCC(=O)OCC(COP(=O)(OCCNCC(=O)OCCOCCOCCOCCOCCOCCOCCOCCOCCOCCOCCOCCOCCOCCOCCOCCOCCOCCOCCOCCOCCOCCOCCOCCOCCOCCOCCOCCOCCOCCOCCOCCOCCOCCOCCOCCOCCOCCOCCOCCOCCOCCOCCOC)O)OC(=O)CCCCCCCCCCCCC,2.5,2000.0,35.0,10.0,,,,mRNA,in_vitro,in_vitro,A549,in_vitro,,,,,,,1.0573910654401315,normalized_luminescence,56.0,1.0,0.0,40.0,791.7115231,71.55,0.0,8.0,12.5296,237.612,0.916666667,1.0,3.0,792.288,True,True,False,biodegradable acrylate,,,,,,,,,,,,,,,,,,,cyclic
LNPhub_R0004589,LNPhub_BL_2023,https://www.nature.com/articles/s41587-023-01679-x,LNPhub_BL_2023_LNP_000577,BL_A71-T10,CCCCCCC#CCCOC(=O)OC(C/C=C\CCCCCCCCOC(=O)CCN(CCCn1ccnc1)CCC(=O)OCCCCCCCC/C=C\CC(CCCCCC)OC(=O)OCCC#CCCCCCC)CCCCCC,Ugi-3CR,C(CN)CN1C=CN=C1,primary,C=CC(=O)OCCCCCCCC/C=C\CC(CCCCCC)OC(=O)O,ester/carbonate acrylate,1,T10,CCCCCCC#CCCO,ricinoleic/aliphatic,,,,,,,,,,,,,,,,head–linker–tail,DOPE,[H][C@@](COP([O-])(OCC[NH3+])=O)(OC(CCCCCCC/C=C\\CCCCCCCC)=O)COC(CCCCCCC/C=C\\CCCCCCCC)=O,16.0,Cholesterol,C[C@H](CCCC(C)C)[C@H]1CC[C@@H]2[C@@]1(CC[C@H]3[C@H]2CC=C4[C@@]3(CC[C@@H](C4)O)C)C,46.5,DMPE-PEG2000,CCCCCCCCCCCCCC(=O)OCC(COP(=O)(OCCNCC(=O)OCCOCCOCCOCCOCCOCCOCCOCCOCCOCCOCCOCCOCCOCCOCCOCCOCCOCCOCCOCCOCCOCCOCCOCCOCCOCCOCCOCCOCCOCCOCCOCCOCCOCCOCCOCCOCCOCCOCCOCCOCCOCCOCCOC)O)OC(=O)CCCCCCCCCCCCC,2.5,2000.0,35.0,10.0,,,,mRNA,in_vitro,in_vitro,A549,in_vitro,,,,,,,-0.2311058462497997,normalized_luminescence,83.0,1.0,1.0,56.0,1161.889547,144.72,0.0,13.0,18.508,338.852,0.785714286,2.0,3.0,1162.733,True,True,False,biodegradable acrylate,,,,,,,,,,,,,,,,,,,cyclic
LNPhub_R0004590,LNPhub_BL_2023,https://www.nature.com/articles/s41587-023-01679-x,LNPhub_BL_2023_LNP_000578,BL_A48-T9,CCCCC#CCCOC(=O)OC(C/C=C\CCCCCCCCOC(=O)CCN1CCCN(CCC(=O)OCCCCCCCC/C=C\CC(CCCCCC)OC(=O)OCCC#CCCCC)CCN(CCC(=O)OCCCCCCCC/C=C\CC(CCCCCC)OC(=O)OCCC#CCCCC)CCCN(CCC(=O)OCCCCCCCC/C=C\CC(CCCCCC)OC(=O)OCCC#CCCCC)CC1)CCCCCC,Ugi-3CR,C1CNCCNCCCNCCNC1,secondary,C=CC(=O)OCCCCCCCC/C=C\CC(CCCCCC)OC(=O)O,ester/carbonate acrylate,1,T9,CCCCC#CCCO,ricinoleic/aliphatic,,,,,,,,,,,,,,,,head–linker–tail,DOPE,[H][C@@](COP([O-])(OCC[NH3+])=O)(OC(CCCCCCC/C=C\\CCCCCCCC)=O)COC(CCCCCCC/C=C\\CCCCCCCC)=O,16.0,Cholesterol,C[C@H](CCCC(C)C)[C@H]1CC[C@@H]2[C@@]1(CC[C@H]3[C@H]2CC=C4[C@@]3(CC[C@@H](C4)O)C)C,46.5,DMPE-PEG2000,CCCCCCCCCCCCCC(=O)OCC(COP(=O)(OCCNCC(=O)OCCOCCOCCOCCOCCOCCOCCOCCOCCOCCOCCOCCOCCOCCOCCOCCOCCOCCOCCOCCOCCOCCOCCOCCOCCOCCOCCOCCOCCOCCOCCOCCOCCOCCOCCOCCOCCOCCOCCOCCOCCOCCOCCOC)O)OC(=O)CCCCCCCCCCCCC,2.5,2000.0,35.0,10.0,,,,mRNA,in_vitro,in_vitro,A549,in_vitro,,,,,,,-1.1360233245054612,normalized_luminescence,154.0,1.0,0.0,96.0,2161.663396,260.28,0.0,24.0,32.733,629.194,0.815384615,4.0,4.0,2163.23,True,True,False,biodegradable acrylate,,,,,,,,,,,,,,,,,,,macrocyclic
LNPhub_R0004591,LNPhub_BL_2023,https://www.nature.com/articles/s41587-023-01679-x,LNPhub_BL_2023_LNP_000579,BL_A3-T9,CCCCC#CCCOC(=O)OC(C/C=C\CCCCCCCCOC(=O)CCN(CCCN(CC)CC)CCC(=O)OCCCCCCCC/C=C\CC(CCCCCC)OC(=O)OCCC#CCCCC)CCCCCC,Ugi-3CR,CCN(CC)CCCN,primary_tertiary,C=CC(=O)OCCCCCCCC/C=C\CC(CCCCCC)OC(=O)O,ester/carbonate acrylate,1,T9,CCCCC#CCCO,ricinoleic/aliphatic,,,,,,,,,,,,,,,,head–linker–tail,DOPE,[H][C@@](COP([O-])(OCC[NH3+])=O)(OC(CCCCCCC/C=C\\CCCCCCCC)=O)COC(CCCCCCC/C=C\\CCCCCCCC)=O,16.0,Cholesterol,C[C@H](CCCC(C)C)[C@H]1CC[C@@H]2[C@@]1(CC[C@H]3[C@H]2CC=C4[C@@]3(CC[C@@H](C4)O)C)C,46.5,DMPE-PEG2000,CCCCCCCCCCCCCC(=O)OCC(COP(=O)(OCCNCC(=O)OCCOCCOCCOCCOCCOCCOCCOCCOCCOCCOCCOCCOCCOCCOCCOCCOCCOCCOCCOCCOCCOCCOCCOCCOCCOCCOCCOCCOCCOCCOCCOCCOCCOCCOCCOCCOCCOCCOCCOCCOCCOCCOCCOC)O)OC(=O)CCCCCCCCCCCCC,2.5,2000.0,35.0,10.0,,,,mRNA,in_vitro,in_vitro,A549,in_vitro,,,,,,,-1.1034199907721882,normalized_luminescence,79.0,0.0,0.0,54.0,1110.878648,130.14,0.0,12.0,17.3927,325.945,0.820895522,2.0,2.0,1111.685,True,True,False,biodegradable acrylate,,,,,,,,,,,,,,,,,,,branched
LNPhub_R0004592,LNPhub_BL_2023,https://www.nature.com/articles/s41587-023-01679-x,LNPhub_BL_2023_LNP_000580,BL_A64-T1,CCCCCCCCCCCCCCCCCCOC(=O)OC(C/C=C\CCCCCCCCOC(=O)CCN(CCC(=O)OCCCCCCCC/C=C\CC(CCCCCC)OC(=O)OCCCCCCCCCCCCCCCCCC)CC(OCC)OCC)CCCCCC,Ugi-3CR,CCOC(CN)OCC,primary,C=CC(=O)OCCCCCCCC/C=C\CC(CCCCCC)OC(=O)O,ester/carbonate acrylate,1,T1,CCCCCCCCCCCCCCCCCCO,ricinoleic/aliphatic,,,,,,,,,,,,,,,,head–linker–tail,DOPE,[H][C@@](COP([O-])(OCC[NH3+])=O)(OC(CCCCCCC/C=C\\CCCCCCCC)=O)COC(CCCCCCC/C=C\\CCCCCCCC)=O,16.0,Cholesterol,C[C@H](CCCC(C)C)[C@H]1CC[C@@H]2[C@@]1(CC[C@H]3[C@H]2CC=C4[C@@]3(CC[C@@H](C4)O)C)C,46.5,DMPE-PEG2000,CCCCCCCCCCCCCC(=O)OCC(COP(=O)(OCCNCC(=O)OCCOCCOCCOCCOCCOCCOCCOCCOCCOCCOCCOCCOCCOCCOCCOCCOCCOCCOCCOCCOCCOCCOCCOCCOCCOCCOCCOCCOCCOCCOCCOCCOCCOCCOCCOCCOCCOCCOCCOCCOCCOCCOCCOC)O)OC(=O)CCCCCCCCCCCCC,2.5,2000.0,35.0,10.0,,,,mRNA,in_vitro,in_vitro,A549,in_vitro,,,,,,,-1.7244067594234995,normalized_luminescence,99.0,0.0,0.0,80.0,1402.21753,145.36,0.0,13.0,26.4155,415.836,0.906976744,2.0,1.0,1403.245,True,True,False,biodegradable acrylate,,,,,,,,,,,,,,,,,,,branched
LNPhub_R0004593,LNPhub_BL_2023,https://www.nature.com/articles/s41587-023-01679-x,LNPhub_BL_2023_LNP_000581,BL_A6-T6,CCCCC#CCOC(=O)OC(C/C=C\CCCCCCCCOC(=O)CCN(CCCN1CCN(CCCN(CCC(=O)OCCCCCCCC/C=C\CC(CCCCCC)OC(=O)OCC#CCCCC)CCC(=O)OCCCCCCCC/C=C\CC(CCCCCC)OC(=O)OCC#CCCCC)CC1)CCC(=O)OCCCCCCCC/C=C\CC(CCCCCC)OC(=O)OCC#CCCCC)CCCCCC,Ugi-3CR,C(CN)CN1CCN(CCCN)CC1,primary_tertiary,C=CC(=O)OCCCCCCCC/C=C\CC(CCCCCC)OC(=O)O,ester/carbonate acrylate,1,T6,CCCCC#CCO,ricinoleic/aliphatic,,,,,,,,,,,,,,,,head–linker–tail,DOPE,[H][C@@](COP([O-])(OCC[NH3+])=O)(OC(CCCCCCC/C=C\\CCCCCCCC)=O)COC(CCCCCCC/C=C\\CCCCCCCC)=O,16.0,Cholesterol,C[C@H](CCCC(C)C)[C@H]1CC[C@@H]2[C@@]1(CC[C@H]3[C@H]2CC=C4[C@@]3(CC[C@@H](C4)O)C)C,46.5,DMPE-PEG2000,CCCCCCCCCCCCCC(=O)OCC(COP(=O)(OCCNCC(=O)OCCOCCOCCOCCOCCOCCOCCOCCOCCOCCOCCOCCOCCOCCOCCOCCOCCOCCOCCOCCOCCOCCOCCOCCOCCOCCOCCOCCOCCOCCOCCOCCOCCOCCOCCOCCOCCOCCOCCOCCOCCOCCOCCOC)O)OC(=O)CCCCCCCCCCCCC,2.5,2000.0,35.0,10.0,,,,mRNA,in_vitro,in_vitro,A549,in_vitro,,,,,,,0.6088573752693017,normalized_luminescence,150.0,1.0,0.0,100.0,2105.600795,260.28,0.0,24.0,31.1726,610.726,0.80952381,4.0,4.0,2107.122,True,True,False,biodegradable acrylate,,,,,,,,,,,,,,,,,,,cyclic-dendrimer
LNPhub_R0004594,LNPhub_BL_2023,https://www.nature.com/articles/s41587-023-01679-x,LNPhub_BL_2023_LNP_000582,BL_A66-T1,CCCCCCCCCCCCCCCCCCOC(=O)OC(C/C=C\CCCCCCCCOC(=O)CCN(CCC(=O)OCCCCCCCC/C=C\CC(CCCCCC)OC(=O)OCCCCCCCCCCCCCCCCCC)CCC1OCCO1)CCCCCC,Ugi-3CR,NCCC1OCCO1,primary,C=CC(=O)OCCCCCCCC/C=C\CC(CCCCCC)OC(=O)O,ester/carbonate acrylate,1,T1,CCCCCCCCCCCCCCCCCCO,ricinoleic/aliphatic,,,,,,,,,,,,,,,,head–linker–tail,DOPE,[H][C@@](COP([O-])(OCC[NH3+])=O)(OC(CCCCCCC/C=C\\CCCCCCCC)=O)COC(CCCCCCC/C=C\\CCCCCCCC)=O,16.0,Cholesterol,C[C@H](CCCC(C)C)[C@H]1CC[C@@H]2[C@@]1(CC[C@H]3[C@H]2CC=C4[C@@]3(CC[C@@H](C4)O)C)C,46.5,DMPE-PEG2000,CCCCCCCCCCCCCC(=O)OCC(COP(=O)(OCCNCC(=O)OCCOCCOCCOCCOCCOCCOCCOCCOCCOCCOCCOCCOCCOCCOCCOCCOCCOCCOCCOCCOCCOCCOCCOCCOCCOCCOCCOCCOCCOCCOCCOCCOCCOCCOCCOCCOCCOCCOCCOCCOCCOCCOCCOC)O)OC(=O)CCCCCCCCCCCCC,2.5,2000.0,35.0,10.0,,,,mRNA,in_vitro,in_vitro,A549,in_vitro,,,,,,,-1.7422032692848723,normalized_luminescence,98.0,1.0,0.0,77.0,1386.18623,145.36,0.0,13.0,25.7794,409.105,0.905882353,2.0,1.0,1387.202,True,True,False,biodegradable acrylate,,,,,,,,,,,,,,,,,,,cyclic
LNPhub_R0004595,LNPhub_BL_2023,https://www.nature.com/articles/s41587-023-01679-x,LNPhub_BL_2023_LNP_000583,BL_A61-T5,CCCC#CCOC(=O)OC(C/C=C\CCCCCCCCOC(=O)CCN(C)CCN(C)CCC(=O)OCCCCCCCC/C=C\CC(CCCCCC)OC(=O)OCC#CCCC)CCCCCC,Ugi-3CR,CNCCNC,secondary,C=CC(=O)OCCCCCCCC/C=C\CC(CCCCCC)OC(=O)O,ester/carbonate acrylate,1,T5,CCCC#CCO,ricinoleic/aliphatic,,,,,,,,,,,,,,,,head–linker–tail,DOPE,[H][C@@](COP([O-])(OCC[NH3+])=O)(OC(CCCCCCC/C=C\\CCCCCCCC)=O)COC(CCCCCCC/C=C\\CCCCCCCC)=O,16.0,Cholesterol,C[C@H](CCCC(C)C)[C@H]1CC[C@@H]2[C@@]1(CC[C@H]3[C@H]2CC=C4[C@@]3(CC[C@@H](C4)O)C)C,46.5,DMPE-PEG2000,CCCCCCCCCCCCCC(=O)OCC(COP(=O)(OCCNCC(=O)OCCOCCOCCOCCOCCOCCOCCOCCOCCOCCOCCOCCOCCOCCOCCOCCOCCOCCOCCOCCOCCOCCOCCOCCOCCOCCOCCOCCOCCOCCOCCOCCOCCOCCOCCOCCOCCOCCOCCOCCOCCOCCOCCOC)O)OC(=O)CCCCCCCCCCCCC,2.5,2000.0,35.0,10.0,,,,mRNA,in_vitro,in_vitro,A549,in_vitro,,,,,,,-1.429066553782152,normalized_luminescence,72.0,0.0,0.0,47.0,1012.769098,130.14,0.0,12.0,14.662,293.626,0.8,2.0,2.0,1013.496,True,True,False,biodegradable acrylate,,,,,,,,,,,,,,,,,,,linear
LNPhub_R0004596,LNPhub_BL_2023,https://www.nature.com/articles/s41587-023-01679-x,LNPhub_BL_2023_LNP_000584,BL_A61-T2,CCCCCCCC/C=C\CCCCCCCCOC(=O)OC(C/C=C\CCCCCCCCOC(=O)CCN(C)CCN(C)CCC(=O)OCCCCCCCC/C=C\CC(CCCCCC)OC(=O)OCCCCCCCC/C=C\CCCCCCCC)CCCCCC,Ugi-3CR,CNCCNC,secondary,C=CC(=O)OCCCCCCCC/C=C\CC(CCCCCC)OC(=O)O,ester/carbonate acrylate,1,T2,CCCCCCCCC=CCCCCCCCCO,ricinoleic/aliphatic,,,,,,,,,,,,,,,,head–linker–tail,DOPE,[H][C@@](COP([O-])(OCC[NH3+])=O)(OC(CCCCCCC/C=C\\CCCCCCCC)=O)COC(CCCCCCC/C=C\\CCCCCCCC)=O,16.0,Cholesterol,C[C@H](CCCC(C)C)[C@H]1CC[C@@H]2[C@@]1(CC[C@H]3[C@H]2CC=C4[C@@]3(CC[C@@H](C4)O)C)C,46.5,DMPE-PEG2000,CCCCCCCCCCCCCC(=O)OCC(COP(=O)(OCCNCC(=O)OCCOCCOCCOCCOCCOCCOCCOCCOCCOCCOCCOCCOCCOCCOCCOCCOCCOCCOCCOCCOCCOCCOCCOCCOCCOCCOCCOCCOCCOCCOCCOCCOCCOCCOCCOCCOCCOCCOCCOCCOCCOCCOCCOC)O)OC(=O)CCCCCCCCCCCCC,2.5,2000.0,35.0,10.0,,,,mRNA,in_vitro,in_vitro,A549,in_vitro,,,,,,,-1.805438836905888,normalized_luminescence,96.0,0.0,0.0,75.0,1353.175999,130.14,0.0,12.0,25.13,407.162,0.857142857,2.0,2.0,1354.176,True,True,False,biodegradable acrylate,,,,,,,,,,,,,,,,,,,linear
LNPhub_R0004597,LNPhub_BL_2023,https://www.nature.com/articles/s41587-023-01679-x,LNPhub_BL_2023_LNP_000585,BL_DLin-MC3-DMA,CCCCC/C=C\C/C=C\CCCCCCCCC(CCCCCCCC/C=C\C/C=C\CCCCC)OC(=O)CCCN(C)C,Ugi-3CR,CN(CCCN)C,primary_tertiary,C=CC(=O)OCCCCCCCC/C=C\CC(CCCCCC)OC(=O)O,ester/carbonate acrylate,0,,,ricinoleic/aliphatic,,,,,,,,,,,,,,,,head–linker–tail,DOTAP,[H]C(C[N+](C)(C)C)(OC(CCCCCCC/C=C\CCCCCCCC)=O)COC(CCCCCCC/C=C\CCCCCCCC)=O,39.0,Cholesterol,C[C@H](CCCC(C)C)[C@H]1CC[C@@H]2[C@@]1(CC[C@H]3[C@H]2CC=C4[C@@]3(CC[C@@H](C4)O)C)C,30.0,DMPE-PEG2000,CCCCCCCCCCCCCC(=O)OCC(COP(=O)(OCCNCC(=O)OCCOCCOCCOCCOCCOCCOCCOCCOCCOCCOCCOCCOCCOCCOCCOCCOCCOCCOCCOCCOCCOCCOCCOCCOCCOCCOCCOCCOCCOCCOCCOCCOCCOCCOCCOCCOCCOCCOCCOCCOCCOCCOCCOC)O)OC(=O)CCCCCCCCCCCCC,1.0,2000.0,30.0,7.5,,,,mRNA,intramuscular,in_vivo,Mouse_B6,muscle,,,,,,,-0.254742020890826,normalized_luminescence,46.0,0.0,0.0,35.0,641.6110808,29.54,0.0,3.0,13.6472,205.618,0.790697674,0.0,1.0,642.11,True,False,False,biodegradable acrylate,,,,,,,,,,,,,,,,,,,branched
LNPhub_R0004598,LNPhub_BL_2023,https://www.nature.com/articles/s41587-023-01679-x,LNPhub_BL_2023_LNP_000586,BL_A16-T8,CCCCCCC#CCOC(=O)OC(C/C=C\CCCCCCCCOC(=O)CCN(CCC(=O)OCCCCCCCC/C=C\CC(CCCCCC)OC(=O)OCC#CCCCCCC)CCc1cn(CCC(=O)OCCCCCCCC/C=C\CC(CCCCCC)OC(=O)OCC#CCCCCCC)cn1)CCCCCC,Ugi-3CR,C(CN)C1=CNC=N1,primary,C=CC(=O)OCCCCCCCC/C=C\CC(CCCCCC)OC(=O)O,ester/carbonate acrylate,1,T8,CCCCCCC#CCO,ricinoleic/aliphatic,,,,,,,,,,,,,,,,head–linker–tail,DOPE,[H][C@@](COP([O-])(OCC[NH3+])=O)(OC(CCCCCCC/C=C\\CCCCCCCC)=O)COC(CCCCCCC/C=C\\CCCCCCCC)=O,16.0,Cholesterol,C[C@H](CCCC(C)C)[C@H]1CC[C@@H]2[C@@]1(CC[C@H]3[C@H]2CC=C4[C@@]3(CC[C@@H](C4)O)C)C,46.5,DMPE-PEG2000,CCCCCCCCCCCCCC(=O)OCC(COP(=O)(OCCNCC(=O)OCCOCCOCCOCCOCCOCCOCCOCCOCCOCCOCCOCCOCCOCCOCCOCCOCCOCCOCCOCCOCCOCCOCCOCCOCCOCCOCCOCCOCCOCCOCCOCCOCCOCCOCCOCCOCCOCCOCCOCCOCCOCCOCCOC)O)OC(=O)CCCCCCCCCCCCC,2.5,2000.0,35.0,10.0,,,,mRNA,in_vitro,in_vitro,A549,in_vitro,,,,,,,-0.168908883433375,normalized_luminescence,116.0,1.0,1.0,78.0,1624.224072,206.55,0.0,18.0,25.9565,471.872,0.785714286,3.0,3.0,1625.404,True,True,False,biodegradable acrylate,,,,,,,,,,,,,,,,,,,cyclic
LNPhub_R0004599,LNPhub_BL_2023,https://www.nature.com/articles/s41587-023-01679-x,LNPhub_BL_2023_LNP_000587,BL_A14-T9,CCCCC#CCCOC(=O)OC(C/C=C\CCCCCCCCOC(=O)CCN(C)CCN(CCN(C)CCC(=O)OCCCCCCCC/C=C\CC(CCCCCC)OC(=O)OCCC#CCCCC)CCN(C)CCC(=O)OCCCCCCCC/C=C\CC(CCCCCC)OC(=O)OCCC#CCCCC)CCCCCC,Ugi-3CR,CNCCN(CCNC)CCNC,secondary_tertiary,C=CC(=O)OCCCCCCCC/C=C\CC(CCCCCC)OC(=O)O,ester/carbonate acrylate,1,T9,CCCCC#CCCO,ricinoleic/aliphatic,,,,,,,,,,,,,,,,head–linker–tail,DOPE,[H][C@@](COP([O-])(OCC[NH3+])=O)(OC(CCCCCCC/C=C\\CCCCCCCC)=O)COC(CCCCCCC/C=C\\CCCCCCCC)=O,16.0,Cholesterol,C[C@H](CCCC(C)C)[C@H]1CC[C@@H]2[C@@]1(CC[C@H]3[C@H]2CC=C4[C@@]3(CC[C@@H](C4)O)C)C,46.5,DMPE-PEG2000,CCCCCCCCCCCCCC(=O)OCC(COP(=O)(OCCNCC(=O)OCCOCCOCCOCCOCCOCCOCCOCCOCCOCCOCCOCCOCCOCCOCCOCCOCCOCCOCCOCCOCCOCCOCCOCCOCCOCCOCCOCCOCCOCCOCCOCCOCCOCCOCCOCCOCCOCCOCCOCCOCCOCCOCCOC)O)OC(=O)CCCCCCCCCCCCC,2.5,2000.0,35.0,7.5,,,,mRNA,intratracheal,in_vivo,Mouse_B6,lung_epithelium,140.0,,,,,,-0.423615546809971,normalized_luminescence,118.0,0.0,0.0,81.0,1659.297571,198.45,0.0,19.0,24.1424,484.581,0.818181818,3.0,4.0,1660.494,True,True,False,biodegradable acrylate,,,,,,51.0,,,,,,,,,,,,,branched
LNPhub_R0004600,LNPhub_BL_2023,https://www.nature.com/articles/s41587-023-01679-x,LNPhub_BL_2023_LNP_000588,BL_A40-T6,CCCCC#CCOC(=O)OC(C/C=C\CCCCCCCCOC(=O)CCN(CCC(=O)OCCCCCCCC/C=C\CC(CCCCCC)OC(=O)OCC#CCCCC)CCN1CCN(C)CC1)CCCCCC,Ugi-3CR,CN1CCN(CCN)CC1,primary_tertiary,C=CC(=O)OCCCCCCCC/C=C\CC(CCCCCC)OC(=O)O,ester/carbonate acrylate,1,T6,CCCCC#CCO,ricinoleic/aliphatic,,,,,,,,,,,,,,,,head–linker–tail,DOPE,[H][C@@](COP([O-])(OCC[NH3+])=O)(OC(CCCCCCC/C=C\\CCCCCCCC)=O)COC(CCCCCCC/C=C\\CCCCCCCC)=O,16.0,Cholesterol,C[C@H](CCCC(C)C)[C@H]1CC[C@@H]2[C@@]1(CC[C@H]3[C@H]2CC=C4[C@@]3(CC[C@@H](C4)O)C)C,46.5,DMPE-PEG2000,CCCCCCCCCCCCCC(=O)OCC(COP(=O)(OCCNCC(=O)OCCOCCOCCOCCOCCOCCOCCOCCOCCOCCOCCOCCOCCOCCOCCOCCOCCOCCOCCOCCOCCOCCOCCOCCOCCOCCOCCOCCOCCOCCOCCOCCOCCOCCOCCOCCOCCOCCOCCOCCOCCOCCOCCOC)O)OC(=O)CCCCCCCCCCCCC,2.5,2000.0,35.0,10.0,,,,mRNA,in_vitro,in_vitro,A549,in_vitro,,,,,,,-0.6868717271549055,normalized_luminescence,78.0,1.0,0.0,49.0,1095.842597,133.38,0.0,13.0,15.128,318.243,0.815384615,2.0,3.0,1096.63,True,True,False,biodegradable acrylate,,,,,,,,,,,,,,,,,,,cyclic
LNPhub_R0004601,LNPhub_BL_2023,https://www.nature.com/articles/s41587-023-01679-x,LNPhub_BL_2023_LNP_000589,BL_A24-T5,CCCC#CCOC(=O)OC(C/C=C\CCCCCCCCOC(=O)CCN1CCN(c2cccnc2)CC1)CCCCCC,Ugi-3CR,C1=CC(=CN=C1)N2CCNCC2,secondary_tertiary,C=CC(=O)OCCCCCCCC/C=C\CC(CCCCCC)OC(=O)O,ester/carbonate acrylate,1,T5,CCCC#CCO,ricinoleic/aliphatic,,,,,,,,,,,,,,,,head–linker–tail,DOPE,[H][C@@](COP([O-])(OCC[NH3+])=O)(OC(CCCCCCC/C=C\\CCCCCCCC)=O)COC(CCCCCCC/C=C\\CCCCCCCC)=O,16.0,Cholesterol,C[C@H](CCCC(C)C)[C@H]1CC[C@@H]2[C@@]1(CC[C@H]3[C@H]2CC=C4[C@@]3(CC[C@@H](C4)O)C)C,46.5,DMPE-PEG2000,CCCCCCCCCCCCCC(=O)OCC(COP(=O)(OCCNCC(=O)OCCOCCOCCOCCOCCOCCOCCOCCOCCOCCOCCOCCOCCOCCOCCOCCOCCOCCOCCOCCOCCOCCOCCOCCOCCOCCOCCOCCOCCOCCOCCOCCOCCOCCOCCOCCOCCOCCOCCOCCOCCOCCOCCOC)O)OC(=O)CCCCCCCCCCCCC,2.5,2000.0,35.0,10.0,,,,mRNA,in_vitro,in_vitro,A549,in_vitro,,,,,,,0.416071376157146,normalized_luminescence,45.0,2.0,1.0,23.0,625.445472,81.2,0.0,8.0,8.1096,182.206,0.702702703,1.0,3.0,625.895,True,True,False,biodegradable acrylate,,,,,,,,,,,,,,,,,,,cyclic
LNPhub_R0004602,LNPhub_BL_2023,https://www.nature.com/articles/s41587-023-01679-x,LNPhub_BL_2023_LNP_000590,BL_A58-T7,CCCCCC#CCOC(=O)OC(C/C=C\CCCCCCCCOC(=O)CCN(CCCCCO)CCC(=O)OCCCCCCCC/C=C\CC(CCCCCC)OC(=O)OCC#CCCCCC)CCCCCC,Ugi-3CR,C(CCN)CCO,primary,C=CC(=O)OCCCCCCCC/C=C\CC(CCCCCC)OC(=O)O,ester/carbonate acrylate,1,T7,CCCCCC#CCO,ricinoleic/aliphatic,,,,,,,,,,,,,,,,head–linker–tail,DOPE,[H][C@@](COP([O-])(OCC[NH3+])=O)(OC(CCCCCCC/C=C\\CCCCCCCC)=O)COC(CCCCCCC/C=C\\CCCCCCCC)=O,16.0,Cholesterol,C[C@H](CCCC(C)C)[C@H]1CC[C@@H]2[C@@]1(CC[C@H]3[C@H]2CC=C4[C@@]3(CC[C@@H](C4)O)C)C,46.5,DMPE-PEG2000,CCCCCCCCCCCCCC(=O)OCC(COP(=O)(OCCNCC(=O)OCCOCCOCCOCCOCCOCCOCCOCCOCCOCCOCCOCCOCCOCCOCCOCCOCCOCCOCCOCCOCCOCCOCCOCCOCCOCCOCCOCCOCCOCCOCCOCCOCCOCCOCCOCCOCCOCCOCCOCCOCCOCCOCCOC)O)OC(=O)CCCCCCCCCCCCC,2.5,2000.0,35.0,10.0,,,,mRNA,in_vitro,in_vitro,A549,in_vitro,,,,,,,-1.2423086969902548,normalized_luminescence,77.0,0.0,0.0,53.0,1083.831363,147.13,1.0,12.0,16.8234,314.4768,0.815384615,2.0,1.0,1084.615,True,True,False,biodegradable acrylate,,,,,,,,,,,,,,,,,,,linear
LNPhub_R0004603,LNPhub_BL_2023,https://www.nature.com/articles/s41587-023-01679-x,LNPhub_BL_2023_LNP_000591,BL_A58-T4,CCC#CCOC(=O)OC(C/C=C\CCCCCCCCOC(=O)CCN(CCCCCO)CCC(=O)OCCCCCCCC/C=C\CC(CCCCCC)OC(=O)OCC#CCC)CCCCCC,Ugi-3CR,C(CCN)CCO,primary,C=CC(=O)OCCCCCCCC/C=C\CC(CCCCCC)OC(=O)O,ester/carbonate acrylate,1,T4,CCC#CCO,ricinoleic/aliphatic,,,,,,,,,,,,,,,,head–linker–tail,DOPE,[H][C@@](COP([O-])(OCC[NH3+])=O)(OC(CCCCCCC/C=C\\CCCCCCCC)=O)COC(CCCCCCC/C=C\\CCCCCCCC)=O,16.0,Cholesterol,C[C@H](CCCC(C)C)[C@H]1CC[C@@H]2[C@@]1(CC[C@H]3[C@H]2CC=C4[C@@]3(CC[C@@H](C4)O)C)C,46.5,DMPE-PEG2000,CCCCCCCCCCCCCC(=O)OCC(COP(=O)(OCCNCC(=O)OCCOCCOCCOCCOCCOCCOCCOCCOCCOCCOCCOCCOCCOCCOCCOCCOCCOCCOCCOCCOCCOCCOCCOCCOCCOCCOCCOCCOCCOCCOCCOCCOCCOCCOCCOCCOCCOCCOCCOCCOCCOCCOCCOC)O)OC(=O)CCCCCCCCCCCCC,2.5,2000.0,35.0,10.0,,,,mRNA,in_vitro,in_vitro,A549,in_vitro,,,,,,,-0.4515289842792689,normalized_luminescence,71.0,0.0,0.0,47.0,999.7374631,147.13,1.0,12.0,14.4828,286.7748,0.796610169,2.0,1.0,1000.453,True,True,False,biodegradable acrylate,,,,,,,,,,,,,,,,,,,linear
LNPhub_R0004604,LNPhub_BL_2023,https://www.nature.com/articles/s41587-023-01679-x,LNPhub_BL_2023_LNP_000592,BL_A22-T5,CCCC#CCOC(=O)OC(C/C=C\CCCCCCCCOC(=O)CCN(CCC(=O)OCCCCCCCC/C=C\CC(CCCCCC)OC(=O)OCC#CCCC)CCc1ccccn1)CCCCCC,Ugi-3CR,C1=CC(=NC=C1)CCN,primary,C=CC(=O)OCCCCCCCC/C=C\CC(CCCCCC)OC(=O)O,ester/carbonate acrylate,1,T5,CCCC#CCO,ricinoleic/aliphatic,,,,,,,,,,,,,,,,head–linker–tail,DOPE,[H][C@@](COP([O-])(OCC[NH3+])=O)(OC(CCCCCCC/C=C\\CCCCCCCC)=O)COC(CCCCCCC/C=C\\CCCCCCCC)=O,16.0,Cholesterol,C[C@H](CCCC(C)C)[C@H]1CC[C@@H]2[C@@]1(CC[C@H]3[C@H]2CC=C4[C@@]3(CC[C@@H](C4)O)C)C,46.5,DMPE-PEG2000,CCCCCCCCCCCCCC(=O)OCC(COP(=O)(OCCNCC(=O)OCCOCCOCCOCCOCCOCCOCCOCCOCCOCCOCCOCCOCCOCCOCCOCCOCCOCCOCCOCCOCCOCCOCCOCCOCCOCCOCCOCCOCCOCCOCCOCCOCCOCCOCCOCCOCCOCCOCCOCCOCCOCCOCCOC)O)OC(=O)CCCCCCCCCCCCC,2.5,2000.0,35.0,10.0,,,,mRNA,in_vitro,in_vitro,A549,in_vitro,,,,,,,-0.6321294323532741,normalized_luminescence,75.0,1.0,1.0,47.0,1046.753447,139.79,0.0,12.0,15.7381,303.013,0.73015873,2.0,2.0,1047.513,True,True,False,biodegradable acrylate,,,,,,,,,,,,,,,,,,,cyclic
LNPhub_R0004605,LNPhub_BL_2023,https://www.nature.com/articles/s41587-023-01679-x,LNPhub_BL_2023_LNP_000593,BL_A33-T8,CCCCCCC#CCOC(=O)OC(C/C=C\CCCCCCCCOC(=O)CCN(CCCN(C)C)CCCN(CCC(=O)OCCCCCCCC/C=C\CC(CCCCCC)OC(=O)OCC#CCCCCCC)CCC(=O)OCCCCCCCC/C=C\CC(CCCCCC)OC(=O)OCC#CCCCCCC)CCCCCC,Ugi-3CR,CN(C)CCCNCCCN,primary_secondary_tertiary,C=CC(=O)OCCCCCCCC/C=C\CC(CCCCCC)OC(=O)O,ester/carbonate acrylate,1,T8,CCCCCCC#CCO,ricinoleic/aliphatic,,,,,,,,,,,,,,,,head–linker–tail,DOPE,[H][C@@](COP([O-])(OCC[NH3+])=O)(OC(CCCCCCC/C=C\\CCCCCCCC)=O)COC(CCCCCCC/C=C\\CCCCCCCC)=O,16.0,Cholesterol,C[C@H](CCCC(C)C)[C@H]1CC[C@@H]2[C@@]1(CC[C@H]3[C@H]2CC=C4[C@@]3(CC[C@@H](C4)O)C)C,46.5,DMPE-PEG2000,CCCCCCCCCCCCCC(=O)OCC(COP(=O)(OCCNCC(=O)OCCOCCOCCOCCOCCOCCOCCOCCOCCOCCOCCOCCOCCOCCOCCOCCOCCOCCOCCOCCOCCOCCOCCOCCOCCOCCOCCOCCOCCOCCOCCOCCOCCOCCOCCOCCOCCOCCOCCOCCOCCOCCOCCOC)O)OC(=O)CCCCCCCCCCCCC,2.5,2000.0,35.0,10.0,,,,mRNA,in_vitro,in_vitro,A549,in_vitro,,,,,,,1.152922349860506,normalized_luminescence,119.0,0.0,0.0,83.0,1672.317972,195.21,0.0,18.0,26.1611,490.169,0.821782178,3.0,3.0,1673.533,True,True,False,biodegradable acrylate,,,,,,,,,,,,,,,,,,,branched
LNPhub_R0004606,LNPhub_BL_2023,https://www.nature.com/articles/s41587-023-01679-x,LNPhub_BL_2023_LNP_000594,BL_A70-T6,CCCCC#CCOC(=O)OC(C/C=C\CCCCCCCCOC(=O)CCN(CCCN1CCOCC1)CCC(=O)OCCCCCCCC/C=C\CC(CCCCCC)OC(=O)OCC#CCCCC)CCCCCC,Ugi-3CR,C(CN)CN1CCOCC1,primary_tertiary,C=CC(=O)OCCCCCCCC/C=C\CC(CCCCCC)OC(=O)O,ester/carbonate acrylate,1,T6,CCCCC#CCO,ricinoleic/aliphatic,,,,,,,,,,,,,,,,head–linker–tail,DOPE,[H][C@@](COP([O-])(OCC[NH3+])=O)(OC(CCCCCCC/C=C\\CCCCCCCC)=O)COC(CCCCCCC/C=C\\CCCCCCCC)=O,16.0,Cholesterol,C[C@H](CCCC(C)C)[C@H]1CC[C@@H]2[C@@]1(CC[C@H]3[C@H]2CC=C4[C@@]3(CC[C@@H](C4)O)C)C,46.5,DMPE-PEG2000,CCCCCCCCCCCCCC(=O)OCC(COP(=O)(OCCNCC(=O)OCCOCCOCCOCCOCCOCCOCCOCCOCCOCCOCCOCCOCCOCCOCCOCCOCCOCCOCCOCCOCCOCCOCCOCCOCCOCCOCCOCCOCCOCCOCCOCCOCCOCCOCCOCCOCCOCCOCCOCCOCCOCCOCCOC)O)OC(=O)CCCCCCCCCCCCC,2.5,2000.0,35.0,10.0,,,,mRNA,in_vitro,in_vitro,A549,in_vitro,,,,,,,0.5690854681822792,normalized_luminescence,78.0,1.0,0.0,50.0,1096.826612,139.37,0.0,13.0,15.6029,316.182,0.815384615,2.0,2.0,1097.614,True,True,False,biodegradable acrylate,,,,,,,,,,,,,,,,,,,cyclic
LNPhub_R0004607,LNPhub_BL_2023,https://www.nature.com/articles/s41587-023-01679-x,LNPhub_BL_2023_LNP_000595,BL_A40-T3,CCCCC/C=C\C/C=C\CCCCCCCCOC(=O)OC(C/C=C\CCCCCCCCOC(=O)CCN(CCC(=O)OCCCCCCCC/C=C\CC(CCCCCC)OC(=O)OCCCCCCCC/C=C\C/C=C\CCCCC)CCN1CCN(C)CC1)CCCCCC,Ugi-3CR,CN1CCN(CCN)CC1,primary_tertiary,C=CC(=O)OCCCCCCCC/C=C\CC(CCCCCC)OC(=O)O,ester/carbonate acrylate,1,T3,CCCCCC=CCC=C=CCCCCCCCCO,ricinoleic/aliphatic,,,,,,,,,,,,,,,,head–linker–tail,DOPE,[H][C@@](COP([O-])(OCC[NH3+])=O)(OC(CCCCCCC/C=C\\CCCCCCCC)=O)COC(CCCCCCC/C=C\\CCCCCCCC)=O,16.0,Cholesterol,C[C@H](CCCC(C)C)[C@H]1CC[C@@H]2[C@@]1(CC[C@H]3[C@H]2CC=C4[C@@]3(CC[C@@H](C4)O)C)C,46.5,DMPE-PEG2000,CCCCCCCCCCCCCC(=O)OCC(COP(=O)(OCCNCC(=O)OCCOCCOCCOCCOCCOCCOCCOCCOCCOCCOCCOCCOCCOCCOCCOCCOCCOCCOCCOCCOCCOCCOCCOCCOCCOCCOCCOCCOCCOCCOCCOCCOCCOCCOCCOCCOCCOCCOCCOCCOCCOCCOCCOC)O)OC(=O)CCCCCCCCCCCCC,2.5,2000.0,35.0,10.0,,,,mRNA,in_vitro,in_vitro,A549,in_vitro,,,,,,,-1.4393736566547162,normalized_luminescence,100.0,1.0,0.0,73.0,1404.186898,133.38,0.0,13.0,24.3678,422.357,0.816091954,2.0,3.0,1405.224,True,True,False,biodegradable acrylate,,,,,,,,,,,,,,,,,,,cyclic
LNPhub_R0004608,LNPhub_BL_2023,https://www.nature.com/articles/s41587-023-01679-x,LNPhub_BL_2023_LNP_000596,BL_A22-T6,CCCCC#CCOC(=O)OC(C/C=C\CCCCCCCCOC(=O)CCN(CCC(=O)OCCCCCCCC/C=C\CC(CCCCCC)OC(=O)OCC#CCCCC)CCc1ccccn1)CCCCCC,Ugi-3CR,C1=CC(=NC=C1)CCN,primary,C=CC(=O)OCCCCCCCC/C=C\CC(CCCCCC)OC(=O)O,ester/carbonate acrylate,1,T6,CCCCC#CCO,ricinoleic/aliphatic,,,,,,,,,,,,,,,,head–linker–tail,DOPE,[H][C@@](COP([O-])(OCC[NH3+])=O)(OC(CCCCCCC/C=C\\CCCCCCCC)=O)COC(CCCCCCC/C=C\\CCCCCCCC)=O,16.0,Cholesterol,C[C@H](CCCC(C)C)[C@H]1CC[C@@H]2[C@@]1(CC[C@H]3[C@H]2CC=C4[C@@]3(CC[C@@H](C4)O)C)C,46.5,DMPE-PEG2000,CCCCCCCCCCCCCC(=O)OCC(COP(=O)(OCCNCC(=O)OCCOCCOCCOCCOCCOCCOCCOCCOCCOCCOCCOCCOCCOCCOCCOCCOCCOCCOCCOCCOCCOCCOCCOCCOCCOCCOCCOCCOCCOCCOCCOCCOCCOCCOCCOCCOCCOCCOCCOCCOCCOCCOCCOC)O)OC(=O)CCCCCCCCCCCCC,2.5,2000.0,35.0,10.0,,,,mRNA,in_vitro,in_vitro,A549,in_vitro,,,,,,,-0.0968220002356617,normalized_luminescence,77.0,1.0,1.0,49.0,1074.784748,139.79,0.0,12.0,16.5183,312.247,0.738461538,2.0,2.0,1075.567,True,True,False,biodegradable acrylate,,,,,,,,,,,,,,,,,,,cyclic
LNPhub_R0004609,LNPhub_BL_2023,https://www.nature.com/articles/s41587-023-01679-x,LNPhub_BL_2023_LNP_000597,BL_A52-T5,CCCC#CCOC(=O)OC(C/C=C\CCCCCCCCOC(=O)CCN1CCC(CCO)CC1)CCCCCC,Ugi-3CR,C1CNCCC1CCO,secondary,C=CC(=O)OCCCCCCCC/C=C\CC(CCCCCC)OC(=O)O,ester/carbonate acrylate,1,T5,CCCC#CCO,ricinoleic/aliphatic,,,,,,,,,,,,,,,,head–linker–tail,DOPE,[H][C@@](COP([O-])(OCC[NH3+])=O)(OC(CCCCCCC/C=C\\CCCCCCCC)=O)COC(CCCCCCC/C=C\\CCCCCCCC)=O,16.0,Cholesterol,C[C@H](CCCC(C)C)[C@H]1CC[C@@H]2[C@@]1(CC[C@H]3[C@H]2CC=C4[C@@]3(CC[C@@H](C4)O)C)C,46.5,DMPE-PEG2000,CCCCCCCCCCCCCC(=O)OCC(COP(=O)(OCCNCC(=O)OCCOCCOCCOCCOCCOCCOCCOCCOCCOCCOCCOCCOCCOCCOCCOCCOCCOCCOCCOCCOCCOCCOCCOCCOCCOCCOCCOCCOCCOCCOCCOCCOCCOCCOCCOCCOCCOCCOCCOCCOCCOCCOCCOC)O)OC(=O)CCCCCCCCCCCCC,2.5,2000.0,35.0,10.0,,,,mRNA,in_vitro,in_vitro,A549,in_vitro,,,,,,,0.5655889673151601,normalized_luminescence,42.0,1.0,0.0,24.0,591.4498887,85.3,1.0,7.0,7.9868,170.1828,0.828571429,1.0,1.0,591.874,True,True,False,biodegradable acrylate,,,,,,,,,,,,,,,,,,,cyclic
LNPhub_R0004610,LNPhub_BL_2023,https://www.nature.com/articles/s41587-023-01679-x,LNPhub_BL_2023_LNP_000205,BL_MD-1,CCCCCCCCCCC(O)CN(CCCCC1NC(=O)C(CCCCN(CC(O)CCCCCCCCCC)CC(O)CCCCCCCCCC)NC1=O)CC(O)CCCCCCCCCC,Ugi-3CR,,,C=CC(=O)OCCCCCCCC/C=C\CC(CCCCCC)OC(=O)O,ester/carbonate acrylate,0,,,ricinoleic/aliphatic,,,,,,,,,,,,,,,,head–linker–tail,DOTAP,[H]C(C[N+](C)(C)C)(OC(CCCCCCC/C=C\CCCCCCCC)=O)COC(CCCCCCC/C=C\CCCCCCCC)=O,39.0,Cholesterol,C[C@H](CCCC(C)C)[C@H]1CC[C@@H]2[C@@]1(CC[C@H]3[C@H]2CC=C4[C@@]3(CC[C@@H](C4)O)C)C,30.0,DMPE-PEG2000,CCCCCCCCCCCCCC(=O)OCC(COP(=O)(OCCNCC(=O)OCCOCCOCCOCCOCCOCCOCCOCCOCCOCCOCCOCCOCCOCCOCCOCCOCCOCCOCCOCCOCCOCCOCCOCCOCCOCCOCCOCCOCCOCCOCCOCCOCCOCCOCCOCCOCCOCCOCCOCCOCCOCCOCCOC)O)OC(=O)CCCCCCCCCCCCC,1.0,2000.0,30.0,7.5,,,,mRNA,intratracheal,in_vivo,Mouse_B6,lung_epithelium,,,,,,,1.6438075573215458,normalized_luminescence,70.0,1.0,0.0,54.0,992.9207876,145.6,6.0,8.0,13.481,297.3786,0.966666667,6.0,4.0,993.642,False,False,False,biodegradable acrylate,,,,,,,,,,,,,,,,,,,unknown
LNPhub_R0004611,LNPhub_BL_2023,https://www.nature.com/articles/s41587-023-01679-x,LNPhub_BL_2023_LNP_000598,BL_A44-T7,CCCCCC#CCOC(=O)OC(C/C=C\CCCCCCCCOC(=O)CCN(CCC(=O)OCCCCCCCC/C=C\CC(CCCCCC)OC(=O)OCC#CCCCCC)CCC1CCCCN1C(C)C)CCCCCC,Ugi-3CR,CC(C)N1CCCCC1CCN,primary_tertiary,C=CC(=O)OCCCCCCCC/C=C\CC(CCCCCC)OC(=O)O,ester/carbonate acrylate,1,T7,CCCCCC#CCO,ricinoleic/aliphatic,,,,,,,,,,,,,,,,head–linker–tail,DOPE,[H][C@@](COP([O-])(OCC[NH3+])=O)(OC(CCCCCCC/C=C\\CCCCCCCC)=O)COC(CCCCCCC/C=C\\CCCCCCCC)=O,16.0,Cholesterol,C[C@H](CCCC(C)C)[C@H]1CC[C@@H]2[C@@]1(CC[C@H]3[C@H]2CC=C4[C@@]3(CC[C@@H](C4)O)C)C,46.5,DMPE-PEG2000,CCCCCCCCCCCCCC(=O)OCC(COP(=O)(OCCNCC(=O)OCCOCCOCCOCCOCCOCCOCCOCCOCCOCCOCCOCCOCCOCCOCCOCCOCCOCCOCCOCCOCCOCCOCCOCCOCCOCCOCCOCCOCCOCCOCCOCCOCCOCCOCCOCCOCCOCCOCCOCCOCCOCCOCCOC)O)OC(=O)CCCCCCCCCCCCC,2.5,2000.0,35.0,10.0,,,,mRNA,in_vitro,in_vitro,A549,in_vitro,,,,,,,0.1558485418729636,normalized_luminescence,82.0,1.0,0.0,52.0,1150.909948,130.14,0.0,12.0,18.3138,337.638,0.828571429,3.0,2.0,1151.75,True,True,False,biodegradable acrylate,,,,,,,,,,,,,,,,,,,cyclic-dendrimer
LNPhub_R0004612,LNPhub_BL_2023,https://www.nature.com/articles/s41587-023-01679-x,LNPhub_BL_2023_LNP_000599,BL_A30-T4,CCC#CCOC(=O)OC(C/C=C\CCCCCCCCOC(=O)CCN(CCCN1CCCCC1)CCC(=O)OCCCCCCCC/C=C\CC(CCCCCC)OC(=O)OCC#CCC)CCCCCC,Ugi-3CR,C1CCN(CC1)CCCN,primary_tertiary,C=CC(=O)OCCCCCCCC/C=C\CC(CCCCCC)OC(=O)O,ester/carbonate acrylate,1,T4,CCC#CCO,ricinoleic/aliphatic,,,,,,,,,,,,,,,,head–linker–tail,DOPE,[H][C@@](COP([O-])(OCC[NH3+])=O)(OC(CCCCCCC/C=C\\CCCCCCCC)=O)COC(CCCCCCC/C=C\\CCCCCCCC)=O,16.0,Cholesterol,C[C@H](CCCC(C)C)[C@H]1CC[C@@H]2[C@@]1(CC[C@H]3[C@H]2CC=C4[C@@]3(CC[C@@H](C4)O)C)C,46.5,DMPE-PEG2000,CCCCCCCCCCCCCC(=O)OCC(COP(=O)(OCCNCC(=O)OCCOCCOCCOCCOCCOCCOCCOCCOCCOCCOCCOCCOCCOCCOCCOCCOCCOCCOCCOCCOCCOCCOCCOCCOCCOCCOCCOCCOCCOCCOCCOCCOCCOCCOCCOCCOCCOCCOCCOCCOCCOCCOCCOC)O)OC(=O)CCCCCCCCCCCCC,2.5,2000.0,35.0,10.0,,,,mRNA,in_vitro,in_vitro,A549,in_vitro,,,,,,,-0.2577512176318017,normalized_luminescence,74.0,1.0,0.0,46.0,1038.784748,130.14,0.0,12.0,15.1962,300.746,0.806451613,2.0,2.0,1039.534,True,True,False,biodegradable acrylate,,,,,,,,,,,,,,,,,,,cyclic
LNPhub_R0004613,LNPhub_BL_2023,https://www.nature.com/articles/s41587-023-01679-x,LNPhub_BL_2023_LNP_000600,BL_A11-T9,CCCCC#CCCOC(=O)OC(C/C=C\CCCCCCCCOC(=O)CCN1CCC(CCCC2CCN(CCO)CC2)CC1)CCCCCC,Ugi-3CR,C(CC1CCNCC1)CC2CCN(CC2)CCO,secondary_tertiary,C=CC(=O)OCCCCCCCC/C=C\CC(CCCCCC)OC(=O)O,ester/carbonate acrylate,1,T9,CCCCC#CCCO,ricinoleic/aliphatic,,,,,,,,,,,,,,,,head–linker–tail,DOPE,[H][C@@](COP([O-])(OCC[NH3+])=O)(OC(CCCCCCC/C=C\\CCCCCCCC)=O)COC(CCCCCCC/C=C\\CCCCCCCC)=O,16.0,Cholesterol,C[C@H](CCCC(C)C)[C@H]1CC[C@@H]2[C@@]1(CC[C@H]3[C@H]2CC=C4[C@@]3(CC[C@@H](C4)O)C)C,46.5,DMPE-PEG2000,CCCCCCCCCCCCCC(=O)OCC(COP(=O)(OCCNCC(=O)OCCOCCOCCOCCOCCOCCOCCOCCOCCOCCOCCOCCOCCOCCOCCOCCOCCOCCOCCOCCOCCOCCOCCOCCOCCOCCOCCOCCOCCOCCOCCOCCOCCOCCOCCOCCOCCOCCOCCOCCOCCOCCOCCOC)O)OC(=O)CCCCCCCCCCCCC,2.5,2000.0,35.0,10.0,,,,mRNA,in_vitro,in_vitro,A549,in_vitro,,,,,,,-1.6292136207968329,normalized_luminescence,53.0,2.0,0.0,30.0,744.6016383,88.54,1.0,8.0,10.2592,217.8148,0.866666667,1.0,2.0,745.143,True,True,False,biodegradable acrylate,,,,,,,,,,,,,,,,,,,cyclic-dendrimer
LNPhub_R0004614,LNPhub_BL_2023,https://www.nature.com/articles/s41587-023-01679-x,LNPhub_BL_2023_LNP_000601,BL_A3-T5,CCCC#CCOC(=O)OC(C/C=C\CCCCCCCCOC(=O)CCN(CCCN(CC)CC)CCC(=O)OCCCCCCCC/C=C\CC(CCCCCC)OC(=O)OCC#CCCC)CCCCCC,Ugi-3CR,CCN(CC)CCCN,primary_tertiary,C=CC(=O)OCCCCCCCC/C=C\CC(CCCCCC)OC(=O)O,ester/carbonate acrylate,1,T5,CCCC#CCO,ricinoleic/aliphatic,,,,,,,,,,,,,,,,head–linker–tail,DOPE,[H][C@@](COP([O-])(OCC[NH3+])=O)(OC(CCCCCCC/C=C\\CCCCCCCC)=O)COC(CCCCCCC/C=C\\CCCCCCCC)=O,16.0,Cholesterol,C[C@H](CCCC(C)C)[C@H]1CC[C@@H]2[C@@]1(CC[C@H]3[C@H]2CC=C4[C@@]3(CC[C@@H](C4)O)C)C,46.5,DMPE-PEG2000,CCCCCCCCCCCCCC(=O)OCC(COP(=O)(OCCNCC(=O)OCCOCCOCCOCCOCCOCCOCCOCCOCCOCCOCCOCCOCCOCCOCCOCCOCCOCCOCCOCCOCCOCCOCCOCCOCCOCCOCCOCCOCCOCCOCCOCCOCCOCCOCCOCCOCCOCCOCCOCCOCCOCCOCCOC)O)OC(=O)CCCCCCCCCCCCC,2.5,2000.0,35.0,10.0,,,,mRNA,in_vitro,in_vitro,A549,in_vitro,,,,,,,-0.0401986714577261,normalized_luminescence,75.0,0.0,0.0,50.0,1054.816048,130.14,0.0,12.0,15.8323,307.477,0.80952381,2.0,2.0,1055.577,True,True,False,biodegradable acrylate,,,,,,,,,,,,,,,,,,,branched
LNPhub_R0004615,LNPhub_BL_2023,https://www.nature.com/articles/s41587-023-01679-x,LNPhub_BL_2023_LNP_000602,BL_A47-T10,CCCCCCC#CCCOC(=O)OC(C/C=C\CCCCCCCCOC(=O)CCN1CCN(CCC(=O)OCCCCCCCC/C=C\CC(CCCCCC)OC(=O)OCCC#CCCCCCC)CCN(CCC(=O)OCCCCCCCC/C=C\CC(CCCCCC)OC(=O)OCCC#CCCCCCC)CC1)CCCCCC,Ugi-3CR,C1CN2CCNCCN1CC2,secondary_tertiary,C=CC(=O)OCCCCCCCC/C=C\CC(CCCCCC)OC(=O)O,ester/carbonate acrylate,1,T10,CCCCCCC#CCCO,ricinoleic/aliphatic,,,,,,,,,,,,,,,,head–linker–tail,DOPE,[H][C@@](COP([O-])(OCC[NH3+])=O)(OC(CCCCCCC/C=C\\CCCCCCCC)=O)COC(CCCCCCC/C=C\\CCCCCCCC)=O,16.0,Cholesterol,C[C@H](CCCC(C)C)[C@H]1CC[C@@H]2[C@@]1(CC[C@H]3[C@H]2CC=C4[C@@]3(CC[C@@H](C4)O)C)C,46.5,DMPE-PEG2000,CCCCCCCCCCCCCC(=O)OCC(COP(=O)(OCCNCC(=O)OCCOCCOCCOCCOCCOCCOCCOCCOCCOCCOCCOCCOCCOCCOCCOCCOCCOCCOCCOCCOCCOCCOCCOCCOCCOCCOCCOCCOCCOCCOCCOCCOCCOCCOCCOCCOCCOCCOCCOCCOCCOCCOCCOC)O)OC(=O)CCCCCCCCCCCCC,2.5,2000.0,35.0,10.0,,,,mRNA,in_vitro,in_vitro,A549,in_vitro,,,,,,,0.4625277035199967,normalized_luminescence,120.0,1.0,0.0,78.0,1684.317972,195.21,0.0,18.0,26.3052,492.672,0.823529412,3.0,3.0,1685.544,True,True,False,biodegradable acrylate,,,,,,,,,,,,,,,,,,,macrocyclic
LNPhub_R0004616,LNPhub_BL_2023,https://www.nature.com/articles/s41587-023-01679-x,LNPhub_BL_2023_LNP_000603,BL_A69-T10,CCCCCCC#CCCOC(=O)OC(C/C=C\CCCCCCCCOC(=O)CCN(CCCN1CCCC1)CCC(=O)OCCCCCCCC/C=C\CC(CCCCCC)OC(=O)OCCC#CCCCCCC)CCCCCC,Ugi-3CR,C1CCN(C1)CCCN,primary_tertiary,C=CC(=O)OCCCCCCCC/C=C\CC(CCCCCC)OC(=O)O,ester/carbonate acrylate,1,T10,CCCCCCC#CCCO,ricinoleic/aliphatic,,,,,,,,,,,,,,,,head–linker–tail,DOPE,[H][C@@](COP([O-])(OCC[NH3+])=O)(OC(CCCCCCC/C=C\\CCCCCCCC)=O)COC(CCCCCCC/C=C\\CCCCCCCC)=O,16.0,Cholesterol,C[C@H](CCCC(C)C)[C@H]1CC[C@@H]2[C@@]1(CC[C@H]3[C@H]2CC=C4[C@@]3(CC[C@@H](C4)O)C)C,46.5,DMPE-PEG2000,CCCCCCCCCCCCCC(=O)OCC(COP(=O)(OCCNCC(=O)OCCOCCOCCOCCOCCOCCOCCOCCOCCOCCOCCOCCOCCOCCOCCOCCOCCOCCOCCOCCOCCOCCOCCOCCOCCOCCOCCOCCOCCOCCOCCOCCOCCOCCOCCOCCOCCOCCOCCOCCOCCOCCOCCOC)O)OC(=O)CCCCCCCCCCCCC,2.5,2000.0,35.0,10.0,,,,mRNA,in_vitro,in_vitro,A549,in_vitro,,,,,,,0.3594079889369392,normalized_luminescence,83.0,1.0,0.0,56.0,1164.925598,130.14,0.0,12.0,18.7071,342.299,0.830985915,2.0,2.0,1165.777,True,True,False,biodegradable acrylate,,,,,,,,,,,,,,,,,,,cyclic
LNPhub_R0004617,LNPhub_BL_2023,https://www.nature.com/articles/s41587-023-01679-x,LNPhub_BL_2023_LNP_000604,BL_A37-T10,CCCCCCC#CCCOC(=O)OC(C/C=C\CCCCCCCCOC(=O)CCN(CCC(=O)OCCCCCCCC/C=C\CC(CCCCCC)OC(=O)OCCC#CCCCCCC)CCN1CCCCN(C)CC1)CCCCCC,Ugi-3CR,CN1CCCCN(CCN)CC1,primary_tertiary,C=CC(=O)OCCCCCCCC/C=C\CC(CCCCCC)OC(=O)O,ester/carbonate acrylate,1,T10,CCCCCCC#CCCO,ricinoleic/aliphatic,,,,,,,,,,,,,,,,head–linker–tail,DOPE,[H][C@@](COP([O-])(OCC[NH3+])=O)(OC(CCCCCCC/C=C\\CCCCCCCC)=O)COC(CCCCCCC/C=C\\CCCCCCCC)=O,16.0,Cholesterol,C[C@H](CCCC(C)C)[C@H]1CC[C@@H]2[C@@]1(CC[C@H]3[C@H]2CC=C4[C@@]3(CC[C@@H](C4)O)C)C,46.5,DMPE-PEG2000,CCCCCCCCCCCCCC(=O)OCC(COP(=O)(OCCNCC(=O)OCCOCCOCCOCCOCCOCCOCCOCCOCCOCCOCCOCCOCCOCCOCCOCCOCCOCCOCCOCCOCCOCCOCCOCCOCCOCCOCCOCCOCCOCCOCCOCCOCCOCCOCCOCCOCCOCCOCCOCCOCCOCCOCCOC)O)OC(=O)CCCCCCCCCCCCC,2.5,2000.0,35.0,10.0,,,,mRNA,in_vitro,in_vitro,A549,in_vitro,,,,,,,-0.114311516734744,normalized_luminescence,86.0,1.0,0.0,55.0,1207.967797,133.38,0.0,13.0,18.2488,355.179,0.835616438,2.0,3.0,1208.846,True,True,False,biodegradable acrylate,,,,,,,,,,,,,,,,,,,macrocyclic
LNPhub_R0004618,LNPhub_BL_2023,https://www.nature.com/articles/s41587-023-01679-x,LNPhub_BL_2023_LNP_000605,BL_A10-T6,CCCCC#CCOC(=O)OC(C/C=C\CCCCCCCCOC(=O)CCN(CCC(=O)OCCCCCCCC/C=C\CC(CCCCCC)OC(=O)OCC#CCCCC)CCc1ccncc1)CCCCCC,Ugi-3CR,NCCC1=CC=NC=C1,primary,C=CC(=O)OCCCCCCCC/C=C\CC(CCCCCC)OC(=O)O,ester/carbonate acrylate,1,T6,CCCCC#CCO,ricinoleic/aliphatic,,,,,,,,,,,,,,,,head–linker–tail,DOPE,[H][C@@](COP([O-])(OCC[NH3+])=O)(OC(CCCCCCC/C=C\\CCCCCCCC)=O)COC(CCCCCCC/C=C\\CCCCCCCC)=O,16.0,Cholesterol,C[C@H](CCCC(C)C)[C@H]1CC[C@@H]2[C@@]1(CC[C@H]3[C@H]2CC=C4[C@@]3(CC[C@@H](C4)O)C)C,46.5,DMPE-PEG2000,CCCCCCCCCCCCCC(=O)OCC(COP(=O)(OCCNCC(=O)OCCOCCOCCOCCOCCOCCOCCOCCOCCOCCOCCOCCOCCOCCOCCOCCOCCOCCOCCOCCOCCOCCOCCOCCOCCOCCOCCOCCOCCOCCOCCOCCOCCOCCOCCOCCOCCOCCOCCOCCOCCOCCOCCOC)O)OC(=O)CCCCCCCCCCCCC,2.5,2000.0,35.0,10.0,,,,mRNA,in_vitro,in_vitro,A549,in_vitro,,,,,,,-0.1571908019149246,normalized_luminescence,77.0,1.0,1.0,49.0,1074.784748,139.79,0.0,12.0,16.5183,312.247,0.738461538,2.0,2.0,1075.567,True,True,False,biodegradable acrylate,,,,,,,,,,,,,,,,,,,cyclic
LNPhub_R0004619,LNPhub_BL_2023,https://www.nature.com/articles/s41587-023-01679-x,LNPhub_BL_2023_LNP_000606,BL_A15-T3,CCCCC/C=C\C/C=C\CCCCCCCCOC(=O)OC(C/C=C\CCCCCCCCOC(=O)CCN(CCCN(C)CCCN(CCC(=O)OCCCCCCCC/C=C\CC(CCCCCC)OC(=O)OCCCCCCCC/C=C\C/C=C\CCCCC)CCC(=O)OCCCCCCCC/C=C\CC(CCCCCC)OC(=O)OCCCCCCCC/C=C\C/C=C\CCCCC)CCC(=O)OCCCCCCCC/C=C\CC(CCCCCC)OC(=O)OCCCCCCCC/C=C\C/C=C\CCCCC)CCCCCC,Ugi-3CR,CN(CCCN)CCCN,primary_tertiary,C=CC(=O)OCCCCCCCC/C=C\CC(CCCCCC)OC(=O)O,ester/carbonate acrylate,1,T3,CCCCCC=CCC=C=CCCCCCCCCO,ricinoleic/aliphatic,,,,,,,,,,,,,,,,head–linker–tail,DOPE,[H][C@@](COP([O-])(OCC[NH3+])=O)(OC(CCCCCCC/C=C\\CCCCCCCC)=O)COC(CCCCCCC/C=C\\CCCCCCCC)=O,16.0,Cholesterol,C[C@H](CCCC(C)C)[C@H]1CC[C@@H]2[C@@]1(CC[C@H]3[C@H]2CC=C4[C@@]3(CC[C@@H](C4)O)C)C,46.5,DMPE-PEG2000,CCCCCCCCCCCCCC(=O)OCC(COP(=O)(OCCNCC(=O)OCCOCCOCCOCCOCCOCCOCCOCCOCCOCCOCCOCCOCCOCCOCCOCCOCCOCCOCCOCCOCCOCCOCCOCCOCCOCCOCCOCCOCCOCCOCCOCCOCCOCCOCCOCCOCCOCCOCCOCCOCCOCCOCCOC)O)OC(=O)CCCCCCCCCCCCC,2.5,2000.0,35.0,10.0,,,,mRNA,in_vitro,in_vitro,A549,in_vitro,,,,,,,0.5919684296530403,normalized_luminescence,190.0,0.0,0.0,148.0,2667.247199,257.04,0.0,23.0,49.9664,803.571,0.808383234,4.0,3.0,2669.23,True,True,False,biodegradable acrylate,,,,,,,,,,,,,,,,,,,branched
LNPhub_R0004620,LNPhub_BL_2023,https://www.nature.com/articles/s41587-023-01679-x,LNPhub_BL_2023_LNP_000607,BL_A1-T3,CCCCC/C=C\C/C=C\CCCCCCCCOC(=O)OC(C/C=C\CCCCCCCCOC(=O)CCN(CCCN(C)C)CCC(=O)OCCCCCCCC/C=C\CC(CCCCCC)OC(=O)OCCCCCCCC/C=C\C/C=C\CCCCC)CCCCCC,Ugi-3CR,CN(C)CCCN,primary_tertiary,C=CC(=O)OCCCCCCCC/C=C\CC(CCCCCC)OC(=O)O,ester/carbonate acrylate,1,T3,CCCCCC=CCC=C=CCCCCCCCCO,ricinoleic/aliphatic,,,,,,,,,,,,,,,,head–linker–tail,DOTAP,[H]C(C[N+](C)(C)C)(OC(CCCCCCC/C=C\CCCCCCCC)=O)COC(CCCCCCC/C=C\CCCCCCCC)=O,39.0,Cholesterol,C[C@H](CCCC(C)C)[C@H]1CC[C@@H]2[C@@]1(CC[C@H]3[C@H]2CC=C4[C@@]3(CC[C@@H](C4)O)C)C,30.0,DMPE-PEG2000,CCCCCCCCCCCCCC(=O)OCC(COP(=O)(OCCNCC(=O)OCCOCCOCCOCCOCCOCCOCCOCCOCCOCCOCCOCCOCCOCCOCCOCCOCCOCCOCCOCCOCCOCCOCCOCCOCCOCCOCCOCCOCCOCCOCCOCCOCCOCCOCCOCCOCCOCCOCCOCCOCCOCCOCCOC)O)OC(=O)CCCCCCCCCCCCC,1.0,2000.0,30.0,7.5,,,,mRNA,intratracheal,in_vivo,Mouse_B6,lung_epithelium,,,,,,,0.3097351745389194,normalized_luminescence,97.0,0.0,0.0,74.0,1363.160349,130.14,0.0,12.0,25.0721,411.591,0.811764706,2.0,2.0,1364.171,True,True,False,biodegradable acrylate,,,,,,,,,,,,,,,,,,,branched
LNPhub_R0004621,LNPhub_BL_2023,https://www.nature.com/articles/s41587-023-01679-x,LNPhub_BL_2023_LNP_000608,BL_A55-T7,CCCCCC#CCOC(=O)OC(C/C=C\CCCCCCCCOC(=O)CCN(C)CCO)CCCCCC,Ugi-3CR,CNCCO,secondary,C=CC(=O)OCCCCCCCC/C=C\CC(CCCCCC)OC(=O)O,ester/carbonate acrylate,1,T7,CCCCCC#CCO,ricinoleic/aliphatic,,,,,,,,,,,,,,,,head–linker–tail,DOPE,[H][C@@](COP([O-])(OCC[NH3+])=O)(OC(CCCCCCC/C=C\\CCCCCCCC)=O)COC(CCCCCCC/C=C\\CCCCCCCC)=O,16.0,Cholesterol,C[C@H](CCCC(C)C)[C@H]1CC[C@@H]2[C@@]1(CC[C@H]3[C@H]2CC=C4[C@@]3(CC[C@@H](C4)O)C)C,46.5,DMPE-PEG2000,CCCCCCCCCCCCCC(=O)OCC(COP(=O)(OCCNCC(=O)OCCOCCOCCOCCOCCOCCOCCOCCOCCOCCOCCOCCOCCOCCOCCOCCOCCOCCOCCOCCOCCOCCOCCOCCOCCOCCOCCOCCOCCOCCOCCOCCOCCOCCOCCOCCOCCOCCOCCOCCOCCOCCOCCOC)O)OC(=O)CCCCCCCCCCCCC,2.5,2000.0,35.0,10.0,,,,mRNA,in_vitro,in_vitro,A549,in_vitro,,,,,,,-1.2252573672885665,normalized_luminescence,40.0,0.0,0.0,26.0,565.4342386,85.3,1.0,7.0,7.5967,163.1328,0.818181818,1.0,1.0,565.836,True,True,False,biodegradable acrylate,,,,,,,,,,,,,,,,,,,linear
LNPhub_R0004622,LNPhub_BL_2023,https://www.nature.com/articles/s41587-023-01679-x,LNPhub_BL_2023_LNP_000609,BL_A20-T3,CCCCC/C=C\C/C=C\CCCCCCCCOC(=O)OC(C/C=C\CCCCCCCCOC(=O)CCN1CCN=C1C)CCCCCC,Ugi-3CR,C1CN=C(N1)C,secondary,C=CC(=O)OCCCCCCCC/C=C\CC(CCCCCC)OC(=O)O,ester/carbonate acrylate,1,T3,CCCCCC=CCC=C=CCCCCCCCCO,ricinoleic/aliphatic,,,,,,,,,,,,,,,,head–linker–tail,DOPE,[H][C@@](COP([O-])(OCC[NH3+])=O)(OC(CCCCCCC/C=C\\CCCCCCCC)=O)COC(CCCCCCC/C=C\\CCCCCCCC)=O,16.0,Cholesterol,C[C@H](CCCC(C)C)[C@H]1CC[C@@H]2[C@@]1(CC[C@H]3[C@H]2CC=C4[C@@]3(CC[C@@H](C4)O)C)C,46.5,DMPE-PEG2000,CCCCCCCCCCCCCC(=O)OCC(COP(=O)(OCCNCC(=O)OCCOCCOCCOCCOCCOCCOCCOCCOCCOCCOCCOCCOCCOCCOCCOCCOCCOCCOCCOCCOCCOCCOCCOCCOCCOCCOCCOCCOCCOCCOCCOCCOCCOCCOCCOCCOCCOCCOCCOCCOCCOCCOCCOC)O)OC(=O)CCCCCCCCCCCCC,2.5,2000.0,35.0,10.0,,,,mRNA,in_vitro,in_vitro,A549,in_vitro,,,,,,,-0.5680982738355853,normalized_luminescence,51.0,1.0,0.0,35.0,714.5910736,77.43,0.0,7.0,12.6364,215.539,0.795454545,1.0,2.0,715.117,True,True,False,biodegradable acrylate,,,,,,,,,,,,,,,,,,,cyclic
LNPhub_R0004623,LNPhub_BL_2023,https://www.nature.com/articles/s41587-023-01679-x,LNPhub_BL_2023_LNP_000610,BL_A39-T6,CCCCC#CCOC(=O)OC(C/C=C\CCCCCCCCOC(=O)CCN1CCN(CC2CCN(C)CC2)CC1)CCCCCC,Ugi-3CR,CN1CCC(CC1)CN2CCNCC2,secondary_tertiary,C=CC(=O)OCCCCCCCC/C=C\CC(CCCCCC)OC(=O)O,ester/carbonate acrylate,1,T6,CCCCC#CCO,ricinoleic/aliphatic,,,,,,,,,,,,,,,,head–linker–tail,DOPE,[H][C@@](COP([O-])(OCC[NH3+])=O)(OC(CCCCCCC/C=C\\CCCCCCCC)=O)COC(CCCCCCC/C=C\\CCCCCCCC)=O,16.0,Cholesterol,C[C@H](CCCC(C)C)[C@H]1CC[C@@H]2[C@@]1(CC[C@H]3[C@H]2CC=C4[C@@]3(CC[C@@H](C4)O)C)C,46.5,DMPE-PEG2000,CCCCCCCCCCCCCC(=O)OCC(COP(=O)(OCCNCC(=O)OCCOCCOCCOCCOCCOCCOCCOCCOCCOCCOCCOCCOCCOCCOCCOCCOCCOCCOCCOCCOCCOCCOCCOCCOCCOCCOCCOCCOCCOCCOCCOCCOCCOCCOCCOCCOCCOCCOCCOCCOCCOCCOCCOC)O)OC(=O)CCCCCCCCCCCCC,2.5,2000.0,35.0,10.0,,,,mRNA,in_vitro,in_vitro,A549,in_vitro,,,,,,,-0.0014453112899795,normalized_luminescence,48.0,2.0,0.0,25.0,673.5393724,71.55,0.0,8.0,8.2419,197.034,0.85,1.0,3.0,674.024,True,True,False,biodegradable acrylate,,,,,,,,,,,,,,,,,,,cyclic-dendrimer
LNPhub_R0004624,LNPhub_BL_2023,https://www.nature.com/articles/s41587-023-01679-x,LNPhub_BL_2023_LNP_000611,BL_A40-T4,CCC#CCOC(=O)OC(C/C=C\CCCCCCCCOC(=O)CCN(CCC(=O)OCCCCCCCC/C=C\CC(CCCCCC)OC(=O)OCC#CCC)CCN1CCN(C)CC1)CCCCCC,Ugi-3CR,CN1CCN(CCN)CC1,primary_tertiary,C=CC(=O)OCCCCCCCC/C=C\CC(CCCCCC)OC(=O)O,ester/carbonate acrylate,1,T4,CCC#CCO,ricinoleic/aliphatic,,,,,,,,,,,,,,,,head–linker–tail,DOPE,[H][C@@](COP([O-])(OCC[NH3+])=O)(OC(CCCCCCC/C=C\\CCCCCCCC)=O)COC(CCCCCCC/C=C\\CCCCCCCC)=O,16.0,Cholesterol,C[C@H](CCCC(C)C)[C@H]1CC[C@@H]2[C@@]1(CC[C@H]3[C@H]2CC=C4[C@@]3(CC[C@@H](C4)O)C)C,46.5,DMPE-PEG2000,CCCCCCCCCCCCCC(=O)OCC(COP(=O)(OCCNCC(=O)OCCOCCOCCOCCOCCOCCOCCOCCOCCOCCOCCOCCOCCOCCOCCOCCOCCOCCOCCOCCOCCOCCOCCOCCOCCOCCOCCOCCOCCOCCOCCOCCOCCOCCOCCOCCOCCOCCOCCOCCOCCOCCOCCOC)O)OC(=O)CCCCCCCCCCCCC,2.5,2000.0,35.0,10.0,,,,mRNA,in_vitro,in_vitro,A549,in_vitro,,,,,,,-0.6588635661386556,normalized_luminescence,74.0,1.0,0.0,45.0,1039.779997,133.38,0.0,13.0,13.5676,299.775,0.803278689,2.0,3.0,1040.522,True,True,False,biodegradable acrylate,,,,,,,,,,,,,,,,,,,cyclic
LNPhub_R0004625,LNPhub_BL_2023,https://www.nature.com/articles/s41587-023-01679-x,LNPhub_BL_2023_LNP_000063,BL_A4-T7,CCCCCC#CCOC(=O)OC(C/C=C\CCCCCCCCOC(=O)CCN(CCC(=O)OCCCCCCCC/C=C\CC(CCCCCC)OC(=O)OCC#CCCCCC)CCN(CC)CC)CCCCCC,Ugi-3CR,CCN(CC)CCN,primary_tertiary,C=CC(=O)OCCCCCCCC/C=C\CC(CCCCCC)OC(=O)O,ester/carbonate acrylate,1,T7,CCCCCC#CCO,ricinoleic/aliphatic,,,,,,,,,,,,,,,,head–linker–tail,DOTAP,[H]C(C[N+](C)(C)C)(OC(CCCCCCC/C=C\CCCCCCCC)=O)COC(CCCCCCC/C=C\CCCCCCCC)=O,39.0,Cholesterol,C[C@H](CCCC(C)C)[C@H]1CC[C@@H]2[C@@]1(CC[C@H]3[C@H]2CC=C4[C@@]3(CC[C@@H](C4)O)C)C,30.0,DMPE-PEG2000,CCCCCCCCCCCCCC(=O)OCC(COP(=O)(OCCNCC(=O)OCCOCCOCCOCCOCCOCCOCCOCCOCCOCCOCCOCCOCCOCCOCCOCCOCCOCCOCCOCCOCCOCCOCCOCCOCCOCCOCCOCCOCCOCCOCCOCCOCCOCCOCCOCCOCCOCCOCCOCCOCCOCCOCCOC)O)OC(=O)CCCCCCCCCCCCC,1.0,2000.0,30.0,7.5,,,,mRNA,intratracheal,in_vivo,Mouse_B6,lung_epithelium,115.3,,,,,,-0.2888386065054334,normalized_luminescence,78.0,0.0,0.0,53.0,1096.862998,130.14,0.0,12.0,17.0026,321.328,0.818181818,2.0,2.0,1097.658,True,True,False,biodegradable acrylate,,,,,,93.0,,,,,,,,,,,,,branched
LNPhub_R0004626,LNPhub_BL_2023,https://www.nature.com/articles/s41587-023-01679-x,LNPhub_BL_2023_LNP_000612,BL_A68-T3,CCCCC/C=C\C/C=C\CCCCCCCCOC(=O)OC(C/C=C\CCCCCCCCOC(=O)CCN(CCC(=O)OCCCCCCCC/C=C\CC(CCCCCC)OC(=O)OCCCCCCCC/C=C\C/C=C\CCCCC)CCN1CCCC1)CCCCCC,Ugi-3CR,NCCN1CCCC1,primary_tertiary,C=CC(=O)OCCCCCCCC/C=C\CC(CCCCCC)OC(=O)O,ester/carbonate acrylate,1,T3,CCCCCC=CCC=C=CCCCCCCCCO,ricinoleic/aliphatic,,,,,,,,,,,,,,,,head–linker–tail,DOPE,[H][C@@](COP([O-])(OCC[NH3+])=O)(OC(CCCCCCC/C=C\\CCCCCCCC)=O)COC(CCCCCCC/C=C\\CCCCCCCC)=O,16.0,Cholesterol,C[C@H](CCCC(C)C)[C@H]1CC[C@@H]2[C@@]1(CC[C@H]3[C@H]2CC=C4[C@@]3(CC[C@@H](C4)O)C)C,46.5,DMPE-PEG2000,CCCCCCCCCCCCCC(=O)OCC(COP(=O)(OCCNCC(=O)OCCOCCOCCOCCOCCOCCOCCOCCOCCOCCOCCOCCOCCOCCOCCOCCOCCOCCOCCOCCOCCOCCOCCOCCOCCOCCOCCOCCOCCOCCOCCOCCOCCOCCOCCOCCOCCOCCOCCOCCOCCOCCOCCOC)O)OC(=O)CCCCCCCCCCCCC,2.5,2000.0,35.0,10.0,,,,mRNA,in_vitro,in_vitro,A549,in_vitro,,,,,,,-1.9163343438036355,normalized_luminescence,98.0,1.0,0.0,73.0,1375.160349,130.14,0.0,12.0,25.2162,414.094,0.813953488,2.0,2.0,1376.182,True,True,False,biodegradable acrylate,,,,,,,,,,,,,,,,,,,cyclic
LNPhub_R0004627,LNPhub_BL_2023,https://www.nature.com/articles/s41587-023-01679-x,LNPhub_BL_2023_LNP_000613,BL_A71-T1,CCCCCCCCCCCCCCCCCCOC(=O)OC(C/C=C\CCCCCCCCOC(=O)CCN(CCCn1ccnc1)CCC(=O)OCCCCCCCC/C=C\CC(CCCCCC)OC(=O)OCCCCCCCCCCCCCCCCCC)CCCCCC,Ugi-3CR,C(CN)CN1C=CN=C1,primary,C=CC(=O)OCCCCCCCC/C=C\CC(CCCCCC)OC(=O)O,ester/carbonate acrylate,1,T1,CCCCCCCCCCCCCCCCCCO,ricinoleic/aliphatic,,,,,,,,,,,,,,,,head–linker–tail,DOPE,[H][C@@](COP([O-])(OCC[NH3+])=O)(OC(CCCCCCC/C=C\\CCCCCCCC)=O)COC(CCCCCCC/C=C\\CCCCCCCC)=O,16.0,Cholesterol,C[C@H](CCCC(C)C)[C@H]1CC[C@@H]2[C@@]1(CC[C@H]3[C@H]2CC=C4[C@@]3(CC[C@@H](C4)O)C)C,46.5,DMPE-PEG2000,CCCCCCCCCCCCCC(=O)OCC(COP(=O)(OCCNCC(=O)OCCOCCOCCOCCOCCOCCOCCOCCOCCOCCOCCOCCOCCOCCOCCOCCOCCOCCOCCOCCOCCOCCOCCOCCOCCOCCOCCOCCOCCOCCOCCOCCOCCOCCOCCOCCOCCOCCOCCOCCOCCOCCOCCOC)O)OC(=O)CCCCCCCCCCCCC,2.5,2000.0,35.0,10.0,,,,mRNA,in_vitro,in_vitro,A549,in_vitro,,,,,,,-1.677183485228248,normalized_luminescence,99.0,1.0,1.0,78.0,1394.202548,144.72,0.0,13.0,26.3032,415.64,0.872093023,2.0,3.0,1395.229,True,True,False,biodegradable acrylate,,,,,,,,,,,,,,,,,,,cyclic
LNPhub_R0004628,LNPhub_BL_2023,https://www.nature.com/articles/s41587-023-01679-x,LNPhub_BL_2023_LNP_000614,BL_A40-T5,CCCC#CCOC(=O)OC(C/C=C\CCCCCCCCOC(=O)CCN(CCC(=O)OCCCCCCCC/C=C\CC(CCCCCC)OC(=O)OCC#CCCC)CCN1CCN(C)CC1)CCCCCC,Ugi-3CR,CN1CCN(CCN)CC1,primary_tertiary,C=CC(=O)OCCCCCCCC/C=C\CC(CCCCCC)OC(=O)O,ester/carbonate acrylate,1,T5,CCCC#CCO,ricinoleic/aliphatic,,,,,,,,,,,,,,,,head–linker–tail,DOPE,[H][C@@](COP([O-])(OCC[NH3+])=O)(OC(CCCCCCC/C=C\\CCCCCCCC)=O)COC(CCCCCCC/C=C\\CCCCCCCC)=O,16.0,Cholesterol,C[C@H](CCCC(C)C)[C@H]1CC[C@@H]2[C@@]1(CC[C@H]3[C@H]2CC=C4[C@@]3(CC[C@@H](C4)O)C)C,46.5,DMPE-PEG2000,CCCCCCCCCCCCCC(=O)OCC(COP(=O)(OCCNCC(=O)OCCOCCOCCOCCOCCOCCOCCOCCOCCOCCOCCOCCOCCOCCOCCOCCOCCOCCOCCOCCOCCOCCOCCOCCOCCOCCOCCOCCOCCOCCOCCOCCOCCOCCOCCOCCOCCOCCOCCOCCOCCOCCOCCOC)O)OC(=O)CCCCCCCCCCCCC,2.5,2000.0,35.0,10.0,,,,mRNA,in_vitro,in_vitro,A549,in_vitro,,,,,,,-1.1645550855394078,normalized_luminescence,76.0,1.0,0.0,47.0,1067.811297,133.38,0.0,13.0,14.3478,309.009,0.80952381,2.0,3.0,1068.576,True,True,False,biodegradable acrylate,,,,,,,,,,,,,,,,,,,cyclic
LNPhub_R0004629,LNPhub_BL_2023,https://www.nature.com/articles/s41587-023-01679-x,LNPhub_BL_2023_LNP_000377,BL_A14-T4,CCC#CCOC(=O)OC(C/C=C\CCCCCCCCOC(=O)CCN(C)CCN(CCN(C)CCC(=O)OCCCCCCCC/C=C\CC(CCCCCC)OC(=O)OCC#CCC)CCN(C)CCC(=O)OCCCCCCCC/C=C\CC(CCCCCC)OC(=O)OCC#CCC)CCCCCC,Ugi-3CR,CNCCN(CCNC)CCNC,secondary_tertiary,C=CC(=O)OCCCCCCCC/C=C\CC(CCCCCC)OC(=O)O,ester/carbonate acrylate,1,T4,CCC#CCO,ricinoleic/aliphatic,,,,,,,,,,,,,,,,head–linker–tail,DOTAP,[H]C(C[N+](C)(C)C)(OC(CCCCCCC/C=C\CCCCCCCC)=O)COC(CCCCCCC/C=C\CCCCCCCC)=O,39.0,Cholesterol,C[C@H](CCCC(C)C)[C@H]1CC[C@@H]2[C@@]1(CC[C@H]3[C@H]2CC=C4[C@@]3(CC[C@@H](C4)O)C)C,30.0,DMPE-PEG2000,CCCCCCCCCCCCCC(=O)OCC(COP(=O)(OCCNCC(=O)OCCOCCOCCOCCOCCOCCOCCOCCOCCOCCOCCOCCOCCOCCOCCOCCOCCOCCOCCOCCOCCOCCOCCOCCOCCOCCOCCOCCOCCOCCOCCOCCOCCOCCOCCOCCOCCOCCOCCOCCOCCOCCOCCOC)O)OC(=O)CCCCCCCCCCCCC,1.0,2000.0,30.0,7.5,,,,mRNA,intratracheal,in_vivo,Mouse_B6,lung_epithelium,132.8,,,,,,-0.1010993435247881,normalized_luminescence,109.0,0.0,0.0,72.0,1533.15672,198.45,0.0,19.0,20.6315,443.028,0.8,3.0,4.0,1534.251,True,True,False,biodegradable acrylate,,,,,,92.0,,,,,,,,,,,,,branched
LNPhub_R0004630,LNPhub_BL_2023,https://www.nature.com/articles/s41587-023-01679-x,LNPhub_BL_2023_LNP_000615,BL_A46-T2,CCCCCCCC/C=C\CCCCCCCCOC(=O)OC(C/C=C\CCCCCCCCOC(=O)CCN(CCC(=O)OCCCCCCCC/C=C\CC(CCCCCC)OC(=O)OCCCCCCCC/C=C\CCCCCCCC)CCN1CCC(C)CC1)CCCCCC,Ugi-3CR,CC1CCN(CC1)CCN,primary_tertiary,C=CC(=O)OCCCCCCCC/C=C\CC(CCCCCC)OC(=O)O,ester/carbonate acrylate,1,T2,CCCCCCCCC=CCCCCCCCCO,ricinoleic/aliphatic,,,,,,,,,,,,,,,,head–linker–tail,DOPE,[H][C@@](COP([O-])(OCC[NH3+])=O)(OC(CCCCCCC/C=C\\CCCCCCCC)=O)COC(CCCCCCC/C=C\\CCCCCCCC)=O,16.0,Cholesterol,C[C@H](CCCC(C)C)[C@H]1CC[C@@H]2[C@@]1(CC[C@H]3[C@H]2CC=C4[C@@]3(CC[C@@H](C4)O)C)C,46.5,DMPE-PEG2000,CCCCCCCCCCCCCC(=O)OCC(COP(=O)(OCCNCC(=O)OCCOCCOCCOCCOCCOCCOCCOCCOCCOCCOCCOCCOCCOCCOCCOCCOCCOCCOCCOCCOCCOCCOCCOCCOCCOCCOCCOCCOCCOCCOCCOCCOCCOCCOCCOCCOCCOCCOCCOCCOCCOCCOCCOC)O)OC(=O)CCCCCCCCCCCCC,2.5,2000.0,35.0,10.0,,,,mRNA,in_vitro,in_vitro,A549,in_vitro,,,,,,,-1.3407368507754058,normalized_luminescence,100.0,1.0,0.0,75.0,1407.222949,130.14,0.0,12.0,26.3003,423.446,0.863636364,2.0,2.0,1408.268,True,True,False,biodegradable acrylate,,,,,,,,,,,,,,,,,,,cyclic
LNPhub_R0004631,LNPhub_BL_2023,https://www.nature.com/articles/s41587-023-01679-x,LNPhub_BL_2023_LNP_000616,BL_A20-T9,CCCCC#CCCOC(=O)OC(C/C=C\CCCCCCCCOC(=O)CCN1CCN=C1C)CCCCCC,Ugi-3CR,C1CN=C(N1)C,secondary,C=CC(=O)OCCCCCCCC/C=C\CC(CCCCCC)OC(=O)O,ester/carbonate acrylate,1,T9,CCCCC#CCCO,ricinoleic/aliphatic,,,,,,,,,,,,,,,,head–linker–tail,DOPE,[H][C@@](COP([O-])(OCC[NH3+])=O)(OC(CCCCCCC/C=C\\CCCCCCCC)=O)COC(CCCCCCC/C=C\\CCCCCCCC)=O,16.0,Cholesterol,C[C@H](CCCC(C)C)[C@H]1CC[C@@H]2[C@@]1(CC[C@H]3[C@H]2CC=C4[C@@]3(CC[C@@H](C4)O)C)C,46.5,DMPE-PEG2000,CCCCCCCCCCCCCC(=O)OCC(COP(=O)(OCCNCC(=O)OCCOCCOCCOCCOCCOCCOCCOCCOCCOCCOCCOCCOCCOCCOCCOCCOCCOCCOCCOCCOCCOCCOCCOCCOCCOCCOCCOCCOCCOCCOCCOCCOCCOCCOCCOCCOCCOCCOCCOCCOCCOCCOCCOC)O)OC(=O)CCCCCCCCCCCCC,2.5,2000.0,35.0,10.0,,,,mRNA,in_vitro,in_vitro,A549,in_vitro,,,,,,,-0.8646193541590373,normalized_luminescence,41.0,1.0,0.0,24.0,574.434573,77.43,0.0,7.0,8.4066,168.099,0.794117647,1.0,2.0,574.847,True,True,False,biodegradable acrylate,,,,,,,,,,,,,,,,,,,cyclic
LNPhub_R0004632,LNPhub_BL_2023,https://www.nature.com/articles/s41587-023-01679-x,LNPhub_BL_2023_LNP_000617,BL_A4-T10,CCCCCCC#CCCOC(=O)OC(C/C=C\CCCCCCCCOC(=O)CCN(CCC(=O)OCCCCCCCC/C=C\CC(CCCCCC)OC(=O)OCCC#CCCCCCC)CCN(CC)CC)CCCCCC,Ugi-3CR,CCN(CC)CCN,primary_tertiary,C=CC(=O)OCCCCCCCC/C=C\CC(CCCCCC)OC(=O)O,ester/carbonate acrylate,1,T10,CCCCCCC#CCCO,ricinoleic/aliphatic,,,,,,,,,,,,,,,,head–linker–tail,DOPE,[H][C@@](COP([O-])(OCC[NH3+])=O)(OC(CCCCCCC/C=C\\CCCCCCCC)=O)COC(CCCCCCC/C=C\\CCCCCCCC)=O,16.0,Cholesterol,C[C@H](CCCC(C)C)[C@H]1CC[C@@H]2[C@@]1(CC[C@H]3[C@H]2CC=C4[C@@]3(CC[C@@H](C4)O)C)C,46.5,DMPE-PEG2000,CCCCCCCCCCCCCC(=O)OCC(COP(=O)(OCCNCC(=O)OCCOCCOCCOCCOCCOCCOCCOCCOCCOCCOCCOCCOCCOCCOCCOCCOCCOCCOCCOCCOCCOCCOCCOCCOCCOCCOCCOCCOCCOCCOCCOCCOCCOCCOCCOCCOCCOCCOCCOCCOCCOCCOCCOC)O)OC(=O)CCCCCCCCCCCCC,2.5,2000.0,35.0,10.0,,,,mRNA,in_vitro,in_vitro,A549,in_vitro,119.3,,,,,,-0.9550114931562824,normalized_luminescence,82.0,0.0,0.0,57.0,1152.925598,130.14,0.0,12.0,18.563,339.796,0.828571429,2.0,2.0,1153.766,True,True,False,biodegradable acrylate,,,,,,87.0,,,,,,,,,,,,,branched
LNPhub_R0004633,LNPhub_BL_2023,https://www.nature.com/articles/s41587-023-01679-x,LNPhub_BL_2023_LNP_000618,BL_A7-T2,CCCCCCCC/C=C\CCCCCCCCOC(=O)OC(C/C=C\CCCCCCCCOC(=O)CCN(C)CCCCCCN(C)CCC(=O)OCCCCCCCC/C=C\CC(CCCCCC)OC(=O)OCCCCCCCC/C=C\CCCCCCCC)CCCCCC,Ugi-3CR,CNCCCCCCNC,secondary,C=CC(=O)OCCCCCCCC/C=C\CC(CCCCCC)OC(=O)O,ester/carbonate acrylate,1,T2,CCCCCCCCC=CCCCCCCCCO,ricinoleic/aliphatic,,,,,,,,,,,,,,,,head–linker–tail,DOPE,[H][C@@](COP([O-])(OCC[NH3+])=O)(OC(CCCCCCC/C=C\\CCCCCCCC)=O)COC(CCCCCCC/C=C\\CCCCCCCC)=O,16.0,Cholesterol,C[C@H](CCCC(C)C)[C@H]1CC[C@@H]2[C@@]1(CC[C@H]3[C@H]2CC=C4[C@@]3(CC[C@@H](C4)O)C)C,46.5,DMPE-PEG2000,CCCCCCCCCCCCCC(=O)OCC(COP(=O)(OCCNCC(=O)OCCOCCOCCOCCOCCOCCOCCOCCOCCOCCOCCOCCOCCOCCOCCOCCOCCOCCOCCOCCOCCOCCOCCOCCOCCOCCOCCOCCOCCOCCOCCOCCOCCOCCOCCOCCOCCOCCOCCOCCOCCOCCOCCOC)O)OC(=O)CCCCCCCCCCCCC,2.5,2000.0,35.0,10.0,,,,mRNA,in_vitro,in_vitro,A549,in_vitro,,,,,,,1.287910903218655,normalized_luminescence,100.0,0.0,0.0,79.0,1409.238599,130.14,0.0,12.0,26.6904,425.63,0.863636364,2.0,2.0,1410.284,True,True,False,biodegradable acrylate,,,,,,,,,,,,,,,,,,,linear
LNPhub_R0004634,LNPhub_BL_2023,https://www.nature.com/articles/s41587-023-01679-x,LNPhub_BL_2023_LNP_000619,BL_A13-T2,CCCCCCCC/C=C\CCCCCCCCOC(=O)OC(C/C=C\CCCCCCCCOC(=O)CCN1CCN(CCN2CCCC2)CC1)CCCCCC,Ugi-3CR,C1CCN(C1)CCN2CCNCC2,secondary_tertiary,C=CC(=O)OCCCCCCCC/C=C\CC(CCCCCC)OC(=O)O,ester/carbonate acrylate,1,T2,CCCCCCCCC=CCCCCCCCCO,ricinoleic/aliphatic,,,,,,,,,,,,,,,,head–linker–tail,DOPE,[H][C@@](COP([O-])(OCC[NH3+])=O)(OC(CCCCCCC/C=C\\CCCCCCCC)=O)COC(CCCCCCC/C=C\\CCCCCCCC)=O,16.0,Cholesterol,C[C@H](CCCC(C)C)[C@H]1CC[C@@H]2[C@@]1(CC[C@H]3[C@H]2CC=C4[C@@]3(CC[C@@H](C4)O)C)C,46.5,DMPE-PEG2000,CCCCCCCCCCCCCC(=O)OCC(COP(=O)(OCCNCC(=O)OCCOCCOCCOCCOCCOCCOCCOCCOCCOCCOCCOCCOCCOCCOCCOCCOCCOCCOCCOCCOCCOCCOCCOCCOCCOCCOCCOCCOCCOCCOCCOCCOCCOCCOCCOCCOCCOCCOCCOCCOCCOCCOCCOC)O)OC(=O)CCCCCCCCCCCCC,2.5,2000.0,35.0,10.0,,,,mRNA,in_vitro,in_vitro,A549,in_vitro,,,,,,,0.5250326443384212,normalized_luminescence,58.0,2.0,0.0,39.0,815.7115231,71.55,0.0,8.0,12.8398,244.638,0.88,1.0,3.0,816.31,True,True,False,biodegradable acrylate,,,,,,,,,,,,,,,,,,,cyclic
LNPhub_R0004635,LNPhub_BL_2023,https://www.nature.com/articles/s41587-023-01679-x,LNPhub_BL_2023_LNP_000620,BL_A49-T4,CCC#CCOC(=O)OC(C/C=C\CCCCCCCCOC(=O)CCN(CCC(=O)OCCCCCCCC/C=C\CC(CCCCCC)OC(=O)OCC#CCC)CCN1CCCCCC1)CCCCCC,Ugi-3CR,C1CCCN(CC1)CCN,primary_tertiary,C=CC(=O)OCCCCCCCC/C=C\CC(CCCCCC)OC(=O)O,ester/carbonate acrylate,1,T4,CCC#CCO,ricinoleic/aliphatic,,,,,,,,,,,,,,,,head–linker–tail,DOPE,[H][C@@](COP([O-])(OCC[NH3+])=O)(OC(CCCCCCC/C=C\\CCCCCCCC)=O)COC(CCCCCCC/C=C\\CCCCCCCC)=O,16.0,Cholesterol,C[C@H](CCCC(C)C)[C@H]1CC[C@@H]2[C@@]1(CC[C@H]3[C@H]2CC=C4[C@@]3(CC[C@@H](C4)O)C)C,46.5,DMPE-PEG2000,CCCCCCCCCCCCCC(=O)OCC(COP(=O)(OCCNCC(=O)OCCOCCOCCOCCOCCOCCOCCOCCOCCOCCOCCOCCOCCOCCOCCOCCOCCOCCOCCOCCOCCOCCOCCOCCOCCOCCOCCOCCOCCOCCOCCOCCOCCOCCOCCOCCOCCOCCOCCOCCOCCOCCOCCOC)O)OC(=O)CCCCCCCCCCCCC,2.5,2000.0,35.0,10.0,,,,mRNA,in_vitro,in_vitro,A549,in_vitro,,,,,,,0.8735458423059673,normalized_luminescence,74.0,1.0,0.0,45.0,1038.784748,130.14,0.0,12.0,15.1962,300.746,0.806451613,2.0,2.0,1039.534,True,True,False,biodegradable acrylate,,,,,,,,,,,,,,,,,,,cyclic
LNPhub_R0004636,LNPhub_BL_2023,https://www.nature.com/articles/s41587-023-01679-x,LNPhub_BL_2023_LNP_000621,BL_A22-T4,CCC#CCOC(=O)OC(C/C=C\CCCCCCCCOC(=O)CCN(CCC(=O)OCCCCCCCC/C=C\CC(CCCCCC)OC(=O)OCC#CCC)CCc1ccccn1)CCCCCC,Ugi-3CR,C1=CC(=NC=C1)CCN,primary,C=CC(=O)OCCCCCCCC/C=C\CC(CCCCCC)OC(=O)O,ester/carbonate acrylate,1,T4,CCC#CCO,ricinoleic/aliphatic,,,,,,,,,,,,,,,,head–linker–tail,DOPE,[H][C@@](COP([O-])(OCC[NH3+])=O)(OC(CCCCCCC/C=C\\CCCCCCCC)=O)COC(CCCCCCC/C=C\\CCCCCCCC)=O,16.0,Cholesterol,C[C@H](CCCC(C)C)[C@H]1CC[C@@H]2[C@@]1(CC[C@H]3[C@H]2CC=C4[C@@]3(CC[C@@H](C4)O)C)C,46.5,DMPE-PEG2000,CCCCCCCCCCCCCC(=O)OCC(COP(=O)(OCCNCC(=O)OCCOCCOCCOCCOCCOCCOCCOCCOCCOCCOCCOCCOCCOCCOCCOCCOCCOCCOCCOCCOCCOCCOCCOCCOCCOCCOCCOCCOCCOCCOCCOCCOCCOCCOCCOCCOCCOCCOCCOCCOCCOCCOCCOC)O)OC(=O)CCCCCCCCCCCCC,2.5,2000.0,35.0,10.0,,,,mRNA,in_vitro,in_vitro,A549,in_vitro,,,,,,,-0.7584790013014663,normalized_luminescence,73.0,1.0,1.0,45.0,1018.722147,139.79,0.0,12.0,14.9579,293.779,0.721311475,2.0,2.0,1019.459,True,True,False,biodegradable acrylate,,,,,,,,,,,,,,,,,,,cyclic
LNPhub_R0004637,LNPhub_BL_2023,https://www.nature.com/articles/s41587-023-01679-x,LNPhub_BL_2023_LNP_000622,BL_A47-T5,CCCC#CCOC(=O)OC(C/C=C\CCCCCCCCOC(=O)CCN1CCN(CCC(=O)OCCCCCCCC/C=C\CC(CCCCCC)OC(=O)OCC#CCCC)CCN(CCC(=O)OCCCCCCCC/C=C\CC(CCCCCC)OC(=O)OCC#CCCC)CC1)CCCCCC,Ugi-3CR,C1CN2CCNCCN1CC2,secondary_tertiary,C=CC(=O)OCCCCCCCC/C=C\CC(CCCCCC)OC(=O)O,ester/carbonate acrylate,1,T5,CCCC#CCO,ricinoleic/aliphatic,,,,,,,,,,,,,,,,head–linker–tail,DOPE,[H][C@@](COP([O-])(OCC[NH3+])=O)(OC(CCCCCCC/C=C\\CCCCCCCC)=O)COC(CCCCCCC/C=C\\CCCCCCCC)=O,16.0,Cholesterol,C[C@H](CCCC(C)C)[C@H]1CC[C@@H]2[C@@]1(CC[C@H]3[C@H]2CC=C4[C@@]3(CC[C@@H](C4)O)C)C,46.5,DMPE-PEG2000,CCCCCCCCCCCCCC(=O)OCC(COP(=O)(OCCNCC(=O)OCCOCCOCCOCCOCCOCCOCCOCCOCCOCCOCCOCCOCCOCCOCCOCCOCCOCCOCCOCCOCCOCCOCCOCCOCCOCCOCCOCCOCCOCCOCCOCCOCCOCCOCCOCCOCCOCCOCCOCCOCCOCCOCCOC)O)OC(=O)CCCCCCCCCCCCC,2.5,2000.0,35.0,10.0,,,,mRNA,in_vitro,in_vitro,A549,in_vitro,,,,,,,1.7194931930520478,normalized_luminescence,108.0,1.0,0.0,66.0,1516.130171,195.21,0.0,18.0,21.624,437.268,0.8,3.0,3.0,1517.22,True,True,False,biodegradable acrylate,,,,,,,,,,,,,,,,,,,macrocyclic
LNPhub_R0004638,LNPhub_BL_2023,https://www.nature.com/articles/s41587-023-01679-x,LNPhub_BL_2023_LNP_000623,BL_A35-T4,CCC#CCOC(=O)OC(C/C=C\CCCCCCCCOC(=O)CCN1CCN(CCCN(C)C)CC1)CCCCCC,Ugi-3CR,CN(C)CCCN1CCNCC1,secondary_tertiary,C=CC(=O)OCCCCCCCC/C=C\CC(CCCCCC)OC(=O)O,ester/carbonate acrylate,1,T4,CCC#CCO,ricinoleic/aliphatic,,,,,,,,,,,,,,,,head–linker–tail,DOPE,[H][C@@](COP([O-])(OCC[NH3+])=O)(OC(CCCCCCC/C=C\\CCCCCCCC)=O)COC(CCCCCCC/C=C\\CCCCCCCC)=O,16.0,Cholesterol,C[C@H](CCCC(C)C)[C@H]1CC[C@@H]2[C@@]1(CC[C@H]3[C@H]2CC=C4[C@@]3(CC[C@@H](C4)O)C)C,46.5,DMPE-PEG2000,CCCCCCCCCCCCCC(=O)OCC(COP(=O)(OCCNCC(=O)OCCOCCOCCOCCOCCOCCOCCOCCOCCOCCOCCOCCOCCOCCOCCOCCOCCOCCOCCOCCOCCOCCOCCOCCOCCOCCOCCOCCOCCOCCOCCOCCOCCOCCOCCOCCOCCOCCOCCOCCOCCOCCOCCOC)O)OC(=O)CCCCCCCCCCCCC,2.5,2000.0,35.0,10.0,,,,mRNA,in_vitro,in_vitro,A549,in_vitro,,,,,,,-0.7972666277357068,normalized_luminescence,44.0,1.0,0.0,25.0,619.4924222,71.55,0.0,8.0,7.0716,180.75,0.833333333,1.0,3.0,619.932,True,True,False,biodegradable acrylate,,,,,,,,,,,,,,,,,,,cyclic
LNPhub_R0004639,LNPhub_BL_2023,https://www.nature.com/articles/s41587-023-01679-x,LNPhub_BL_2023_LNP_000624,BL_A24-T7,CCCCCC#CCOC(=O)OC(C/C=C\CCCCCCCCOC(=O)CCN1CCN(c2cccnc2)CC1)CCCCCC,Ugi-3CR,C1=CC(=CN=C1)N2CCNCC2,secondary_tertiary,C=CC(=O)OCCCCCCCC/C=C\CC(CCCCCC)OC(=O)O,ester/carbonate acrylate,1,T7,CCCCCC#CCO,ricinoleic/aliphatic,,,,,,,,,,,,,,,,head–linker–tail,DOPE,[H][C@@](COP([O-])(OCC[NH3+])=O)(OC(CCCCCCC/C=C\\CCCCCCCC)=O)COC(CCCCCCC/C=C\\CCCCCCCC)=O,16.0,Cholesterol,C[C@H](CCCC(C)C)[C@H]1CC[C@@H]2[C@@]1(CC[C@H]3[C@H]2CC=C4[C@@]3(CC[C@@H](C4)O)C)C,46.5,DMPE-PEG2000,CCCCCCCCCCCCCC(=O)OCC(COP(=O)(OCCNCC(=O)OCCOCCOCCOCCOCCOCCOCCOCCOCCOCCOCCOCCOCCOCCOCCOCCOCCOCCOCCOCCOCCOCCOCCOCCOCCOCCOCCOCCOCCOCCOCCOCCOCCOCCOCCOCCOCCOCCOCCOCCOCCOCCOCCOC)O)OC(=O)CCCCCCCCCCCCC,2.5,2000.0,35.0,10.0,,,,mRNA,in_vitro,in_vitro,A549,in_vitro,,,,,,,0.8104785495107029,normalized_luminescence,47.0,2.0,1.0,25.0,653.4767721,81.2,0.0,8.0,8.8898,191.44,0.717948718,1.0,3.0,653.949,True,True,False,biodegradable acrylate,,,,,,,,,,,,,,,,,,,cyclic
LNPhub_R0004640,LNPhub_BL_2023,https://www.nature.com/articles/s41587-023-01679-x,LNPhub_BL_2023_LNP_000625,BL_A11-T8,CCCCCCC#CCOC(=O)OC(C/C=C\CCCCCCCCOC(=O)CCN1CCC(CCCC2CCN(CCO)CC2)CC1)CCCCCC,Ugi-3CR,C(CC1CCNCC1)CC2CCN(CC2)CCO,secondary_tertiary,C=CC(=O)OCCCCCCCC/C=C\CC(CCCCCC)OC(=O)O,ester/carbonate acrylate,1,T8,CCCCCCC#CCO,ricinoleic/aliphatic,,,,,,,,,,,,,,,,head–linker–tail,DOPE,[H][C@@](COP([O-])(OCC[NH3+])=O)(OC(CCCCCCC/C=C\\CCCCCCCC)=O)COC(CCCCCCC/C=C\\CCCCCCCC)=O,16.0,Cholesterol,C[C@H](CCCC(C)C)[C@H]1CC[C@@H]2[C@@]1(CC[C@H]3[C@H]2CC=C4[C@@]3(CC[C@@H](C4)O)C)C,46.5,DMPE-PEG2000,CCCCCCCCCCCCCC(=O)OCC(COP(=O)(OCCNCC(=O)OCCOCCOCCOCCOCCOCCOCCOCCOCCOCCOCCOCCOCCOCCOCCOCCOCCOCCOCCOCCOCCOCCOCCOCCOCCOCCOCCOCCOCCOCCOCCOCCOCCOCCOCCOCCOCCOCCOCCOCCOCCOCCOCCOC)O)OC(=O)CCCCCCCCCCCCC,2.5,2000.0,35.0,10.0,,,,mRNA,in_vitro,in_vitro,A549,in_vitro,,,,,,,-1.365158949947174,normalized_luminescence,54.0,2.0,0.0,31.0,758.6172883,88.54,1.0,8.0,10.6493,222.4318,0.869565217,1.0,2.0,759.17,True,True,False,biodegradable acrylate,,,,,,,,,,,,,,,,,,,cyclic-dendrimer
LNPhub_R0004641,LNPhub_BL_2023,https://www.nature.com/articles/s41587-023-01679-x,LNPhub_BL_2023_LNP_000626,BL_A72-T3,CCCCC/C=C\C/C=C\CCCCCCCCOC(=O)OC(C/C=C\CCCCCCCCOC(=O)CCN1CCC1c1ccccc1)CCCCCC,Ugi-3CR,C1=CC=C(C=C1)C2CCN2,secondary,C=CC(=O)OCCCCCCCC/C=C\CC(CCCCCC)OC(=O)O,ester/carbonate acrylate,1,T3,CCCCCC=CCC=C=CCCCCCCCCO,ricinoleic/aliphatic,,,,,,,,,,,,,,,,head–linker–tail,DOPE,[H][C@@](COP([O-])(OCC[NH3+])=O)(OC(CCCCCCC/C=C\\CCCCCCCC)=O)COC(CCCCCCC/C=C\\CCCCCCCC)=O,16.0,Cholesterol,C[C@H](CCCC(C)C)[C@H]1CC[C@@H]2[C@@]1(CC[C@H]3[C@H]2CC=C4[C@@]3(CC[C@@H](C4)O)C)C,46.5,DMPE-PEG2000,CCCCCCCCCCCCCC(=O)OCC(COP(=O)(OCCNCC(=O)OCCOCCOCCOCCOCCOCCOCCOCCOCCOCCOCCOCCOCCOCCOCCOCCOCCOCCOCCOCCOCCOCCOCCOCCOCCOCCOCCOCCOCCOCCOCCOCCOCCOCCOCCOCCOCCOCCOCCOCCOCCOCCOCCOC)O)OC(=O)CCCCCCCCCCCCC,2.5,2000.0,35.0,10.0,,,,mRNA,in_vitro,in_vitro,A549,in_vitro,,,,,,,-1.3411867385925942,normalized_luminescence,55.0,2.0,1.0,36.0,763.6114747,65.07,0.0,6.0,14.3494,231.363,0.714285714,2.0,1.0,764.189,True,True,False,biodegradable acrylate,,,,,,,,,,,,,,,,,,,cyclic
LNPhub_R0004642,LNPhub_BL_2023,https://www.nature.com/articles/s41587-023-01679-x,LNPhub_BL_2023_LNP_000063,BL_A4-T7,CCCCCC#CCOC(=O)OC(C/C=C\CCCCCCCCOC(=O)CCN(CCC(=O)OCCCCCCCC/C=C\CC(CCCCCC)OC(=O)OCC#CCCCCC)CCN(CC)CC)CCCCCC,Ugi-3CR,CCN(CC)CCN,primary_tertiary,C=CC(=O)OCCCCCCCC/C=C\CC(CCCCCC)OC(=O)O,ester/carbonate acrylate,1,T7,CCCCCC#CCO,ricinoleic/aliphatic,,,,,,,,,,,,,,,,head–linker–tail,DOTAP,[H]C(C[N+](C)(C)C)(OC(CCCCCCC/C=C\CCCCCCCC)=O)COC(CCCCCCC/C=C\CCCCCCCC)=O,39.0,Cholesterol,C[C@H](CCCC(C)C)[C@H]1CC[C@@H]2[C@@]1(CC[C@H]3[C@H]2CC=C4[C@@]3(CC[C@@H](C4)O)C)C,30.0,DMPE-PEG2000,CCCCCCCCCCCCCC(=O)OCC(COP(=O)(OCCNCC(=O)OCCOCCOCCOCCOCCOCCOCCOCCOCCOCCOCCOCCOCCOCCOCCOCCOCCOCCOCCOCCOCCOCCOCCOCCOCCOCCOCCOCCOCCOCCOCCOCCOCCOCCOCCOCCOCCOCCOCCOCCOCCOCCOCCOC)O)OC(=O)CCCCCCCCCCCCC,1.0,2000.0,30.0,7.5,,,,mRNA,intratracheal,in_vivo,Mouse_B6,lung_epithelium,115.3,,,,,,0.4251752151090259,normalized_luminescence,78.0,0.0,0.0,53.0,1096.862998,130.14,0.0,12.0,17.0026,321.328,0.818181818,2.0,2.0,1097.658,True,True,False,biodegradable acrylate,,,,,,93.0,,,,,,,,,,,,,branched
LNPhub_R0004643,LNPhub_BL_2023,https://www.nature.com/articles/s41587-023-01679-x,LNPhub_BL_2023_LNP_000627,BL_A14-T9,CCCCC#CCCOC(=O)OC(C/C=C\CCCCCCCCOC(=O)CCN(C)CCN(CCN(C)CCC(=O)OCCCCCCCC/C=C\CC(CCCCCC)OC(=O)OCCC#CCCCC)CCN(C)CCC(=O)OCCCCCCCC/C=C\CC(CCCCCC)OC(=O)OCCC#CCCCC)CCCCCC,Ugi-3CR,CNCCN(CCNC)CCNC,secondary_tertiary,C=CC(=O)OCCCCCCCC/C=C\CC(CCCCCC)OC(=O)O,ester/carbonate acrylate,1,T9,CCCCC#CCCO,ricinoleic/aliphatic,,,,,,,,,,,,,,,,head–linker–tail,DOPE,[H][C@@](COP([O-])(OCC[NH3+])=O)(OC(CCCCCCC/C=C\\CCCCCCCC)=O)COC(CCCCCCC/C=C\\CCCCCCCC)=O,16.0,Cholesterol,C[C@H](CCCC(C)C)[C@H]1CC[C@@H]2[C@@]1(CC[C@H]3[C@H]2CC=C4[C@@]3(CC[C@@H](C4)O)C)C,46.5,DMPE-PEG2000,CCCCCCCCCCCCCC(=O)OCC(COP(=O)(OCCNCC(=O)OCCOCCOCCOCCOCCOCCOCCOCCOCCOCCOCCOCCOCCOCCOCCOCCOCCOCCOCCOCCOCCOCCOCCOCCOCCOCCOCCOCCOCCOCCOCCOCCOCCOCCOCCOCCOCCOCCOCCOCCOCCOCCOCCOC)O)OC(=O)CCCCCCCCCCCCC,2.5,2000.0,35.0,10.0,,,,mRNA,in_vitro,in_vitro,A549,in_vitro,140.0,,,,,,1.2231377658775382,normalized_luminescence,118.0,0.0,0.0,81.0,1659.297571,198.45,0.0,19.0,24.1424,484.581,0.818181818,3.0,4.0,1660.494,True,True,False,biodegradable acrylate,,,,,,51.0,,,,,,,,,,,,,branched
LNPhub_R0004644,LNPhub_BL_2023,https://www.nature.com/articles/s41587-023-01679-x,LNPhub_BL_2023_LNP_000628,BL_A67-T10,CCCCCCC#CCCOC(=O)OC(C/C=C\CCCCCCCCOC(=O)CCN(CCC(=O)OCCCCCCCC/C=C\CC(CCCCCC)OC(=O)OCCC#CCCCCCC)CC1OCCO1)CCCCCC,Ugi-3CR,NCC1OCCO1,primary,C=CC(=O)OCCCCCCCC/C=C\CC(CCCCCC)OC(=O)O,ester/carbonate acrylate,1,T10,CCCCCCC#CCCO,ricinoleic/aliphatic,,,,,,,,,,,,,,,,head–linker–tail,DOPE,[H][C@@](COP([O-])(OCC[NH3+])=O)(OC(CCCCCCC/C=C\\CCCCCCCC)=O)COC(CCCCCCC/C=C\\CCCCCCCC)=O,16.0,Cholesterol,C[C@H](CCCC(C)C)[C@H]1CC[C@@H]2[C@@]1(CC[C@H]3[C@H]2CC=C4[C@@]3(CC[C@@H](C4)O)C)C,46.5,DMPE-PEG2000,CCCCCCCCCCCCCC(=O)OCC(COP(=O)(OCCNCC(=O)OCCOCCOCCOCCOCCOCCOCCOCCOCCOCCOCCOCCOCCOCCOCCOCCOCCOCCOCCOCCOCCOCCOCCOCCOCCOCCOCCOCCOCCOCCOCCOCCOCCOCCOCCOCCOCCOCCOCCOCCOCCOCCOCCOC)O)OC(=O)CCCCCCCCCCCCC,2.5,2000.0,35.0,10.0,,,,mRNA,in_vitro,in_vitro,A549,in_vitro,,,,,,,-0.8929052419074425,normalized_luminescence,81.0,1.0,0.0,54.0,1139.857578,145.36,0.0,13.0,17.5941,327.7,0.823529412,2.0,1.0,1140.679,True,True,False,biodegradable acrylate,,,,,,,,,,,,,,,,,,,cyclic
LNPhub_R0004645,LNPhub_BL_2023,https://www.nature.com/articles/s41587-023-01679-x,LNPhub_BL_2023_LNP_000629,BL_A21-T7,CCCCCC#CCOC(=O)OC(C/C=C\CCCCCCCCOC(=O)CCN(C)CCOCCOCCN(C)CCC(=O)OCCCCCCCC/C=C\CC(CCCCCC)OC(=O)OCC#CCCCCC)CCCCCC,Ugi-3CR,CNCCOCCOCCNC,secondary,C=CC(=O)OCCCCCCCC/C=C\CC(CCCCCC)OC(=O)O,ester/carbonate acrylate,1,T7,CCCCCC#CCO,ricinoleic/aliphatic,,,,,,,,,,,,,,,,head–linker–tail,DOPE,[H][C@@](COP([O-])(OCC[NH3+])=O)(OC(CCCCCCC/C=C\\CCCCCCCC)=O)COC(CCCCCCC/C=C\\CCCCCCCC)=O,16.0,Cholesterol,C[C@H](CCCC(C)C)[C@H]1CC[C@@H]2[C@@]1(CC[C@H]3[C@H]2CC=C4[C@@]3(CC[C@@H](C4)O)C)C,46.5,DMPE-PEG2000,CCCCCCCCCCCCCC(=O)OCC(COP(=O)(OCCNCC(=O)OCCOCCOCCOCCOCCOCCOCCOCCOCCOCCOCCOCCOCCOCCOCCOCCOCCOCCOCCOCCOCCOCCOCCOCCOCCOCCOCCOCCOCCOCCOCCOCCOCCOCCOCCOCCOCCOCCOCCOCCOCCOCCOCCOC)O)OC(=O)CCCCCCCCCCCCC,2.5,2000.0,35.0,10.0,,,,mRNA,in_vitro,in_vitro,A549,in_vitro,,,,,,,0.5346361240769909,normalized_luminescence,82.0,0.0,0.0,57.0,1156.884127,148.6,0.0,14.0,16.2556,333.732,0.823529412,2.0,2.0,1157.71,True,True,False,biodegradable acrylate,,,,,,,,,,,,,,,,,,,linear
LNPhub_R0004646,LNPhub_BL_2023,https://www.nature.com/articles/s41587-023-01679-x,LNPhub_BL_2023_LNP_000630,BL_A35-T5,CCCC#CCOC(=O)OC(C/C=C\CCCCCCCCOC(=O)CCN1CCN(CCCN(C)C)CC1)CCCCCC,Ugi-3CR,CN(C)CCCN1CCNCC1,secondary_tertiary,C=CC(=O)OCCCCCCCC/C=C\CC(CCCCCC)OC(=O)O,ester/carbonate acrylate,1,T5,CCCC#CCO,ricinoleic/aliphatic,,,,,,,,,,,,,,,,head–linker–tail,DOPE,[H][C@@](COP([O-])(OCC[NH3+])=O)(OC(CCCCCCC/C=C\\CCCCCCCC)=O)COC(CCCCCCC/C=C\\CCCCCCCC)=O,16.0,Cholesterol,C[C@H](CCCC(C)C)[C@H]1CC[C@@H]2[C@@]1(CC[C@H]3[C@H]2CC=C4[C@@]3(CC[C@@H](C4)O)C)C,46.5,DMPE-PEG2000,CCCCCCCCCCCCCC(=O)OCC(COP(=O)(OCCNCC(=O)OCCOCCOCCOCCOCCOCCOCCOCCOCCOCCOCCOCCOCCOCCOCCOCCOCCOCCOCCOCCOCCOCCOCCOCCOCCOCCOCCOCCOCCOCCOCCOCCOCCOCCOCCOCCOCCOCCOCCOCCOCCOCCOCCOC)O)OC(=O)CCCCCCCCCCCCC,2.5,2000.0,35.0,10.0,,,,mRNA,in_vitro,in_vitro,A549,in_vitro,,,,,,,-0.9500599060084934,normalized_luminescence,45.0,1.0,0.0,26.0,633.5080722,71.55,0.0,8.0,7.4617,185.367,0.837837838,1.0,3.0,633.959,True,True,False,biodegradable acrylate,,,,,,,,,,,,,,,,,,,cyclic
LNPhub_R0004647,LNPhub_BL_2023,https://www.nature.com/articles/s41587-023-01679-x,LNPhub_BL_2023_LNP_000631,BL_A31-T10,CCCCCCC#CCCOC(=O)OC(C/C=C\CCCCCCCCOC(=O)CCN(CCCN(CCC(=O)OCCCCCCCC/C=C\CC(CCCCCC)OC(=O)OCCC#CCCCCCC)CCC(=O)OCCCCCCCC/C=C\CC(CCCCCC)OC(=O)OCCC#CCCCCCC)CCCN(CCC(=O)OCCCCCCCC/C=C\CC(CCCCCC)OC(=O)OCCC#CCCCCCC)CCC(=O)OCCCCCCCC/C=C\CC(CCCCCC)OC(=O)OCCC#CCCCCCC)CCCCCC,Ugi-3CR,C(CN)CNCCCN,primary_secondary,C=CC(=O)OCCCCCCCC/C=C\CC(CCCCCC)OC(=O)O,ester/carbonate acrylate,1,T10,CCCCCCC#CCCO,ricinoleic/aliphatic,,,,,,,,,,,,,,,,head–linker–tail,DOPE,[H][C@@](COP([O-])(OCC[NH3+])=O)(OC(CCCCCCC/C=C\\CCCCCCCC)=O)COC(CCCCCCC/C=C\\CCCCCCCC)=O,16.0,Cholesterol,C[C@H](CCCC(C)C)[C@H]1CC[C@@H]2[C@@]1(CC[C@H]3[C@H]2CC=C4[C@@]3(CC[C@@H](C4)O)C)C,46.5,DMPE-PEG2000,CCCCCCCCCCCCCC(=O)OCC(COP(=O)(OCCNCC(=O)OCCOCCOCCOCCOCCOCCOCCOCCOCCOCCOCCOCCOCCOCCOCCOCCOCCOCCOCCOCCOCCOCCOCCOCCOCCOCCOCCOCCOCCOCCOCCOCCOCCOCCOCCOCCOCCOCCOCCOCCOCCOCCOCCOC)O)OC(=O)CCCCCCCCCCCCC,2.5,2000.0,35.0,10.0,,,,mRNA,in_vitro,in_vitro,A549,in_vitro,,,,,,,-0.523863460613293,normalized_luminescence,194.0,0.0,0.0,138.0,2723.127872,318.87,0.0,28.0,45.0046,797.474,0.819277108,5.0,3.0,2725.118,True,True,False,biodegradable acrylate,,,,,,,,,,,,,,,,,,,linear
LNPhub_R0004648,LNPhub_BL_2023,https://www.nature.com/articles/s41587-023-01679-x,LNPhub_BL_2023_LNP_000632,BL_A53-T2,CCCCCCCC/C=C\CCCCCCCCOC(=O)OC(C/C=C\CCCCCCCCOC(=O)CCN1CCC(O)CC1)CCCCCC,Ugi-3CR,C1CNCCC1O,secondary,C=CC(=O)OCCCCCCCC/C=C\CC(CCCCCC)OC(=O)O,ester/carbonate acrylate,1,T2,CCCCCCCCC=CCCCCCCCCO,ricinoleic/aliphatic,,,,,,,,,,,,,,,,head–linker–tail,DOPE,[H][C@@](COP([O-])(OCC[NH3+])=O)(OC(CCCCCCC/C=C\\CCCCCCCC)=O)COC(CCCCCCC/C=C\\CCCCCCCC)=O,16.0,Cholesterol,C[C@H](CCCC(C)C)[C@H]1CC[C@@H]2[C@@]1(CC[C@H]3[C@H]2CC=C4[C@@]3(CC[C@@H](C4)O)C)C,46.5,DMPE-PEG2000,CCCCCCCCCCCCCC(=O)OCC(COP(=O)(OCCNCC(=O)OCCOCCOCCOCCOCCOCCOCCOCCOCCOCCOCCOCCOCCOCCOCCOCCOCCOCCOCCOCCOCCOCCOCCOCCOCCOCCOCCOCCOCCOCCOCCOCCOCCOCCOCCOCCOCCOCCOCCOCCOCCOCCOCCOC)O)OC(=O)CCCCCCCCCCCCC,2.5,2000.0,35.0,10.0,,,,mRNA,in_vitro,in_vitro,A549,in_vitro,,,,,,,-0.849628159267404,normalized_luminescence,52.0,1.0,0.0,36.0,733.6220394,85.3,1.0,7.0,12.5831,217.7648,0.866666667,1.0,1.0,734.16,True,True,False,biodegradable acrylate,,,,,,,,,,,,,,,,,,,cyclic
LNPhub_R0004649,LNPhub_BL_2023,https://www.nature.com/articles/s41587-023-01679-x,LNPhub_BL_2023_LNP_000633,BL_A2-T2,CCCCCCCC/C=C\CCCCCCCCOC(=O)OC(C/C=C\CCCCCCCCOC(=O)CCN(CCC(=O)OCCCCCCCC/C=C\CC(CCCCCC)OC(=O)OCCCCCCCC/C=C\CCCCCCCC)CCN(C)C)CCCCCC,Ugi-3CR,CN(C)CCN,primary_tertiary,C=CC(=O)OCCCCCCCC/C=C\CC(CCCCCC)OC(=O)O,ester/carbonate acrylate,1,T2,CCCCCCCCC=CCCCCCCCCO,ricinoleic/aliphatic,,,,,,,,,,,,,,,,head–linker–tail,DOTAP,[H]C(C[N+](C)(C)C)(OC(CCCCCCC/C=C\CCCCCCCC)=O)COC(CCCCCCC/C=C\CCCCCCCC)=O,39.0,Cholesterol,C[C@H](CCCC(C)C)[C@H]1CC[C@@H]2[C@@]1(CC[C@H]3[C@H]2CC=C4[C@@]3(CC[C@@H](C4)O)C)C,30.0,DMPE-PEG2000,CCCCCCCCCCCCCC(=O)OCC(COP(=O)(OCCNCC(=O)OCCOCCOCCOCCOCCOCCOCCOCCOCCOCCOCCOCCOCCOCCOCCOCCOCCOCCOCCOCCOCCOCCOCCOCCOCCOCCOCCOCCOCCOCCOCCOCCOCCOCCOCCOCCOCCOCCOCCOCCOCCOCCOCCOC)O)OC(=O)CCCCCCCCCCCCC,1.0,2000.0,30.0,7.5,,,,mRNA,intratracheal,in_vivo,Mouse_B6,lung_epithelium,,,,,,,-0.0440072638880413,normalized_luminescence,96.0,0.0,0.0,75.0,1353.175999,130.14,0.0,12.0,25.13,407.162,0.857142857,2.0,2.0,1354.176,True,True,False,biodegradable acrylate,,,,,,,,,,,,,,,,,,,branched
LNPhub_R0004650,LNPhub_BL_2023,https://www.nature.com/articles/s41587-023-01679-x,LNPhub_BL_2023_LNP_000634,BL_A32-T7,CCCCCC#CCOC(=O)OC(C/C=C\CCCCCCCCOC(=O)CCN(CCCN(C)C)CCCN(C)C)CCCCCC,Ugi-3CR,CN(C)CCCNCCCN(C)C,secondary_tertiary,C=CC(=O)OCCCCCCCC/C=C\CC(CCCCCC)OC(=O)O,ester/carbonate acrylate,1,T7,CCCCCC#CCO,ricinoleic/aliphatic,,,,,,,,,,,,,,,,head–linker–tail,DOPE,[H][C@@](COP([O-])(OCC[NH3+])=O)(OC(CCCCCCC/C=C\\CCCCCCCC)=O)COC(CCCCCCC/C=C\\CCCCCCCC)=O,16.0,Cholesterol,C[C@H](CCCC(C)C)[C@H]1CC[C@@H]2[C@@]1(CC[C@H]3[C@H]2CC=C4[C@@]3(CC[C@@H](C4)O)C)C,46.5,DMPE-PEG2000,CCCCCCCCCCCCCC(=O)OCC(COP(=O)(OCCNCC(=O)OCCOCCOCCOCCOCCOCCOCCOCCOCCOCCOCCOCCOCCOCCOCCOCCOCCOCCOCCOCCOCCOCCOCCOCCOCCOCCOCCOCCOCCOCCOCCOCCOCCOCCOCCOCCOCCOCCOCCOCCOCCOCCOCCOC)O)OC(=O)CCCCCCCCCCCCC,2.5,2000.0,35.0,10.0,,,,mRNA,in_vitro,in_vitro,A549,in_vitro,,,,,,,0.6436641606870144,normalized_luminescence,48.0,0.0,0.0,32.0,677.5706725,71.55,0.0,8.0,8.878,201.332,0.85,1.0,3.0,678.056,True,True,False,biodegradable acrylate,,,,,,,,,,,,,,,,,,,branched
LNPhub_R0004651,LNPhub_BL_2023,https://www.nature.com/articles/s41587-023-01679-x,LNPhub_BL_2023_LNP_000635,BL_A60-T2,CCCCCCCC/C=C\CCCCCCCCOC(=O)OC(C/C=C\CCCCCCCCOC(=O)CCN(CCC(=O)OCCCCCCCC/C=C\CC(CCCCCC)OC(=O)OCCCCCCCC/C=C\CCCCCCCC)CC(O)CO)CCCCCC,Ugi-3CR,C(C(CO)O)N,primary,C=CC(=O)OCCCCCCCC/C=C\CC(CCCCCC)OC(=O)O,ester/carbonate acrylate,1,T2,CCCCCCCCC=CCCCCCCCCO,ricinoleic/aliphatic,,,,,,,,,,,,,,,,head–linker–tail,DOPE,[H][C@@](COP([O-])(OCC[NH3+])=O)(OC(CCCCCCC/C=C\\CCCCCCCC)=O)COC(CCCCCCC/C=C\\CCCCCCCC)=O,16.0,Cholesterol,C[C@H](CCCC(C)C)[C@H]1CC[C@@H]2[C@@]1(CC[C@H]3[C@H]2CC=C4[C@@]3(CC[C@@H](C4)O)C)C,46.5,DMPE-PEG2000,CCCCCCCCCCCCCC(=O)OCC(COP(=O)(OCCNCC(=O)OCCOCCOCCOCCOCCOCCOCCOCCOCCOCCOCCOCCOCCOCCOCCOCCOCCOCCOCCOCCOCCOCCOCCOCCOCCOCCOCCOCCOCCOCCOCCOCCOCCOCCOCCOCCOCCOCCOCCOCCOCCOCCOCCOC)O)OC(=O)CCCCCCCCCCCCC,2.5,2000.0,35.0,10.0,,,,mRNA,in_vitro,in_vitro,A549,in_vitro,,,,,,,-0.1867754425148462,normalized_luminescence,96.0,0.0,0.0,75.0,1356.139279,167.36,2.0,13.0,23.9216,401.7006,0.855421687,3.0,1.0,1357.132,True,True,False,biodegradable acrylate,,,,,,,,,,,,,,,,,,,branched
LNPhub_R0004652,LNPhub_BL_2023,https://www.nature.com/articles/s41587-023-01679-x,LNPhub_BL_2023_LNP_000636,BL_A40-T9,CCCCC#CCCOC(=O)OC(C/C=C\CCCCCCCCOC(=O)CCN(CCC(=O)OCCCCCCCC/C=C\CC(CCCCCC)OC(=O)OCCC#CCCCC)CCN1CCN(C)CC1)CCCCCC,Ugi-3CR,CN1CCN(CCN)CC1,primary_tertiary,C=CC(=O)OCCCCCCCC/C=C\CC(CCCCCC)OC(=O)O,ester/carbonate acrylate,1,T9,CCCCC#CCCO,ricinoleic/aliphatic,,,,,,,,,,,,,,,,head–linker–tail,DOPE,[H][C@@](COP([O-])(OCC[NH3+])=O)(OC(CCCCCCC/C=C\\CCCCCCCC)=O)COC(CCCCCCC/C=C\\CCCCCCCC)=O,16.0,Cholesterol,C[C@H](CCCC(C)C)[C@H]1CC[C@@H]2[C@@]1(CC[C@H]3[C@H]2CC=C4[C@@]3(CC[C@@H](C4)O)C)C,46.5,DMPE-PEG2000,CCCCCCCCCCCCCC(=O)OCC(COP(=O)(OCCNCC(=O)OCCOCCOCCOCCOCCOCCOCCOCCOCCOCCOCCOCCOCCOCCOCCOCCOCCOCCOCCOCCOCCOCCOCCOCCOCCOCCOCCOCCOCCOCCOCCOCCOCCOCCOCCOCCOCCOCCOCCOCCOCCOCCOCCOC)O)OC(=O)CCCCCCCCCCCCC,2.5,2000.0,35.0,10.0,,,,mRNA,in_vitro,in_vitro,A549,in_vitro,,,,,,,-0.2057211898502566,normalized_luminescence,80.0,1.0,0.0,51.0,1123.873897,133.38,0.0,13.0,15.9082,327.477,0.820895522,2.0,3.0,1124.684,True,True,False,biodegradable acrylate,,,,,,,,,,,,,,,,,,,cyclic
LNPhub_R0004653,LNPhub_BL_2023,https://www.nature.com/articles/s41587-023-01679-x,LNPhub_BL_2023_LNP_000637,BL_A48-T1,CCCCCCCCCCCCCCCCCCOC(=O)OC(C/C=C\CCCCCCCCOC(=O)CCN1CCCN(CCC(=O)OCCCCCCCC/C=C\CC(CCCCCC)OC(=O)OCCCCCCCCCCCCCCCCCC)CCN(CCC(=O)OCCCCCCCC/C=C\CC(CCCCCC)OC(=O)OCCCCCCCCCCCCCCCCCC)CCCN(CCC(=O)OCCCCCCCC/C=C\CC(CCCCCC)OC(=O)OCCCCCCCCCCCCCCCCCC)CC1)CCCCCC,Ugi-3CR,C1CNCCNCCCNCCNC1,secondary,C=CC(=O)OCCCCCCCC/C=C\CC(CCCCCC)OC(=O)O,ester/carbonate acrylate,1,T1,CCCCCCCCCCCCCCCCCCO,ricinoleic/aliphatic,,,,,,,,,,,,,,,,head–linker–tail,DOPE,[H][C@@](COP([O-])(OCC[NH3+])=O)(OC(CCCCCCC/C=C\\CCCCCCCC)=O)COC(CCCCCCC/C=C\\CCCCCCCC)=O,16.0,Cholesterol,C[C@H](CCCC(C)C)[C@H]1CC[C@@H]2[C@@]1(CC[C@H]3[C@H]2CC=C4[C@@]3(CC[C@@H](C4)O)C)C,46.5,DMPE-PEG2000,CCCCCCCCCCCCCC(=O)OCC(COP(=O)(OCCNCC(=O)OCCOCCOCCOCCOCCOCCOCCOCCOCCOCCOCCOCCOCCOCCOCCOCCOCCOCCOCCOCCOCCOCCOCCOCCOCCOCCOCCOCCOCCOCCOCCOCCOCCOCCOCCOCCOCCOCCOCCOCCOCCOCCOCCOC)O)OC(=O)CCCCCCCCCCCCC,2.5,2000.0,35.0,10.0,,,,mRNA,in_vitro,in_vitro,A549,in_vitro,,,,,,,-1.3434422836516464,normalized_luminescence,194.0,1.0,0.0,148.0,2738.414599,260.28,0.0,24.0,51.4442,819.706,0.905882353,4.0,4.0,2740.438,True,True,False,biodegradable acrylate,,,,,,,,,,,,,,,,,,,macrocyclic
LNPhub_R0004654,LNPhub_BL_2023,https://www.nature.com/articles/s41587-023-01679-x,LNPhub_BL_2023_LNP_000638,BL_A45-T5,CCCC#CCOC(=O)OC(C/C=C\CCCCCCCCOC(=O)CCN(CCC(=O)OCCCCCCCC/C=C\CC(CCCCCC)OC(=O)OCC#CCCC)CCC1CCCCN1CC(C)C)CCCCCC,Ugi-3CR,CC(C)CN1CCCCC1CCN,primary_tertiary,C=CC(=O)OCCCCCCCC/C=C\CC(CCCCCC)OC(=O)O,ester/carbonate acrylate,1,T5,CCCC#CCO,ricinoleic/aliphatic,,,,,,,,,,,,,,,,head–linker–tail,DOPE,[H][C@@](COP([O-])(OCC[NH3+])=O)(OC(CCCCCCC/C=C\\CCCCCCCC)=O)COC(CCCCCCC/C=C\\CCCCCCCC)=O,16.0,Cholesterol,C[C@H](CCCC(C)C)[C@H]1CC[C@@H]2[C@@]1(CC[C@H]3[C@H]2CC=C4[C@@]3(CC[C@@H](C4)O)C)C,46.5,DMPE-PEG2000,CCCCCCCCCCCCCC(=O)OCC(COP(=O)(OCCNCC(=O)OCCOCCOCCOCCOCCOCCOCCOCCOCCOCCOCCOCCOCCOCCOCCOCCOCCOCCOCCOCCOCCOCCOCCOCCOCCOCCOCCOCCOCCOCCOCCOCCOCCOCCOCCOCCOCCOCCOCCOCCOCCOCCOCCOC)O)OC(=O)CCCCCCCCCCCCC,2.5,2000.0,35.0,10.0,,,,mRNA,in_vitro,in_vitro,A549,in_vitro,,,,,,,0.609997278278434,normalized_luminescence,79.0,1.0,0.0,49.0,1108.862998,130.14,0.0,12.0,17.001,323.739,0.820895522,3.0,2.0,1109.669,True,True,False,biodegradable acrylate,,,,,,,,,,,,,,,,,,,cyclic-dendrimer
LNPhub_R0004655,LNPhub_BL_2023,https://www.nature.com/articles/s41587-023-01679-x,LNPhub_BL_2023_LNP_000639,BL_A18-T7,CCCCCC#CCOC(=O)OC(C/C=C\CCCCCCCCOC(=O)CCN(CCC(=O)OCCCCCCCC/C=C\CC(CCCCCC)OC(=O)OCC#CCCCCC)CCN(C)CCN(CCC(=O)OCCCCCCCC/C=C\CC(CCCCCC)OC(=O)OCC#CCCCCC)CCC(=O)OCCCCCCCC/C=C\CC(CCCCCC)OC(=O)OCC#CCCCCC)CCCCCC,Ugi-3CR,CN(CCN)CCN,primary_tertiary,C=CC(=O)OCCCCCCCC/C=C\CC(CCCCCC)OC(=O)O,ester/carbonate acrylate,1,T7,CCCCCC#CCO,ricinoleic/aliphatic,,,,,,,,,,,,,,,,head–linker–tail,DOPE,[H][C@@](COP([O-])(OCC[NH3+])=O)(OC(CCCCCCC/C=C\\CCCCCCCC)=O)COC(CCCCCCC/C=C\\CCCCCCCC)=O,16.0,Cholesterol,C[C@H](CCCC(C)C)[C@H]1CC[C@@H]2[C@@]1(CC[C@H]3[C@H]2CC=C4[C@@]3(CC[C@@H](C4)O)C)C,46.5,DMPE-PEG2000,CCCCCCCCCCCCCC(=O)OCC(COP(=O)(OCCNCC(=O)OCCOCCOCCOCCOCCOCCOCCOCCOCCOCCOCCOCCOCCOCCOCCOCCOCCOCCOCCOCCOCCOCCOCCOCCOCCOCCOCCOCCOCCOCCOCCOCCOCCOCCOCCOCCOCCOCCOCCOCCOCCOCCOCCOC)O)OC(=O)CCCCCCCCCCCCC,2.5,2000.0,35.0,10.0,,,,mRNA,in_vitro,in_vitro,A549,in_vitro,,,,,,,2.2440901297905547,normalized_luminescence,148.0,0.0,0.0,102.0,2078.589896,257.04,0.0,23.0,32.267,604.577,0.808,4.0,3.0,2080.096,True,True,False,biodegradable acrylate,,,,,,,,,,,,,,,,,,,branched
LNPhub_R0004656,LNPhub_BL_2023,https://www.nature.com/articles/s41587-023-01679-x,LNPhub_BL_2023_LNP_000640,BL_A59-T2,CCCCCCCC/C=C\CCCCCCCCOC(=O)OC(C/C=C\CCCCCCCCOC(=O)CCN(CCCN(CCC(=O)OCCCCCCCC/C=C\CC(CCCCCC)OC(=O)OCCCCCCCC/C=C\CCCCCCCC)CCC(=O)OCCCCCCCC/C=C\CC(CCCCCC)OC(=O)OCCCCCCCC/C=C\CCCCCCCC)CCC(=O)OCCCCCCCC/C=C\CC(CCCCCC)OC(=O)OCCCCCCCC/C=C\CCCCCCCC)CCCCCC,Ugi-3CR,C(CN)CN,primary,C=CC(=O)OCCCCCCCC/C=C\CC(CCCCCC)OC(=O)O,ester/carbonate acrylate,1,T2,CCCCCCCCC=CCCCCCCCCO,ricinoleic/aliphatic,,,,,,,,,,,,,,,,head–linker–tail,DOPE,[H][C@@](COP([O-])(OCC[NH3+])=O)(OC(CCCCCCC/C=C\\CCCCCCCC)=O)COC(CCCCCCC/C=C\\CCCCCCCC)=O,16.0,Cholesterol,C[C@H](CCCC(C)C)[C@H]1CC[C@@H]2[C@@]1(CC[C@H]3[C@H]2CC=C4[C@@]3(CC[C@@H](C4)O)C)C,46.5,DMPE-PEG2000,CCCCCCCCCCCCCC(=O)OCC(COP(=O)(OCCNCC(=O)OCCOCCOCCOCCOCCOCCOCCOCCOCCOCCOCCOCCOCCOCCOCCOCCOCCOCCOCCOCCOCCOCCOCCOCCOCCOCCOCCOCCOCCOCCOCCOCCOCCOCCOCCOCCOCCOCCOCCOCCOCCOCCOCCOC)O)OC(=O)CCCCCCCCCCCCC,2.5,2000.0,35.0,10.0,,,,mRNA,in_vitro,in_vitro,A549,in_vitro,,,,,,,-1.2550179194551108,normalized_luminescence,185.0,0.0,0.0,148.0,2604.2363,253.8,0.0,22.0,50.5405,781.833,0.852760736,4.0,2.0,2606.171,True,True,False,biodegradable acrylate,,,,,,,,,,,,,,,,,,,linear
LNPhub_R0004657,LNPhub_BL_2023,https://www.nature.com/articles/s41587-023-01679-x,LNPhub_BL_2023_LNP_000641,BL_A39-T1,CCCCCCCCCCCCCCCCCCOC(=O)OC(C/C=C\CCCCCCCCOC(=O)CCN1CCN(CC2CCN(C)CC2)CC1)CCCCCC,Ugi-3CR,CN1CCC(CC1)CN2CCNCC2,secondary_tertiary,C=CC(=O)OCCCCCCCC/C=C\CC(CCCCCC)OC(=O)O,ester/carbonate acrylate,1,T1,CCCCCCCCCCCCCCCCCCO,ricinoleic/aliphatic,,,,,,,,,,,,,,,,head–linker–tail,DOPE,[H][C@@](COP([O-])(OCC[NH3+])=O)(OC(CCCCCCC/C=C\\CCCCCCCC)=O)COC(CCCCCCC/C=C\\CCCCCCCC)=O,16.0,Cholesterol,C[C@H](CCCC(C)C)[C@H]1CC[C@@H]2[C@@]1(CC[C@H]3[C@H]2CC=C4[C@@]3(CC[C@@H](C4)O)C)C,46.5,DMPE-PEG2000,CCCCCCCCCCCCCC(=O)OCC(COP(=O)(OCCNCC(=O)OCCOCCOCCOCCOCCOCCOCCOCCOCCOCCOCCOCCOCCOCCOCCOCCOCCOCCOCCOCCOCCOCCOCCOCCOCCOCCOCCOCCOCCOCCOCCOCCOCCOCCOCCOCCOCCOCCOCCOCCOCCOCCOCCOC)O)OC(=O)CCCCCCCCCCCCC,2.5,2000.0,35.0,10.0,,,,mRNA,in_vitro,in_vitro,A549,in_vitro,,,,,,,-1.6095485081612066,normalized_luminescence,59.0,2.0,0.0,39.0,831.7428232,71.55,0.0,8.0,13.3098,249.279,0.921568627,1.0,3.0,832.353,True,True,False,biodegradable acrylate,,,,,,,,,,,,,,,,,,,cyclic-dendrimer
LNPhub_R0004658,LNPhub_BL_2023,https://www.nature.com/articles/s41587-023-01679-x,LNPhub_BL_2023_LNP_000642,BL_A53-T3,CCCCC/C=C\C/C=C\CCCCCCCCOC(=O)OC(C/C=C\CCCCCCCCOC(=O)CCN1CCC(O)CC1)CCCCCC,Ugi-3CR,C1CNCCC1O,secondary,C=CC(=O)OCCCCCCCC/C=C\CC(CCCCCC)OC(=O)O,ester/carbonate acrylate,1,T3,CCCCCC=CCC=C=CCCCCCCCCO,ricinoleic/aliphatic,,,,,,,,,,,,,,,,head–linker–tail,DOPE,[H][C@@](COP([O-])(OCC[NH3+])=O)(OC(CCCCCCC/C=C\\CCCCCCCC)=O)COC(CCCCCCC/C=C\\CCCCCCCC)=O,16.0,Cholesterol,C[C@H](CCCC(C)C)[C@H]1CC[C@@H]2[C@@]1(CC[C@H]3[C@H]2CC=C4[C@@]3(CC[C@@H](C4)O)C)C,46.5,DMPE-PEG2000,CCCCCCCCCCCCCC(=O)OCC(COP(=O)(OCCNCC(=O)OCCOCCOCCOCCOCCOCCOCCOCCOCCOCCOCCOCCOCCOCCOCCOCCOCCOCCOCCOCCOCCOCCOCCOCCOCCOCCOCCOCCOCCOCCOCCOCCOCCOCCOCCOCCOCCOCCOCCOCCOCCOCCOCCOC)O)OC(=O)CCCCCCCCCCCCC,2.5,2000.0,35.0,10.0,,,,mRNA,in_vitro,in_vitro,A549,in_vitro,,,,,,,-1.1256950151688812,normalized_luminescence,52.0,1.0,0.0,35.0,731.6063893,85.3,1.0,7.0,12.3591,217.6708,0.822222222,1.0,1.0,732.144,True,True,False,biodegradable acrylate,,,,,,,,,,,,,,,,,,,cyclic
LNPhub_R0004659,LNPhub_BL_2023,https://www.nature.com/articles/s41587-023-01679-x,LNPhub_BL_2023_LNP_000643,BL_A72-T5,CCCC#CCOC(=O)OC(C/C=C\CCCCCCCCOC(=O)CCN1CCC1c1ccccc1)CCCCCC,Ugi-3CR,C1=CC=C(C=C1)C2CCN2,secondary,C=CC(=O)OCCCCCCCC/C=C\CC(CCCCCC)OC(=O)O,ester/carbonate acrylate,1,T5,CCCC#CCO,ricinoleic/aliphatic,,,,,,,,,,,,,,,,head–linker–tail,DOPE,[H][C@@](COP([O-])(OCC[NH3+])=O)(OC(CCCCCCC/C=C\\CCCCCCCC)=O)COC(CCCCCCC/C=C\\CCCCCCCC)=O,16.0,Cholesterol,C[C@H](CCCC(C)C)[C@H]1CC[C@@H]2[C@@]1(CC[C@H]3[C@H]2CC=C4[C@@]3(CC[C@@H](C4)O)C)C,46.5,DMPE-PEG2000,CCCCCCCCCCCCCC(=O)OCC(COP(=O)(OCCNCC(=O)OCCOCCOCCOCCOCCOCCOCCOCCOCCOCCOCCOCCOCCOCCOCCOCCOCCOCCOCCOCCOCCOCCOCCOCCOCCOCCOCCOCCOCCOCCOCCOCCOCCOCCOCCOCCOCCOCCOCCOCCOCCOCCOCCOC)O)OC(=O)CCCCCCCCCCCCC,2.5,2000.0,35.0,10.0,,,,mRNA,in_vitro,in_vitro,A549,in_vitro,,,,,,,-0.8191949885514618,normalized_luminescence,43.0,2.0,1.0,23.0,595.4236739,65.07,0.0,6.0,9.3394,174.689,0.675675676,2.0,1.0,595.865,True,True,False,biodegradable acrylate,,,,,,,,,,,,,,,,,,,cyclic
LNPhub_R0004660,LNPhub_BL_2023,https://www.nature.com/articles/s41587-023-01679-x,LNPhub_BL_2023_LNP_000644,BL_A63-T5,CCCC#CCOC(=O)OC(C/C=C\CCCCCCCCOC(=O)CCN(CCC(=O)OCCCCCCCC/C=C\CC(CCCCCC)OC(=O)OCC#CCCC)CCN(CCC(=O)OCCCCCCCC/C=C\CC(CCCCCC)OC(=O)OCC#CCCC)CCN1CCN(CCN(CCC(=O)OCCCCCCCC/C=C\CC(CCCCCC)OC(=O)OCC#CCCC)CCC(=O)OCCCCCCCC/C=C\CC(CCCCCC)OC(=O)OCC#CCCC)CC1)CCCCCC,Ugi-3CR,C(CNCCN1CCN(CCN)CC1)N,primary_secondary_tertiary,C=CC(=O)OCCCCCCCC/C=C\CC(CCCCCC)OC(=O)O,ester/carbonate acrylate,1,T5,CCCC#CCO,ricinoleic/aliphatic,,,,,,,,,,,,,,,,head–linker–tail,DOPE,[H][C@@](COP([O-])(OCC[NH3+])=O)(OC(CCCCCCC/C=C\\CCCCCCCC)=O)COC(CCCCCCC/C=C\\CCCCCCCC)=O,16.0,Cholesterol,C[C@H](CCCC(C)C)[C@H]1CC[C@@H]2[C@@]1(CC[C@H]3[C@H]2CC=C4[C@@]3(CC[C@@H](C4)O)C)C,46.5,DMPE-PEG2000,CCCCCCCCCCCCCC(=O)OCC(COP(=O)(OCCNCC(=O)OCCOCCOCCOCCOCCOCCOCCOCCOCCOCCOCCOCCOCCOCCOCCOCCOCCOCCOCCOCCOCCOCCOCCOCCOCCOCCOCCOCCOCCOCCOCCOCCOCCOCCOCCOCCOCCOCCOCCOCCOCCOCCOCCOC)O)OC(=O)CCCCCCCCCCCCC,2.5,2000.0,35.0,10.0,,,,mRNA,in_vitro,in_vitro,A549,in_vitro,,,,,,,1.2096902647828094,normalized_luminescence,180.0,1.0,0.0,119.0,2526.883619,325.35,0.0,30.0,36.04,728.78,0.8,5.0,5.0,2528.7,True,True,False,biodegradable acrylate,,,,,,,,,,,,,,,,,,,cyclic-dendrimer
LNPhub_R0004661,LNPhub_BL_2023,https://www.nature.com/articles/s41587-023-01679-x,LNPhub_BL_2023_LNP_000645,BL_A53-T1,CCCCCCCCCCCCCCCCCCOC(=O)OC(C/C=C\CCCCCCCCOC(=O)CCN1CCC(O)CC1)CCCCCC,Ugi-3CR,C1CNCCC1O,secondary,C=CC(=O)OCCCCCCCC/C=C\CC(CCCCCC)OC(=O)O,ester/carbonate acrylate,1,T1,CCCCCCCCCCCCCCCCCCO,ricinoleic/aliphatic,,,,,,,,,,,,,,,,head–linker–tail,DOPE,[H][C@@](COP([O-])(OCC[NH3+])=O)(OC(CCCCCCC/C=C\\CCCCCCCC)=O)COC(CCCCCCC/C=C\\CCCCCCCC)=O,16.0,Cholesterol,C[C@H](CCCC(C)C)[C@H]1CC[C@@H]2[C@@]1(CC[C@H]3[C@H]2CC=C4[C@@]3(CC[C@@H](C4)O)C)C,46.5,DMPE-PEG2000,CCCCCCCCCCCCCC(=O)OCC(COP(=O)(OCCNCC(=O)OCCOCCOCCOCCOCCOCCOCCOCCOCCOCCOCCOCCOCCOCCOCCOCCOCCOCCOCCOCCOCCOCCOCCOCCOCCOCCOCCOCCOCCOCCOCCOCCOCCOCCOCCOCCOCCOCCOCCOCCOCCOCCOCCOC)O)OC(=O)CCCCCCCCCCCCC,2.5,2000.0,35.0,10.0,,,,mRNA,in_vitro,in_vitro,A549,in_vitro,,,,,,,-0.9469899683625468,normalized_luminescence,52.0,1.0,0.0,37.0,735.6376894,85.3,1.0,7.0,12.8071,217.8588,0.911111111,1.0,1.0,736.176,True,True,False,biodegradable acrylate,,,,,,,,,,,,,,,,,,,cyclic
LNPhub_R0004662,LNPhub_BL_2023,https://www.nature.com/articles/s41587-023-01679-x,LNPhub_BL_2023_LNP_000646,BL_A16-T5,CCCC#CCOC(=O)OC(C/C=C\CCCCCCCCOC(=O)CCN(CCC(=O)OCCCCCCCC/C=C\CC(CCCCCC)OC(=O)OCC#CCCC)CCc1cn(CCC(=O)OCCCCCCCC/C=C\CC(CCCCCC)OC(=O)OCC#CCCC)cn1)CCCCCC,Ugi-3CR,C(CN)C1=CNC=N1,primary,C=CC(=O)OCCCCCCCC/C=C\CC(CCCCCC)OC(=O)O,ester/carbonate acrylate,1,T5,CCCC#CCO,ricinoleic/aliphatic,,,,,,,,,,,,,,,,head–linker–tail,DOPE,[H][C@@](COP([O-])(OCC[NH3+])=O)(OC(CCCCCCC/C=C\\CCCCCCCC)=O)COC(CCCCCCC/C=C\\CCCCCCCC)=O,16.0,Cholesterol,C[C@H](CCCC(C)C)[C@H]1CC[C@@H]2[C@@]1(CC[C@H]3[C@H]2CC=C4[C@@]3(CC[C@@H](C4)O)C)C,46.5,DMPE-PEG2000,CCCCCCCCCCCCCC(=O)OCC(COP(=O)(OCCNCC(=O)OCCOCCOCCOCCOCCOCCOCCOCCOCCOCCOCCOCCOCCOCCOCCOCCOCCOCCOCCOCCOCCOCCOCCOCCOCCOCCOCCOCCOCCOCCOCCOCCOCCOCCOCCOCCOCCOCCOCCOCCOCCOCCOCCOC)O)OC(=O)CCCCCCCCCCCCC,2.5,2000.0,35.0,10.0,,,,mRNA,in_vitro,in_vitro,A549,in_vitro,,,,,,,-0.2466712470136913,normalized_luminescence,107.0,1.0,1.0,69.0,1498.083221,206.55,0.0,18.0,22.4456,430.319,0.764044944,3.0,3.0,1499.161,True,True,False,biodegradable acrylate,,,,,,,,,,,,,,,,,,,cyclic
LNPhub_R0004663,LNPhub_BL_2023,https://www.nature.com/articles/s41587-023-01679-x,LNPhub_BL_2023_LNP_000647,BL_A50-T5,CCCC#CCOC(=O)OC(C/C=C\CCCCCCCCOC(=O)CCN1CCCCC1CO)CCCCCC,Ugi-3CR,C1CCNC(C1)CO,secondary,C=CC(=O)OCCCCCCCC/C=C\CC(CCCCCC)OC(=O)O,ester/carbonate acrylate,1,T5,CCCC#CCO,ricinoleic/aliphatic,,,,,,,,,,,,,,,,head–linker–tail,DOPE,[H][C@@](COP([O-])(OCC[NH3+])=O)(OC(CCCCCCC/C=C\\CCCCCCCC)=O)COC(CCCCCCC/C=C\\CCCCCCCC)=O,16.0,Cholesterol,C[C@H](CCCC(C)C)[C@H]1CC[C@@H]2[C@@]1(CC[C@H]3[C@H]2CC=C4[C@@]3(CC[C@@H](C4)O)C)C,46.5,DMPE-PEG2000,CCCCCCCCCCCCCC(=O)OCC(COP(=O)(OCCNCC(=O)OCCOCCOCCOCCOCCOCCOCCOCCOCCOCCOCCOCCOCCOCCOCCOCCOCCOCCOCCOCCOCCOCCOCCOCCOCCOCCOCCOCCOCCOCCOCCOCCOCCOCCOCCOCCOCCOCCOCCOCCOCCOCCOCCOC)O)OC(=O)CCCCCCCCCCCCC,2.5,2000.0,35.0,10.0,,,,mRNA,in_vitro,in_vitro,A549,in_vitro,,,,,,,-0.6494548710659382,normalized_luminescence,41.0,1.0,0.0,23.0,577.4342386,85.3,1.0,7.0,7.7392,165.6138,0.823529412,2.0,1.0,577.847,True,True,False,biodegradable acrylate,,,,,,,,,,,,,,,,,,,cyclic
LNPhub_R0004664,LNPhub_BL_2023,https://www.nature.com/articles/s41587-023-01679-x,LNPhub_BL_2023_LNP_000648,BL_A25-T2,CCCCCCCC/C=C\CCCCCCCCOC(=O)OC(C/C=C\CCCCCCCCOC(=O)CCN1CCN(c2cccnc2)CC1)CCCCCC,Ugi-3CR,C1=CC(N2CCNCC2)=CN=C1,secondary_tertiary,C=CC(=O)OCCCCCCCC/C=C\CC(CCCCCC)OC(=O)O,ester/carbonate acrylate,1,T2,CCCCCCCCC=CCCCCCCCCO,ricinoleic/aliphatic,,,,,,,,,,,,,,,,head–linker–tail,DOPE,[H][C@@](COP([O-])(OCC[NH3+])=O)(OC(CCCCCCC/C=C\\CCCCCCCC)=O)COC(CCCCCCC/C=C\\CCCCCCCC)=O,16.0,Cholesterol,C[C@H](CCCC(C)C)[C@H]1CC[C@@H]2[C@@]1(CC[C@H]3[C@H]2CC=C4[C@@]3(CC[C@@H](C4)O)C)C,46.5,DMPE-PEG2000,CCCCCCCCCCCCCC(=O)OCC(COP(=O)(OCCNCC(=O)OCCOCCOCCOCCOCCOCCOCCOCCOCCOCCOCCOCCOCCOCCOCCOCCOCCOCCOCCOCCOCCOCCOCCOCCOCCOCCOCCOCCOCCOCCOCCOCCOCCOCCOCCOCCOCCOCCOCCOCCOCCOCCOCCOC)O)OC(=O)CCCCCCCCCCCCC,2.5,2000.0,35.0,10.0,,,,mRNA,in_vitro,in_vitro,A549,in_vitro,,,,,,,1.5985846294867454,normalized_luminescence,57.0,2.0,1.0,37.0,795.6489228,81.2,0.0,8.0,13.3436,238.974,0.775510204,1.0,3.0,796.235,True,True,False,biodegradable acrylate,,,,,,,,,,,,,,,,,,,cyclic
LNPhub_R0004665,LNPhub_BL_2023,https://www.nature.com/articles/s41587-023-01679-x,LNPhub_BL_2023_LNP_000649,BL_A37-T6,CCCCC#CCOC(=O)OC(C/C=C\CCCCCCCCOC(=O)CCN(CCC(=O)OCCCCCCCC/C=C\CC(CCCCCC)OC(=O)OCC#CCCCC)CCN1CCCCN(C)CC1)CCCCCC,Ugi-3CR,CN1CCCCN(CCN)CC1,primary_tertiary,C=CC(=O)OCCCCCCCC/C=C\CC(CCCCCC)OC(=O)O,ester/carbonate acrylate,1,T6,CCCCC#CCO,ricinoleic/aliphatic,,,,,,,,,,,,,,,,head–linker–tail,DOPE,[H][C@@](COP([O-])(OCC[NH3+])=O)(OC(CCCCCCC/C=C\\CCCCCCCC)=O)COC(CCCCCCC/C=C\\CCCCCCCC)=O,16.0,Cholesterol,C[C@H](CCCC(C)C)[C@H]1CC[C@@H]2[C@@]1(CC[C@H]3[C@H]2CC=C4[C@@]3(CC[C@@H](C4)O)C)C,46.5,DMPE-PEG2000,CCCCCCCCCCCCCC(=O)OCC(COP(=O)(OCCNCC(=O)OCCOCCOCCOCCOCCOCCOCCOCCOCCOCCOCCOCCOCCOCCOCCOCCOCCOCCOCCOCCOCCOCCOCCOCCOCCOCCOCCOCCOCCOCCOCCOCCOCCOCCOCCOCCOCCOCCOCCOCCOCCOCCOCCOC)O)OC(=O)CCCCCCCCCCCCC,2.5,2000.0,35.0,10.0,,,,mRNA,in_vitro,in_vitro,A549,in_vitro,,,,,,,1.7358290457243233,normalized_luminescence,80.0,1.0,0.0,49.0,1123.873897,133.38,0.0,13.0,15.9082,327.477,0.820895522,2.0,3.0,1124.684,True,True,False,biodegradable acrylate,,,,,,,,,,,,,,,,,,,macrocyclic
LNPhub_R0004666,LNPhub_BL_2023,https://www.nature.com/articles/s41587-023-01679-x,LNPhub_BL_2023_LNP_000650,BL_A25-T5,CCCC#CCOC(=O)OC(C/C=C\CCCCCCCCOC(=O)CCN1CCN(c2ccncc2)CC1)CCCCCC,Ugi-3CR,C1=CC(N2CCNCC2)=CN=C1,secondary_tertiary,C=CC(=O)OCCCCCCCC/C=C\CC(CCCCCC)OC(=O)O,ester/carbonate acrylate,1,T5,CCCC#CCO,ricinoleic/aliphatic,,,,,,,,,,,,,,,,head–linker–tail,DOPE,[H][C@@](COP([O-])(OCC[NH3+])=O)(OC(CCCCCCC/C=C\\CCCCCCCC)=O)COC(CCCCCCC/C=C\\CCCCCCCC)=O,16.0,Cholesterol,C[C@H](CCCC(C)C)[C@H]1CC[C@@H]2[C@@]1(CC[C@H]3[C@H]2CC=C4[C@@]3(CC[C@@H](C4)O)C)C,46.5,DMPE-PEG2000,CCCCCCCCCCCCCC(=O)OCC(COP(=O)(OCCNCC(=O)OCCOCCOCCOCCOCCOCCOCCOCCOCCOCCOCCOCCOCCOCCOCCOCCOCCOCCOCCOCCOCCOCCOCCOCCOCCOCCOCCOCCOCCOCCOCCOCCOCCOCCOCCOCCOCCOCCOCCOCCOCCOCCOCCOC)O)OC(=O)CCCCCCCCCCCCC,2.5,2000.0,35.0,10.0,,,,mRNA,in_vitro,in_vitro,A549,in_vitro,,,,,,,0.6837619161318647,normalized_luminescence,45.0,2.0,1.0,23.0,625.445472,81.2,0.0,8.0,8.1096,182.206,0.702702703,1.0,3.0,625.895,True,True,False,biodegradable acrylate,,,,,,,,,,,,,,,,,,,cyclic
LNPhub_R0004667,LNPhub_BL_2023,https://www.nature.com/articles/s41587-023-01679-x,LNPhub_BL_2023_LNP_000651,BL_A25-T9,CCCCC#CCCOC(=O)OC(C/C=C\CCCCCCCCOC(=O)CCN1CCN(c2ccncc2)CC1)CCCCCC,Ugi-3CR,C1=CC(N2CCNCC2)=CN=C1,secondary_tertiary,C=CC(=O)OCCCCCCCC/C=C\CC(CCCCCC)OC(=O)O,ester/carbonate acrylate,1,T9,CCCCC#CCCO,ricinoleic/aliphatic,,,,,,,,,,,,,,,,head–linker–tail,DOPE,[H][C@@](COP([O-])(OCC[NH3+])=O)(OC(CCCCCCC/C=C\\CCCCCCCC)=O)COC(CCCCCCC/C=C\\CCCCCCCC)=O,16.0,Cholesterol,C[C@H](CCCC(C)C)[C@H]1CC[C@@H]2[C@@]1(CC[C@H]3[C@H]2CC=C4[C@@]3(CC[C@@H](C4)O)C)C,46.5,DMPE-PEG2000,CCCCCCCCCCCCCC(=O)OCC(COP(=O)(OCCNCC(=O)OCCOCCOCCOCCOCCOCCOCCOCCOCCOCCOCCOCCOCCOCCOCCOCCOCCOCCOCCOCCOCCOCCOCCOCCOCCOCCOCCOCCOCCOCCOCCOCCOCCOCCOCCOCCOCCOCCOCCOCCOCCOCCOCCOC)O)OC(=O)CCCCCCCCCCCCC,2.5,2000.0,35.0,10.0,,,,mRNA,in_vitro,in_vitro,A549,in_vitro,,,,,,,1.0187313516496446,normalized_luminescence,47.0,2.0,1.0,25.0,653.4767721,81.2,0.0,8.0,8.8898,191.44,0.717948718,1.0,3.0,653.949,True,True,False,biodegradable acrylate,,,,,,,,,,,,,,,,,,,cyclic
LNPhub_R0004668,LNPhub_BL_2023,https://www.nature.com/articles/s41587-023-01679-x,LNPhub_BL_2023_LNP_000652,BL_A8-T2,CCCCCCCC/C=C\CCCCCCCCOC(=O)OC(C/C=C\CCCCCCCCOC(=O)CCN(CCN(CC)CC)CCN(CC)CC)CCCCCC,Ugi-3CR,CCN(CC)CCNCCN(CC)CC,secondary_tertiary,C=CC(=O)OCCCCCCCC/C=C\CC(CCCCCC)OC(=O)O,ester/carbonate acrylate,1,T2,CCCCCCCCC=CCCCCCCCCO,ricinoleic/aliphatic,,,,,,,,,,,,,,,,head–linker–tail,DOPE,[H][C@@](COP([O-])(OCC[NH3+])=O)(OC(CCCCCCC/C=C\\CCCCCCCC)=O)COC(CCCCCCC/C=C\\CCCCCCCC)=O,16.0,Cholesterol,C[C@H](CCCC(C)C)[C@H]1CC[C@@H]2[C@@]1(CC[C@H]3[C@H]2CC=C4[C@@]3(CC[C@@H](C4)O)C)C,46.5,DMPE-PEG2000,CCCCCCCCCCCCCC(=O)OCC(COP(=O)(OCCNCC(=O)OCCOCCOCCOCCOCCOCCOCCOCCOCCOCCOCCOCCOCCOCCOCCOCCOCCOCCOCCOCCOCCOCCOCCOCCOCCOCCOCCOCCOCCOCCOCCOCCOCCOCCOCCOCCOCCOCCOCCOCCOCCOCCOCCOC)O)OC(=O)CCCCCCCCCCCCC,2.5,2000.0,35.0,10.0,,,,mRNA,in_vitro,in_vitro,A549,in_vitro,,,,,,,1.7695864697269326,normalized_luminescence,60.0,0.0,0.0,46.0,847.7741233,71.55,0.0,8.0,14.112,258.1,0.884615385,1.0,3.0,848.396,True,True,False,biodegradable acrylate,,,,,,,,,,,,,,,,,,,branched
LNPhub_R0004669,LNPhub_BL_2023,https://www.nature.com/articles/s41587-023-01679-x,LNPhub_BL_2023_LNP_000653,BL_A69-T5,CCCC#CCOC(=O)OC(C/C=C\CCCCCCCCOC(=O)CCN(CCCN1CCCC1)CCC(=O)OCCCCCCCC/C=C\CC(CCCCCC)OC(=O)OCC#CCCC)CCCCCC,Ugi-3CR,C1CCN(C1)CCCN,primary_tertiary,C=CC(=O)OCCCCCCCC/C=C\CC(CCCCCC)OC(=O)O,ester/carbonate acrylate,1,T5,CCCC#CCO,ricinoleic/aliphatic,,,,,,,,,,,,,,,,head–linker–tail,DOPE,[H][C@@](COP([O-])(OCC[NH3+])=O)(OC(CCCCCCC/C=C\\CCCCCCCC)=O)COC(CCCCCCC/C=C\\CCCCCCCC)=O,16.0,Cholesterol,C[C@H](CCCC(C)C)[C@H]1CC[C@@H]2[C@@]1(CC[C@H]3[C@H]2CC=C4[C@@]3(CC[C@@H](C4)O)C)C,46.5,DMPE-PEG2000,CCCCCCCCCCCCCC(=O)OCC(COP(=O)(OCCNCC(=O)OCCOCCOCCOCCOCCOCCOCCOCCOCCOCCOCCOCCOCCOCCOCCOCCOCCOCCOCCOCCOCCOCCOCCOCCOCCOCCOCCOCCOCCOCCOCCOCCOCCOCCOCCOCCOCCOCCOCCOCCOCCOCCOCCOC)O)OC(=O)CCCCCCCCCCCCC,2.5,2000.0,35.0,10.0,,,,mRNA,in_vitro,in_vitro,A549,in_vitro,,,,,,,-1.5055142131465082,normalized_luminescence,75.0,1.0,0.0,48.0,1052.800398,130.14,0.0,12.0,15.5863,305.363,0.80952381,2.0,2.0,1053.561,True,True,False,biodegradable acrylate,,,,,,,,,,,,,,,,,,,cyclic
LNPhub_R0004670,LNPhub_BL_2023,https://www.nature.com/articles/s41587-023-01679-x,LNPhub_BL_2023_LNP_000654,BL_A48-T6,CCCCC#CCOC(=O)OC(C/C=C\CCCCCCCCOC(=O)CCN1CCCN(CCC(=O)OCCCCCCCC/C=C\CC(CCCCCC)OC(=O)OCC#CCCCC)CCN(CCC(=O)OCCCCCCCC/C=C\CC(CCCCCC)OC(=O)OCC#CCCCC)CCCN(CCC(=O)OCCCCCCCC/C=C\CC(CCCCCC)OC(=O)OCC#CCCCC)CC1)CCCCCC,Ugi-3CR,C1CNCCNCCCNCCNC1,secondary,C=CC(=O)OCCCCCCCC/C=C\CC(CCCCCC)OC(=O)O,ester/carbonate acrylate,1,T6,CCCCC#CCO,ricinoleic/aliphatic,,,,,,,,,,,,,,,,head–linker–tail,DOPE,[H][C@@](COP([O-])(OCC[NH3+])=O)(OC(CCCCCCC/C=C\\CCCCCCCC)=O)COC(CCCCCCC/C=C\\CCCCCCCC)=O,16.0,Cholesterol,C[C@H](CCCC(C)C)[C@H]1CC[C@@H]2[C@@]1(CC[C@H]3[C@H]2CC=C4[C@@]3(CC[C@@H](C4)O)C)C,46.5,DMPE-PEG2000,CCCCCCCCCCCCCC(=O)OCC(COP(=O)(OCCNCC(=O)OCCOCCOCCOCCOCCOCCOCCOCCOCCOCCOCCOCCOCCOCCOCCOCCOCCOCCOCCOCCOCCOCCOCCOCCOCCOCCOCCOCCOCCOCCOCCOCCOCCOCCOCCOCCOCCOCCOCCOCCOCCOCCOCCOC)O)OC(=O)CCCCCCCCCCCCC,2.5,2000.0,35.0,10.0,,,,mRNA,in_vitro,in_vitro,A549,in_vitro,,,,,,,0.569863466313073,normalized_luminescence,150.0,1.0,0.0,92.0,2105.600795,260.28,0.0,24.0,31.1726,610.726,0.80952381,4.0,4.0,2107.122,True,True,False,biodegradable acrylate,,,,,,,,,,,,,,,,,,,macrocyclic
LNPhub_R0004671,LNPhub_BL_2023,https://www.nature.com/articles/s41587-023-01679-x,LNPhub_BL_2023_LNP_000655,BL_A30-T8,CCCCCCC#CCOC(=O)OC(C/C=C\CCCCCCCCOC(=O)CCN(CCCN1CCCCC1)CCC(=O)OCCCCCCCC/C=C\CC(CCCCCC)OC(=O)OCC#CCCCCCC)CCCCCC,Ugi-3CR,C1CCN(CC1)CCCN,primary_tertiary,C=CC(=O)OCCCCCCCC/C=C\CC(CCCCCC)OC(=O)O,ester/carbonate acrylate,1,T8,CCCCCCC#CCO,ricinoleic/aliphatic,,,,,,,,,,,,,,,,head–linker–tail,DOPE,[H][C@@](COP([O-])(OCC[NH3+])=O)(OC(CCCCCCC/C=C\\CCCCCCCC)=O)COC(CCCCCCC/C=C\\CCCCCCCC)=O,16.0,Cholesterol,C[C@H](CCCC(C)C)[C@H]1CC[C@@H]2[C@@]1(CC[C@H]3[C@H]2CC=C4[C@@]3(CC[C@@H](C4)O)C)C,46.5,DMPE-PEG2000,CCCCCCCCCCCCCC(=O)OCC(COP(=O)(OCCNCC(=O)OCCOCCOCCOCCOCCOCCOCCOCCOCCOCCOCCOCCOCCOCCOCCOCCOCCOCCOCCOCCOCCOCCOCCOCCOCCOCCOCCOCCOCCOCCOCCOCCOCCOCCOCCOCCOCCOCCOCCOCCOCCOCCOCCOC)O)OC(=O)CCCCCCCCCCCCC,2.5,2000.0,35.0,10.0,,,,mRNA,in_vitro,in_vitro,A549,in_vitro,,,,,,,-0.6084088784139278,normalized_luminescence,82.0,1.0,0.0,54.0,1150.909948,130.14,0.0,12.0,18.317,337.682,0.828571429,2.0,2.0,1151.75,True,True,False,biodegradable acrylate,,,,,,,,,,,,,,,,,,,cyclic
LNPhub_R0004672,LNPhub_BL_2023,https://www.nature.com/articles/s41587-023-01679-x,LNPhub_BL_2023_LNP_000656,BL_A38-T10,CCCCCCC#CCCOC(=O)OC(C/C=C\CCCCCCCCOC(=O)CCN(CCC(=O)OCCCCCCCC/C=C\CC(CCCCCC)OC(=O)OCCC#CCCCCCC)CCC1CCCCN1C)CCCCCC,Ugi-3CR,CN1CCCCC1CCN,primary_tertiary,C=CC(=O)OCCCCCCCC/C=C\CC(CCCCCC)OC(=O)O,ester/carbonate acrylate,1,T10,CCCCCCC#CCCO,ricinoleic/aliphatic,,,,,,,,,,,,,,,,head–linker–tail,DOPE,[H][C@@](COP([O-])(OCC[NH3+])=O)(OC(CCCCCCC/C=C\\CCCCCCCC)=O)COC(CCCCCCC/C=C\\CCCCCCCC)=O,16.0,Cholesterol,C[C@H](CCCC(C)C)[C@H]1CC[C@@H]2[C@@]1(CC[C@H]3[C@H]2CC=C4[C@@]3(CC[C@@H](C4)O)C)C,46.5,DMPE-PEG2000,CCCCCCCCCCCCCC(=O)OCC(COP(=O)(OCCNCC(=O)OCCOCCOCCOCCOCCOCCOCCOCCOCCOCCOCCOCCOCCOCCOCCOCCOCCOCCOCCOCCOCCOCCOCCOCCOCCOCCOCCOCCOCCOCCOCCOCCOCCOCCOCCOCCOCCOCCOCCOCCOCCOCCOCCOC)O)OC(=O)CCCCCCCCCCCCC,2.5,2000.0,35.0,10.0,,,,mRNA,in_vitro,in_vitro,A549,in_vitro,,,,,,,-0.1239955910941808,normalized_luminescence,84.0,1.0,0.0,55.0,1178.941248,130.14,0.0,12.0,19.0956,346.894,0.833333333,3.0,2.0,1179.804,True,True,False,biodegradable acrylate,,,,,,,,,,,,,,,,,,,cyclic
LNPhub_R0004673,LNPhub_BL_2023,https://www.nature.com/articles/s41587-023-01679-x,LNPhub_BL_2023_LNP_000657,BL_A24-T3,CCCCC/C=C\C/C=C\CCCCCCCCOC(=O)OC(C/C=C\CCCCCCCCOC(=O)CCN1CCN(c2cccnc2)CC1)CCCCCC,Ugi-3CR,C1=CC(=CN=C1)N2CCNCC2,secondary_tertiary,C=CC(=O)OCCCCCCCC/C=C\CC(CCCCCC)OC(=O)O,ester/carbonate acrylate,1,T3,CCCCCC=CCC=C=CCCCCCCCCO,ricinoleic/aliphatic,,,,,,,,,,,,,,,,head–linker–tail,DOPE,[H][C@@](COP([O-])(OCC[NH3+])=O)(OC(CCCCCCC/C=C\\CCCCCCCC)=O)COC(CCCCCCC/C=C\\CCCCCCCC)=O,16.0,Cholesterol,C[C@H](CCCC(C)C)[C@H]1CC[C@@H]2[C@@]1(CC[C@H]3[C@H]2CC=C4[C@@]3(CC[C@@H](C4)O)C)C,46.5,DMPE-PEG2000,CCCCCCCCCCCCCC(=O)OCC(COP(=O)(OCCNCC(=O)OCCOCCOCCOCCOCCOCCOCCOCCOCCOCCOCCOCCOCCOCCOCCOCCOCCOCCOCCOCCOCCOCCOCCOCCOCCOCCOCCOCCOCCOCCOCCOCCOCCOCCOCCOCCOCCOCCOCCOCCOCCOCCOCCOC)O)OC(=O)CCCCCCCCCCCCC,2.5,2000.0,35.0,10.0,,,,mRNA,in_vitro,in_vitro,A549,in_vitro,,,,,,,0.2863980216010044,normalized_luminescence,57.0,2.0,1.0,36.0,793.6332728,81.2,0.0,8.0,13.1196,238.88,0.734693878,1.0,3.0,794.219,True,True,False,biodegradable acrylate,,,,,,,,,,,,,,,,,,,cyclic
LNPhub_R0004674,LNPhub_BL_2023,https://www.nature.com/articles/s41587-023-01679-x,LNPhub_BL_2023_LNP_000658,BL_A35-T8,CCCCCCC#CCOC(=O)OC(C/C=C\CCCCCCCCOC(=O)CCN1CCN(CCCN(C)C)CC1)CCCCCC,Ugi-3CR,CN(C)CCCN1CCNCC1,secondary_tertiary,C=CC(=O)OCCCCCCCC/C=C\CC(CCCCCC)OC(=O)O,ester/carbonate acrylate,1,T8,CCCCCCC#CCO,ricinoleic/aliphatic,,,,,,,,,,,,,,,,head–linker–tail,DOPE,[H][C@@](COP([O-])(OCC[NH3+])=O)(OC(CCCCCCC/C=C\\CCCCCCCC)=O)COC(CCCCCCC/C=C\\CCCCCCCC)=O,16.0,Cholesterol,C[C@H](CCCC(C)C)[C@H]1CC[C@@H]2[C@@]1(CC[C@H]3[C@H]2CC=C4[C@@]3(CC[C@@H](C4)O)C)C,46.5,DMPE-PEG2000,CCCCCCCCCCCCCC(=O)OCC(COP(=O)(OCCNCC(=O)OCCOCCOCCOCCOCCOCCOCCOCCOCCOCCOCCOCCOCCOCCOCCOCCOCCOCCOCCOCCOCCOCCOCCOCCOCCOCCOCCOCCOCCOCCOCCOCCOCCOCCOCCOCCOCCOCCOCCOCCOCCOCCOCCOC)O)OC(=O)CCCCCCCCCCCCC,2.5,2000.0,35.0,10.0,,,,mRNA,in_vitro,in_vitro,A549,in_vitro,,,,,,,-0.281536766843811,normalized_luminescence,48.0,1.0,0.0,29.0,675.5550224,71.55,0.0,8.0,8.632,199.218,0.85,1.0,3.0,676.04,True,True,False,biodegradable acrylate,,,,,,,,,,,,,,,,,,,cyclic
LNPhub_R0004675,LNPhub_BL_2023,https://www.nature.com/articles/s41587-023-01679-x,LNPhub_BL_2023_LNP_000659,BL_A53-T7,CCCCCC#CCOC(=O)OC(C/C=C\CCCCCCCCOC(=O)CCN1CCC(O)CC1)CCCCCC,Ugi-3CR,C1CNCCC1O,secondary,C=CC(=O)OCCCCCCCC/C=C\CC(CCCCCC)OC(=O)O,ester/carbonate acrylate,1,T7,CCCCCC#CCO,ricinoleic/aliphatic,,,,,,,,,,,,,,,,head–linker–tail,DOPE,[H][C@@](COP([O-])(OCC[NH3+])=O)(OC(CCCCCCC/C=C\\CCCCCCCC)=O)COC(CCCCCCC/C=C\\CCCCCCCC)=O,16.0,Cholesterol,C[C@H](CCCC(C)C)[C@H]1CC[C@@H]2[C@@]1(CC[C@H]3[C@H]2CC=C4[C@@]3(CC[C@@H](C4)O)C)C,46.5,DMPE-PEG2000,CCCCCCCCCCCCCC(=O)OCC(COP(=O)(OCCNCC(=O)OCCOCCOCCOCCOCCOCCOCCOCCOCCOCCOCCOCCOCCOCCOCCOCCOCCOCCOCCOCCOCCOCCOCCOCCOCCOCCOCCOCCOCCOCCOCCOCCOCCOCCOCCOCCOCCOCCOCCOCCOCCOCCOCCOC)O)OC(=O)CCCCCCCCCCCCC,2.5,2000.0,35.0,10.0,,,,mRNA,in_vitro,in_vitro,A549,in_vitro,,,,,,,-0.1779799929210857,normalized_luminescence,42.0,1.0,0.0,24.0,591.4498887,85.3,1.0,7.0,8.1293,170.2308,0.828571429,1.0,1.0,591.874,True,True,False,biodegradable acrylate,,,,,,,,,,,,,,,,,,,cyclic
LNPhub_R0004676,LNPhub_BL_2023,https://www.nature.com/articles/s41587-023-01679-x,LNPhub_BL_2023_LNP_000660,BL_A38-T2,CCCCCCCC/C=C\CCCCCCCCOC(=O)OC(C/C=C\CCCCCCCCOC(=O)CCN(CCC(=O)OCCCCCCCC/C=C\CC(CCCCCC)OC(=O)OCCCCCCCC/C=C\CCCCCCCC)CCC1CCCCN1C)CCCCCC,Ugi-3CR,CN1CCCCC1CCN,primary_tertiary,C=CC(=O)OCCCCCCCC/C=C\CC(CCCCCC)OC(=O)O,ester/carbonate acrylate,1,T2,CCCCCCCCC=CCCCCCCCCO,ricinoleic/aliphatic,,,,,,,,,,,,,,,,head–linker–tail,DOPE,[H][C@@](COP([O-])(OCC[NH3+])=O)(OC(CCCCCCC/C=C\\CCCCCCCC)=O)COC(CCCCCCC/C=C\\CCCCCCCC)=O,16.0,Cholesterol,C[C@H](CCCC(C)C)[C@H]1CC[C@@H]2[C@@]1(CC[C@H]3[C@H]2CC=C4[C@@]3(CC[C@@H](C4)O)C)C,46.5,DMPE-PEG2000,CCCCCCCCCCCCCC(=O)OCC(COP(=O)(OCCNCC(=O)OCCOCCOCCOCCOCCOCCOCCOCCOCCOCCOCCOCCOCCOCCOCCOCCOCCOCCOCCOCCOCCOCCOCCOCCOCCOCCOCCOCCOCCOCCOCCOCCOCCOCCOCCOCCOCCOCCOCCOCCOCCOCCOCCOC)O)OC(=O)CCCCCCCCCCCCC,2.5,2000.0,35.0,10.0,,,,mRNA,in_vitro,in_vitro,A549,in_vitro,,,,,,,-1.009747037292205,normalized_luminescence,100.0,1.0,0.0,75.0,1407.222949,130.14,0.0,12.0,26.4428,423.494,0.863636364,3.0,2.0,1408.268,True,True,False,biodegradable acrylate,,,,,,,,,,,,,,,,,,,cyclic
LNPhub_R0004677,LNPhub_BL_2023,https://www.nature.com/articles/s41587-023-01679-x,LNPhub_BL_2023_LNP_000661,BL_A39-T8,CCCCCCC#CCOC(=O)OC(C/C=C\CCCCCCCCOC(=O)CCN1CCN(CC2CCN(C)CC2)CC1)CCCCCC,Ugi-3CR,CN1CCC(CC1)CN2CCNCC2,secondary_tertiary,C=CC(=O)OCCCCCCCC/C=C\CC(CCCCCC)OC(=O)O,ester/carbonate acrylate,1,T8,CCCCCCC#CCO,ricinoleic/aliphatic,,,,,,,,,,,,,,,,head–linker–tail,DOPE,[H][C@@](COP([O-])(OCC[NH3+])=O)(OC(CCCCCCC/C=C\\CCCCCCCC)=O)COC(CCCCCCC/C=C\\CCCCCCCC)=O,16.0,Cholesterol,C[C@H](CCCC(C)C)[C@H]1CC[C@@H]2[C@@]1(CC[C@H]3[C@H]2CC=C4[C@@]3(CC[C@@H](C4)O)C)C,46.5,DMPE-PEG2000,CCCCCCCCCCCCCC(=O)OCC(COP(=O)(OCCNCC(=O)OCCOCCOCCOCCOCCOCCOCCOCCOCCOCCOCCOCCOCCOCCOCCOCCOCCOCCOCCOCCOCCOCCOCCOCCOCCOCCOCCOCCOCCOCCOCCOCCOCCOCCOCCOCCOCCOCCOCCOCCOCCOCCOCCOC)O)OC(=O)CCCCCCCCCCCCC,2.5,2000.0,35.0,10.0,,,,mRNA,in_vitro,in_vitro,A549,in_vitro,,,,,,,-0.6376916469849605,normalized_luminescence,50.0,2.0,0.0,27.0,701.5706725,71.55,0.0,8.0,9.0221,206.268,0.857142857,1.0,3.0,702.078,True,True,False,biodegradable acrylate,,,,,,,,,,,,,,,,,,,cyclic-dendrimer
LNPhub_R0004678,LNPhub_BL_2023,https://www.nature.com/articles/s41587-023-01679-x,LNPhub_BL_2023_LNP_000662,BL_A1-T8,CCCCCCC#CCOC(=O)OC(C/C=C\CCCCCCCCOC(=O)CCN(CCCN(C)C)CCC(=O)OCCCCCCCC/C=C\CC(CCCCCC)OC(=O)OCC#CCCCCCC)CCCCCC,Ugi-3CR,CN(C)CCCN,primary_tertiary,C=CC(=O)OCCCCCCCC/C=C\CC(CCCCCC)OC(=O)O,ester/carbonate acrylate,1,T8,CCCCCCC#CCO,ricinoleic/aliphatic,,,,,,,,,,,,,,,,head–linker–tail,DOPE,[H][C@@](COP([O-])(OCC[NH3+])=O)(OC(CCCCCCC/C=C\\CCCCCCCC)=O)COC(CCCCCCC/C=C\\CCCCCCCC)=O,16.0,Cholesterol,C[C@H](CCCC(C)C)[C@H]1CC[C@@H]2[C@@]1(CC[C@H]3[C@H]2CC=C4[C@@]3(CC[C@@H](C4)O)C)C,46.5,DMPE-PEG2000,CCCCCCCCCCCCCC(=O)OCC(COP(=O)(OCCNCC(=O)OCCOCCOCCOCCOCCOCCOCCOCCOCCOCCOCCOCCOCCOCCOCCOCCOCCOCCOCCOCCOCCOCCOCCOCCOCCOCCOCCOCCOCCOCCOCCOCCOCCOCCOCCOCCOCCOCCOCCOCCOCCOCCOCCOC)O)OC(=O)CCCCCCCCCCCCC,2.5,2000.0,35.0,10.0,,,,mRNA,in_vitro,in_vitro,A549,in_vitro,,,,,,,0.998009447038984,normalized_luminescence,79.0,0.0,0.0,54.0,1110.878648,130.14,0.0,12.0,17.3927,325.945,0.820895522,2.0,2.0,1111.685,True,True,False,biodegradable acrylate,,,,,,,,,,,,,,,,,,,branched
LNPhub_R0004679,LNPhub_BL_2023,https://www.nature.com/articles/s41587-023-01679-x,LNPhub_BL_2023_LNP_000663,BL_A14-T3,CCCCC/C=C\C/C=C\CCCCCCCCOC(=O)OC(C/C=C\CCCCCCCCOC(=O)CCN(C)CCN(CCN(C)CCC(=O)OCCCCCCCC/C=C\CC(CCCCCC)OC(=O)OCCCCCCCC/C=C\C/C=C\CCCCC)CCN(C)CCC(=O)OCCCCCCCC/C=C\CC(CCCCCC)OC(=O)OCCCCCCCC/C=C\C/C=C\CCCCC)CCCCCC,Ugi-3CR,CNCCN(CCNC)CCNC,secondary_tertiary,C=CC(=O)OCCCCCCCC/C=C\CC(CCCCCC)OC(=O)O,ester/carbonate acrylate,1,T3,CCCCCC=CCC=C=CCCCCCCCCO,ricinoleic/aliphatic,,,,,,,,,,,,,,,,head–linker–tail,DOPE,[H][C@@](COP([O-])(OCC[NH3+])=O)(OC(CCCCCCC/C=C\\CCCCCCCC)=O)COC(CCCCCCC/C=C\\CCCCCCCC)=O,16.0,Cholesterol,C[C@H](CCCC(C)C)[C@H]1CC[C@@H]2[C@@]1(CC[C@H]3[C@H]2CC=C4[C@@]3(CC[C@@H](C4)O)C)C,46.5,DMPE-PEG2000,CCCCCCCCCCCCCC(=O)OCC(COP(=O)(OCCNCC(=O)OCCOCCOCCOCCOCCOCCOCCOCCOCCOCCOCCOCCOCCOCCOCCOCCOCCOCCOCCOCCOCCOCCOCCOCCOCCOCCOCCOCCOCCOCCOCCOCCOCCOCCOCCOCCOCCOCCOCCOCCOCCOCCOCCOC)O)OC(=O)CCCCCCCCCCCCC,2.5,2000.0,35.0,10.0,,,,mRNA,in_vitro,in_vitro,A549,in_vitro,,,,,,,1.4318418357373262,normalized_luminescence,148.0,0.0,0.0,114.0,2079.767073,198.45,0.0,19.0,36.8318,626.901,0.813953488,3.0,4.0,2081.304,True,True,False,biodegradable acrylate,,,,,,,,,,,,,,,,,,,branched
LNPhub_R0004680,LNPhub_BL_2023,https://www.nature.com/articles/s41587-023-01679-x,LNPhub_BL_2023_LNP_000664,BL_A62-T9,CCCCC#CCCOC(=O)OC(C/C=C\CCCCCCCCOC(=O)CCN(C)CCCN(CCC(=O)OCCCCCCCC/C=C\CC(CCCCCC)OC(=O)OCCC#CCCCC)CCC(=O)OCCCCCCCC/C=C\CC(CCCCCC)OC(=O)OCCC#CCCCC)CCCCCC,Ugi-3CR,CNCCCN,primary_secondary,C=CC(=O)OCCCCCCCC/C=C\CC(CCCCCC)OC(=O)O,ester/carbonate acrylate,1,T9,CCCCC#CCCO,ricinoleic/aliphatic,,,,,,,,,,,,,,,,head–linker–tail,DOPE,[H][C@@](COP([O-])(OCC[NH3+])=O)(OC(CCCCCCC/C=C\\CCCCCCCC)=O)COC(CCCCCCC/C=C\\CCCCCCCC)=O,16.0,Cholesterol,C[C@H](CCCC(C)C)[C@H]1CC[C@@H]2[C@@]1(CC[C@H]3[C@H]2CC=C4[C@@]3(CC[C@@H](C4)O)C)C,46.5,DMPE-PEG2000,CCCCCCCCCCCCCC(=O)OCC(COP(=O)(OCCNCC(=O)OCCOCCOCCOCCOCCOCCOCCOCCOCCOCCOCCOCCOCCOCCOCCOCCOCCOCCOCCOCCOCCOCCOCCOCCOCCOCCOCCOCCOCCOCCOCCOCCOCCOCCOCCOCCOCCOCCOCCOCCOCCOCCOCCOC)O)OC(=O)CCCCCCCCCCCCC,2.5,2000.0,35.0,10.0,,,,mRNA,in_vitro,in_vitro,A549,in_vitro,,,,,,,-0.5625968936446134,normalized_luminescence,111.0,0.0,0.0,76.0,1559.197522,191.97,0.0,17.0,24.6689,454.204,0.808510638,3.0,2.0,1560.329,True,True,False,biodegradable acrylate,,,,,,,,,,,,,,,,,,,linear
LNPhub_R0004681,LNPhub_BL_2023,https://www.nature.com/articles/s41587-023-01679-x,LNPhub_BL_2023_LNP_000665,BL_A8-T10,CCCCCCC#CCCOC(=O)OC(C/C=C\CCCCCCCCOC(=O)CCN(CCN(CC)CC)CCN(CC)CC)CCCCCC,Ugi-3CR,CCN(CC)CCNCCN(CC)CC,secondary_tertiary,C=CC(=O)OCCCCCCCC/C=C\CC(CCCCCC)OC(=O)O,ester/carbonate acrylate,1,T10,CCCCCCC#CCCO,ricinoleic/aliphatic,,,,,,,,,,,,,,,,head–linker–tail,DOPE,[H][C@@](COP([O-])(OCC[NH3+])=O)(OC(CCCCCCC/C=C\\CCCCCCCC)=O)COC(CCCCCCC/C=C\\CCCCCCCC)=O,16.0,Cholesterol,C[C@H](CCCC(C)C)[C@H]1CC[C@@H]2[C@@]1(CC[C@H]3[C@H]2CC=C4[C@@]3(CC[C@@H](C4)O)C)C,46.5,DMPE-PEG2000,CCCCCCCCCCCCCC(=O)OCC(COP(=O)(OCCNCC(=O)OCCOCCOCCOCCOCCOCCOCCOCCOCCOCCOCCOCCOCCOCCOCCOCCOCCOCCOCCOCCOCCOCCOCCOCCOCCOCCOCCOCCOCCOCCOCCOCCOCCOCCOCCOCCOCCOCCOCCOCCOCCOCCOCCOC)O)OC(=O)CCCCCCCCCCCCC,2.5,2000.0,35.0,10.0,,,,mRNA,in_vitro,in_vitro,A549,in_vitro,,,,,,,-1.2846565060408244,normalized_luminescence,52.0,0.0,0.0,36.0,733.6332728,71.55,0.0,8.0,10.4384,219.8,0.863636364,1.0,3.0,734.164,True,True,False,biodegradable acrylate,,,,,,,,,,,,,,,,,,,branched
LNPhub_R0004682,LNPhub_BL_2023,https://www.nature.com/articles/s41587-023-01679-x,LNPhub_BL_2023_LNP_000666,BL_A20-T7,CCCCCC#CCOC(=O)OC(C/C=C\CCCCCCCCOC(=O)CCN1CCN=C1C)CCCCCC,Ugi-3CR,C1CN=C(N1)C,secondary,C=CC(=O)OCCCCCCCC/C=C\CC(CCCCCC)OC(=O)O,ester/carbonate acrylate,1,T7,CCCCCC#CCO,ricinoleic/aliphatic,,,,,,,,,,,,,,,,head–linker–tail,DOPE,[H][C@@](COP([O-])(OCC[NH3+])=O)(OC(CCCCCCC/C=C\\CCCCCCCC)=O)COC(CCCCCCC/C=C\\CCCCCCCC)=O,16.0,Cholesterol,C[C@H](CCCC(C)C)[C@H]1CC[C@@H]2[C@@]1(CC[C@H]3[C@H]2CC=C4[C@@]3(CC[C@@H](C4)O)C)C,46.5,DMPE-PEG2000,CCCCCCCCCCCCCC(=O)OCC(COP(=O)(OCCNCC(=O)OCCOCCOCCOCCOCCOCCOCCOCCOCCOCCOCCOCCOCCOCCOCCOCCOCCOCCOCCOCCOCCOCCOCCOCCOCCOCCOCCOCCOCCOCCOCCOCCOCCOCCOCCOCCOCCOCCOCCOCCOCCOCCOCCOC)O)OC(=O)CCCCCCCCCCCCC,2.5,2000.0,35.0,10.0,,,,mRNA,in_vitro,in_vitro,A549,in_vitro,,,,,,,1.0657794444605304,normalized_luminescence,41.0,1.0,0.0,24.0,574.434573,77.43,0.0,7.0,8.4066,168.099,0.794117647,1.0,2.0,574.847,True,True,False,biodegradable acrylate,,,,,,,,,,,,,,,,,,,cyclic
LNPhub_R0004683,LNPhub_BL_2023,https://www.nature.com/articles/s41587-023-01679-x,LNPhub_BL_2023_LNP_000667,BL_A4-T7,CCCCCC#CCOC(=O)OC(C/C=C\CCCCCCCCOC(=O)CCN(CCC(=O)OCCCCCCCC/C=C\CC(CCCCCC)OC(=O)OCC#CCCCCC)CCN(CC)CC)CCCCCC,Ugi-3CR,CCN(CC)CCN,primary_tertiary,C=CC(=O)OCCCCCCCC/C=C\CC(CCCCCC)OC(=O)O,ester/carbonate acrylate,1,T7,CCCCCC#CCO,ricinoleic/aliphatic,,,,,,,,,,,,,,,,head–linker–tail,DOPE,[H][C@@](COP([O-])(OCC[NH3+])=O)(OC(CCCCCCC/C=C\\CCCCCCCC)=O)COC(CCCCCCC/C=C\\CCCCCCCC)=O,16.0,Cholesterol,C[C@H](CCCC(C)C)[C@H]1CC[C@@H]2[C@@]1(CC[C@H]3[C@H]2CC=C4[C@@]3(CC[C@@H](C4)O)C)C,46.5,DMPE-PEG2000,CCCCCCCCCCCCCC(=O)OCC(COP(=O)(OCCNCC(=O)OCCOCCOCCOCCOCCOCCOCCOCCOCCOCCOCCOCCOCCOCCOCCOCCOCCOCCOCCOCCOCCOCCOCCOCCOCCOCCOCCOCCOCCOCCOCCOCCOCCOCCOCCOCCOCCOCCOCCOCCOCCOCCOCCOC)O)OC(=O)CCCCCCCCCCCCC,2.5,2000.0,35.0,7.5,,,,mRNA,intratracheal,in_vivo,Mouse_B6,lung_epithelium,115.3,,,,,,-0.8880315328209138,normalized_luminescence,78.0,0.0,0.0,53.0,1096.862998,130.14,0.0,12.0,17.0026,321.328,0.818181818,2.0,2.0,1097.658,True,True,False,biodegradable acrylate,,,,,,93.0,,,,,,,,,,,,,branched
LNPhub_R0004684,LNPhub_BL_2023,https://www.nature.com/articles/s41587-023-01679-x,LNPhub_BL_2023_LNP_000668,BL_A27-T5,CCCC#CCOC(=O)OC(C/C=C\CCCCCCCCOC(=O)CCN(CCCN1CCCCCC1)CCC(=O)OCCCCCCCC/C=C\CC(CCCCCC)OC(=O)OCC#CCCC)CCCCCC,Ugi-3CR,C1CCCN(CC1)CCC[NH],primary_tertiary,C=CC(=O)OCCCCCCCC/C=C\CC(CCCCCC)OC(=O)O,ester/carbonate acrylate,1,T5,CCCC#CCO,ricinoleic/aliphatic,,,,,,,,,,,,,,,,head–linker–tail,DOPE,[H][C@@](COP([O-])(OCC[NH3+])=O)(OC(CCCCCCC/C=C\\CCCCCCCC)=O)COC(CCCCCCC/C=C\\CCCCCCCC)=O,16.0,Cholesterol,C[C@H](CCCC(C)C)[C@H]1CC[C@@H]2[C@@]1(CC[C@H]3[C@H]2CC=C4[C@@]3(CC[C@@H](C4)O)C)C,46.5,DMPE-PEG2000,CCCCCCCCCCCCCC(=O)OCC(COP(=O)(OCCNCC(=O)OCCOCCOCCOCCOCCOCCOCCOCCOCCOCCOCCOCCOCCOCCOCCOCCOCCOCCOCCOCCOCCOCCOCCOCCOCCOCCOCCOCCOCCOCCOCCOCCOCCOCCOCCOCCOCCOCCOCCOCCOCCOCCOCCOC)O)OC(=O)CCCCCCCCCCCCC,2.5,2000.0,35.0,10.0,,,,mRNA,in_vitro,in_vitro,A549,in_vitro,,,,,,,-0.7262790550459314,normalized_luminescence,77.0,1.0,0.0,48.0,1080.831698,130.14,0.0,12.0,16.3665,314.597,0.815384615,2.0,2.0,1081.615,True,True,False,biodegradable acrylate,,,,,,,,,,,,,,,,,,,cyclic
LNPhub_R0004685,LNPhub_BL_2023,https://www.nature.com/articles/s41587-023-01679-x,LNPhub_BL_2023_LNP_000669,BL_A51-T9,CCCCC#CCCOC(=O)OC(C/C=C\CCCCCCCCOC(=O)CCN1CCC(CO)CC1)CCCCCC,Ugi-3CR,C1CNCCC1CO,secondary,C=CC(=O)OCCCCCCCC/C=C\CC(CCCCCC)OC(=O)O,ester/carbonate acrylate,1,T9,CCCCC#CCCO,ricinoleic/aliphatic,,,,,,,,,,,,,,,,head–linker–tail,DOPE,[H][C@@](COP([O-])(OCC[NH3+])=O)(OC(CCCCCCC/C=C\\CCCCCCCC)=O)COC(CCCCCCC/C=C\\CCCCCCCC)=O,16.0,Cholesterol,C[C@H](CCCC(C)C)[C@H]1CC[C@@H]2[C@@]1(CC[C@H]3[C@H]2CC=C4[C@@]3(CC[C@@H](C4)O)C)C,46.5,DMPE-PEG2000,CCCCCCCCCCCCCC(=O)OCC(COP(=O)(OCCNCC(=O)OCCOCCOCCOCCOCCOCCOCCOCCOCCOCCOCCOCCOCCOCCOCCOCCOCCOCCOCCOCCOCCOCCOCCOCCOCCOCCOCCOCCOCCOCCOCCOCCOCCOCCOCCOCCOCCOCCOCCOCCOCCOCCOCCOC)O)OC(=O)CCCCCCCCCCCCC,2.5,2000.0,35.0,10.0,,,,mRNA,in_vitro,in_vitro,A549,in_vitro,,,,,,,1.408082704841196,normalized_luminescence,43.0,1.0,0.0,25.0,605.4655387,85.3,1.0,7.0,8.3769,174.7998,0.833333333,1.0,1.0,605.901,True,True,False,biodegradable acrylate,,,,,,,,,,,,,,,,,,,cyclic
LNPhub_R0004686,LNPhub_BL_2023,https://www.nature.com/articles/s41587-023-01679-x,LNPhub_BL_2023_LNP_000670,BL_A18-T6,CCCCC#CCOC(=O)OC(C/C=C\CCCCCCCCOC(=O)CCN(CCC(=O)OCCCCCCCC/C=C\CC(CCCCCC)OC(=O)OCC#CCCCC)CCN(C)CCN(CCC(=O)OCCCCCCCC/C=C\CC(CCCCCC)OC(=O)OCC#CCCCC)CCC(=O)OCCCCCCCC/C=C\CC(CCCCCC)OC(=O)OCC#CCCCC)CCCCCC,Ugi-3CR,CN(CCN)CCN,primary_tertiary,C=CC(=O)OCCCCCCCC/C=C\CC(CCCCCC)OC(=O)O,ester/carbonate acrylate,1,T6,CCCCC#CCO,ricinoleic/aliphatic,,,,,,,,,,,,,,,,head–linker–tail,DOPE,[H][C@@](COP([O-])(OCC[NH3+])=O)(OC(CCCCCCC/C=C\\CCCCCCCC)=O)COC(CCCCCCC/C=C\\CCCCCCCC)=O,16.0,Cholesterol,C[C@H](CCCC(C)C)[C@H]1CC[C@@H]2[C@@]1(CC[C@H]3[C@H]2CC=C4[C@@]3(CC[C@@H](C4)O)C)C,46.5,DMPE-PEG2000,CCCCCCCCCCCCCC(=O)OCC(COP(=O)(OCCNCC(=O)OCCOCCOCCOCCOCCOCCOCCOCCOCCOCCOCCOCCOCCOCCOCCOCCOCCOCCOCCOCCOCCOCCOCCOCCOCCOCCOCCOCCOCCOCCOCCOCCOCCOCCOCCOCCOCCOCCOCCOCCOCCOCCOCCOC)O)OC(=O)CCCCCCCCCCCCC,2.5,2000.0,35.0,10.0,,,,mRNA,in_vitro,in_vitro,A549,in_vitro,,,,,,,1.9358861575034532,normalized_luminescence,144.0,0.0,0.0,98.0,2022.527296,257.04,0.0,23.0,30.7066,586.109,0.801652893,4.0,3.0,2023.988,True,True,False,biodegradable acrylate,,,,,,,,,,,,,,,,,,,branched
LNPhub_R0004687,LNPhub_BL_2023,https://www.nature.com/articles/s41587-023-01679-x,LNPhub_BL_2023_LNP_000671,BL_A5-T6,CCCCC#CCOC(=O)OC(C/C=C\CCCCCCCCOC(=O)CCN(C)CCCN(C)CCC(=O)OCCCCCCCC/C=C\CC(CCCCCC)OC(=O)OCC#CCCCC)CCCCCC,Ugi-3CR,CNCCCNC,secondary,C=CC(=O)OCCCCCCCC/C=C\CC(CCCCCC)OC(=O)O,ester/carbonate acrylate,1,T6,CCCCC#CCO,ricinoleic/aliphatic,,,,,,,,,,,,,,,,head–linker–tail,DOPE,[H][C@@](COP([O-])(OCC[NH3+])=O)(OC(CCCCCCC/C=C\\CCCCCCCC)=O)COC(CCCCCCC/C=C\\CCCCCCCC)=O,16.0,Cholesterol,C[C@H](CCCC(C)C)[C@H]1CC[C@@H]2[C@@]1(CC[C@H]3[C@H]2CC=C4[C@@]3(CC[C@@H](C4)O)C)C,46.5,DMPE-PEG2000,CCCCCCCCCCCCCC(=O)OCC(COP(=O)(OCCNCC(=O)OCCOCCOCCOCCOCCOCCOCCOCCOCCOCCOCCOCCOCCOCCOCCOCCOCCOCCOCCOCCOCCOCCOCCOCCOCCOCCOCCOCCOCCOCCOCCOCCOCCOCCOCCOCCOCCOCCOCCOCCOCCOCCOCCOC)O)OC(=O)CCCCCCCCCCCCC,2.5,2000.0,35.0,10.0,,,,mRNA,in_vitro,in_vitro,A549,in_vitro,,,,,,,0.9088865679669662,normalized_luminescence,75.0,0.0,0.0,50.0,1054.816048,130.14,0.0,12.0,15.8323,307.477,0.80952381,2.0,2.0,1055.577,True,True,False,biodegradable acrylate,,,,,,,,,,,,,,,,,,,linear
LNPhub_R0004688,LNPhub_BL_2023,https://www.nature.com/articles/s41587-023-01679-x,LNPhub_BL_2023_LNP_000672,BL_A2-T5,CCCC#CCOC(=O)OC(C/C=C\CCCCCCCCOC(=O)CCN(CCC(=O)OCCCCCCCC/C=C\CC(CCCCCC)OC(=O)OCC#CCCC)CCN(C)C)CCCCCC,Ugi-3CR,CN(C)CCN,primary_tertiary,C=CC(=O)OCCCCCCCC/C=C\CC(CCCCCC)OC(=O)O,ester/carbonate acrylate,1,T5,CCCC#CCO,ricinoleic/aliphatic,,,,,,,,,,,,,,,,head–linker–tail,DOPE,[H][C@@](COP([O-])(OCC[NH3+])=O)(OC(CCCCCCC/C=C\\CCCCCCCC)=O)COC(CCCCCCC/C=C\\CCCCCCCC)=O,16.0,Cholesterol,C[C@H](CCCC(C)C)[C@H]1CC[C@@H]2[C@@]1(CC[C@H]3[C@H]2CC=C4[C@@]3(CC[C@@H](C4)O)C)C,46.5,DMPE-PEG2000,CCCCCCCCCCCCCC(=O)OCC(COP(=O)(OCCNCC(=O)OCCOCCOCCOCCOCCOCCOCCOCCOCCOCCOCCOCCOCCOCCOCCOCCOCCOCCOCCOCCOCCOCCOCCOCCOCCOCCOCCOCCOCCOCCOCCOCCOCCOCCOCCOCCOCCOCCOCCOCCOCCOCCOCCOC)O)OC(=O)CCCCCCCCCCCCC,2.5,2000.0,35.0,10.0,,,,mRNA,in_vitro,in_vitro,A549,in_vitro,,,,,,,1.6789823747116823,normalized_luminescence,72.0,0.0,0.0,47.0,1012.769098,130.14,0.0,12.0,14.662,293.626,0.8,2.0,2.0,1013.496,True,True,False,biodegradable acrylate,,,,,,,,,,,,,,,,,,,branched
LNPhub_R0004689,LNPhub_BL_2023,https://www.nature.com/articles/s41587-023-01679-x,LNPhub_BL_2023_LNP_000673,BL_A3-T10,CCCCCCC#CCCOC(=O)OC(C/C=C\CCCCCCCCOC(=O)CCN(CCCN(CC)CC)CCC(=O)OCCCCCCCC/C=C\CC(CCCCCC)OC(=O)OCCC#CCCCCCC)CCCCCC,Ugi-3CR,CCN(CC)CCCN,primary_tertiary,C=CC(=O)OCCCCCCCC/C=C\CC(CCCCCC)OC(=O)O,ester/carbonate acrylate,1,T10,CCCCCCC#CCCO,ricinoleic/aliphatic,,,,,,,,,,,,,,,,head–linker–tail,DOPE,[H][C@@](COP([O-])(OCC[NH3+])=O)(OC(CCCCCCC/C=C\\CCCCCCCC)=O)COC(CCCCCCC/C=C\\CCCCCCCC)=O,16.0,Cholesterol,C[C@H](CCCC(C)C)[C@H]1CC[C@@H]2[C@@]1(CC[C@H]3[C@H]2CC=C4[C@@]3(CC[C@@H](C4)O)C)C,46.5,DMPE-PEG2000,CCCCCCCCCCCCCC(=O)OCC(COP(=O)(OCCNCC(=O)OCCOCCOCCOCCOCCOCCOCCOCCOCCOCCOCCOCCOCCOCCOCCOCCOCCOCCOCCOCCOCCOCCOCCOCCOCCOCCOCCOCCOCCOCCOCCOCCOCCOCCOCCOCCOCCOCCOCCOCCOCCOCCOCCOC)O)OC(=O)CCCCCCCCCCCCC,2.5,2000.0,35.0,10.0,,,,mRNA,in_vitro,in_vitro,A549,in_vitro,,,,,,,-0.6178041787658596,normalized_luminescence,83.0,0.0,0.0,58.0,1166.941248,130.14,0.0,12.0,18.9531,344.413,0.830985915,2.0,2.0,1167.793,True,True,False,biodegradable acrylate,,,,,,,,,,,,,,,,,,,branched
LNPhub_R0004690,LNPhub_BL_2023,https://www.nature.com/articles/s41587-023-01679-x,LNPhub_BL_2023_LNP_000674,BL_A22-T9,CCCCC#CCCOC(=O)OC(C/C=C\CCCCCCCCOC(=O)CCN(CCC(=O)OCCCCCCCC/C=C\CC(CCCCCC)OC(=O)OCCC#CCCCC)CCc1ccccn1)CCCCCC,Ugi-3CR,C1=CC(=NC=C1)CCN,primary,C=CC(=O)OCCCCCCCC/C=C\CC(CCCCCC)OC(=O)O,ester/carbonate acrylate,1,T9,CCCCC#CCCO,ricinoleic/aliphatic,,,,,,,,,,,,,,,,head–linker–tail,DOPE,[H][C@@](COP([O-])(OCC[NH3+])=O)(OC(CCCCCCC/C=C\\CCCCCCCC)=O)COC(CCCCCCC/C=C\\CCCCCCCC)=O,16.0,Cholesterol,C[C@H](CCCC(C)C)[C@H]1CC[C@@H]2[C@@]1(CC[C@H]3[C@H]2CC=C4[C@@]3(CC[C@@H](C4)O)C)C,46.5,DMPE-PEG2000,CCCCCCCCCCCCCC(=O)OCC(COP(=O)(OCCNCC(=O)OCCOCCOCCOCCOCCOCCOCCOCCOCCOCCOCCOCCOCCOCCOCCOCCOCCOCCOCCOCCOCCOCCOCCOCCOCCOCCOCCOCCOCCOCCOCCOCCOCCOCCOCCOCCOCCOCCOCCOCCOCCOCCOCCOC)O)OC(=O)CCCCCCCCCCCCC,2.5,2000.0,35.0,10.0,,,,mRNA,in_vitro,in_vitro,A549,in_vitro,,,,,,,-0.1426056497092341,normalized_luminescence,79.0,1.0,1.0,51.0,1102.816048,139.79,0.0,12.0,17.2985,321.481,0.746268657,2.0,2.0,1103.621,True,True,False,biodegradable acrylate,,,,,,,,,,,,,,,,,,,cyclic
LNPhub_R0004691,LNPhub_BL_2023,https://www.nature.com/articles/s41587-023-01679-x,LNPhub_BL_2023_LNP_000675,BL_A7-T3,CCCCC/C=C\C/C=C\CCCCCCCCOC(=O)OC(C/C=C\CCCCCCCCOC(=O)CCN(C)CCCCCCN(C)CCC(=O)OCCCCCCCC/C=C\CC(CCCCCC)OC(=O)OCCCCCCCC/C=C\C/C=C\CCCCC)CCCCCC,Ugi-3CR,CNCCCCCCNC,secondary,C=CC(=O)OCCCCCCCC/C=C\CC(CCCCCC)OC(=O)O,ester/carbonate acrylate,1,T3,CCCCCC=CCC=C=CCCCCCCCCO,ricinoleic/aliphatic,,,,,,,,,,,,,,,,head–linker–tail,DOPE,[H][C@@](COP([O-])(OCC[NH3+])=O)(OC(CCCCCCC/C=C\\CCCCCCCC)=O)COC(CCCCCCC/C=C\\CCCCCCCC)=O,16.0,Cholesterol,C[C@H](CCCC(C)C)[C@H]1CC[C@@H]2[C@@]1(CC[C@H]3[C@H]2CC=C4[C@@]3(CC[C@@H](C4)O)C)C,46.5,DMPE-PEG2000,CCCCCCCCCCCCCC(=O)OCC(COP(=O)(OCCNCC(=O)OCCOCCOCCOCCOCCOCCOCCOCCOCCOCCOCCOCCOCCOCCOCCOCCOCCOCCOCCOCCOCCOCCOCCOCCOCCOCCOCCOCCOCCOCCOCCOCCOCCOCCOCCOCCOCCOCCOCCOCCOCCOCCOCCOC)O)OC(=O)CCCCCCCCCCCCC,2.5,2000.0,35.0,10.0,,,,mRNA,in_vitro,in_vitro,A549,in_vitro,,,,,,,0.7364571550353721,normalized_luminescence,100.0,0.0,0.0,77.0,1405.207299,130.14,0.0,12.0,26.2424,425.442,0.818181818,2.0,2.0,1406.252,True,True,False,biodegradable acrylate,,,,,,,,,,,,,,,,,,,linear
LNPhub_R0004692,LNPhub_BL_2023,https://www.nature.com/articles/s41587-023-01679-x,LNPhub_BL_2023_LNP_000676,BL_A2-T1,CCCCCCCCCCCCCCCCCCOC(=O)OC(C/C=C\CCCCCCCCOC(=O)CCN(CCC(=O)OCCCCCCCC/C=C\CC(CCCCCC)OC(=O)OCCCCCCCCCCCCCCCCCC)CCN(C)C)CCCCCC,Ugi-3CR,CN(C)CCN,primary_tertiary,C=CC(=O)OCCCCCCCC/C=C\CC(CCCCCC)OC(=O)O,ester/carbonate acrylate,1,T1,CCCCCCCCCCCCCCCCCCO,ricinoleic/aliphatic,,,,,,,,,,,,,,,,head–linker–tail,DOPE,[H][C@@](COP([O-])(OCC[NH3+])=O)(OC(CCCCCCC/C=C\\CCCCCCCC)=O)COC(CCCCCCC/C=C\\CCCCCCCC)=O,16.0,Cholesterol,C[C@H](CCCC(C)C)[C@H]1CC[C@@H]2[C@@]1(CC[C@H]3[C@H]2CC=C4[C@@]3(CC[C@@H](C4)O)C)C,46.5,DMPE-PEG2000,CCCCCCCCCCCCCC(=O)OCC(COP(=O)(OCCNCC(=O)OCCOCCOCCOCCOCCOCCOCCOCCOCCOCCOCCOCCOCCOCCOCCOCCOCCOCCOCCOCCOCCOCCOCCOCCOCCOCCOCCOCCOCCOCCOCCOCCOCCOCCOCCOCCOCCOCCOCCOCCOCCOCCOCCOC)O)OC(=O)CCCCCCCCCCCCC,2.5,2000.0,35.0,10.0,,,,mRNA,in_vitro,in_vitro,A549,in_vitro,,,,,,,0.6177543644501676,normalized_luminescence,96.0,0.0,0.0,77.0,1357.207299,130.14,0.0,12.0,25.578,407.35,0.904761905,2.0,2.0,1358.208,True,True,False,biodegradable acrylate,,,,,,,,,,,,,,,,,,,branched
LNPhub_R0004693,LNPhub_BL_2023,https://www.nature.com/articles/s41587-023-01679-x,LNPhub_BL_2023_LNP_000677,BL_A25-T7,CCCCCC#CCOC(=O)OC(C/C=C\CCCCCCCCOC(=O)CCN1CCN(c2ccncc2)CC1)CCCCCC,Ugi-3CR,C1=CC(N2CCNCC2)=CN=C1,secondary_tertiary,C=CC(=O)OCCCCCCCC/C=C\CC(CCCCCC)OC(=O)O,ester/carbonate acrylate,1,T7,CCCCCC#CCO,ricinoleic/aliphatic,,,,,,,,,,,,,,,,head–linker–tail,DOPE,[H][C@@](COP([O-])(OCC[NH3+])=O)(OC(CCCCCCC/C=C\\CCCCCCCC)=O)COC(CCCCCCC/C=C\\CCCCCCCC)=O,16.0,Cholesterol,C[C@H](CCCC(C)C)[C@H]1CC[C@@H]2[C@@]1(CC[C@H]3[C@H]2CC=C4[C@@]3(CC[C@@H](C4)O)C)C,46.5,DMPE-PEG2000,CCCCCCCCCCCCCC(=O)OCC(COP(=O)(OCCNCC(=O)OCCOCCOCCOCCOCCOCCOCCOCCOCCOCCOCCOCCOCCOCCOCCOCCOCCOCCOCCOCCOCCOCCOCCOCCOCCOCCOCCOCCOCCOCCOCCOCCOCCOCCOCCOCCOCCOCCOCCOCCOCCOCCOCCOC)O)OC(=O)CCCCCCCCCCCCC,2.5,2000.0,35.0,10.0,,,,mRNA,in_vitro,in_vitro,A549,in_vitro,,,,,,,1.5028985373761747,normalized_luminescence,47.0,2.0,1.0,25.0,653.4767721,81.2,0.0,8.0,8.8898,191.44,0.717948718,1.0,3.0,653.949,True,True,False,biodegradable acrylate,,,,,,,,,,,,,,,,,,,cyclic
LNPhub_R0004694,LNPhub_BL_2023,https://www.nature.com/articles/s41587-023-01679-x,LNPhub_BL_2023_LNP_000678,BL_A3-T4,CCC#CCOC(=O)OC(C/C=C\CCCCCCCCOC(=O)CCN(CCCN(CC)CC)CCC(=O)OCCCCCCCC/C=C\CC(CCCCCC)OC(=O)OCC#CCC)CCCCCC,Ugi-3CR,CCN(CC)CCCN,primary_tertiary,C=CC(=O)OCCCCCCCC/C=C\CC(CCCCCC)OC(=O)O,ester/carbonate acrylate,1,T4,CCC#CCO,ricinoleic/aliphatic,,,,,,,,,,,,,,,,head–linker–tail,DOPE,[H][C@@](COP([O-])(OCC[NH3+])=O)(OC(CCCCCCC/C=C\\CCCCCCCC)=O)COC(CCCCCCC/C=C\\CCCCCCCC)=O,16.0,Cholesterol,C[C@H](CCCC(C)C)[C@H]1CC[C@@H]2[C@@]1(CC[C@H]3[C@H]2CC=C4[C@@]3(CC[C@@H](C4)O)C)C,46.5,DMPE-PEG2000,CCCCCCCCCCCCCC(=O)OCC(COP(=O)(OCCNCC(=O)OCCOCCOCCOCCOCCOCCOCCOCCOCCOCCOCCOCCOCCOCCOCCOCCOCCOCCOCCOCCOCCOCCOCCOCCOCCOCCOCCOCCOCCOCCOCCOCCOCCOCCOCCOCCOCCOCCOCCOCCOCCOCCOCCOC)O)OC(=O)CCCCCCCCCCCCC,2.5,2000.0,35.0,10.0,,,,mRNA,in_vitro,in_vitro,A549,in_vitro,,,,,,,0.032942572791449,normalized_luminescence,73.0,0.0,0.0,48.0,1026.784748,130.14,0.0,12.0,15.0521,298.243,0.803278689,2.0,2.0,1027.523,True,True,False,biodegradable acrylate,,,,,,,,,,,,,,,,,,,branched
LNPhub_R0004695,LNPhub_BL_2023,https://www.nature.com/articles/s41587-023-01679-x,LNPhub_BL_2023_LNP_000679,BL_A51-T6,CCCCC#CCOC(=O)OC(C/C=C\CCCCCCCCOC(=O)CCN1CCC(CO)CC1)CCCCCC,Ugi-3CR,C1CNCCC1CO,secondary,C=CC(=O)OCCCCCCCC/C=C\CC(CCCCCC)OC(=O)O,ester/carbonate acrylate,1,T6,CCCCC#CCO,ricinoleic/aliphatic,,,,,,,,,,,,,,,,head–linker–tail,DOPE,[H][C@@](COP([O-])(OCC[NH3+])=O)(OC(CCCCCCC/C=C\\CCCCCCCC)=O)COC(CCCCCCC/C=C\\CCCCCCCC)=O,16.0,Cholesterol,C[C@H](CCCC(C)C)[C@H]1CC[C@@H]2[C@@]1(CC[C@H]3[C@H]2CC=C4[C@@]3(CC[C@@H](C4)O)C)C,46.5,DMPE-PEG2000,CCCCCCCCCCCCCC(=O)OCC(COP(=O)(OCCNCC(=O)OCCOCCOCCOCCOCCOCCOCCOCCOCCOCCOCCOCCOCCOCCOCCOCCOCCOCCOCCOCCOCCOCCOCCOCCOCCOCCOCCOCCOCCOCCOCCOCCOCCOCCOCCOCCOCCOCCOCCOCCOCCOCCOCCOC)O)OC(=O)CCCCCCCCCCCCC,2.5,2000.0,35.0,10.0,,,,mRNA,in_vitro,in_vitro,A549,in_vitro,,,,,,,0.2390590990077761,normalized_luminescence,42.0,1.0,0.0,24.0,591.4498887,85.3,1.0,7.0,7.9868,170.1828,0.828571429,1.0,1.0,591.874,True,True,False,biodegradable acrylate,,,,,,,,,,,,,,,,,,,cyclic
LNPhub_R0004696,LNPhub_BL_2023,https://www.nature.com/articles/s41587-023-01679-x,LNPhub_BL_2023_LNP_000680,BL_A20-T6,CCCCC#CCOC(=O)OC(C/C=C\CCCCCCCCOC(=O)CCN1CCN=C1C)CCCCCC,Ugi-3CR,C1CN=C(N1)C,secondary,C=CC(=O)OCCCCCCCC/C=C\CC(CCCCCC)OC(=O)O,ester/carbonate acrylate,1,T6,CCCCC#CCO,ricinoleic/aliphatic,,,,,,,,,,,,,,,,head–linker–tail,DOPE,[H][C@@](COP([O-])(OCC[NH3+])=O)(OC(CCCCCCC/C=C\\CCCCCCCC)=O)COC(CCCCCCC/C=C\\CCCCCCCC)=O,16.0,Cholesterol,C[C@H](CCCC(C)C)[C@H]1CC[C@@H]2[C@@]1(CC[C@H]3[C@H]2CC=C4[C@@]3(CC[C@@H](C4)O)C)C,46.5,DMPE-PEG2000,CCCCCCCCCCCCCC(=O)OCC(COP(=O)(OCCNCC(=O)OCCOCCOCCOCCOCCOCCOCCOCCOCCOCCOCCOCCOCCOCCOCCOCCOCCOCCOCCOCCOCCOCCOCCOCCOCCOCCOCCOCCOCCOCCOCCOCCOCCOCCOCCOCCOCCOCCOCCOCCOCCOCCOCCOC)O)OC(=O)CCCCCCCCCCCCC,2.5,2000.0,35.0,10.0,,,,mRNA,in_vitro,in_vitro,A549,in_vitro,,,,,,,0.4877222168392428,normalized_luminescence,40.0,1.0,0.0,23.0,560.4189229,77.43,0.0,7.0,8.0165,163.482,0.787878788,1.0,2.0,560.82,True,True,False,biodegradable acrylate,,,,,,,,,,,,,,,,,,,cyclic
LNPhub_R0004697,LNPhub_BL_2023,https://www.nature.com/articles/s41587-023-01679-x,LNPhub_BL_2023_LNP_000681,BL_A36-T6,CCCCC#CCOC(=O)OC(C/C=C\CCCCCCCCOC(=O)CCN1CCN(CCN(C)C)CC1)CCCCCC,Ugi-3CR,CN(C)CCN1CCNCC1,secondary_tertiary,C=CC(=O)OCCCCCCCC/C=C\CC(CCCCCC)OC(=O)O,ester/carbonate acrylate,1,T6,CCCCC#CCO,ricinoleic/aliphatic,,,,,,,,,,,,,,,,head–linker–tail,DOPE,[H][C@@](COP([O-])(OCC[NH3+])=O)(OC(CCCCCCC/C=C\\CCCCCCCC)=O)COC(CCCCCCC/C=C\\CCCCCCCC)=O,16.0,Cholesterol,C[C@H](CCCC(C)C)[C@H]1CC[C@@H]2[C@@]1(CC[C@H]3[C@H]2CC=C4[C@@]3(CC[C@@H](C4)O)C)C,46.5,DMPE-PEG2000,CCCCCCCCCCCCCC(=O)OCC(COP(=O)(OCCNCC(=O)OCCOCCOCCOCCOCCOCCOCCOCCOCCOCCOCCOCCOCCOCCOCCOCCOCCOCCOCCOCCOCCOCCOCCOCCOCCOCCOCCOCCOCCOCCOCCOCCOCCOCCOCCOCCOCCOCCOCCOCCOCCOCCOCCOC)O)OC(=O)CCCCCCCCCCCCC,2.5,2000.0,35.0,10.0,,,,mRNA,in_vitro,in_vitro,A549,in_vitro,,,,,,,-0.527982333231813,normalized_luminescence,45.0,1.0,0.0,26.0,633.5080722,71.55,0.0,8.0,7.4617,185.367,0.837837838,1.0,3.0,633.959,True,True,False,biodegradable acrylate,,,,,,,,,,,,,,,,,,,cyclic
LNPhub_R0004698,LNPhub_BL_2023,https://www.nature.com/articles/s41587-023-01679-x,LNPhub_BL_2023_LNP_000682,BL_A43-T9,CCCCC#CCCOC(=O)OC(C/C=C\CCCCCCCCOC(=O)CCN(CCC(=O)OCCCCCCCC/C=C\CC(CCCCCC)OC(=O)OCCC#CCCCC)CC1CCCCN1C)CCCCCC,Ugi-3CR,CN1CCCCC1CN,primary_tertiary,C=CC(=O)OCCCCCCCC/C=C\CC(CCCCCC)OC(=O)O,ester/carbonate acrylate,1,T9,CCCCC#CCCO,ricinoleic/aliphatic,,,,,,,,,,,,,,,,head–linker–tail,DOPE,[H][C@@](COP([O-])(OCC[NH3+])=O)(OC(CCCCCCC/C=C\\CCCCCCCC)=O)COC(CCCCCCC/C=C\\CCCCCCCC)=O,16.0,Cholesterol,C[C@H](CCCC(C)C)[C@H]1CC[C@@H]2[C@@]1(CC[C@H]3[C@H]2CC=C4[C@@]3(CC[C@@H](C4)O)C)C,46.5,DMPE-PEG2000,CCCCCCCCCCCCCC(=O)OCC(COP(=O)(OCCNCC(=O)OCCOCCOCCOCCOCCOCCOCCOCCOCCOCCOCCOCCOCCOCCOCCOCCOCCOCCOCCOCCOCCOCCOCCOCCOCCOCCOCCOCCOCCOCCOCCOCCOCCOCCOCCOCCOCCOCCOCCOCCOCCOCCOCCOC)O)OC(=O)CCCCCCCCCCCCC,2.5,2000.0,35.0,10.0,,,,mRNA,in_vitro,in_vitro,A549,in_vitro,,,,,,,-0.5117924586766915,normalized_luminescence,79.0,1.0,0.0,50.0,1108.862998,130.14,0.0,12.0,17.1451,323.809,0.820895522,3.0,2.0,1109.669,True,True,False,biodegradable acrylate,,,,,,,,,,,,,,,,,,,cyclic
LNPhub_R0004699,LNPhub_BL_2023,https://www.nature.com/articles/s41587-023-01679-x,LNPhub_BL_2023_LNP_000081,BL_A19-T8,CCCCCCC#CCOC(=O)OC(C/C=C\CCCCCCCCOC(=O)CCN(CCC(=O)OCCCCCCCC/C=C\CC(CCCCCC)OC(=O)OCC#CCCCCCC)CCN1CCCCC1)CCCCCC,Ugi-3CR,NCCN1CCCCC1,primary_tertiary,C=CC(=O)OCCCCCCCC/C=C\CC(CCCCCC)OC(=O)O,ester/carbonate acrylate,1,T8,CCCCCCC#CCO,ricinoleic/aliphatic,,,,,,,,,,,,,,,,head–linker–tail,DOTAP,[H]C(C[N+](C)(C)C)(OC(CCCCCCC/C=C\CCCCCCCC)=O)COC(CCCCCCC/C=C\CCCCCCCC)=O,39.0,Cholesterol,C[C@H](CCCC(C)C)[C@H]1CC[C@@H]2[C@@]1(CC[C@H]3[C@H]2CC=C4[C@@]3(CC[C@@H](C4)O)C)C,30.0,DMPE-PEG2000,CCCCCCCCCCCCCC(=O)OCC(COP(=O)(OCCNCC(=O)OCCOCCOCCOCCOCCOCCOCCOCCOCCOCCOCCOCCOCCOCCOCCOCCOCCOCCOCCOCCOCCOCCOCCOCCOCCOCCOCCOCCOCCOCCOCCOCCOCCOCCOCCOCCOCCOCCOCCOCCOCCOCCOCCOC)O)OC(=O)CCCCCCCCCCCCC,1.0,2000.0,30.0,7.5,,,,mRNA,intratracheal,in_vivo,Mouse_B6,lung_epithelium,131.6,,,,,,-1.1465560114532949,normalized_luminescence,81.0,1.0,0.0,53.0,1136.894298,130.14,0.0,12.0,17.9269,333.065,0.826086957,2.0,2.0,1137.723,True,True,False,biodegradable acrylate,,,,,,71.0,,,,,,,,,,,,,cyclic
LNPhub_R0004700,LNPhub_BL_2023,https://www.nature.com/articles/s41587-023-01679-x,LNPhub_BL_2023_LNP_000683,BL_A22-T7,CCCCCC#CCOC(=O)OC(C/C=C\CCCCCCCCOC(=O)CCN(CCC(=O)OCCCCCCCC/C=C\CC(CCCCCC)OC(=O)OCC#CCCCCC)CCc1ccccn1)CCCCCC,Ugi-3CR,C1=CC(=NC=C1)CCN,primary,C=CC(=O)OCCCCCCCC/C=C\CC(CCCCCC)OC(=O)O,ester/carbonate acrylate,1,T7,CCCCCC#CCO,ricinoleic/aliphatic,,,,,,,,,,,,,,,,head–linker–tail,DOPE,[H][C@@](COP([O-])(OCC[NH3+])=O)(OC(CCCCCCC/C=C\\CCCCCCCC)=O)COC(CCCCCCC/C=C\\CCCCCCCC)=O,16.0,Cholesterol,C[C@H](CCCC(C)C)[C@H]1CC[C@@H]2[C@@]1(CC[C@H]3[C@H]2CC=C4[C@@]3(CC[C@@H](C4)O)C)C,46.5,DMPE-PEG2000,CCCCCCCCCCCCCC(=O)OCC(COP(=O)(OCCNCC(=O)OCCOCCOCCOCCOCCOCCOCCOCCOCCOCCOCCOCCOCCOCCOCCOCCOCCOCCOCCOCCOCCOCCOCCOCCOCCOCCOCCOCCOCCOCCOCCOCCOCCOCCOCCOCCOCCOCCOCCOCCOCCOCCOCCOC)O)OC(=O)CCCCCCCCCCCCC,2.5,2000.0,35.0,10.0,,,,mRNA,in_vitro,in_vitro,A549,in_vitro,,,,,,,0.4088479274947328,normalized_luminescence,79.0,1.0,1.0,51.0,1102.816048,139.79,0.0,12.0,17.2985,321.481,0.746268657,2.0,2.0,1103.621,True,True,False,biodegradable acrylate,,,,,,,,,,,,,,,,,,,cyclic
LNPhub_R0004701,LNPhub_BL_2023,https://www.nature.com/articles/s41587-023-01679-x,LNPhub_BL_2023_LNP_000684,BL_A29-T3,CCCCC/C=C\C/C=C\CCCCCCCCOC(=O)OC(C/C=C\CCCCCCCCOC(=O)CCN(C)CCN(C)C)CCCCCC,Ugi-3CR,CNCCN(C)C,secondary_tertiary,C=CC(=O)OCCCCCCCC/C=C\CC(CCCCCC)OC(=O)O,ester/carbonate acrylate,1,T3,CCCCCC=CCC=C=CCCCCCCCCO,ricinoleic/aliphatic,,,,,,,,,,,,,,,,head–linker–tail,DOPE,[H][C@@](COP([O-])(OCC[NH3+])=O)(OC(CCCCCCC/C=C\\CCCCCCCC)=O)COC(CCCCCCC/C=C\\CCCCCCCC)=O,16.0,Cholesterol,C[C@H](CCCC(C)C)[C@H]1CC[C@@H]2[C@@]1(CC[C@H]3[C@H]2CC=C4[C@@]3(CC[C@@H](C4)O)C)C,46.5,DMPE-PEG2000,CCCCCCCCCCCCCC(=O)OCC(COP(=O)(OCCNCC(=O)OCCOCCOCCOCCOCCOCCOCCOCCOCCOCCOCCOCCOCCOCCOCCOCCOCCOCCOCCOCCOCCOCCOCCOCCOCCOCCOCCOCCOCCOCCOCCOCCOCCOCCOCCOCCOCCOCCOCCOCCOCCOCCOCCOC)O)OC(=O)CCCCCCCCCCCCC,2.5,2000.0,35.0,10.0,,,,mRNA,in_vitro,in_vitro,A549,in_vitro,,,,,,,0.6802471214836696,normalized_luminescence,52.0,0.0,0.0,38.0,732.6380238,68.31,0.0,7.0,12.3958,222.041,0.822222222,1.0,2.0,733.176,True,True,False,biodegradable acrylate,,,,,,,,,,,,,,,,,,,branched
LNPhub_R0004702,LNPhub_BL_2023,https://www.nature.com/articles/s41587-023-01679-x,LNPhub_BL_2023_LNP_000685,BL_A15-T7,CCCCCC#CCOC(=O)OC(C/C=C\CCCCCCCCOC(=O)CCN(CCCN(C)CCCN(CCC(=O)OCCCCCCCC/C=C\CC(CCCCCC)OC(=O)OCC#CCCCCC)CCC(=O)OCCCCCCCC/C=C\CC(CCCCCC)OC(=O)OCC#CCCCCC)CCC(=O)OCCCCCCCC/C=C\CC(CCCCCC)OC(=O)OCC#CCCCCC)CCCCCC,Ugi-3CR,CN(CCCN)CCCN,primary_tertiary,C=CC(=O)OCCCCCCCC/C=C\CC(CCCCCC)OC(=O)O,ester/carbonate acrylate,1,T7,CCCCCC#CCO,ricinoleic/aliphatic,,,,,,,,,,,,,,,,head–linker–tail,DOPE,[H][C@@](COP([O-])(OCC[NH3+])=O)(OC(CCCCCCC/C=C\\CCCCCCCC)=O)COC(CCCCCCC/C=C\\CCCCCCCC)=O,16.0,Cholesterol,C[C@H](CCCC(C)C)[C@H]1CC[C@@H]2[C@@]1(CC[C@H]3[C@H]2CC=C4[C@@]3(CC[C@@H](C4)O)C)C,46.5,DMPE-PEG2000,CCCCCCCCCCCCCC(=O)OCC(COP(=O)(OCCNCC(=O)OCCOCCOCCOCCOCCOCCOCCOCCOCCOCCOCCOCCOCCOCCOCCOCCOCCOCCOCCOCCOCCOCCOCCOCCOCCOCCOCCOCCOCCOCCOCCOCCOCCOCCOCCOCCOCCOCCOCCOCCOCCOCCOCCOC)O)OC(=O)CCCCCCCCCCCCC,2.5,2000.0,35.0,10.0,,,,mRNA,in_vitro,in_vitro,A549,in_vitro,,,,,,,0.8596073650528387,normalized_luminescence,150.0,0.0,0.0,104.0,2106.621196,257.04,0.0,23.0,33.0472,613.811,0.811023622,4.0,3.0,2108.15,True,True,False,biodegradable acrylate,,,,,,,,,,,,,,,,,,,branched
LNPhub_R0004703,LNPhub_BL_2023,https://www.nature.com/articles/s41587-023-01679-x,LNPhub_BL_2023_LNP_000686,BL_A9-T6,CCCCC#CCOC(=O)OC(C/C=C\CCCCCCCCOC(=O)CCN(CCCN1CCN(C)CC1)CCC(=O)OCCCCCCCC/C=C\CC(CCCCCC)OC(=O)OCC#CCCCC)CCCCCC,Ugi-3CR,CN1CCN(CCCN)CC1,primary_tertiary,C=CC(=O)OCCCCCCCC/C=C\CC(CCCCCC)OC(=O)O,ester/carbonate acrylate,1,T6,CCCCC#CCO,ricinoleic/aliphatic,,,,,,,,,,,,,,,,head–linker–tail,DOPE,[H][C@@](COP([O-])(OCC[NH3+])=O)(OC(CCCCCCC/C=C\\CCCCCCCC)=O)COC(CCCCCCC/C=C\\CCCCCCCC)=O,16.0,Cholesterol,C[C@H](CCCC(C)C)[C@H]1CC[C@@H]2[C@@]1(CC[C@H]3[C@H]2CC=C4[C@@]3(CC[C@@H](C4)O)C)C,46.5,DMPE-PEG2000,CCCCCCCCCCCCCC(=O)OCC(COP(=O)(OCCNCC(=O)OCCOCCOCCOCCOCCOCCOCCOCCOCCOCCOCCOCCOCCOCCOCCOCCOCCOCCOCCOCCOCCOCCOCCOCCOCCOCCOCCOCCOCCOCCOCCOCCOCCOCCOCCOCCOCCOCCOCCOCCOCCOCCOCCOC)O)OC(=O)CCCCCCCCCCCCC,2.5,2000.0,35.0,10.0,,,,mRNA,in_vitro,in_vitro,A549,in_vitro,,,,,,,-0.8615160614657764,normalized_luminescence,79.0,1.0,0.0,50.0,1109.858247,133.38,0.0,13.0,15.5181,322.86,0.818181818,2.0,3.0,1110.657,True,True,False,biodegradable acrylate,,,,,,,,,,,,,,,,,,,cyclic
LNPhub_R0004704,LNPhub_BL_2023,https://www.nature.com/articles/s41587-023-01679-x,LNPhub_BL_2023_LNP_000687,BL_A26-T3,CCCCC/C=C\C/C=C\CCCCCCCCOC(=O)OC(C/C=C\CCCCCCCCOC(=O)CCN(C)CCCn1ccnc1)CCCCCC,Ugi-3CR,CNCCCN1C=CN=C1,secondary,C=CC(=O)OCCCCCCCC/C=C\CC(CCCCCC)OC(=O)O,ester/carbonate acrylate,1,T3,CCCCCC=CCC=C=CCCCCCCCCO,ricinoleic/aliphatic,,,,,,,,,,,,,,,,head–linker–tail,DOPE,[H][C@@](COP([O-])(OCC[NH3+])=O)(OC(CCCCCCC/C=C\\CCCCCCCC)=O)COC(CCCCCCC/C=C\\CCCCCCCC)=O,16.0,Cholesterol,C[C@H](CCCC(C)C)[C@H]1CC[C@@H]2[C@@]1(CC[C@H]3[C@H]2CC=C4[C@@]3(CC[C@@H](C4)O)C)C,46.5,DMPE-PEG2000,CCCCCCCCCCCCCC(=O)OCC(COP(=O)(OCCNCC(=O)OCCOCCOCCOCCOCCOCCOCCOCCOCCOCCOCCOCCOCCOCCOCCOCCOCCOCCOCCOCCOCCOCCOCCOCCOCCOCCOCCOCCOCCOCCOCCOCCOCCOCCOCCOCCOCCOCCOCCOCCOCCOCCOCCOC)O)OC(=O)CCCCCCCCCCCCC,2.5,2000.0,35.0,10.0,,,,mRNA,in_vitro,in_vitro,A549,in_vitro,,,,,,,-0.2283009808550861,normalized_luminescence,55.0,1.0,1.0,39.0,769.6332728,82.89,0.0,8.0,13.121,230.331,0.765957447,1.0,3.0,770.197,True,True,False,biodegradable acrylate,,,,,,,,,,,,,,,,,,,cyclic
LNPhub_R0004705,LNPhub_BL_2023,https://www.nature.com/articles/s41587-023-01679-x,LNPhub_BL_2023_LNP_000688,BL_A68-T10,CCCCCCC#CCCOC(=O)OC(C/C=C\CCCCCCCCOC(=O)CCN(CCC(=O)OCCCCCCCC/C=C\CC(CCCCCC)OC(=O)OCCC#CCCCCCC)CCN1CCCC1)CCCCCC,Ugi-3CR,NCCN1CCCC1,primary_tertiary,C=CC(=O)OCCCCCCCC/C=C\CC(CCCCCC)OC(=O)O,ester/carbonate acrylate,1,T10,CCCCCCC#CCCO,ricinoleic/aliphatic,,,,,,,,,,,,,,,,head–linker–tail,DOPE,[H][C@@](COP([O-])(OCC[NH3+])=O)(OC(CCCCCCC/C=C\\CCCCCCCC)=O)COC(CCCCCCC/C=C\\CCCCCCCC)=O,16.0,Cholesterol,C[C@H](CCCC(C)C)[C@H]1CC[C@@H]2[C@@]1(CC[C@H]3[C@H]2CC=C4[C@@]3(CC[C@@H](C4)O)C)C,46.5,DMPE-PEG2000,CCCCCCCCCCCCCC(=O)OCC(COP(=O)(OCCNCC(=O)OCCOCCOCCOCCOCCOCCOCCOCCOCCOCCOCCOCCOCCOCCOCCOCCOCCOCCOCCOCCOCCOCCOCCOCCOCCOCCOCCOCCOCCOCCOCCOCCOCCOCCOCCOCCOCCOCCOCCOCCOCCOCCOCCOC)O)OC(=O)CCCCCCCCCCCCC,2.5,2000.0,35.0,10.0,,,,mRNA,in_vitro,in_vitro,A549,in_vitro,,,,,,,-0.5799699571371724,normalized_luminescence,82.0,1.0,0.0,55.0,1150.909948,130.14,0.0,12.0,18.317,337.682,0.828571429,2.0,2.0,1151.75,True,True,False,biodegradable acrylate,,,,,,,,,,,,,,,,,,,cyclic
LNPhub_R0004706,LNPhub_BL_2023,https://www.nature.com/articles/s41587-023-01679-x,LNPhub_BL_2023_LNP_000689,BL_A48-T4,CCC#CCOC(=O)OC(C/C=C\CCCCCCCCOC(=O)CCN1CCCN(CCC(=O)OCCCCCCCC/C=C\CC(CCCCCC)OC(=O)OCC#CCC)CCN(CCC(=O)OCCCCCCCC/C=C\CC(CCCCCC)OC(=O)OCC#CCC)CCCN(CCC(=O)OCCCCCCCC/C=C\CC(CCCCCC)OC(=O)OCC#CCC)CC1)CCCCCC,Ugi-3CR,C1CNCCNCCCNCCNC1,secondary,C=CC(=O)OCCCCCCCC/C=C\CC(CCCCCC)OC(=O)O,ester/carbonate acrylate,1,T4,CCC#CCO,ricinoleic/aliphatic,,,,,,,,,,,,,,,,head–linker–tail,DOPE,[H][C@@](COP([O-])(OCC[NH3+])=O)(OC(CCCCCCC/C=C\\CCCCCCCC)=O)COC(CCCCCCC/C=C\\CCCCCCCC)=O,16.0,Cholesterol,C[C@H](CCCC(C)C)[C@H]1CC[C@@H]2[C@@]1(CC[C@H]3[C@H]2CC=C4[C@@]3(CC[C@@H](C4)O)C)C,46.5,DMPE-PEG2000,CCCCCCCCCCCCCC(=O)OCC(COP(=O)(OCCNCC(=O)OCCOCCOCCOCCOCCOCCOCCOCCOCCOCCOCCOCCOCCOCCOCCOCCOCCOCCOCCOCCOCCOCCOCCOCCOCCOCCOCCOCCOCCOCCOCCOCCOCCOCCOCCOCCOCCOCCOCCOCCOCCOCCOCCOC)O)OC(=O)CCCCCCCCCCCCC,2.5,2000.0,35.0,10.0,,,,mRNA,in_vitro,in_vitro,A549,in_vitro,,,,,,,1.202609634137482,normalized_luminescence,142.0,1.0,0.0,84.0,1993.475595,260.28,0.0,24.0,28.0518,573.79,0.796610169,4.0,4.0,1994.906,True,True,False,biodegradable acrylate,,,,,,,,,,,,,,,,,,,macrocyclic
LNPhub_R0004707,LNPhub_BL_2023,https://www.nature.com/articles/s41587-023-01679-x,LNPhub_BL_2023_LNP_000690,BL_A57-T2,CCCCCCCC/C=C\CCCCCCCCOC(=O)OC(C/C=C\CCCCCCCCOC(=O)CCN(C)CCO)CCCCCC,Ugi-3CR,CNCCO,secondary,C=CC(=O)OCCCCCCCC/C=C\CC(CCCCCC)OC(=O)O,ester/carbonate acrylate,1,T2,CCCCCCCCC=CCCCCCCCCO,ricinoleic/aliphatic,,,,,,,,,,,,,,,,head–linker–tail,DOPE,[H][C@@](COP([O-])(OCC[NH3+])=O)(OC(CCCCCCC/C=C\\CCCCCCCC)=O)COC(CCCCCCC/C=C\\CCCCCCCC)=O,16.0,Cholesterol,C[C@H](CCCC(C)C)[C@H]1CC[C@@H]2[C@@]1(CC[C@H]3[C@H]2CC=C4[C@@]3(CC[C@@H](C4)O)C)C,46.5,DMPE-PEG2000,CCCCCCCCCCCCCC(=O)OCC(COP(=O)(OCCNCC(=O)OCCOCCOCCOCCOCCOCCOCCOCCOCCOCCOCCOCCOCCOCCOCCOCCOCCOCCOCCOCCOCCOCCOCCOCCOCCOCCOCCOCCOCCOCCOCCOCCOCCOCCOCCOCCOCCOCCOCCOCCOCCOCCOCCOC)O)OC(=O)CCCCCCCCCCCCC,2.5,2000.0,35.0,10.0,,,,mRNA,in_vitro,in_vitro,A549,in_vitro,,,,,,,-0.9147954411455758,normalized_luminescence,50.0,0.0,0.0,38.0,707.6063893,85.3,1.0,7.0,12.0505,210.6668,0.860465116,1.0,1.0,708.122,True,True,False,biodegradable acrylate,,,,,,,,,,,,,,,,,,,linear
LNPhub_R0004708,LNPhub_BL_2023,https://www.nature.com/articles/s41587-023-01679-x,LNPhub_BL_2023_LNP_000691,BL_A72-T9,CCCCC#CCCOC(=O)OC(C/C=C\CCCCCCCCOC(=O)CCN1CCC1c1ccccc1)CCCCCC,Ugi-3CR,C1=CC=C(C=C1)C2CCN2,secondary,C=CC(=O)OCCCCCCCC/C=C\CC(CCCCCC)OC(=O)O,ester/carbonate acrylate,1,T9,CCCCC#CCCO,ricinoleic/aliphatic,,,,,,,,,,,,,,,,head–linker–tail,DOPE,[H][C@@](COP([O-])(OCC[NH3+])=O)(OC(CCCCCCC/C=C\\CCCCCCCC)=O)COC(CCCCCCC/C=C\\CCCCCCCC)=O,16.0,Cholesterol,C[C@H](CCCC(C)C)[C@H]1CC[C@@H]2[C@@]1(CC[C@H]3[C@H]2CC=C4[C@@]3(CC[C@@H](C4)O)C)C,46.5,DMPE-PEG2000,CCCCCCCCCCCCCC(=O)OCC(COP(=O)(OCCNCC(=O)OCCOCCOCCOCCOCCOCCOCCOCCOCCOCCOCCOCCOCCOCCOCCOCCOCCOCCOCCOCCOCCOCCOCCOCCOCCOCCOCCOCCOCCOCCOCCOCCOCCOCCOCCOCCOCCOCCOCCOCCOCCOCCOCCOC)O)OC(=O)CCCCCCCCCCCCC,2.5,2000.0,35.0,10.0,,,,mRNA,in_vitro,in_vitro,A549,in_vitro,,,,,,,-0.1723451000108735,normalized_luminescence,45.0,2.0,1.0,25.0,623.4549741,65.07,0.0,6.0,10.1196,183.923,0.692307692,2.0,1.0,623.919,True,True,False,biodegradable acrylate,,,,,,,,,,,,,,,,,,,cyclic
LNPhub_R0004709,LNPhub_BL_2023,https://www.nature.com/articles/s41587-023-01679-x,LNPhub_BL_2023_LNP_000692,BL_A11-T2,CCCCCCCC/C=C\CCCCCCCCOC(=O)OC(C/C=C\CCCCCCCCOC(=O)CCN1CCC(CCCC2CCN(CCO)CC2)CC1)CCCCCC,Ugi-3CR,C(CC1CCNCC1)CC2CCN(CC2)CCO,secondary_tertiary,C=CC(=O)OCCCCCCCC/C=C\CC(CCCCCC)OC(=O)O,ester/carbonate acrylate,1,T2,CCCCCCCCC=CCCCCCCCCO,ricinoleic/aliphatic,,,,,,,,,,,,,,,,head–linker–tail,DOPE,[H][C@@](COP([O-])(OCC[NH3+])=O)(OC(CCCCCCC/C=C\\CCCCCCCC)=O)COC(CCCCCCC/C=C\\CCCCCCCC)=O,16.0,Cholesterol,C[C@H](CCCC(C)C)[C@H]1CC[C@@H]2[C@@]1(CC[C@H]3[C@H]2CC=C4[C@@]3(CC[C@@H](C4)O)C)C,46.5,DMPE-PEG2000,CCCCCCCCCCCCCC(=O)OCC(COP(=O)(OCCNCC(=O)OCCOCCOCCOCCOCCOCCOCCOCCOCCOCCOCCOCCOCCOCCOCCOCCOCCOCCOCCOCCOCCOCCOCCOCCOCCOCCOCCOCCOCCOCCOCCOCCOCCOCCOCCOCCOCCOCCOCCOCCOCCOCCOCCOC)O)OC(=O)CCCCCCCCCCCCC,2.5,2000.0,35.0,10.0,,,,mRNA,in_vitro,in_vitro,A549,in_vitro,,,,,,,2.42278805782277,normalized_luminescence,63.0,2.0,0.0,42.0,886.773789,88.54,1.0,8.0,14.713,265.3488,0.890909091,1.0,2.0,887.429,True,True,False,biodegradable acrylate,,,,,,,,,,,,,,,,,,,cyclic-dendrimer
LNPhub_R0004710,LNPhub_BL_2023,https://www.nature.com/articles/s41587-023-01679-x,LNPhub_BL_2023_LNP_000693,BL_A1-T2,CCCCCCCC/C=C\CCCCCCCCOC(=O)OC(C/C=C\CCCCCCCCOC(=O)CCN(CCCN(C)C)CCC(=O)OCCCCCCCC/C=C\CC(CCCCCC)OC(=O)OCCCCCCCC/C=C\CCCCCCCC)CCCCCC,Ugi-3CR,CN(C)CCCN,primary_tertiary,C=CC(=O)OCCCCCCCC/C=C\CC(CCCCCC)OC(=O)O,ester/carbonate acrylate,1,T2,CCCCCCCCC=CCCCCCCCCO,ricinoleic/aliphatic,,,,,,,,,,,,,,,,head–linker–tail,DOTAP,[H]C(C[N+](C)(C)C)(OC(CCCCCCC/C=C\CCCCCCCC)=O)COC(CCCCCCC/C=C\CCCCCCCC)=O,39.0,Cholesterol,C[C@H](CCCC(C)C)[C@H]1CC[C@@H]2[C@@]1(CC[C@H]3[C@H]2CC=C4[C@@]3(CC[C@@H](C4)O)C)C,30.0,DMPE-PEG2000,CCCCCCCCCCCCCC(=O)OCC(COP(=O)(OCCNCC(=O)OCCOCCOCCOCCOCCOCCOCCOCCOCCOCCOCCOCCOCCOCCOCCOCCOCCOCCOCCOCCOCCOCCOCCOCCOCCOCCOCCOCCOCCOCCOCCOCCOCCOCCOCCOCCOCCOCCOCCOCCOCCOCCOCCOC)O)OC(=O)CCCCCCCCCCCCC,1.0,2000.0,30.0,7.5,,,,mRNA,intramuscular,in_vivo,Mouse_B6,muscle,,,,,,,-0.5617387082260293,normalized_luminescence,97.0,0.0,0.0,76.0,1367.191649,130.14,0.0,12.0,25.5201,411.779,0.858823529,2.0,2.0,1368.203,True,True,False,biodegradable acrylate,,,,,,,,,,,,,,,,,,,branched
LNPhub_R0004711,LNPhub_BL_2023,https://www.nature.com/articles/s41587-023-01679-x,LNPhub_BL_2023_LNP_000694,BL_A58-T2,CCCCCCCC/C=C\CCCCCCCCOC(=O)OC(C/C=C\CCCCCCCCOC(=O)CCN(CCCCCO)CCC(=O)OCCCCCCCC/C=C\CC(CCCCCC)OC(=O)OCCCCCCCC/C=C\CCCCCCCC)CCCCCC,Ugi-3CR,C(CCN)CCO,primary,C=CC(=O)OCCCCCCCC/C=C\CC(CCCCCC)OC(=O)O,ester/carbonate acrylate,1,T2,CCCCCCCCC=CCCCCCCCCO,ricinoleic/aliphatic,,,,,,,,,,,,,,,,head–linker–tail,DOPE,[H][C@@](COP([O-])(OCC[NH3+])=O)(OC(CCCCCCC/C=C\\CCCCCCCC)=O)COC(CCCCCCC/C=C\\CCCCCCCC)=O,16.0,Cholesterol,C[C@H](CCCC(C)C)[C@H]1CC[C@@H]2[C@@]1(CC[C@H]3[C@H]2CC=C4[C@@]3(CC[C@@H](C4)O)C)C,46.5,DMPE-PEG2000,CCCCCCCCCCCCCC(=O)OCC(COP(=O)(OCCNCC(=O)OCCOCCOCCOCCOCCOCCOCCOCCOCCOCCOCCOCCOCCOCCOCCOCCOCCOCCOCCOCCOCCOCCOCCOCCOCCOCCOCCOCCOCCOCCOCCOCCOCCOCCOCCOCCOCCOCCOCCOCCOCCOCCOCCOC)O)OC(=O)CCCCCCCCCCCCC,2.5,2000.0,35.0,10.0,,,,mRNA,in_vitro,in_vitro,A549,in_vitro,,,,,,,-0.881325943294215,normalized_luminescence,97.0,0.0,0.0,77.0,1368.175665,147.13,1.0,12.0,25.731,409.5448,0.858823529,2.0,1.0,1369.187,True,True,False,biodegradable acrylate,,,,,,,,,,,,,,,,,,,linear
LNPhub_R0004712,LNPhub_BL_2023,https://www.nature.com/articles/s41587-023-01679-x,LNPhub_BL_2023_LNP_000695,BL_A44-T4,CCC#CCOC(=O)OC(C/C=C\CCCCCCCCOC(=O)CCN(CCC(=O)OCCCCCCCC/C=C\CC(CCCCCC)OC(=O)OCC#CCC)CCC1CCCCN1C(C)C)CCCCCC,Ugi-3CR,CC(C)N1CCCCC1CCN,primary_tertiary,C=CC(=O)OCCCCCCCC/C=C\CC(CCCCCC)OC(=O)O,ester/carbonate acrylate,1,T4,CCC#CCO,ricinoleic/aliphatic,,,,,,,,,,,,,,,,head–linker–tail,DOPE,[H][C@@](COP([O-])(OCC[NH3+])=O)(OC(CCCCCCC/C=C\\CCCCCCCC)=O)COC(CCCCCCC/C=C\\CCCCCCCC)=O,16.0,Cholesterol,C[C@H](CCCC(C)C)[C@H]1CC[C@@H]2[C@@]1(CC[C@H]3[C@H]2CC=C4[C@@]3(CC[C@@H](C4)O)C)C,46.5,DMPE-PEG2000,CCCCCCCCCCCCCC(=O)OCC(COP(=O)(OCCNCC(=O)OCCOCCOCCOCCOCCOCCOCCOCCOCCOCCOCCOCCOCCOCCOCCOCCOCCOCCOCCOCCOCCOCCOCCOCCOCCOCCOCCOCCOCCOCCOCCOCCOCCOCCOCCOCCOCCOCCOCCOCCOCCOCCOCCOC)O)OC(=O)CCCCCCCCCCCCC,2.5,2000.0,35.0,10.0,,,,mRNA,in_vitro,in_vitro,A549,in_vitro,,,,,,,1.2990133837666276,normalized_luminescence,76.0,1.0,0.0,46.0,1066.816048,130.14,0.0,12.0,15.9732,309.936,0.8125,3.0,2.0,1067.588,True,True,False,biodegradable acrylate,,,,,,,,,,,,,,,,,,,cyclic-dendrimer
LNPhub_R0004713,LNPhub_BL_2023,https://www.nature.com/articles/s41587-023-01679-x,LNPhub_BL_2023_LNP_000696,BL_A26-T7,CCCCCC#CCOC(=O)OC(C/C=C\CCCCCCCCOC(=O)CCN(C)CCCn1ccnc1)CCCCCC,Ugi-3CR,CNCCCN1C=CN=C1,secondary,C=CC(=O)OCCCCCCCC/C=C\CC(CCCCCC)OC(=O)O,ester/carbonate acrylate,1,T7,CCCCCC#CCO,ricinoleic/aliphatic,,,,,,,,,,,,,,,,head–linker–tail,DOPE,[H][C@@](COP([O-])(OCC[NH3+])=O)(OC(CCCCCCC/C=C\\CCCCCCCC)=O)COC(CCCCCCC/C=C\\CCCCCCCC)=O,16.0,Cholesterol,C[C@H](CCCC(C)C)[C@H]1CC[C@@H]2[C@@]1(CC[C@H]3[C@H]2CC=C4[C@@]3(CC[C@@H](C4)O)C)C,46.5,DMPE-PEG2000,CCCCCCCCCCCCCC(=O)OCC(COP(=O)(OCCNCC(=O)OCCOCCOCCOCCOCCOCCOCCOCCOCCOCCOCCOCCOCCOCCOCCOCCOCCOCCOCCOCCOCCOCCOCCOCCOCCOCCOCCOCCOCCOCCOCCOCCOCCOCCOCCOCCOCCOCCOCCOCCOCCOCCOCCOC)O)OC(=O)CCCCCCCCCCCCC,2.5,2000.0,35.0,10.0,,,,mRNA,in_vitro,in_vitro,A549,in_vitro,,,,,,,0.649280221734185,normalized_luminescence,45.0,1.0,1.0,28.0,629.4767721,82.89,0.0,8.0,8.8912,182.891,0.756756757,1.0,3.0,629.927,True,True,False,biodegradable acrylate,,,,,,,,,,,,,,,,,,,cyclic
LNPhub_R0004714,LNPhub_BL_2023,https://www.nature.com/articles/s41587-023-01679-x,LNPhub_BL_2023_LNP_000697,BL_A1-T3,CCCCC/C=C\C/C=C\CCCCCCCCOC(=O)OC(C/C=C\CCCCCCCCOC(=O)CCN(CCCN(C)C)CCC(=O)OCCCCCCCC/C=C\CC(CCCCCC)OC(=O)OCCCCCCCC/C=C\C/C=C\CCCCC)CCCCCC,Ugi-3CR,CN(C)CCCN,primary_tertiary,C=CC(=O)OCCCCCCCC/C=C\CC(CCCCCC)OC(=O)O,ester/carbonate acrylate,1,T3,CCCCCC=CCC=C=CCCCCCCCCO,ricinoleic/aliphatic,,,,,,,,,,,,,,,,head–linker–tail,DOPE,[H][C@@](COP([O-])(OCC[NH3+])=O)(OC(CCCCCCC/C=C\\CCCCCCCC)=O)COC(CCCCCCC/C=C\\CCCCCCCC)=O,16.0,Cholesterol,C[C@H](CCCC(C)C)[C@H]1CC[C@@H]2[C@@]1(CC[C@H]3[C@H]2CC=C4[C@@]3(CC[C@@H](C4)O)C)C,46.5,DMPE-PEG2000,CCCCCCCCCCCCCC(=O)OCC(COP(=O)(OCCNCC(=O)OCCOCCOCCOCCOCCOCCOCCOCCOCCOCCOCCOCCOCCOCCOCCOCCOCCOCCOCCOCCOCCOCCOCCOCCOCCOCCOCCOCCOCCOCCOCCOCCOCCOCCOCCOCCOCCOCCOCCOCCOCCOCCOCCOC)O)OC(=O)CCCCCCCCCCCCC,2.5,2000.0,35.0,10.0,,,,mRNA,in_vitro,in_vitro,A549,in_vitro,,,,,,,1.724430992226624,normalized_luminescence,97.0,0.0,0.0,74.0,1363.160349,130.14,0.0,12.0,25.0721,411.591,0.811764706,2.0,2.0,1364.171,True,True,False,biodegradable acrylate,,,,,,,,,,,,,,,,,,,branched
LNPhub_R0004715,LNPhub_BL_2023,https://www.nature.com/articles/s41587-023-01679-x,LNPhub_BL_2023_LNP_000698,BL_A49-T6,CCCCC#CCOC(=O)OC(C/C=C\CCCCCCCCOC(=O)CCN(CCC(=O)OCCCCCCCC/C=C\CC(CCCCCC)OC(=O)OCC#CCCCC)CCN1CCCCCC1)CCCCCC,Ugi-3CR,C1CCCN(CC1)CCN,primary_tertiary,C=CC(=O)OCCCCCCCC/C=C\CC(CCCCCC)OC(=O)O,ester/carbonate acrylate,1,T6,CCCCC#CCO,ricinoleic/aliphatic,,,,,,,,,,,,,,,,head–linker–tail,DOPE,[H][C@@](COP([O-])(OCC[NH3+])=O)(OC(CCCCCCC/C=C\\CCCCCCCC)=O)COC(CCCCCCC/C=C\\CCCCCCCC)=O,16.0,Cholesterol,C[C@H](CCCC(C)C)[C@H]1CC[C@@H]2[C@@]1(CC[C@H]3[C@H]2CC=C4[C@@]3(CC[C@@H](C4)O)C)C,46.5,DMPE-PEG2000,CCCCCCCCCCCCCC(=O)OCC(COP(=O)(OCCNCC(=O)OCCOCCOCCOCCOCCOCCOCCOCCOCCOCCOCCOCCOCCOCCOCCOCCOCCOCCOCCOCCOCCOCCOCCOCCOCCOCCOCCOCCOCCOCCOCCOCCOCCOCCOCCOCCOCCOCCOCCOCCOCCOCCOCCOC)O)OC(=O)CCCCCCCCCCCCC,2.5,2000.0,35.0,10.0,,,,mRNA,in_vitro,in_vitro,A549,in_vitro,,,,,,,-0.6711437572456214,normalized_luminescence,78.0,1.0,0.0,49.0,1094.847348,130.14,0.0,12.0,16.7566,319.214,0.818181818,2.0,2.0,1095.642,True,True,False,biodegradable acrylate,,,,,,,,,,,,,,,,,,,cyclic
LNPhub_R0004716,LNPhub_BL_2023,https://www.nature.com/articles/s41587-023-01679-x,LNPhub_BL_2023_LNP_000699,BL_A42-T5,CCCC#CCOC(=O)OC(C/C=C\CCCCCCCCOC(=O)CCN1CCCCC1CCO)CCCCCC,Ugi-3CR,C1CCNC(C1)CCO,secondary,C=CC(=O)OCCCCCCCC/C=C\CC(CCCCCC)OC(=O)O,ester/carbonate acrylate,1,T5,CCCC#CCO,ricinoleic/aliphatic,,,,,,,,,,,,,,,,head–linker–tail,DOPE,[H][C@@](COP([O-])(OCC[NH3+])=O)(OC(CCCCCCC/C=C\\CCCCCCCC)=O)COC(CCCCCCC/C=C\\CCCCCCCC)=O,16.0,Cholesterol,C[C@H](CCCC(C)C)[C@H]1CC[C@@H]2[C@@]1(CC[C@H]3[C@H]2CC=C4[C@@]3(CC[C@@H](C4)O)C)C,46.5,DMPE-PEG2000,CCCCCCCCCCCCCC(=O)OCC(COP(=O)(OCCNCC(=O)OCCOCCOCCOCCOCCOCCOCCOCCOCCOCCOCCOCCOCCOCCOCCOCCOCCOCCOCCOCCOCCOCCOCCOCCOCCOCCOCCOCCOCCOCCOCCOCCOCCOCCOCCOCCOCCOCCOCCOCCOCCOCCOCCOC)O)OC(=O)CCCCCCCCCCCCC,2.5,2000.0,35.0,10.0,,,,mRNA,in_vitro,in_vitro,A549,in_vitro,,,,,,,-0.3449126622184598,normalized_luminescence,42.0,1.0,0.0,24.0,591.4498887,85.3,1.0,7.0,8.1293,170.2308,0.828571429,2.0,1.0,591.874,True,True,False,biodegradable acrylate,,,,,,,,,,,,,,,,,,,cyclic
LNPhub_R0004717,LNPhub_BL_2023,https://www.nature.com/articles/s41587-023-01679-x,LNPhub_BL_2023_LNP_000700,BL_A9-T4,CCC#CCOC(=O)OC(C/C=C\CCCCCCCCOC(=O)CCN(CCCN1CCN(C)CC1)CCC(=O)OCCCCCCCC/C=C\CC(CCCCCC)OC(=O)OCC#CCC)CCCCCC,Ugi-3CR,CN1CCN(CCCN)CC1,primary_tertiary,C=CC(=O)OCCCCCCCC/C=C\CC(CCCCCC)OC(=O)O,ester/carbonate acrylate,1,T4,CCC#CCO,ricinoleic/aliphatic,,,,,,,,,,,,,,,,head–linker–tail,DOPE,[H][C@@](COP([O-])(OCC[NH3+])=O)(OC(CCCCCCC/C=C\\CCCCCCCC)=O)COC(CCCCCCC/C=C\\CCCCCCCC)=O,16.0,Cholesterol,C[C@H](CCCC(C)C)[C@H]1CC[C@@H]2[C@@]1(CC[C@H]3[C@H]2CC=C4[C@@]3(CC[C@@H](C4)O)C)C,46.5,DMPE-PEG2000,CCCCCCCCCCCCCC(=O)OCC(COP(=O)(OCCNCC(=O)OCCOCCOCCOCCOCCOCCOCCOCCOCCOCCOCCOCCOCCOCCOCCOCCOCCOCCOCCOCCOCCOCCOCCOCCOCCOCCOCCOCCOCCOCCOCCOCCOCCOCCOCCOCCOCCOCCOCCOCCOCCOCCOCCOC)O)OC(=O)CCCCCCCCCCCCC,2.5,2000.0,35.0,10.0,,,,mRNA,in_vitro,in_vitro,A549,in_vitro,,,,,,,-0.5113667151504763,normalized_luminescence,75.0,1.0,0.0,46.0,1053.795647,133.38,0.0,13.0,13.9577,304.392,0.806451613,2.0,3.0,1054.549,True,True,False,biodegradable acrylate,,,,,,,,,,,,,,,,,,,cyclic
LNPhub_R0004718,LNPhub_BL_2023,https://www.nature.com/articles/s41587-023-01679-x,LNPhub_BL_2023_LNP_000701,BL_A53-T8,CCCCCCC#CCOC(=O)OC(C/C=C\CCCCCCCCOC(=O)CCN1CCC(O)CC1)CCCCCC,Ugi-3CR,C1CNCCC1O,secondary,C=CC(=O)OCCCCCCCC/C=C\CC(CCCCCC)OC(=O)O,ester/carbonate acrylate,1,T8,CCCCCCC#CCO,ricinoleic/aliphatic,,,,,,,,,,,,,,,,head–linker–tail,DOPE,[H][C@@](COP([O-])(OCC[NH3+])=O)(OC(CCCCCCC/C=C\\CCCCCCCC)=O)COC(CCCCCCC/C=C\\CCCCCCCC)=O,16.0,Cholesterol,C[C@H](CCCC(C)C)[C@H]1CC[C@@H]2[C@@]1(CC[C@H]3[C@H]2CC=C4[C@@]3(CC[C@@H](C4)O)C)C,46.5,DMPE-PEG2000,CCCCCCCCCCCCCC(=O)OCC(COP(=O)(OCCNCC(=O)OCCOCCOCCOCCOCCOCCOCCOCCOCCOCCOCCOCCOCCOCCOCCOCCOCCOCCOCCOCCOCCOCCOCCOCCOCCOCCOCCOCCOCCOCCOCCOCCOCCOCCOCCOCCOCCOCCOCCOCCOCCOCCOCCOC)O)OC(=O)CCCCCCCCCCCCC,2.5,2000.0,35.0,10.0,,,,mRNA,in_vitro,in_vitro,A549,in_vitro,,,,,,,-0.0830143402631411,normalized_luminescence,43.0,1.0,0.0,25.0,605.4655387,85.3,1.0,7.0,8.5194,174.8478,0.833333333,1.0,1.0,605.901,True,True,False,biodegradable acrylate,,,,,,,,,,,,,,,,,,,cyclic
LNPhub_R0004719,LNPhub_BL_2023,https://www.nature.com/articles/s41587-023-01679-x,LNPhub_BL_2023_LNP_000702,BL_A34-T3,CCCCC/C=C\C/C=C\CCCCCCCCOC(=O)OC(C/C=C\CCCCCCCCOC(=O)CCN(CCCN(CCC(=O)OCCCCCCCC/C=C\CC(CCCCCC)OC(=O)OCCCCCCCC/C=C\C/C=C\CCCCC)CCN(CCCN(CCC(=O)OCCCCCCCC/C=C\CC(CCCCCC)OC(=O)OCCCCCCCC/C=C\C/C=C\CCCCC)CCC(=O)OCCCCCCCC/C=C\CC(CCCCCC)OC(=O)OCCCCCCCC/C=C\C/C=C\CCCCC)CCC(=O)OCCCCCCCC/C=C\CC(CCCCCC)OC(=O)OCCCCCCCC/C=C\C/C=C\CCCCC)CCC(=O)OCCCCCCCC/C=C\CC(CCCCCC)OC(=O)OCCCCCCCC/C=C\C/C=C\CCCCC)CCCCCC,Ugi-3CR,C(CN)CNCCNCCCN,primary_secondary,C=CC(=O)OCCCCCCCC/C=C\CC(CCCCCC)OC(=O)O,ester/carbonate acrylate,1,T3,CCCCCC=CCC=C=CCCCCCCCCO,ricinoleic/aliphatic,,,,,,,,,,,,,,,,head–linker–tail,DOPE,[H][C@@](COP([O-])(OCC[NH3+])=O)(OC(CCCCCCC/C=C\\CCCCCCCC)=O)COC(CCCCCCC/C=C\\CCCCCCCC)=O,16.0,Cholesterol,C[C@H](CCCC(C)C)[C@H]1CC[C@@H]2[C@@]1(CC[C@H]3[C@H]2CC=C4[C@@]3(CC[C@@H](C4)O)C)C,46.5,DMPE-PEG2000,CCCCCCCCCCCCCC(=O)OCC(COP(=O)(OCCNCC(=O)OCCOCCOCCOCCOCCOCCOCCOCCOCCOCCOCCOCCOCCOCCOCCOCCOCCOCCOCCOCCOCCOCCOCCOCCOCCOCCOCCOCCOCCOCCOCCOCCOCCOCCOCCOCCOCCOCCOCCOCCOCCOCCOCCOC)O)OC(=O)CCCCCCCCCCCCC,2.5,2000.0,35.0,10.0,,,,mRNA,in_vitro,in_vitro,A549,in_vitro,,,,,,,1.2494727544837456,normalized_luminescence,282.0,0.0,0.0,221.0,3957.318399,383.94,0.0,34.0,74.4706,1190.934,0.806451613,6.0,4.0,3960.262,True,True,False,biodegradable acrylate,,,,,,,,,,,,,,,,,,,linear
LNPhub_R0004720,LNPhub_BL_2023,https://www.nature.com/articles/s41587-023-01679-x,LNPhub_BL_2023_LNP_000703,BL_A23-T8,CCCCCCC#CCOC(=O)OC(C/C=C\CCCCCCCCOC(=O)CCN1CCN(c2ccccn2)CC1)CCCCCC,Ugi-3CR,C1=CC(=NC=C1)N2CCNCC2,secondary_tertiary,C=CC(=O)OCCCCCCCC/C=C\CC(CCCCCC)OC(=O)O,ester/carbonate acrylate,1,T8,CCCCCCC#CCO,ricinoleic/aliphatic,,,,,,,,,,,,,,,,head–linker–tail,DOPE,[H][C@@](COP([O-])(OCC[NH3+])=O)(OC(CCCCCCC/C=C\\CCCCCCCC)=O)COC(CCCCCCC/C=C\\CCCCCCCC)=O,16.0,Cholesterol,C[C@H](CCCC(C)C)[C@H]1CC[C@@H]2[C@@]1(CC[C@H]3[C@H]2CC=C4[C@@]3(CC[C@@H](C4)O)C)C,46.5,DMPE-PEG2000,CCCCCCCCCCCCCC(=O)OCC(COP(=O)(OCCNCC(=O)OCCOCCOCCOCCOCCOCCOCCOCCOCCOCCOCCOCCOCCOCCOCCOCCOCCOCCOCCOCCOCCOCCOCCOCCOCCOCCOCCOCCOCCOCCOCCOCCOCCOCCOCCOCCOCCOCCOCCOCCOCCOCCOCCOC)O)OC(=O)CCCCCCCCCCCCC,2.5,2000.0,35.0,10.0,,,,mRNA,in_vitro,in_vitro,A549,in_vitro,,,,,,,0.0283540813426479,normalized_luminescence,48.0,2.0,1.0,26.0,667.4924222,81.2,0.0,8.0,9.2799,196.057,0.725,1.0,3.0,667.976,True,True,False,biodegradable acrylate,,,,,,,,,,,,,,,,,,,cyclic
LNPhub_R0004721,LNPhub_BL_2023,https://www.nature.com/articles/s41587-023-01679-x,LNPhub_BL_2023_LNP_000704,BL_A50-T1,CCCCCCCCCCCCCCCCCCOC(=O)OC(C/C=C\CCCCCCCCOC(=O)CCN1CCCCC1CO)CCCCCC,Ugi-3CR,C1CCNC(C1)CO,secondary,C=CC(=O)OCCCCCCCC/C=C\CC(CCCCCC)OC(=O)O,ester/carbonate acrylate,1,T1,CCCCCCCCCCCCCCCCCCO,ricinoleic/aliphatic,,,,,,,,,,,,,,,,head–linker–tail,DOPE,[H][C@@](COP([O-])(OCC[NH3+])=O)(OC(CCCCCCC/C=C\\CCCCCCCC)=O)COC(CCCCCCC/C=C\\CCCCCCCC)=O,16.0,Cholesterol,C[C@H](CCCC(C)C)[C@H]1CC[C@@H]2[C@@]1(CC[C@H]3[C@H]2CC=C4[C@@]3(CC[C@@H](C4)O)C)C,46.5,DMPE-PEG2000,CCCCCCCCCCCCCC(=O)OCC(COP(=O)(OCCNCC(=O)OCCOCCOCCOCCOCCOCCOCCOCCOCCOCCOCCOCCOCCOCCOCCOCCOCCOCCOCCOCCOCCOCCOCCOCCOCCOCCOCCOCCOCCOCCOCCOCCOCCOCCOCCOCCOCCOCCOCCOCCOCCOCCOCCOC)O)OC(=O)CCCCCCCCCCCCC,2.5,2000.0,35.0,10.0,,,,mRNA,in_vitro,in_vitro,A549,in_vitro,,,,,,,-0.8963952978601004,normalized_luminescence,53.0,1.0,0.0,38.0,749.6533395,85.3,1.0,7.0,13.1972,222.4758,0.913043478,2.0,1.0,750.203,True,True,False,biodegradable acrylate,,,,,,,,,,,,,,,,,,,cyclic
LNPhub_R0004722,LNPhub_BL_2023,https://www.nature.com/articles/s41587-023-01679-x,LNPhub_BL_2023_LNP_000705,BL_A21-T4,CCC#CCOC(=O)OC(C/C=C\CCCCCCCCOC(=O)CCN(C)CCOCCOCCN(C)CCC(=O)OCCCCCCCC/C=C\CC(CCCCCC)OC(=O)OCC#CCC)CCCCCC,Ugi-3CR,CNCCOCCOCCNC,secondary,C=CC(=O)OCCCCCCCC/C=C\CC(CCCCCC)OC(=O)O,ester/carbonate acrylate,1,T4,CCC#CCO,ricinoleic/aliphatic,,,,,,,,,,,,,,,,head–linker–tail,DOPE,[H][C@@](COP([O-])(OCC[NH3+])=O)(OC(CCCCCCC/C=C\\CCCCCCCC)=O)COC(CCCCCCC/C=C\\CCCCCCCC)=O,16.0,Cholesterol,C[C@H](CCCC(C)C)[C@H]1CC[C@@H]2[C@@]1(CC[C@H]3[C@H]2CC=C4[C@@]3(CC[C@@H](C4)O)C)C,46.5,DMPE-PEG2000,CCCCCCCCCCCCCC(=O)OCC(COP(=O)(OCCNCC(=O)OCCOCCOCCOCCOCCOCCOCCOCCOCCOCCOCCOCCOCCOCCOCCOCCOCCOCCOCCOCCOCCOCCOCCOCCOCCOCCOCCOCCOCCOCCOCCOCCOCCOCCOCCOCCOCCOCCOCCOCCOCCOCCOCCOC)O)OC(=O)CCCCCCCCCCCCC,2.5,2000.0,35.0,10.0,,,,mRNA,in_vitro,in_vitro,A549,in_vitro,,,,,,,0.0030306948781953,normalized_luminescence,76.0,0.0,0.0,51.0,1072.790227,148.6,0.0,14.0,13.915,306.03,0.806451613,2.0,2.0,1073.548,True,True,False,biodegradable acrylate,,,,,,,,,,,,,,,,,,,linear
LNPhub_R0004723,LNPhub_BL_2023,https://www.nature.com/articles/s41587-023-01679-x,LNPhub_BL_2023_LNP_000706,BL_A15-T4,CCC#CCOC(=O)OC(C/C=C\CCCCCCCCOC(=O)CCN(CCCN(C)CCCN(CCC(=O)OCCCCCCCC/C=C\CC(CCCCCC)OC(=O)OCC#CCC)CCC(=O)OCCCCCCCC/C=C\CC(CCCCCC)OC(=O)OCC#CCC)CCC(=O)OCCCCCCCC/C=C\CC(CCCCCC)OC(=O)OCC#CCC)CCCCCC,Ugi-3CR,CN(CCCN)CCCN,primary_tertiary,C=CC(=O)OCCCCCCCC/C=C\CC(CCCCCC)OC(=O)O,ester/carbonate acrylate,1,T4,CCC#CCO,ricinoleic/aliphatic,,,,,,,,,,,,,,,,head–linker–tail,DOPE,[H][C@@](COP([O-])(OCC[NH3+])=O)(OC(CCCCCCC/C=C\\CCCCCCCC)=O)COC(CCCCCCC/C=C\\CCCCCCCC)=O,16.0,Cholesterol,C[C@H](CCCC(C)C)[C@H]1CC[C@@H]2[C@@]1(CC[C@H]3[C@H]2CC=C4[C@@]3(CC[C@@H](C4)O)C)C,46.5,DMPE-PEG2000,CCCCCCCCCCCCCC(=O)OCC(COP(=O)(OCCNCC(=O)OCCOCCOCCOCCOCCOCCOCCOCCOCCOCCOCCOCCOCCOCCOCCOCCOCCOCCOCCOCCOCCOCCOCCOCCOCCOCCOCCOCCOCCOCCOCCOCCOCCOCCOCCOCCOCCOCCOCCOCCOCCOCCOCCOC)O)OC(=O)CCCCCCCCCCCCC,2.5,2000.0,35.0,10.0,,,,mRNA,in_vitro,in_vitro,A549,in_vitro,,,,,,,0.5255745964713138,normalized_luminescence,138.0,0.0,0.0,92.0,1938.433396,257.04,0.0,23.0,28.366,558.407,0.791304348,4.0,3.0,1939.826,True,True,False,biodegradable acrylate,,,,,,,,,,,,,,,,,,,branched
LNPhub_R0004724,LNPhub_BL_2023,https://www.nature.com/articles/s41587-023-01679-x,LNPhub_BL_2023_LNP_000707,BL_A2-T2,CCCCCCCC/C=C\CCCCCCCCOC(=O)OC(C/C=C\CCCCCCCCOC(=O)CCN(CCC(=O)OCCCCCCCC/C=C\CC(CCCCCC)OC(=O)OCCCCCCCC/C=C\CCCCCCCC)CCN(C)C)CCCCCC,Ugi-3CR,CN(C)CCN,primary_tertiary,C=CC(=O)OCCCCCCCC/C=C\CC(CCCCCC)OC(=O)O,ester/carbonate acrylate,1,T2,CCCCCCCCC=CCCCCCCCCO,ricinoleic/aliphatic,,,,,,,,,,,,,,,,head–linker–tail,DOPE,[H][C@@](COP([O-])(OCC[NH3+])=O)(OC(CCCCCCC/C=C\\CCCCCCCC)=O)COC(CCCCCCC/C=C\\CCCCCCCC)=O,16.0,Cholesterol,C[C@H](CCCC(C)C)[C@H]1CC[C@@H]2[C@@]1(CC[C@H]3[C@H]2CC=C4[C@@]3(CC[C@@H](C4)O)C)C,46.5,DMPE-PEG2000,CCCCCCCCCCCCCC(=O)OCC(COP(=O)(OCCNCC(=O)OCCOCCOCCOCCOCCOCCOCCOCCOCCOCCOCCOCCOCCOCCOCCOCCOCCOCCOCCOCCOCCOCCOCCOCCOCCOCCOCCOCCOCCOCCOCCOCCOCCOCCOCCOCCOCCOCCOCCOCCOCCOCCOCCOC)O)OC(=O)CCCCCCCCCCCCC,2.5,2000.0,35.0,10.0,,,,mRNA,in_vitro,in_vitro,A549,in_vitro,,,,,,,1.9841745996487137,normalized_luminescence,96.0,0.0,0.0,75.0,1353.175999,130.14,0.0,12.0,25.13,407.162,0.857142857,2.0,2.0,1354.176,True,True,False,biodegradable acrylate,,,,,,,,,,,,,,,,,,,branched
LNPhub_R0004725,LNPhub_BL_2023,https://www.nature.com/articles/s41587-023-01679-x,LNPhub_BL_2023_LNP_000708,BL_A52-T10,CCCCCCC#CCCOC(=O)OC(C/C=C\CCCCCCCCOC(=O)CCN1CCC(CCO)CC1)CCCCCC,Ugi-3CR,C1CNCCC1CCO,secondary,C=CC(=O)OCCCCCCCC/C=C\CC(CCCCCC)OC(=O)O,ester/carbonate acrylate,1,T10,CCCCCCC#CCCO,ricinoleic/aliphatic,,,,,,,,,,,,,,,,head–linker–tail,DOPE,[H][C@@](COP([O-])(OCC[NH3+])=O)(OC(CCCCCCC/C=C\\CCCCCCCC)=O)COC(CCCCCCC/C=C\\CCCCCCCC)=O,16.0,Cholesterol,C[C@H](CCCC(C)C)[C@H]1CC[C@@H]2[C@@]1(CC[C@H]3[C@H]2CC=C4[C@@]3(CC[C@@H](C4)O)C)C,46.5,DMPE-PEG2000,CCCCCCCCCCCCCC(=O)OCC(COP(=O)(OCCNCC(=O)OCCOCCOCCOCCOCCOCCOCCOCCOCCOCCOCCOCCOCCOCCOCCOCCOCCOCCOCCOCCOCCOCCOCCOCCOCCOCCOCCOCCOCCOCCOCCOCCOCCOCCOCCOCCOCCOCCOCCOCCOCCOCCOCCOC)O)OC(=O)CCCCCCCCCCCCC,2.5,2000.0,35.0,10.0,,,,mRNA,in_vitro,in_vitro,A549,in_vitro,,,,,,,0.1633095240533292,normalized_luminescence,46.0,1.0,0.0,28.0,647.5124889,85.3,1.0,7.0,9.5472,188.6508,0.846153846,1.0,1.0,647.982,True,True,False,biodegradable acrylate,,,,,,,,,,,,,,,,,,,cyclic
LNPhub_R0004726,LNPhub_BL_2023,https://www.nature.com/articles/s41587-023-01679-x,LNPhub_BL_2023_LNP_000709,BL_A36-T5,CCCC#CCOC(=O)OC(C/C=C\CCCCCCCCOC(=O)CCN1CCN(CCN(C)C)CC1)CCCCCC,Ugi-3CR,CN(C)CCN1CCNCC1,secondary_tertiary,C=CC(=O)OCCCCCCCC/C=C\CC(CCCCCC)OC(=O)O,ester/carbonate acrylate,1,T5,CCCC#CCO,ricinoleic/aliphatic,,,,,,,,,,,,,,,,head–linker–tail,DOPE,[H][C@@](COP([O-])(OCC[NH3+])=O)(OC(CCCCCCC/C=C\\CCCCCCCC)=O)COC(CCCCCCC/C=C\\CCCCCCCC)=O,16.0,Cholesterol,C[C@H](CCCC(C)C)[C@H]1CC[C@@H]2[C@@]1(CC[C@H]3[C@H]2CC=C4[C@@]3(CC[C@@H](C4)O)C)C,46.5,DMPE-PEG2000,CCCCCCCCCCCCCC(=O)OCC(COP(=O)(OCCNCC(=O)OCCOCCOCCOCCOCCOCCOCCOCCOCCOCCOCCOCCOCCOCCOCCOCCOCCOCCOCCOCCOCCOCCOCCOCCOCCOCCOCCOCCOCCOCCOCCOCCOCCOCCOCCOCCOCCOCCOCCOCCOCCOCCOCCOC)O)OC(=O)CCCCCCCCCCCCC,2.5,2000.0,35.0,10.0,,,,mRNA,in_vitro,in_vitro,A549,in_vitro,,,,,,,-1.072557100758048,normalized_luminescence,44.0,1.0,0.0,25.0,619.4924222,71.55,0.0,8.0,7.0716,180.75,0.833333333,1.0,3.0,619.932,True,True,False,biodegradable acrylate,,,,,,,,,,,,,,,,,,,cyclic
LNPhub_R0004727,LNPhub_BL_2023,https://www.nature.com/articles/s41587-023-01679-x,LNPhub_BL_2023_LNP_000710,BL_A51-T7,CCCCCC#CCOC(=O)OC(C/C=C\CCCCCCCCOC(=O)CCN1CCC(CO)CC1)CCCCCC,Ugi-3CR,C1CNCCC1CO,secondary,C=CC(=O)OCCCCCCCC/C=C\CC(CCCCCC)OC(=O)O,ester/carbonate acrylate,1,T7,CCCCCC#CCO,ricinoleic/aliphatic,,,,,,,,,,,,,,,,head–linker–tail,DOPE,[H][C@@](COP([O-])(OCC[NH3+])=O)(OC(CCCCCCC/C=C\\CCCCCCCC)=O)COC(CCCCCCC/C=C\\CCCCCCCC)=O,16.0,Cholesterol,C[C@H](CCCC(C)C)[C@H]1CC[C@@H]2[C@@]1(CC[C@H]3[C@H]2CC=C4[C@@]3(CC[C@@H](C4)O)C)C,46.5,DMPE-PEG2000,CCCCCCCCCCCCCC(=O)OCC(COP(=O)(OCCNCC(=O)OCCOCCOCCOCCOCCOCCOCCOCCOCCOCCOCCOCCOCCOCCOCCOCCOCCOCCOCCOCCOCCOCCOCCOCCOCCOCCOCCOCCOCCOCCOCCOCCOCCOCCOCCOCCOCCOCCOCCOCCOCCOCCOCCOC)O)OC(=O)CCCCCCCCCCCCC,2.5,2000.0,35.0,10.0,,,,mRNA,in_vitro,in_vitro,A549,in_vitro,,,,,,,-0.1703234516391414,normalized_luminescence,43.0,1.0,0.0,25.0,605.4655387,85.3,1.0,7.0,8.3769,174.7998,0.833333333,1.0,1.0,605.901,True,True,False,biodegradable acrylate,,,,,,,,,,,,,,,,,,,cyclic
LNPhub_R0004728,LNPhub_BL_2023,https://www.nature.com/articles/s41587-023-01679-x,LNPhub_BL_2023_LNP_000711,BL_A50-T10,CCCCCCC#CCCOC(=O)OC(C/C=C\CCCCCCCCOC(=O)CCN1CCCCC1CO)CCCCCC,Ugi-3CR,C1CCNC(C1)CO,secondary,C=CC(=O)OCCCCCCCC/C=C\CC(CCCCCC)OC(=O)O,ester/carbonate acrylate,1,T10,CCCCCCC#CCCO,ricinoleic/aliphatic,,,,,,,,,,,,,,,,head–linker–tail,DOPE,[H][C@@](COP([O-])(OCC[NH3+])=O)(OC(CCCCCCC/C=C\\CCCCCCCC)=O)COC(CCCCCCC/C=C\\CCCCCCCC)=O,16.0,Cholesterol,C[C@H](CCCC(C)C)[C@H]1CC[C@@H]2[C@@]1(CC[C@H]3[C@H]2CC=C4[C@@]3(CC[C@@H](C4)O)C)C,46.5,DMPE-PEG2000,CCCCCCCCCCCCCC(=O)OCC(COP(=O)(OCCNCC(=O)OCCOCCOCCOCCOCCOCCOCCOCCOCCOCCOCCOCCOCCOCCOCCOCCOCCOCCOCCOCCOCCOCCOCCOCCOCCOCCOCCOCCOCCOCCOCCOCCOCCOCCOCCOCCOCCOCCOCCOCCOCCOCCOCCOC)O)OC(=O)CCCCCCCCCCCCC,2.5,2000.0,35.0,10.0,,,,mRNA,in_vitro,in_vitro,A549,in_vitro,,,,,,,0.3805385401479529,normalized_luminescence,45.0,1.0,0.0,27.0,633.4968389,85.3,1.0,7.0,9.2996,184.0818,0.842105263,2.0,1.0,633.955,True,True,False,biodegradable acrylate,,,,,,,,,,,,,,,,,,,cyclic
LNPhub_R0004729,LNPhub_BL_2023,https://www.nature.com/articles/s41587-023-01679-x,LNPhub_BL_2023_LNP_000712,BL_A21-T10,CCCCCCC#CCCOC(=O)OC(C/C=C\CCCCCCCCOC(=O)CCN(C)CCOCCOCCN(C)CCC(=O)OCCCCCCCC/C=C\CC(CCCCCC)OC(=O)OCCC#CCCCCCC)CCCCCC,Ugi-3CR,CNCCOCCOCCNC,secondary,C=CC(=O)OCCCCCCCC/C=C\CC(CCCCCC)OC(=O)O,ester/carbonate acrylate,1,T10,CCCCCCC#CCCO,ricinoleic/aliphatic,,,,,,,,,,,,,,,,head–linker–tail,DOPE,[H][C@@](COP([O-])(OCC[NH3+])=O)(OC(CCCCCCC/C=C\\CCCCCCCC)=O)COC(CCCCCCC/C=C\\CCCCCCCC)=O,16.0,Cholesterol,C[C@H](CCCC(C)C)[C@H]1CC[C@@H]2[C@@]1(CC[C@H]3[C@H]2CC=C4[C@@]3(CC[C@@H](C4)O)C)C,46.5,DMPE-PEG2000,CCCCCCCCCCCCCC(=O)OCC(COP(=O)(OCCNCC(=O)OCCOCCOCCOCCOCCOCCOCCOCCOCCOCCOCCOCCOCCOCCOCCOCCOCCOCCOCCOCCOCCOCCOCCOCCOCCOCCOCCOCCOCCOCCOCCOCCOCCOCCOCCOCCOCCOCCOCCOCCOCCOCCOCCOC)O)OC(=O)CCCCCCCCCCCCC,2.5,2000.0,35.0,10.0,,,,mRNA,in_vitro,in_vitro,A549,in_vitro,,,,,,,0.8375030112038457,normalized_luminescence,86.0,0.0,0.0,61.0,1212.946728,148.6,0.0,14.0,17.816,352.2,0.833333333,2.0,2.0,1213.818,True,True,False,biodegradable acrylate,,,,,,,,,,,,,,,,,,,linear
LNPhub_R0004730,LNPhub_BL_2023,https://www.nature.com/articles/s41587-023-01679-x,LNPhub_BL_2023_LNP_000400,BL_A4-T8,CCCCCCC#CCOC(=O)OC(C/C=C\CCCCCCCCOC(=O)CCN(CCC(=O)OCCCCCCCC/C=C\CC(CCCCCC)OC(=O)OCC#CCCCCCC)CCN(CC)CC)CCCCCC,Ugi-3CR,CCN(CC)CCN,primary_tertiary,C=CC(=O)OCCCCCCCC/C=C\CC(CCCCCC)OC(=O)O,ester/carbonate acrylate,1,T8,CCCCCCC#CCO,ricinoleic/aliphatic,,,,,,,,,,,,,,,,head–linker–tail,DOTAP,[H]C(C[N+](C)(C)C)(OC(CCCCCCC/C=C\CCCCCCCC)=O)COC(CCCCCCC/C=C\CCCCCCCC)=O,39.0,Cholesterol,C[C@H](CCCC(C)C)[C@H]1CC[C@@H]2[C@@]1(CC[C@H]3[C@H]2CC=C4[C@@]3(CC[C@@H](C4)O)C)C,30.0,DMPE-PEG2000,CCCCCCCCCCCCCC(=O)OCC(COP(=O)(OCCNCC(=O)OCCOCCOCCOCCOCCOCCOCCOCCOCCOCCOCCOCCOCCOCCOCCOCCOCCOCCOCCOCCOCCOCCOCCOCCOCCOCCOCCOCCOCCOCCOCCOCCOCCOCCOCCOCCOCCOCCOCCOCCOCCOCCOCCOC)O)OC(=O)CCCCCCCCCCCCC,1.0,2000.0,30.0,7.5,,,,mRNA,intratracheal,in_vivo,Mouse_B6,lung_epithelium,116.8,0.11,9.7,ZetaPALS,87.1,,-0.3820834851059366,normalized_luminescence,80.0,0.0,0.0,55.0,1124.894298,130.14,0.0,12.0,17.7828,330.562,0.823529412,2.0,2.0,1125.712,True,True,False,biodegradable acrylate,,,,,,95.0,,,,,,,,,,,,,branched
LNPhub_R0004731,LNPhub_BL_2023,https://www.nature.com/articles/s41587-023-01679-x,LNPhub_BL_2023_LNP_000713,BL_A67-T4,CCC#CCOC(=O)OC(C/C=C\CCCCCCCCOC(=O)CCN(CCC(=O)OCCCCCCCC/C=C\CC(CCCCCC)OC(=O)OCC#CCC)CC1OCCO1)CCCCCC,Ugi-3CR,NCC1OCCO1,primary,C=CC(=O)OCCCCCCCC/C=C\CC(CCCCCC)OC(=O)O,ester/carbonate acrylate,1,T4,CCC#CCO,ricinoleic/aliphatic,,,,,,,,,,,,,,,,head–linker–tail,DOPE,[H][C@@](COP([O-])(OCC[NH3+])=O)(OC(CCCCCCC/C=C\\CCCCCCCC)=O)COC(CCCCCCC/C=C\\CCCCCCCC)=O,16.0,Cholesterol,C[C@H](CCCC(C)C)[C@H]1CC[C@@H]2[C@@]1(CC[C@H]3[C@H]2CC=C4[C@@]3(CC[C@@H](C4)O)C)C,46.5,DMPE-PEG2000,CCCCCCCCCCCCCC(=O)OCC(COP(=O)(OCCNCC(=O)OCCOCCOCCOCCOCCOCCOCCOCCOCCOCCOCCOCCOCCOCCOCCOCCOCCOCCOCCOCCOCCOCCOCCOCCOCCOCCOCCOCCOCCOCCOCCOCCOCCOCCOCCOCCOCCOCCOCCOCCOCCOCCOCCOC)O)OC(=O)CCCCCCCCCCCCC,2.5,2000.0,35.0,10.0,,,,mRNA,in_vitro,in_vitro,A549,in_vitro,,,,,,,-1.2751051086134997,normalized_luminescence,71.0,1.0,0.0,44.0,999.7010775,145.36,0.0,13.0,13.6931,281.53,0.793103448,2.0,1.0,1000.409,True,True,False,biodegradable acrylate,,,,,,,,,,,,,,,,,,,cyclic
LNPhub_R0004732,LNPhub_BL_2023,https://www.nature.com/articles/s41587-023-01679-x,LNPhub_BL_2023_LNP_000714,BL_A19-T9,CCCCC#CCCOC(=O)OC(C/C=C\CCCCCCCCOC(=O)CCN(CCC(=O)OCCCCCCCC/C=C\CC(CCCCCC)OC(=O)OCCC#CCCCC)CCN1CCCCC1)CCCCCC,Ugi-3CR,NCCN1CCCCC1,primary_tertiary,C=CC(=O)OCCCCCCCC/C=C\CC(CCCCCC)OC(=O)O,ester/carbonate acrylate,1,T9,CCCCC#CCCO,ricinoleic/aliphatic,,,,,,,,,,,,,,,,head–linker–tail,DOPE,[H][C@@](COP([O-])(OCC[NH3+])=O)(OC(CCCCCCC/C=C\\CCCCCCCC)=O)COC(CCCCCCC/C=C\\CCCCCCCC)=O,16.0,Cholesterol,C[C@H](CCCC(C)C)[C@H]1CC[C@@H]2[C@@]1(CC[C@H]3[C@H]2CC=C4[C@@]3(CC[C@@H](C4)O)C)C,46.5,DMPE-PEG2000,CCCCCCCCCCCCCC(=O)OCC(COP(=O)(OCCNCC(=O)OCCOCCOCCOCCOCCOCCOCCOCCOCCOCCOCCOCCOCCOCCOCCOCCOCCOCCOCCOCCOCCOCCOCCOCCOCCOCCOCCOCCOCCOCCOCCOCCOCCOCCOCCOCCOCCOCCOCCOCCOCCOCCOCCOC)O)OC(=O)CCCCCCCCCCCCC,2.5,2000.0,35.0,10.0,,,,mRNA,in_vitro,in_vitro,A549,in_vitro,,,,,,,-0.6000002745519404,normalized_luminescence,79.0,1.0,0.0,51.0,1108.862998,130.14,0.0,12.0,17.1467,323.831,0.820895522,2.0,2.0,1109.669,True,True,False,biodegradable acrylate,,,,,,,,,,,,,,,,,,,cyclic
LNPhub_R0004733,LNPhub_BL_2023,https://www.nature.com/articles/s41587-023-01679-x,LNPhub_BL_2023_LNP_000715,BL_A1-T1,CCCCCCCCCCCCCCCCCCOC(=O)OC(C/C=C\CCCCCCCCOC(=O)CCN(CCCN(C)C)CCC(=O)OCCCCCCCC/C=C\CC(CCCCCC)OC(=O)OCCCCCCCCCCCCCCCCCC)CCCCCC,Ugi-3CR,CN(C)CCCN,primary_tertiary,C=CC(=O)OCCCCCCCC/C=C\CC(CCCCCC)OC(=O)O,ester/carbonate acrylate,1,T1,CCCCCCCCCCCCCCCCCCO,ricinoleic/aliphatic,,,,,,,,,,,,,,,,head–linker–tail,DOTAP,[H]C(C[N+](C)(C)C)(OC(CCCCCCC/C=C\CCCCCCCC)=O)COC(CCCCCCC/C=C\CCCCCCCC)=O,39.0,Cholesterol,C[C@H](CCCC(C)C)[C@H]1CC[C@@H]2[C@@]1(CC[C@H]3[C@H]2CC=C4[C@@]3(CC[C@@H](C4)O)C)C,30.0,DMPE-PEG2000,CCCCCCCCCCCCCC(=O)OCC(COP(=O)(OCCNCC(=O)OCCOCCOCCOCCOCCOCCOCCOCCOCCOCCOCCOCCOCCOCCOCCOCCOCCOCCOCCOCCOCCOCCOCCOCCOCCOCCOCCOCCOCCOCCOCCOCCOCCOCCOCCOCCOCCOCCOCCOCCOCCOCCOCCOC)O)OC(=O)CCCCCCCCCCCCC,1.0,2000.0,30.0,7.5,,,,mRNA,intratracheal,in_vivo,Mouse_B6,lung_epithelium,,,,,,,-1.561293610146269,normalized_luminescence,97.0,0.0,0.0,78.0,1371.222949,130.14,0.0,12.0,25.9681,411.967,0.905882353,2.0,2.0,1372.235,True,True,False,biodegradable acrylate,,,,,,,,,,,,,,,,,,,branched
LNPhub_R0004734,LNPhub_BL_2023,https://www.nature.com/articles/s41587-023-01679-x,LNPhub_BL_2023_LNP_000716,BL_A58-T9,CCCCC#CCCOC(=O)OC(C/C=C\CCCCCCCCOC(=O)CCN(CCCCCO)CCC(=O)OCCCCCCCC/C=C\CC(CCCCCC)OC(=O)OCCC#CCCCC)CCCCCC,Ugi-3CR,C(CCN)CCO,primary,C=CC(=O)OCCCCCCCC/C=C\CC(CCCCCC)OC(=O)O,ester/carbonate acrylate,1,T9,CCCCC#CCCO,ricinoleic/aliphatic,,,,,,,,,,,,,,,,head–linker–tail,DOPE,[H][C@@](COP([O-])(OCC[NH3+])=O)(OC(CCCCCCC/C=C\\CCCCCCCC)=O)COC(CCCCCCC/C=C\\CCCCCCCC)=O,16.0,Cholesterol,C[C@H](CCCC(C)C)[C@H]1CC[C@@H]2[C@@]1(CC[C@H]3[C@H]2CC=C4[C@@]3(CC[C@@H](C4)O)C)C,46.5,DMPE-PEG2000,CCCCCCCCCCCCCC(=O)OCC(COP(=O)(OCCNCC(=O)OCCOCCOCCOCCOCCOCCOCCOCCOCCOCCOCCOCCOCCOCCOCCOCCOCCOCCOCCOCCOCCOCCOCCOCCOCCOCCOCCOCCOCCOCCOCCOCCOCCOCCOCCOCCOCCOCCOCCOCCOCCOCCOCCOC)O)OC(=O)CCCCCCCCCCCCC,2.5,2000.0,35.0,10.0,,,,mRNA,in_vitro,in_vitro,A549,in_vitro,,,,,,,-0.6543070709544851,normalized_luminescence,77.0,0.0,0.0,53.0,1083.831363,147.13,1.0,12.0,16.8234,314.4768,0.815384615,2.0,1.0,1084.615,True,True,False,biodegradable acrylate,,,,,,,,,,,,,,,,,,,linear
LNPhub_R0004735,LNPhub_BL_2023,https://www.nature.com/articles/s41587-023-01679-x,LNPhub_BL_2023_LNP_000717,BL_A19-T8,CCCCCCC#CCOC(=O)OC(C/C=C\CCCCCCCCOC(=O)CCN(CCC(=O)OCCCCCCCC/C=C\CC(CCCCCC)OC(=O)OCC#CCCCCCC)CCN1CCCCC1)CCCCCC,Ugi-3CR,NCCN1CCCCC1,primary_tertiary,C=CC(=O)OCCCCCCCC/C=C\CC(CCCCCC)OC(=O)O,ester/carbonate acrylate,1,T8,CCCCCCC#CCO,ricinoleic/aliphatic,,,,,,,,,,,,,,,,head–linker–tail,DOPE,[H][C@@](COP([O-])(OCC[NH3+])=O)(OC(CCCCCCC/C=C\\CCCCCCCC)=O)COC(CCCCCCC/C=C\\CCCCCCCC)=O,16.0,Cholesterol,C[C@H](CCCC(C)C)[C@H]1CC[C@@H]2[C@@]1(CC[C@H]3[C@H]2CC=C4[C@@]3(CC[C@@H](C4)O)C)C,46.5,DMPE-PEG2000,CCCCCCCCCCCCCC(=O)OCC(COP(=O)(OCCNCC(=O)OCCOCCOCCOCCOCCOCCOCCOCCOCCOCCOCCOCCOCCOCCOCCOCCOCCOCCOCCOCCOCCOCCOCCOCCOCCOCCOCCOCCOCCOCCOCCOCCOCCOCCOCCOCCOCCOCCOCCOCCOCCOCCOCCOC)O)OC(=O)CCCCCCCCCCCCC,2.5,2000.0,35.0,10.0,,,,mRNA,in_vitro,in_vitro,A549,in_vitro,131.6,,,,,,0.5228268904677764,normalized_luminescence,81.0,1.0,0.0,53.0,1136.894298,130.14,0.0,12.0,17.9269,333.065,0.826086957,2.0,2.0,1137.723,True,True,False,biodegradable acrylate,,,,,,71.0,,,,,,,,,,,,,cyclic
LNPhub_R0004736,LNPhub_BL_2023,https://www.nature.com/articles/s41587-023-01679-x,LNPhub_BL_2023_LNP_000718,BL_A46-T4,CCC#CCOC(=O)OC(C/C=C\CCCCCCCCOC(=O)CCN(CCC(=O)OCCCCCCCC/C=C\CC(CCCCCC)OC(=O)OCC#CCC)CCN1CCC(C)CC1)CCCCCC,Ugi-3CR,CC1CCN(CC1)CCN,primary_tertiary,C=CC(=O)OCCCCCCCC/C=C\CC(CCCCCC)OC(=O)O,ester/carbonate acrylate,1,T4,CCC#CCO,ricinoleic/aliphatic,,,,,,,,,,,,,,,,head–linker–tail,DOPE,[H][C@@](COP([O-])(OCC[NH3+])=O)(OC(CCCCCCC/C=C\\CCCCCCCC)=O)COC(CCCCCCC/C=C\\CCCCCCCC)=O,16.0,Cholesterol,C[C@H](CCCC(C)C)[C@H]1CC[C@@H]2[C@@]1(CC[C@H]3[C@H]2CC=C4[C@@]3(CC[C@@H](C4)O)C)C,46.5,DMPE-PEG2000,CCCCCCCCCCCCCC(=O)OCC(COP(=O)(OCCNCC(=O)OCCOCCOCCOCCOCCOCCOCCOCCOCCOCCOCCOCCOCCOCCOCCOCCOCCOCCOCCOCCOCCOCCOCCOCCOCCOCCOCCOCCOCCOCCOCCOCCOCCOCCOCCOCCOCCOCCOCCOCCOCCOCCOCCOC)O)OC(=O)CCCCCCCCCCCCC,2.5,2000.0,35.0,10.0,,,,mRNA,in_vitro,in_vitro,A549,in_vitro,,,,,,,-0.915752692985744,normalized_luminescence,74.0,1.0,0.0,45.0,1038.784748,130.14,0.0,12.0,15.0521,300.676,0.806451613,2.0,2.0,1039.534,True,True,False,biodegradable acrylate,,,,,,,,,,,,,,,,,,,cyclic
LNPhub_R0004737,LNPhub_BL_2023,https://www.nature.com/articles/s41587-023-01679-x,LNPhub_BL_2023_LNP_000719,BL_A27-T8,CCCCCCC#CCOC(=O)OC(C/C=C\CCCCCCCCOC(=O)CCN(CCCN1CCCCCC1)CCC(=O)OCCCCCCCC/C=C\CC(CCCCCC)OC(=O)OCC#CCCCCCC)CCCCCC,Ugi-3CR,C1CCCN(CC1)CCC[NH],primary_tertiary,C=CC(=O)OCCCCCCCC/C=C\CC(CCCCCC)OC(=O)O,ester/carbonate acrylate,1,T8,CCCCCCC#CCO,ricinoleic/aliphatic,,,,,,,,,,,,,,,,head–linker–tail,DOPE,[H][C@@](COP([O-])(OCC[NH3+])=O)(OC(CCCCCCC/C=C\\CCCCCCCC)=O)COC(CCCCCCC/C=C\\CCCCCCCC)=O,16.0,Cholesterol,C[C@H](CCCC(C)C)[C@H]1CC[C@@H]2[C@@]1(CC[C@H]3[C@H]2CC=C4[C@@]3(CC[C@@H](C4)O)C)C,46.5,DMPE-PEG2000,CCCCCCCCCCCCCC(=O)OCC(COP(=O)(OCCNCC(=O)OCCOCCOCCOCCOCCOCCOCCOCCOCCOCCOCCOCCOCCOCCOCCOCCOCCOCCOCCOCCOCCOCCOCCOCCOCCOCCOCCOCCOCCOCCOCCOCCOCCOCCOCCOCCOCCOCCOCCOCCOCCOCCOCCOC)O)OC(=O)CCCCCCCCCCCCC,2.5,2000.0,35.0,10.0,,,,mRNA,in_vitro,in_vitro,A549,in_vitro,,,,,,,-0.8850958169554897,normalized_luminescence,83.0,1.0,0.0,54.0,1164.925598,130.14,0.0,12.0,18.7071,342.299,0.830985915,2.0,2.0,1165.777,True,True,False,biodegradable acrylate,,,,,,,,,,,,,,,,,,,cyclic
LNPhub_R0004738,LNPhub_BL_2023,https://www.nature.com/articles/s41587-023-01679-x,LNPhub_BL_2023_LNP_000720,BL_A66-T3,CCCCC/C=C\C/C=C\CCCCCCCCOC(=O)OC(C/C=C\CCCCCCCCOC(=O)CCN(CCC(=O)OCCCCCCCC/C=C\CC(CCCCCC)OC(=O)OCCCCCCCC/C=C\C/C=C\CCCCC)CCC1OCCO1)CCCCCC,Ugi-3CR,NCCC1OCCO1,primary,C=CC(=O)OCCCCCCCC/C=C\CC(CCCCCC)OC(=O)O,ester/carbonate acrylate,1,T3,CCCCCC=CCC=C=CCCCCCCCCO,ricinoleic/aliphatic,,,,,,,,,,,,,,,,head–linker–tail,DOPE,[H][C@@](COP([O-])(OCC[NH3+])=O)(OC(CCCCCCC/C=C\\CCCCCCCC)=O)COC(CCCCCCC/C=C\\CCCCCCCC)=O,16.0,Cholesterol,C[C@H](CCCC(C)C)[C@H]1CC[C@@H]2[C@@]1(CC[C@H]3[C@H]2CC=C4[C@@]3(CC[C@@H](C4)O)C)C,46.5,DMPE-PEG2000,CCCCCCCCCCCCCC(=O)OCC(COP(=O)(OCCNCC(=O)OCCOCCOCCOCCOCCOCCOCCOCCOCCOCCOCCOCCOCCOCCOCCOCCOCCOCCOCCOCCOCCOCCOCCOCCOCCOCCOCCOCCOCCOCCOCCOCCOCCOCCOCCOCCOCCOCCOCCOCCOCCOCCOCCOC)O)OC(=O)CCCCCCCCCCCCC,2.5,2000.0,35.0,10.0,,,,mRNA,in_vitro,in_vitro,A549,in_vitro,,,,,,,-1.5405161965977143,normalized_luminescence,98.0,1.0,0.0,73.0,1378.123629,145.36,0.0,13.0,24.8834,408.729,0.811764706,2.0,1.0,1379.138,True,True,False,biodegradable acrylate,,,,,,,,,,,,,,,,,,,cyclic
LNPhub_R0004739,LNPhub_BL_2023,https://www.nature.com/articles/s41587-023-01679-x,LNPhub_BL_2023_LNP_000721,BL_A16-T9,CCCCC#CCCOC(=O)OC(C/C=C\CCCCCCCCOC(=O)CCN(CCC(=O)OCCCCCCCC/C=C\CC(CCCCCC)OC(=O)OCCC#CCCCC)CCc1cn(CCC(=O)OCCCCCCCC/C=C\CC(CCCCCC)OC(=O)OCCC#CCCCC)cn1)CCCCCC,Ugi-3CR,C(CN)C1=CNC=N1,primary,C=CC(=O)OCCCCCCCC/C=C\CC(CCCCCC)OC(=O)O,ester/carbonate acrylate,1,T9,CCCCC#CCCO,ricinoleic/aliphatic,,,,,,,,,,,,,,,,head–linker–tail,DOPE,[H][C@@](COP([O-])(OCC[NH3+])=O)(OC(CCCCCCC/C=C\\CCCCCCCC)=O)COC(CCCCCCC/C=C\\CCCCCCCC)=O,16.0,Cholesterol,C[C@H](CCCC(C)C)[C@H]1CC[C@@H]2[C@@]1(CC[C@H]3[C@H]2CC=C4[C@@]3(CC[C@@H](C4)O)C)C,46.5,DMPE-PEG2000,CCCCCCCCCCCCCC(=O)OCC(COP(=O)(OCCNCC(=O)OCCOCCOCCOCCOCCOCCOCCOCCOCCOCCOCCOCCOCCOCCOCCOCCOCCOCCOCCOCCOCCOCCOCCOCCOCCOCCOCCOCCOCCOCCOCCOCCOCCOCCOCCOCCOCCOCCOCCOCCOCCOCCOCCOC)O)OC(=O)CCCCCCCCCCCCC,2.5,2000.0,35.0,10.0,,,,mRNA,in_vitro,in_vitro,A549,in_vitro,,,,,,,0.7339118422772593,normalized_luminescence,113.0,1.0,1.0,75.0,1582.177121,206.55,0.0,18.0,24.7862,458.021,0.778947368,3.0,3.0,1583.323,True,True,False,biodegradable acrylate,,,,,,,,,,,,,,,,,,,cyclic
LNPhub_R0004740,LNPhub_BL_2023,https://www.nature.com/articles/s41587-023-01679-x,LNPhub_BL_2023_LNP_000722,BL_A67-T2,CCCCCCCC/C=C\CCCCCCCCOC(=O)OC(C/C=C\CCCCCCCCOC(=O)CCN(CCC(=O)OCCCCCCCC/C=C\CC(CCCCCC)OC(=O)OCCCCCCCC/C=C\CCCCCCCC)CC1OCCO1)CCCCCC,Ugi-3CR,NCC1OCCO1,primary,C=CC(=O)OCCCCCCCC/C=C\CC(CCCCCC)OC(=O)O,ester/carbonate acrylate,1,T2,CCCCCCCCC=CCCCCCCCCO,ricinoleic/aliphatic,,,,,,,,,,,,,,,,head–linker–tail,DOPE,[H][C@@](COP([O-])(OCC[NH3+])=O)(OC(CCCCCCC/C=C\\CCCCCCCC)=O)COC(CCCCCCC/C=C\\CCCCCCCC)=O,16.0,Cholesterol,C[C@H](CCCC(C)C)[C@H]1CC[C@@H]2[C@@]1(CC[C@H]3[C@H]2CC=C4[C@@]3(CC[C@@H](C4)O)C)C,46.5,DMPE-PEG2000,CCCCCCCCCCCCCC(=O)OCC(COP(=O)(OCCNCC(=O)OCCOCCOCCOCCOCCOCCOCCOCCOCCOCCOCCOCCOCCOCCOCCOCCOCCOCCOCCOCCOCCOCCOCCOCCOCCOCCOCCOCCOCCOCCOCCOCCOCCOCCOCCOCCOCCOCCOCCOCCOCCOCCOCCOC)O)OC(=O)CCCCCCCCCCCCC,2.5,2000.0,35.0,10.0,,,,mRNA,in_vitro,in_vitro,A549,in_vitro,,,,,,,-1.6869971267077628,normalized_luminescence,97.0,1.0,0.0,74.0,1368.139279,145.36,0.0,13.0,24.9413,404.3,0.857142857,2.0,1.0,1369.143,True,True,False,biodegradable acrylate,,,,,,,,,,,,,,,,,,,cyclic
LNPhub_R0004741,LNPhub_BL_2023,https://www.nature.com/articles/s41587-023-01679-x,LNPhub_BL_2023_LNP_000723,BL_A35-T6,CCCCC#CCOC(=O)OC(C/C=C\CCCCCCCCOC(=O)CCN1CCN(CCCN(C)C)CC1)CCCCCC,Ugi-3CR,CN(C)CCCN1CCNCC1,secondary_tertiary,C=CC(=O)OCCCCCCCC/C=C\CC(CCCCCC)OC(=O)O,ester/carbonate acrylate,1,T6,CCCCC#CCO,ricinoleic/aliphatic,,,,,,,,,,,,,,,,head–linker–tail,DOPE,[H][C@@](COP([O-])(OCC[NH3+])=O)(OC(CCCCCCC/C=C\\CCCCCCCC)=O)COC(CCCCCCC/C=C\\CCCCCCCC)=O,16.0,Cholesterol,C[C@H](CCCC(C)C)[C@H]1CC[C@@H]2[C@@]1(CC[C@H]3[C@H]2CC=C4[C@@]3(CC[C@@H](C4)O)C)C,46.5,DMPE-PEG2000,CCCCCCCCCCCCCC(=O)OCC(COP(=O)(OCCNCC(=O)OCCOCCOCCOCCOCCOCCOCCOCCOCCOCCOCCOCCOCCOCCOCCOCCOCCOCCOCCOCCOCCOCCOCCOCCOCCOCCOCCOCCOCCOCCOCCOCCOCCOCCOCCOCCOCCOCCOCCOCCOCCOCCOCCOC)O)OC(=O)CCCCCCCCCCCCC,2.5,2000.0,35.0,10.0,,,,mRNA,in_vitro,in_vitro,A549,in_vitro,,,,,,,-0.5796770132458725,normalized_luminescence,46.0,1.0,0.0,27.0,647.5237223,71.55,0.0,8.0,7.8518,189.984,0.842105263,1.0,3.0,647.986,True,True,False,biodegradable acrylate,,,,,,,,,,,,,,,,,,,cyclic
LNPhub_R0004742,LNPhub_BL_2023,https://www.nature.com/articles/s41587-023-01679-x,LNPhub_BL_2023_LNP_000724,BL_A57-T6,CCCCC#CCOC(=O)OC(C/C=C\CCCCCCCCOC(=O)CCN(C)CCO)CCCCCC,Ugi-3CR,CNCCO,secondary,C=CC(=O)OCCCCCCCC/C=C\CC(CCCCCC)OC(=O)O,ester/carbonate acrylate,1,T6,CCCCC#CCO,ricinoleic/aliphatic,,,,,,,,,,,,,,,,head–linker–tail,DOPE,[H][C@@](COP([O-])(OCC[NH3+])=O)(OC(CCCCCCC/C=C\\CCCCCCCC)=O)COC(CCCCCCC/C=C\\CCCCCCCC)=O,16.0,Cholesterol,C[C@H](CCCC(C)C)[C@H]1CC[C@@H]2[C@@]1(CC[C@H]3[C@H]2CC=C4[C@@]3(CC[C@@H](C4)O)C)C,46.5,DMPE-PEG2000,CCCCCCCCCCCCCC(=O)OCC(COP(=O)(OCCNCC(=O)OCCOCCOCCOCCOCCOCCOCCOCCOCCOCCOCCOCCOCCOCCOCCOCCOCCOCCOCCOCCOCCOCCOCCOCCOCCOCCOCCOCCOCCOCCOCCOCCOCCOCCOCCOCCOCCOCCOCCOCCOCCOCCOCCOC)O)OC(=O)CCCCCCCCCCCCC,2.5,2000.0,35.0,10.0,,,,mRNA,in_vitro,in_vitro,A549,in_vitro,,,,,,,-1.4955984758942298,normalized_luminescence,39.0,0.0,0.0,25.0,551.4185885,85.3,1.0,7.0,7.2066,158.5158,0.8125,1.0,1.0,551.809,True,True,False,biodegradable acrylate,,,,,,,,,,,,,,,,,,,linear
LNPhub_R0004743,LNPhub_BL_2023,https://www.nature.com/articles/s41587-023-01679-x,LNPhub_BL_2023_LNP_000725,BL_A65-T10,CCCCCCC#CCCOC(=O)OC(C/C=C\CCCCCCCCOC(=O)CCN(CCC(=O)OCCCCCCCC/C=C\CC(CCCCCC)OC(=O)OCCC#CCCCCCC)CC(OC)OC)CCCCCC,Ugi-3CR,COC(CN)OC,primary,C=CC(=O)OCCCCCCCC/C=C\CC(CCCCCC)OC(=O)O,ester/carbonate acrylate,1,T10,CCCCCCC#CCCO,ricinoleic/aliphatic,,,,,,,,,,,,,,,,head–linker–tail,DOPE,[H][C@@](COP([O-])(OCC[NH3+])=O)(OC(CCCCCCC/C=C\\CCCCCCCC)=O)COC(CCCCCCC/C=C\\CCCCCCCC)=O,16.0,Cholesterol,C[C@H](CCCC(C)C)[C@H]1CC[C@@H]2[C@@]1(CC[C@H]3[C@H]2CC=C4[C@@]3(CC[C@@H](C4)O)C)C,46.5,DMPE-PEG2000,CCCCCCCCCCCCCC(=O)OCC(COP(=O)(OCCNCC(=O)OCCOCCOCCOCCOCCOCCOCCOCCOCCOCCOCCOCCOCCOCCOCCOCCOCCOCCOCCOCCOCCOCCOCCOCCOCCOCCOCCOCCOCCOCCOCCOCCOCCOCCOCCOCCOCCOCCOCCOCCOCCOCCOCCOC)O)OC(=O)CCCCCCCCCCCCC,2.5,2000.0,35.0,10.0,,,,mRNA,in_vitro,in_vitro,A549,in_vitro,,,,,,,-0.6940654666524828,normalized_luminescence,81.0,0.0,0.0,56.0,1141.873228,145.36,0.0,13.0,17.8401,329.814,0.823529412,2.0,1.0,1142.695,True,True,False,biodegradable acrylate,,,,,,,,,,,,,,,,,,,branched
LNPhub_R0004744,LNPhub_BL_2023,https://www.nature.com/articles/s41587-023-01679-x,LNPhub_BL_2023_LNP_000726,BL_A15-T10,CCCCCCC#CCCOC(=O)OC(C/C=C\CCCCCCCCOC(=O)CCN(CCCN(C)CCCN(CCC(=O)OCCCCCCCC/C=C\CC(CCCCCC)OC(=O)OCCC#CCCCCCC)CCC(=O)OCCCCCCCC/C=C\CC(CCCCCC)OC(=O)OCCC#CCCCCCC)CCC(=O)OCCCCCCCC/C=C\CC(CCCCCC)OC(=O)OCCC#CCCCCCC)CCCCCC,Ugi-3CR,CN(CCCN)CCCN,primary_tertiary,C=CC(=O)OCCCCCCCC/C=C\CC(CCCCCC)OC(=O)O,ester/carbonate acrylate,1,T10,CCCCCCC#CCCO,ricinoleic/aliphatic,,,,,,,,,,,,,,,,head–linker–tail,DOPE,[H][C@@](COP([O-])(OCC[NH3+])=O)(OC(CCCCCCC/C=C\\CCCCCCCC)=O)COC(CCCCCCC/C=C\\CCCCCCCC)=O,16.0,Cholesterol,C[C@H](CCCC(C)C)[C@H]1CC[C@@H]2[C@@]1(CC[C@H]3[C@H]2CC=C4[C@@]3(CC[C@@H](C4)O)C)C,46.5,DMPE-PEG2000,CCCCCCCCCCCCCC(=O)OCC(COP(=O)(OCCNCC(=O)OCCOCCOCCOCCOCCOCCOCCOCCOCCOCCOCCOCCOCCOCCOCCOCCOCCOCCOCCOCCOCCOCCOCCOCCOCCOCCOCCOCCOCCOCCOCCOCCOCCOCCOCCOCCOCCOCCOCCOCCOCCOCCOCCOC)O)OC(=O)CCCCCCCCCCCCC,2.5,2000.0,35.0,10.0,,,,mRNA,in_vitro,in_vitro,A549,in_vitro,,,,,,,1.437933865987735,normalized_luminescence,158.0,0.0,0.0,112.0,2218.746397,257.04,0.0,23.0,36.168,650.747,0.822222222,4.0,3.0,2220.366,True,True,False,biodegradable acrylate,,,,,,,,,,,,,,,,,,,branched
LNPhub_R0004745,LNPhub_BL_2023,https://www.nature.com/articles/s41587-023-01679-x,LNPhub_BL_2023_LNP_000727,BL_A52-T4,CCC#CCOC(=O)OC(C/C=C\CCCCCCCCOC(=O)CCN1CCC(CCO)CC1)CCCCCC,Ugi-3CR,C1CNCCC1CCO,secondary,C=CC(=O)OCCCCCCCC/C=C\CC(CCCCCC)OC(=O)O,ester/carbonate acrylate,1,T4,CCC#CCO,ricinoleic/aliphatic,,,,,,,,,,,,,,,,head–linker–tail,DOPE,[H][C@@](COP([O-])(OCC[NH3+])=O)(OC(CCCCCCC/C=C\\CCCCCCCC)=O)COC(CCCCCCC/C=C\\CCCCCCCC)=O,16.0,Cholesterol,C[C@H](CCCC(C)C)[C@H]1CC[C@@H]2[C@@]1(CC[C@H]3[C@H]2CC=C4[C@@]3(CC[C@@H](C4)O)C)C,46.5,DMPE-PEG2000,CCCCCCCCCCCCCC(=O)OCC(COP(=O)(OCCNCC(=O)OCCOCCOCCOCCOCCOCCOCCOCCOCCOCCOCCOCCOCCOCCOCCOCCOCCOCCOCCOCCOCCOCCOCCOCCOCCOCCOCCOCCOCCOCCOCCOCCOCCOCCOCCOCCOCCOCCOCCOCCOCCOCCOCCOC)O)OC(=O)CCCCCCCCCCCCC,2.5,2000.0,35.0,10.0,,,,mRNA,in_vitro,in_vitro,A549,in_vitro,,,,,,,-0.5712556985803645,normalized_luminescence,41.0,1.0,0.0,23.0,577.4342386,85.3,1.0,7.0,7.5967,165.5658,0.823529412,1.0,1.0,577.847,True,True,False,biodegradable acrylate,,,,,,,,,,,,,,,,,,,cyclic
LNPhub_R0004746,LNPhub_BL_2023,https://www.nature.com/articles/s41587-023-01679-x,LNPhub_BL_2023_LNP_000728,BL_A64-T3,CCCCC/C=C\C/C=C\CCCCCCCCOC(=O)OC(C/C=C\CCCCCCCCOC(=O)CCN(CCC(=O)OCCCCCCCC/C=C\CC(CCCCCC)OC(=O)OCCCCCCCC/C=C\C/C=C\CCCCC)CC(OCC)OCC)CCCCCC,Ugi-3CR,CCOC(CN)OCC,primary,C=CC(=O)OCCCCCCCC/C=C\CC(CCCCCC)OC(=O)O,ester/carbonate acrylate,1,T3,CCCCCC=CCC=C=CCCCCCCCCO,ricinoleic/aliphatic,,,,,,,,,,,,,,,,head–linker–tail,DOPE,[H][C@@](COP([O-])(OCC[NH3+])=O)(OC(CCCCCCC/C=C\\CCCCCCCC)=O)COC(CCCCCCC/C=C\\CCCCCCCC)=O,16.0,Cholesterol,C[C@H](CCCC(C)C)[C@H]1CC[C@@H]2[C@@]1(CC[C@H]3[C@H]2CC=C4[C@@]3(CC[C@@H](C4)O)C)C,46.5,DMPE-PEG2000,CCCCCCCCCCCCCC(=O)OCC(COP(=O)(OCCNCC(=O)OCCOCCOCCOCCOCCOCCOCCOCCOCCOCCOCCOCCOCCOCCOCCOCCOCCOCCOCCOCCOCCOCCOCCOCCOCCOCCOCCOCCOCCOCCOCCOCCOCCOCCOCCOCCOCCOCCOCCOCCOCCOCCOCCOC)O)OC(=O)CCCCCCCCCCCCC,2.5,2000.0,35.0,10.0,,,,mRNA,in_vitro,in_vitro,A549,in_vitro,,,,,,,-0.8742231949656923,normalized_luminescence,99.0,0.0,0.0,76.0,1394.154929,145.36,0.0,13.0,25.5195,415.46,0.813953488,2.0,1.0,1395.181,True,True,False,biodegradable acrylate,,,,,,,,,,,,,,,,,,,branched
LNPhub_R0004747,LNPhub_BL_2023,https://www.nature.com/articles/s41587-023-01679-x,LNPhub_BL_2023_LNP_000729,BL_A17-T5,CCCC#CCOC(=O)OC(C/C=C\CCCCCCCCOC(=O)CCN(CCC(=O)OCCCCCCCC/C=C\CC(CCCCCC)OC(=O)OCC#CCCC)CCN1CCOCC1)CCCCCC,Ugi-3CR,C(CN1CCOCC1)N,primary_tertiary,C=CC(=O)OCCCCCCCC/C=C\CC(CCCCCC)OC(=O)O,ester/carbonate acrylate,1,T5,CCCC#CCO,ricinoleic/aliphatic,,,,,,,,,,,,,,,,head–linker–tail,DOPE,[H][C@@](COP([O-])(OCC[NH3+])=O)(OC(CCCCCCC/C=C\\CCCCCCCC)=O)COC(CCCCCCC/C=C\\CCCCCCCC)=O,16.0,Cholesterol,C[C@H](CCCC(C)C)[C@H]1CC[C@@H]2[C@@]1(CC[C@H]3[C@H]2CC=C4[C@@]3(CC[C@@H](C4)O)C)C,46.5,DMPE-PEG2000,CCCCCCCCCCCCCC(=O)OCC(COP(=O)(OCCNCC(=O)OCCOCCOCCOCCOCCOCCOCCOCCOCCOCCOCCOCCOCCOCCOCCOCCOCCOCCOCCOCCOCCOCCOCCOCCOCCOCCOCCOCCOCCOCCOCCOCCOCCOCCOCCOCCOCCOCCOCCOCCOCCOCCOCCOC)O)OC(=O)CCCCCCCCCCCCC,2.5,2000.0,35.0,10.0,,,,mRNA,in_vitro,in_vitro,A549,in_vitro,,,,,,,0.4858623903327153,normalized_luminescence,75.0,1.0,0.0,47.0,1054.779662,139.37,0.0,13.0,14.4326,302.331,0.806451613,2.0,2.0,1055.533,True,True,False,biodegradable acrylate,,,,,,,,,,,,,,,,,,,cyclic
LNPhub_R0004748,LNPhub_BL_2023,https://www.nature.com/articles/s41587-023-01679-x,LNPhub_BL_2023_LNP_000730,BL_A30-T2,CCCCCCCC/C=C\CCCCCCCCOC(=O)OC(C/C=C\CCCCCCCCOC(=O)CCN(CCCN1CCCCC1)CCC(=O)OCCCCCCCC/C=C\CC(CCCCCC)OC(=O)OCCCCCCCC/C=C\CCCCCCCC)CCCCCC,Ugi-3CR,C1CCN(CC1)CCCN,primary_tertiary,C=CC(=O)OCCCCCCCC/C=C\CC(CCCCCC)OC(=O)O,ester/carbonate acrylate,1,T2,CCCCCCCCC=CCCCCCCCCO,ricinoleic/aliphatic,,,,,,,,,,,,,,,,head–linker–tail,DOPE,[H][C@@](COP([O-])(OCC[NH3+])=O)(OC(CCCCCCC/C=C\\CCCCCCCC)=O)COC(CCCCCCC/C=C\\CCCCCCCC)=O,16.0,Cholesterol,C[C@H](CCCC(C)C)[C@H]1CC[C@@H]2[C@@]1(CC[C@H]3[C@H]2CC=C4[C@@]3(CC[C@@H](C4)O)C)C,46.5,DMPE-PEG2000,CCCCCCCCCCCCCC(=O)OCC(COP(=O)(OCCNCC(=O)OCCOCCOCCOCCOCCOCCOCCOCCOCCOCCOCCOCCOCCOCCOCCOCCOCCOCCOCCOCCOCCOCCOCCOCCOCCOCCOCCOCCOCCOCCOCCOCCOCCOCCOCCOCCOCCOCCOCCOCCOCCOCCOCCOC)O)OC(=O)CCCCCCCCCCCCC,2.5,2000.0,35.0,10.0,,,,mRNA,in_vitro,in_vitro,A549,in_vitro,,,,,,,1.8238424913071212,normalized_luminescence,100.0,1.0,0.0,76.0,1407.222949,130.14,0.0,12.0,26.4444,423.516,0.863636364,2.0,2.0,1408.268,True,True,False,biodegradable acrylate,,,,,,,,,,,,,,,,,,,cyclic
LNPhub_R0004749,LNPhub_BL_2023,https://www.nature.com/articles/s41587-023-01679-x,LNPhub_BL_2023_LNP_000731,BL_A3-T6,CCCCC#CCOC(=O)OC(C/C=C\CCCCCCCCOC(=O)CCN(CCCN(CC)CC)CCC(=O)OCCCCCCCC/C=C\CC(CCCCCC)OC(=O)OCC#CCCCC)CCCCCC,Ugi-3CR,CCN(CC)CCCN,primary_tertiary,C=CC(=O)OCCCCCCCC/C=C\CC(CCCCCC)OC(=O)O,ester/carbonate acrylate,1,T6,CCCCC#CCO,ricinoleic/aliphatic,,,,,,,,,,,,,,,,head–linker–tail,DOPE,[H][C@@](COP([O-])(OCC[NH3+])=O)(OC(CCCCCCC/C=C\\CCCCCCCC)=O)COC(CCCCCCC/C=C\\CCCCCCCC)=O,16.0,Cholesterol,C[C@H](CCCC(C)C)[C@H]1CC[C@@H]2[C@@]1(CC[C@H]3[C@H]2CC=C4[C@@]3(CC[C@@H](C4)O)C)C,46.5,DMPE-PEG2000,CCCCCCCCCCCCCC(=O)OCC(COP(=O)(OCCNCC(=O)OCCOCCOCCOCCOCCOCCOCCOCCOCCOCCOCCOCCOCCOCCOCCOCCOCCOCCOCCOCCOCCOCCOCCOCCOCCOCCOCCOCCOCCOCCOCCOCCOCCOCCOCCOCCOCCOCCOCCOCCOCCOCCOCCOC)O)OC(=O)CCCCCCCCCCCCC,2.5,2000.0,35.0,10.0,,,,mRNA,in_vitro,in_vitro,A549,in_vitro,,,,,,,0.1721090489893801,normalized_luminescence,77.0,0.0,0.0,52.0,1082.847348,130.14,0.0,12.0,16.6125,316.711,0.815384615,2.0,2.0,1083.631,True,True,False,biodegradable acrylate,,,,,,,,,,,,,,,,,,,branched
LNPhub_R0004750,LNPhub_BL_2023,https://www.nature.com/articles/s41587-023-01679-x,LNPhub_BL_2023_LNP_000732,BL_A11-T4,CCC#CCOC(=O)OC(C/C=C\CCCCCCCCOC(=O)CCN1CCC(CCCC2CCN(CCO)CC2)CC1)CCCCCC,Ugi-3CR,C(CC1CCNCC1)CC2CCN(CC2)CCO,secondary_tertiary,C=CC(=O)OCCCCCCCC/C=C\CC(CCCCCC)OC(=O)O,ester/carbonate acrylate,1,T4,CCC#CCO,ricinoleic/aliphatic,,,,,,,,,,,,,,,,head–linker–tail,DOPE,[H][C@@](COP([O-])(OCC[NH3+])=O)(OC(CCCCCCC/C=C\\CCCCCCCC)=O)COC(CCCCCCC/C=C\\CCCCCCCC)=O,16.0,Cholesterol,C[C@H](CCCC(C)C)[C@H]1CC[C@@H]2[C@@]1(CC[C@H]3[C@H]2CC=C4[C@@]3(CC[C@@H](C4)O)C)C,46.5,DMPE-PEG2000,CCCCCCCCCCCCCC(=O)OCC(COP(=O)(OCCNCC(=O)OCCOCCOCCOCCOCCOCCOCCOCCOCCOCCOCCOCCOCCOCCOCCOCCOCCOCCOCCOCCOCCOCCOCCOCCOCCOCCOCCOCCOCCOCCOCCOCCOCCOCCOCCOCCOCCOCCOCCOCCOCCOCCOCCOC)O)OC(=O)CCCCCCCCCCCCC,2.5,2000.0,35.0,10.0,,,,mRNA,in_vitro,in_vitro,A549,in_vitro,,,,,,,-0.522730183555545,normalized_luminescence,50.0,2.0,0.0,27.0,702.5546881,88.54,1.0,8.0,9.0889,203.9638,0.857142857,1.0,2.0,703.062,True,True,False,biodegradable acrylate,,,,,,,,,,,,,,,,,,,cyclic-dendrimer
LNPhub_R0004751,LNPhub_BL_2023,https://www.nature.com/articles/s41587-023-01679-x,LNPhub_BL_2023_LNP_000733,BL_A19-T6,CCCCC#CCOC(=O)OC(C/C=C\CCCCCCCCOC(=O)CCN(CCC(=O)OCCCCCCCC/C=C\CC(CCCCCC)OC(=O)OCC#CCCCC)CCN1CCCCC1)CCCCCC,Ugi-3CR,NCCN1CCCCC1,primary_tertiary,C=CC(=O)OCCCCCCCC/C=C\CC(CCCCCC)OC(=O)O,ester/carbonate acrylate,1,T6,CCCCC#CCO,ricinoleic/aliphatic,,,,,,,,,,,,,,,,head–linker–tail,DOPE,[H][C@@](COP([O-])(OCC[NH3+])=O)(OC(CCCCCCC/C=C\\CCCCCCCC)=O)COC(CCCCCCC/C=C\\CCCCCCCC)=O,16.0,Cholesterol,C[C@H](CCCC(C)C)[C@H]1CC[C@@H]2[C@@]1(CC[C@H]3[C@H]2CC=C4[C@@]3(CC[C@@H](C4)O)C)C,46.5,DMPE-PEG2000,CCCCCCCCCCCCCC(=O)OCC(COP(=O)(OCCNCC(=O)OCCOCCOCCOCCOCCOCCOCCOCCOCCOCCOCCOCCOCCOCCOCCOCCOCCOCCOCCOCCOCCOCCOCCOCCOCCOCCOCCOCCOCCOCCOCCOCCOCCOCCOCCOCCOCCOCCOCCOCCOCCOCCOCCOC)O)OC(=O)CCCCCCCCCCCCC,2.5,2000.0,35.0,10.0,,,,mRNA,in_vitro,in_vitro,A549,in_vitro,,,,,,,0.8603781790350687,normalized_luminescence,77.0,1.0,0.0,49.0,1080.831698,130.14,0.0,12.0,16.3665,314.597,0.815384615,2.0,2.0,1081.615,True,True,False,biodegradable acrylate,,,,,,,,,,,,,,,,,,,cyclic
LNPhub_R0004752,LNPhub_BL_2023,https://www.nature.com/articles/s41587-023-01679-x,LNPhub_BL_2023_LNP_000734,BL_A26-T2,CCCCCCCC/C=C\CCCCCCCCOC(=O)OC(C/C=C\CCCCCCCCOC(=O)CCN(C)CCCn1ccnc1)CCCCCC,Ugi-3CR,CNCCCN1C=CN=C1,secondary,C=CC(=O)OCCCCCCCC/C=C\CC(CCCCCC)OC(=O)O,ester/carbonate acrylate,1,T2,CCCCCCCCC=CCCCCCCCCO,ricinoleic/aliphatic,,,,,,,,,,,,,,,,head–linker–tail,DOPE,[H][C@@](COP([O-])(OCC[NH3+])=O)(OC(CCCCCCC/C=C\\CCCCCCCC)=O)COC(CCCCCCC/C=C\\CCCCCCCC)=O,16.0,Cholesterol,C[C@H](CCCC(C)C)[C@H]1CC[C@@H]2[C@@]1(CC[C@H]3[C@H]2CC=C4[C@@]3(CC[C@@H](C4)O)C)C,46.5,DMPE-PEG2000,CCCCCCCCCCCCCC(=O)OCC(COP(=O)(OCCNCC(=O)OCCOCCOCCOCCOCCOCCOCCOCCOCCOCCOCCOCCOCCOCCOCCOCCOCCOCCOCCOCCOCCOCCOCCOCCOCCOCCOCCOCCOCCOCCOCCOCCOCCOCCOCCOCCOCCOCCOCCOCCOCCOCCOCCOC)O)OC(=O)CCCCCCCCCCCCC,2.5,2000.0,35.0,10.0,,,,mRNA,in_vitro,in_vitro,A549,in_vitro,,,,,,,0.3748508960956411,normalized_luminescence,55.0,1.0,1.0,40.0,771.6489228,82.89,0.0,8.0,13.345,230.425,0.808510638,1.0,3.0,772.213,True,True,False,biodegradable acrylate,,,,,,,,,,,,,,,,,,,cyclic
LNPhub_R0004753,LNPhub_BL_2023,https://www.nature.com/articles/s41587-023-01679-x,LNPhub_BL_2023_LNP_000735,BL_A24-T8,CCCCCCC#CCOC(=O)OC(C/C=C\CCCCCCCCOC(=O)CCN1CCN(c2cccnc2)CC1)CCCCCC,Ugi-3CR,C1=CC(=CN=C1)N2CCNCC2,secondary_tertiary,C=CC(=O)OCCCCCCCC/C=C\CC(CCCCCC)OC(=O)O,ester/carbonate acrylate,1,T8,CCCCCCC#CCO,ricinoleic/aliphatic,,,,,,,,,,,,,,,,head–linker–tail,DOPE,[H][C@@](COP([O-])(OCC[NH3+])=O)(OC(CCCCCCC/C=C\\CCCCCCCC)=O)COC(CCCCCCC/C=C\\CCCCCCCC)=O,16.0,Cholesterol,C[C@H](CCCC(C)C)[C@H]1CC[C@@H]2[C@@]1(CC[C@H]3[C@H]2CC=C4[C@@]3(CC[C@@H](C4)O)C)C,46.5,DMPE-PEG2000,CCCCCCCCCCCCCC(=O)OCC(COP(=O)(OCCNCC(=O)OCCOCCOCCOCCOCCOCCOCCOCCOCCOCCOCCOCCOCCOCCOCCOCCOCCOCCOCCOCCOCCOCCOCCOCCOCCOCCOCCOCCOCCOCCOCCOCCOCCOCCOCCOCCOCCOCCOCCOCCOCCOCCOCCOC)O)OC(=O)CCCCCCCCCCCCC,2.5,2000.0,35.0,10.0,,,,mRNA,in_vitro,in_vitro,A549,in_vitro,,,,,,,0.7228270812210125,normalized_luminescence,48.0,2.0,1.0,26.0,667.4924222,81.2,0.0,8.0,9.2799,196.057,0.725,1.0,3.0,667.976,True,True,False,biodegradable acrylate,,,,,,,,,,,,,,,,,,,cyclic
LNPhub_R0004754,LNPhub_BL_2023,https://www.nature.com/articles/s41587-023-01679-x,LNPhub_BL_2023_LNP_000736,BL_A38-T5,CCCC#CCOC(=O)OC(C/C=C\CCCCCCCCOC(=O)CCN(CCC(=O)OCCCCCCCC/C=C\CC(CCCCCC)OC(=O)OCC#CCCC)CCC1CCCCN1C)CCCCCC,Ugi-3CR,CN1CCCCC1CCN,primary_tertiary,C=CC(=O)OCCCCCCCC/C=C\CC(CCCCCC)OC(=O)O,ester/carbonate acrylate,1,T5,CCCC#CCO,ricinoleic/aliphatic,,,,,,,,,,,,,,,,head–linker–tail,DOPE,[H][C@@](COP([O-])(OCC[NH3+])=O)(OC(CCCCCCC/C=C\\CCCCCCCC)=O)COC(CCCCCCC/C=C\\CCCCCCCC)=O,16.0,Cholesterol,C[C@H](CCCC(C)C)[C@H]1CC[C@@H]2[C@@]1(CC[C@H]3[C@H]2CC=C4[C@@]3(CC[C@@H](C4)O)C)C,46.5,DMPE-PEG2000,CCCCCCCCCCCCCC(=O)OCC(COP(=O)(OCCNCC(=O)OCCOCCOCCOCCOCCOCCOCCOCCOCCOCCOCCOCCOCCOCCOCCOCCOCCOCCOCCOCCOCCOCCOCCOCCOCCOCCOCCOCCOCCOCCOCCOCCOCCOCCOCCOCCOCCOCCOCCOCCOCCOCCOCCOC)O)OC(=O)CCCCCCCCCCCCC,2.5,2000.0,35.0,10.0,,,,mRNA,in_vitro,in_vitro,A549,in_vitro,,,,,,,-0.1654111857110423,normalized_luminescence,76.0,1.0,0.0,47.0,1066.816048,130.14,0.0,12.0,15.9748,309.958,0.8125,3.0,2.0,1067.588,True,True,False,biodegradable acrylate,,,,,,,,,,,,,,,,,,,cyclic
LNPhub_R0004755,LNPhub_BL_2023,https://www.nature.com/articles/s41587-023-01679-x,LNPhub_BL_2023_LNP_000737,BL_A20-T2,CCCCCCCC/C=C\CCCCCCCCOC(=O)OC(C/C=C\CCCCCCCCOC(=O)CCN1CCN=C1C)CCCCCC,Ugi-3CR,C1CN=C(N1)C,secondary,C=CC(=O)OCCCCCCCC/C=C\CC(CCCCCC)OC(=O)O,ester/carbonate acrylate,1,T2,CCCCCCCCC=CCCCCCCCCO,ricinoleic/aliphatic,,,,,,,,,,,,,,,,head–linker–tail,DOPE,[H][C@@](COP([O-])(OCC[NH3+])=O)(OC(CCCCCCC/C=C\\CCCCCCCC)=O)COC(CCCCCCC/C=C\\CCCCCCCC)=O,16.0,Cholesterol,C[C@H](CCCC(C)C)[C@H]1CC[C@@H]2[C@@]1(CC[C@H]3[C@H]2CC=C4[C@@]3(CC[C@@H](C4)O)C)C,46.5,DMPE-PEG2000,CCCCCCCCCCCCCC(=O)OCC(COP(=O)(OCCNCC(=O)OCCOCCOCCOCCOCCOCCOCCOCCOCCOCCOCCOCCOCCOCCOCCOCCOCCOCCOCCOCCOCCOCCOCCOCCOCCOCCOCCOCCOCCOCCOCCOCCOCCOCCOCCOCCOCCOCCOCCOCCOCCOCCOCCOC)O)OC(=O)CCCCCCCCCCCCC,2.5,2000.0,35.0,10.0,,,,mRNA,in_vitro,in_vitro,A549,in_vitro,,,,,,,-0.268926210507787,normalized_luminescence,51.0,1.0,0.0,36.0,716.6067237,77.43,0.0,7.0,12.8604,215.633,0.840909091,1.0,2.0,717.133,True,True,False,biodegradable acrylate,,,,,,,,,,,,,,,,,,,cyclic
LNPhub_R0004756,LNPhub_BL_2023,https://www.nature.com/articles/s41587-023-01679-x,LNPhub_BL_2023_LNP_000738,BL_A61-T10,CCCCCCC#CCCOC(=O)OC(C/C=C\CCCCCCCCOC(=O)CCN(C)CCN(C)CCC(=O)OCCCCCCCC/C=C\CC(CCCCCC)OC(=O)OCCC#CCCCCCC)CCCCCC,Ugi-3CR,CNCCNC,secondary,C=CC(=O)OCCCCCCCC/C=C\CC(CCCCCC)OC(=O)O,ester/carbonate acrylate,1,T10,CCCCCCC#CCCO,ricinoleic/aliphatic,,,,,,,,,,,,,,,,head–linker–tail,DOPE,[H][C@@](COP([O-])(OCC[NH3+])=O)(OC(CCCCCCC/C=C\\CCCCCCCC)=O)COC(CCCCCCC/C=C\\CCCCCCCC)=O,16.0,Cholesterol,C[C@H](CCCC(C)C)[C@H]1CC[C@@H]2[C@@]1(CC[C@H]3[C@H]2CC=C4[C@@]3(CC[C@@H](C4)O)C)C,46.5,DMPE-PEG2000,CCCCCCCCCCCCCC(=O)OCC(COP(=O)(OCCNCC(=O)OCCOCCOCCOCCOCCOCCOCCOCCOCCOCCOCCOCCOCCOCCOCCOCCOCCOCCOCCOCCOCCOCCOCCOCCOCCOCCOCCOCCOCCOCCOCCOCCOCCOCCOCCOCCOCCOCCOCCOCCOCCOCCOCCOC)O)OC(=O)CCCCCCCCCCCCC,2.5,2000.0,35.0,10.0,,,,mRNA,in_vitro,in_vitro,A549,in_vitro,,,,,,,-0.616120901478228,normalized_luminescence,80.0,0.0,0.0,55.0,1124.894298,130.14,0.0,12.0,17.7828,330.562,0.823529412,2.0,2.0,1125.712,True,True,False,biodegradable acrylate,,,,,,,,,,,,,,,,,,,linear
LNPhub_R0004757,LNPhub_BL_2023,https://www.nature.com/articles/s41587-023-01679-x,LNPhub_BL_2023_LNP_000739,BL_A17-T10,CCCCCCC#CCCOC(=O)OC(C/C=C\CCCCCCCCOC(=O)CCN(CCC(=O)OCCCCCCCC/C=C\CC(CCCCCC)OC(=O)OCCC#CCCCCCC)CCN1CCOCC1)CCCCCC,Ugi-3CR,C(CN1CCOCC1)N,primary_tertiary,C=CC(=O)OCCCCCCCC/C=C\CC(CCCCCC)OC(=O)O,ester/carbonate acrylate,1,T10,CCCCCCC#CCCO,ricinoleic/aliphatic,,,,,,,,,,,,,,,,head–linker–tail,DOPE,[H][C@@](COP([O-])(OCC[NH3+])=O)(OC(CCCCCCC/C=C\\CCCCCCCC)=O)COC(CCCCCCC/C=C\\CCCCCCCC)=O,16.0,Cholesterol,C[C@H](CCCC(C)C)[C@H]1CC[C@@H]2[C@@]1(CC[C@H]3[C@H]2CC=C4[C@@]3(CC[C@@H](C4)O)C)C,46.5,DMPE-PEG2000,CCCCCCCCCCCCCC(=O)OCC(COP(=O)(OCCNCC(=O)OCCOCCOCCOCCOCCOCCOCCOCCOCCOCCOCCOCCOCCOCCOCCOCCOCCOCCOCCOCCOCCOCCOCCOCCOCCOCCOCCOCCOCCOCCOCCOCCOCCOCCOCCOCCOCCOCCOCCOCCOCCOCCOCCOC)O)OC(=O)CCCCCCCCCCCCC,2.5,2000.0,35.0,10.0,,,,mRNA,in_vitro,in_vitro,A549,in_vitro,,,,,,,0.0175784991666571,normalized_luminescence,83.0,1.0,0.0,55.0,1166.904863,139.37,0.0,13.0,17.5534,339.267,0.828571429,2.0,2.0,1167.749,True,True,False,biodegradable acrylate,,,,,,,,,,,,,,,,,,,cyclic
LNPhub_R0004758,LNPhub_BL_2023,https://www.nature.com/articles/s41587-023-01679-x,LNPhub_BL_2023_LNP_000740,BL_A50-T9,CCCCC#CCCOC(=O)OC(C/C=C\CCCCCCCCOC(=O)CCN1CCCCC1CO)CCCCCC,Ugi-3CR,C1CCNC(C1)CO,secondary,C=CC(=O)OCCCCCCCC/C=C\CC(CCCCCC)OC(=O)O,ester/carbonate acrylate,1,T9,CCCCC#CCCO,ricinoleic/aliphatic,,,,,,,,,,,,,,,,head–linker–tail,DOPE,[H][C@@](COP([O-])(OCC[NH3+])=O)(OC(CCCCCCC/C=C\\CCCCCCCC)=O)COC(CCCCCCC/C=C\\CCCCCCCC)=O,16.0,Cholesterol,C[C@H](CCCC(C)C)[C@H]1CC[C@@H]2[C@@]1(CC[C@H]3[C@H]2CC=C4[C@@]3(CC[C@@H](C4)O)C)C,46.5,DMPE-PEG2000,CCCCCCCCCCCCCC(=O)OCC(COP(=O)(OCCNCC(=O)OCCOCCOCCOCCOCCOCCOCCOCCOCCOCCOCCOCCOCCOCCOCCOCCOCCOCCOCCOCCOCCOCCOCCOCCOCCOCCOCCOCCOCCOCCOCCOCCOCCOCCOCCOCCOCCOCCOCCOCCOCCOCCOCCOC)O)OC(=O)CCCCCCCCCCCCC,2.5,2000.0,35.0,10.0,,,,mRNA,in_vitro,in_vitro,A549,in_vitro,,,,,,,0.1992706702900024,normalized_luminescence,43.0,1.0,0.0,25.0,605.4655387,85.3,1.0,7.0,8.5194,174.8478,0.833333333,2.0,1.0,605.901,True,True,False,biodegradable acrylate,,,,,,,,,,,,,,,,,,,cyclic
LNPhub_R0004759,LNPhub_BL_2023,https://www.nature.com/articles/s41587-023-01679-x,LNPhub_BL_2023_LNP_000741,BL_A65-T5,CCCC#CCOC(=O)OC(C/C=C\CCCCCCCCOC(=O)CCN(CCC(=O)OCCCCCCCC/C=C\CC(CCCCCC)OC(=O)OCC#CCCC)CC(OC)OC)CCCCCC,Ugi-3CR,COC(CN)OC,primary,C=CC(=O)OCCCCCCCC/C=C\CC(CCCCCC)OC(=O)O,ester/carbonate acrylate,1,T5,CCCC#CCO,ricinoleic/aliphatic,,,,,,,,,,,,,,,,head–linker–tail,DOPE,[H][C@@](COP([O-])(OCC[NH3+])=O)(OC(CCCCCCC/C=C\\CCCCCCCC)=O)COC(CCCCCCC/C=C\\CCCCCCCC)=O,16.0,Cholesterol,C[C@H](CCCC(C)C)[C@H]1CC[C@@H]2[C@@]1(CC[C@H]3[C@H]2CC=C4[C@@]3(CC[C@@H](C4)O)C)C,46.5,DMPE-PEG2000,CCCCCCCCCCCCCC(=O)OCC(COP(=O)(OCCNCC(=O)OCCOCCOCCOCCOCCOCCOCCOCCOCCOCCOCCOCCOCCOCCOCCOCCOCCOCCOCCOCCOCCOCCOCCOCCOCCOCCOCCOCCOCCOCCOCCOCCOCCOCCOCCOCCOCCOCCOCCOCCOCCOCCOCCOC)O)OC(=O)CCCCCCCCCCCCC,2.5,2000.0,35.0,10.0,,,,mRNA,in_vitro,in_vitro,A549,in_vitro,,,,,,,-1.3502708425083385,normalized_luminescence,73.0,0.0,0.0,48.0,1029.748028,145.36,0.0,13.0,14.7193,292.878,0.8,2.0,1.0,1030.479,True,True,False,biodegradable acrylate,,,,,,,,,,,,,,,,,,,branched
LNPhub_R0004760,LNPhub_BL_2023,https://www.nature.com/articles/s41587-023-01679-x,LNPhub_BL_2023_LNP_000742,BL_A16-T2,CCCCCCCC/C=C\CCCCCCCCOC(=O)OC(C/C=C\CCCCCCCCOC(=O)CCN(CCC(=O)OCCCCCCCC/C=C\CC(CCCCCC)OC(=O)OCCCCCCCC/C=C\CCCCCCCC)CCc1cn(CCC(=O)OCCCCCCCC/C=C\CC(CCCCCC)OC(=O)OCCCCCCCC/C=C\CCCCCCCC)cn1)CCCCCC,Ugi-3CR,C(CN)C1=CNC=N1,primary,C=CC(=O)OCCCCCCCC/C=C\CC(CCCCCC)OC(=O)O,ester/carbonate acrylate,1,T2,CCCCCCCCC=CCCCCCCCCO,ricinoleic/aliphatic,,,,,,,,,,,,,,,,head–linker–tail,DOPE,[H][C@@](COP([O-])(OCC[NH3+])=O)(OC(CCCCCCC/C=C\\CCCCCCCC)=O)COC(CCCCCCC/C=C\\CCCCCCCC)=O,16.0,Cholesterol,C[C@H](CCCC(C)C)[C@H]1CC[C@@H]2[C@@]1(CC[C@H]3[C@H]2CC=C4[C@@]3(CC[C@@H](C4)O)C)C,46.5,DMPE-PEG2000,CCCCCCCCCCCCCC(=O)OCC(COP(=O)(OCCNCC(=O)OCCOCCOCCOCCOCCOCCOCCOCCOCCOCCOCCOCCOCCOCCOCCOCCOCCOCCOCCOCCOCCOCCOCCOCCOCCOCCOCCOCCOCCOCCOCCOCCOCCOCCOCCOCCOCCOCCOCCOCCOCCOCCOCCOC)O)OC(=O)CCCCCCCCCCCCC,2.5,2000.0,35.0,10.0,,,,mRNA,in_vitro,in_vitro,A549,in_vitro,,,,,,,1.0408282658868604,normalized_luminescence,143.0,1.0,1.0,111.0,2008.693573,206.55,0.0,18.0,38.1476,600.623,0.832,3.0,3.0,2010.181,True,True,False,biodegradable acrylate,,,,,,,,,,,,,,,,,,,cyclic
LNPhub_R0004761,LNPhub_BL_2023,https://www.nature.com/articles/s41587-023-01679-x,LNPhub_BL_2023_LNP_000743,BL_A67-T5,CCCC#CCOC(=O)OC(C/C=C\CCCCCCCCOC(=O)CCN(CCC(=O)OCCCCCCCC/C=C\CC(CCCCCC)OC(=O)OCC#CCCC)CC1OCCO1)CCCCCC,Ugi-3CR,NCC1OCCO1,primary,C=CC(=O)OCCCCCCCC/C=C\CC(CCCCCC)OC(=O)O,ester/carbonate acrylate,1,T5,CCCC#CCO,ricinoleic/aliphatic,,,,,,,,,,,,,,,,head–linker–tail,DOPE,[H][C@@](COP([O-])(OCC[NH3+])=O)(OC(CCCCCCC/C=C\\CCCCCCCC)=O)COC(CCCCCCC/C=C\\CCCCCCCC)=O,16.0,Cholesterol,C[C@H](CCCC(C)C)[C@H]1CC[C@@H]2[C@@]1(CC[C@H]3[C@H]2CC=C4[C@@]3(CC[C@@H](C4)O)C)C,46.5,DMPE-PEG2000,CCCCCCCCCCCCCC(=O)OCC(COP(=O)(OCCNCC(=O)OCCOCCOCCOCCOCCOCCOCCOCCOCCOCCOCCOCCOCCOCCOCCOCCOCCOCCOCCOCCOCCOCCOCCOCCOCCOCCOCCOCCOCCOCCOCCOCCOCCOCCOCCOCCOCCOCCOCCOCCOCCOCCOCCOC)O)OC(=O)CCCCCCCCCCCCC,2.5,2000.0,35.0,10.0,,,,mRNA,in_vitro,in_vitro,A549,in_vitro,,,,,,,-1.3567297199450854,normalized_luminescence,73.0,1.0,0.0,46.0,1027.732378,145.36,0.0,13.0,14.4733,290.764,0.8,2.0,1.0,1028.463,True,True,False,biodegradable acrylate,,,,,,,,,,,,,,,,,,,cyclic
LNPhub_R0004762,LNPhub_BL_2023,https://www.nature.com/articles/s41587-023-01679-x,LNPhub_BL_2023_LNP_000744,BL_A23-T5,CCCC#CCOC(=O)OC(C/C=C\CCCCCCCCOC(=O)CCN1CCN(c2ccccn2)CC1)CCCCCC,Ugi-3CR,C1=CC(=NC=C1)N2CCNCC2,secondary_tertiary,C=CC(=O)OCCCCCCCC/C=C\CC(CCCCCC)OC(=O)O,ester/carbonate acrylate,1,T5,CCCC#CCO,ricinoleic/aliphatic,,,,,,,,,,,,,,,,head–linker–tail,DOPE,[H][C@@](COP([O-])(OCC[NH3+])=O)(OC(CCCCCCC/C=C\\CCCCCCCC)=O)COC(CCCCCCC/C=C\\CCCCCCCC)=O,16.0,Cholesterol,C[C@H](CCCC(C)C)[C@H]1CC[C@@H]2[C@@]1(CC[C@H]3[C@H]2CC=C4[C@@]3(CC[C@@H](C4)O)C)C,46.5,DMPE-PEG2000,CCCCCCCCCCCCCC(=O)OCC(COP(=O)(OCCNCC(=O)OCCOCCOCCOCCOCCOCCOCCOCCOCCOCCOCCOCCOCCOCCOCCOCCOCCOCCOCCOCCOCCOCCOCCOCCOCCOCCOCCOCCOCCOCCOCCOCCOCCOCCOCCOCCOCCOCCOCCOCCOCCOCCOCCOC)O)OC(=O)CCCCCCCCCCCCC,2.5,2000.0,35.0,10.0,,,,mRNA,in_vitro,in_vitro,A549,in_vitro,,,,,,,1.2084402571285893,normalized_luminescence,45.0,2.0,1.0,23.0,625.445472,81.2,0.0,8.0,8.1096,182.206,0.702702703,1.0,3.0,625.895,True,True,False,biodegradable acrylate,,,,,,,,,,,,,,,,,,,cyclic
LNPhub_R0004763,LNPhub_BL_2023,https://www.nature.com/articles/s41587-023-01679-x,LNPhub_BL_2023_LNP_000745,BL_A64-T8,CCCCCCC#CCOC(=O)OC(C/C=C\CCCCCCCCOC(=O)CCN(CCC(=O)OCCCCCCCC/C=C\CC(CCCCCC)OC(=O)OCC#CCCCCCC)CC(OCC)OCC)CCCCCC,Ugi-3CR,CCOC(CN)OCC,primary,C=CC(=O)OCCCCCCCC/C=C\CC(CCCCCC)OC(=O)O,ester/carbonate acrylate,1,T8,CCCCCCC#CCO,ricinoleic/aliphatic,,,,,,,,,,,,,,,,head–linker–tail,DOPE,[H][C@@](COP([O-])(OCC[NH3+])=O)(OC(CCCCCCC/C=C\\CCCCCCCC)=O)COC(CCCCCCC/C=C\\CCCCCCCC)=O,16.0,Cholesterol,C[C@H](CCCC(C)C)[C@H]1CC[C@@H]2[C@@]1(CC[C@H]3[C@H]2CC=C4[C@@]3(CC[C@@H](C4)O)C)C,46.5,DMPE-PEG2000,CCCCCCCCCCCCCC(=O)OCC(COP(=O)(OCCNCC(=O)OCCOCCOCCOCCOCCOCCOCCOCCOCCOCCOCCOCCOCCOCCOCCOCCOCCOCCOCCOCCOCCOCCOCCOCCOCCOCCOCCOCCOCCOCCOCCOCCOCCOCCOCCOCCOCCOCCOCCOCCOCCOCCOCCOC)O)OC(=O)CCCCCCCCCCCCC,2.5,2000.0,35.0,10.0,,,,mRNA,in_vitro,in_vitro,A549,in_vitro,,,,,,,-0.0943465435915961,normalized_luminescence,81.0,0.0,0.0,56.0,1141.873228,145.36,0.0,13.0,17.8401,329.814,0.823529412,2.0,1.0,1142.695,True,True,False,biodegradable acrylate,,,,,,,,,,,,,,,,,,,branched
LNPhub_R0004764,LNPhub_BL_2023,https://www.nature.com/articles/s41587-023-01679-x,LNPhub_BL_2023_LNP_000746,BL_A49-T10,CCCCCCC#CCCOC(=O)OC(C/C=C\CCCCCCCCOC(=O)CCN(CCC(=O)OCCCCCCCC/C=C\CC(CCCCCC)OC(=O)OCCC#CCCCCCC)CCN1CCCCCC1)CCCCCC,Ugi-3CR,C1CCCN(CC1)CCN,primary_tertiary,C=CC(=O)OCCCCCCCC/C=C\CC(CCCCCC)OC(=O)O,ester/carbonate acrylate,1,T10,CCCCCCC#CCCO,ricinoleic/aliphatic,,,,,,,,,,,,,,,,head–linker–tail,DOPE,[H][C@@](COP([O-])(OCC[NH3+])=O)(OC(CCCCCCC/C=C\\CCCCCCCC)=O)COC(CCCCCCC/C=C\\CCCCCCCC)=O,16.0,Cholesterol,C[C@H](CCCC(C)C)[C@H]1CC[C@@H]2[C@@]1(CC[C@H]3[C@H]2CC=C4[C@@]3(CC[C@@H](C4)O)C)C,46.5,DMPE-PEG2000,CCCCCCCCCCCCCC(=O)OCC(COP(=O)(OCCNCC(=O)OCCOCCOCCOCCOCCOCCOCCOCCOCCOCCOCCOCCOCCOCCOCCOCCOCCOCCOCCOCCOCCOCCOCCOCCOCCOCCOCCOCCOCCOCCOCCOCCOCCOCCOCCOCCOCCOCCOCCOCCOCCOCCOCCOC)O)OC(=O)CCCCCCCCCCCCC,2.5,2000.0,35.0,10.0,,,,mRNA,in_vitro,in_vitro,A549,in_vitro,,,,,,,1.2778969634932198,normalized_luminescence,84.0,1.0,0.0,55.0,1178.941248,130.14,0.0,12.0,19.0972,346.916,0.833333333,2.0,2.0,1179.804,True,True,False,biodegradable acrylate,,,,,,,,,,,,,,,,,,,cyclic
LNPhub_R0004765,LNPhub_BL_2023,https://www.nature.com/articles/s41587-023-01679-x,LNPhub_BL_2023_LNP_000747,BL_A45-T3,CCCCC/C=C\C/C=C\CCCCCCCCOC(=O)OC(C/C=C\CCCCCCCCOC(=O)CCN(CCC(=O)OCCCCCCCC/C=C\CC(CCCCCC)OC(=O)OCCCCCCCC/C=C\C/C=C\CCCCC)CCC1CCCCN1CC(C)C)CCCCCC,Ugi-3CR,CC(C)CN1CCCCC1CCN,primary_tertiary,C=CC(=O)OCCCCCCCC/C=C\CC(CCCCCC)OC(=O)O,ester/carbonate acrylate,1,T3,CCCCCC=CCC=C=CCCCCCCCCO,ricinoleic/aliphatic,,,,,,,,,,,,,,,,head–linker–tail,DOPE,[H][C@@](COP([O-])(OCC[NH3+])=O)(OC(CCCCCCC/C=C\\CCCCCCCC)=O)COC(CCCCCCC/C=C\\CCCCCCCC)=O,16.0,Cholesterol,C[C@H](CCCC(C)C)[C@H]1CC[C@@H]2[C@@]1(CC[C@H]3[C@H]2CC=C4[C@@]3(CC[C@@H](C4)O)C)C,46.5,DMPE-PEG2000,CCCCCCCCCCCCCC(=O)OCC(COP(=O)(OCCNCC(=O)OCCOCCOCCOCCOCCOCCOCCOCCOCCOCCOCCOCCOCCOCCOCCOCCOCCOCCOCCOCCOCCOCCOCCOCCOCCOCCOCCOCCOCCOCCOCCOCCOCCOCCOCCOCCOCCOCCOCCOCCOCCOCCOCCOC)O)OC(=O)CCCCCCCCCCCCC,2.5,2000.0,35.0,10.0,,,,mRNA,in_vitro,in_vitro,A549,in_vitro,,,,,,,-0.5226431148531567,normalized_luminescence,103.0,1.0,0.0,75.0,1445.238599,130.14,0.0,12.0,27.021,437.087,0.824175824,3.0,2.0,1446.317,True,True,False,biodegradable acrylate,,,,,,,,,,,,,,,,,,,cyclic-dendrimer
LNPhub_R0004766,LNPhub_BL_2023,https://www.nature.com/articles/s41587-023-01679-x,LNPhub_BL_2023_LNP_000748,BL_A45-T10,CCCCCCC#CCCOC(=O)OC(C/C=C\CCCCCCCCOC(=O)CCN(CCC(=O)OCCCCCCCC/C=C\CC(CCCCCC)OC(=O)OCCC#CCCCCCC)CCC1CCCCN1CC(C)C)CCCCCC,Ugi-3CR,CC(C)CN1CCCCC1CCN,primary_tertiary,C=CC(=O)OCCCCCCCC/C=C\CC(CCCCCC)OC(=O)O,ester/carbonate acrylate,1,T10,CCCCCCC#CCCO,ricinoleic/aliphatic,,,,,,,,,,,,,,,,head–linker–tail,DOPE,[H][C@@](COP([O-])(OCC[NH3+])=O)(OC(CCCCCCC/C=C\\CCCCCCCC)=O)COC(CCCCCCC/C=C\\CCCCCCCC)=O,16.0,Cholesterol,C[C@H](CCCC(C)C)[C@H]1CC[C@@H]2[C@@]1(CC[C@H]3[C@H]2CC=C4[C@@]3(CC[C@@H](C4)O)C)C,46.5,DMPE-PEG2000,CCCCCCCCCCCCCC(=O)OCC(COP(=O)(OCCNCC(=O)OCCOCCOCCOCCOCCOCCOCCOCCOCCOCCOCCOCCOCCOCCOCCOCCOCCOCCOCCOCCOCCOCCOCCOCCOCCOCCOCCOCCOCCOCCOCCOCCOCCOCCOCCOCCOCCOCCOCCOCCOCCOCCOCCOC)O)OC(=O)CCCCCCCCCCCCC,2.5,2000.0,35.0,10.0,,,,mRNA,in_vitro,in_vitro,A549,in_vitro,,,,,,,0.0681510811529681,normalized_luminescence,87.0,1.0,0.0,57.0,1220.988198,130.14,0.0,12.0,20.1218,360.675,0.84,3.0,2.0,1221.885,True,True,False,biodegradable acrylate,,,,,,,,,,,,,,,,,,,cyclic-dendrimer
LNPhub_R0004767,LNPhub_BL_2023,https://www.nature.com/articles/s41587-023-01679-x,LNPhub_BL_2023_LNP_000749,BL_A48-T8,CCCCCCC#CCOC(=O)OC(C/C=C\CCCCCCCCOC(=O)CCN1CCCN(CCC(=O)OCCCCCCCC/C=C\CC(CCCCCC)OC(=O)OCC#CCCCCCC)CCN(CCC(=O)OCCCCCCCC/C=C\CC(CCCCCC)OC(=O)OCC#CCCCCCC)CCCN(CCC(=O)OCCCCCCCC/C=C\CC(CCCCCC)OC(=O)OCC#CCCCCCC)CC1)CCCCCC,Ugi-3CR,C1CNCCNCCCNCCNC1,secondary,C=CC(=O)OCCCCCCCC/C=C\CC(CCCCCC)OC(=O)O,ester/carbonate acrylate,1,T8,CCCCCCC#CCO,ricinoleic/aliphatic,,,,,,,,,,,,,,,,head–linker–tail,DOPE,[H][C@@](COP([O-])(OCC[NH3+])=O)(OC(CCCCCCC/C=C\\CCCCCCCC)=O)COC(CCCCCCC/C=C\\CCCCCCCC)=O,16.0,Cholesterol,C[C@H](CCCC(C)C)[C@H]1CC[C@@H]2[C@@]1(CC[C@H]3[C@H]2CC=C4[C@@]3(CC[C@@H](C4)O)C)C,46.5,DMPE-PEG2000,CCCCCCCCCCCCCC(=O)OCC(COP(=O)(OCCNCC(=O)OCCOCCOCCOCCOCCOCCOCCOCCOCCOCCOCCOCCOCCOCCOCCOCCOCCOCCOCCOCCOCCOCCOCCOCCOCCOCCOCCOCCOCCOCCOCCOCCOCCOCCOCCOCCOCCOCCOCCOCCOCCOCCOCCOC)O)OC(=O)CCCCCCCCCCCCC,2.5,2000.0,35.0,10.0,,,,mRNA,in_vitro,in_vitro,A549,in_vitro,,,,,,,0.6242437898561607,normalized_luminescence,158.0,1.0,0.0,100.0,2217.725996,260.28,0.0,24.0,34.2934,647.662,0.820895522,4.0,4.0,2219.338,True,True,False,biodegradable acrylate,,,,,,,,,,,,,,,,,,,macrocyclic
LNPhub_R0004768,LNPhub_BL_2023,https://www.nature.com/articles/s41587-023-01679-x,LNPhub_BL_2023_LNP_000750,BL_A60-T7,CCCCCC#CCOC(=O)OC(C/C=C\CCCCCCCCOC(=O)CCN(CCC(=O)OCCCCCCCC/C=C\CC(CCCCCC)OC(=O)OCC#CCCCCC)CC(O)CO)CCCCCC,Ugi-3CR,C(C(CO)O)N,primary,C=CC(=O)OCCCCCCCC/C=C\CC(CCCCCC)OC(=O)O,ester/carbonate acrylate,1,T7,CCCCCC#CCO,ricinoleic/aliphatic,,,,,,,,,,,,,,,,head–linker–tail,DOPE,[H][C@@](COP([O-])(OCC[NH3+])=O)(OC(CCCCCCC/C=C\\CCCCCCCC)=O)COC(CCCCCCC/C=C\\CCCCCCCC)=O,16.0,Cholesterol,C[C@H](CCCC(C)C)[C@H]1CC[C@@H]2[C@@]1(CC[C@H]3[C@H]2CC=C4[C@@]3(CC[C@@H](C4)O)C)C,46.5,DMPE-PEG2000,CCCCCCCCCCCCCC(=O)OCC(COP(=O)(OCCNCC(=O)OCCOCCOCCOCCOCCOCCOCCOCCOCCOCCOCCOCCOCCOCCOCCOCCOCCOCCOCCOCCOCCOCCOCCOCCOCCOCCOCCOCCOCCOCCOCCOCCOCCOCCOCCOCCOCCOCCOCCOCCOCCOCCOCCOC)O)OC(=O)CCCCCCCCCCCCC,2.5,2000.0,35.0,10.0,,,,mRNA,in_vitro,in_vitro,A549,in_vitro,,,,,,,-0.545718046871377,normalized_luminescence,76.0,0.0,0.0,51.0,1071.794978,167.36,2.0,13.0,15.014,306.6326,0.80952381,3.0,1.0,1072.56,True,True,False,biodegradable acrylate,,,,,,,,,,,,,,,,,,,branched
LNPhub_R0004769,LNPhub_BL_2023,https://www.nature.com/articles/s41587-023-01679-x,LNPhub_BL_2023_LNP_000751,BL_A35-T1,CCCCCCCCCCCCCCCCCCOC(=O)OC(C/C=C\CCCCCCCCOC(=O)CCN1CCN(CCCN(C)C)CC1)CCCCCC,Ugi-3CR,CN(C)CCCN1CCNCC1,secondary_tertiary,C=CC(=O)OCCCCCCCC/C=C\CC(CCCCCC)OC(=O)O,ester/carbonate acrylate,1,T1,CCCCCCCCCCCCCCCCCCO,ricinoleic/aliphatic,,,,,,,,,,,,,,,,head–linker–tail,DOPE,[H][C@@](COP([O-])(OCC[NH3+])=O)(OC(CCCCCCC/C=C\\CCCCCCCC)=O)COC(CCCCCCC/C=C\\CCCCCCCC)=O,16.0,Cholesterol,C[C@H](CCCC(C)C)[C@H]1CC[C@@H]2[C@@]1(CC[C@H]3[C@H]2CC=C4[C@@]3(CC[C@@H](C4)O)C)C,46.5,DMPE-PEG2000,CCCCCCCCCCCCCC(=O)OCC(COP(=O)(OCCNCC(=O)OCCOCCOCCOCCOCCOCCOCCOCCOCCOCCOCCOCCOCCOCCOCCOCCOCCOCCOCCOCCOCCOCCOCCOCCOCCOCCOCCOCCOCCOCCOCCOCCOCCOCCOCCOCCOCCOCCOCCOCCOCCOCCOCCOC)O)OC(=O)CCCCCCCCCCCCC,2.5,2000.0,35.0,10.0,,,,mRNA,in_vitro,in_vitro,A549,in_vitro,,,,,,,1.0922963017538898,normalized_luminescence,57.0,1.0,0.0,41.0,805.7271731,71.55,0.0,8.0,12.9197,242.229,0.918367347,1.0,3.0,806.315,True,True,False,biodegradable acrylate,,,,,,,,,,,,,,,,,,,cyclic
LNPhub_R0004770,LNPhub_BL_2023,https://www.nature.com/articles/s41587-023-01679-x,LNPhub_BL_2023_LNP_000752,BL_A58-T6,CCCCC#CCOC(=O)OC(C/C=C\CCCCCCCCOC(=O)CCN(CCCCCO)CCC(=O)OCCCCCCCC/C=C\CC(CCCCCC)OC(=O)OCC#CCCCC)CCCCCC,Ugi-3CR,C(CCN)CCO,primary,C=CC(=O)OCCCCCCCC/C=C\CC(CCCCCC)OC(=O)O,ester/carbonate acrylate,1,T6,CCCCC#CCO,ricinoleic/aliphatic,,,,,,,,,,,,,,,,head–linker–tail,DOPE,[H][C@@](COP([O-])(OCC[NH3+])=O)(OC(CCCCCCC/C=C\\CCCCCCCC)=O)COC(CCCCCCC/C=C\\CCCCCCCC)=O,16.0,Cholesterol,C[C@H](CCCC(C)C)[C@H]1CC[C@@H]2[C@@]1(CC[C@H]3[C@H]2CC=C4[C@@]3(CC[C@@H](C4)O)C)C,46.5,DMPE-PEG2000,CCCCCCCCCCCCCC(=O)OCC(COP(=O)(OCCNCC(=O)OCCOCCOCCOCCOCCOCCOCCOCCOCCOCCOCCOCCOCCOCCOCCOCCOCCOCCOCCOCCOCCOCCOCCOCCOCCOCCOCCOCCOCCOCCOCCOCCOCCOCCOCCOCCOCCOCCOCCOCCOCCOCCOCCOC)O)OC(=O)CCCCCCCCCCCCC,2.5,2000.0,35.0,10.0,,,,mRNA,in_vitro,in_vitro,A549,in_vitro,,,,,,,-1.1384144461046768,normalized_luminescence,75.0,0.0,0.0,51.0,1055.800063,147.13,1.0,12.0,16.0432,305.2428,0.80952381,2.0,1.0,1056.561,True,True,False,biodegradable acrylate,,,,,,,,,,,,,,,,,,,linear
LNPhub_R0004771,LNPhub_BL_2023,https://www.nature.com/articles/s41587-023-01679-x,LNPhub_BL_2023_LNP_000753,BL_A3-T1,CCCCCCCCCCCCCCCCCCOC(=O)OC(C/C=C\CCCCCCCCOC(=O)CCN(CCCN(CC)CC)CCC(=O)OCCCCCCCC/C=C\CC(CCCCCC)OC(=O)OCCCCCCCCCCCCCCCCCC)CCCCCC,Ugi-3CR,CCN(CC)CCCN,primary_tertiary,C=CC(=O)OCCCCCCCC/C=C\CC(CCCCCC)OC(=O)O,ester/carbonate acrylate,1,T1,CCCCCCCCCCCCCCCCCCO,ricinoleic/aliphatic,,,,,,,,,,,,,,,,head–linker–tail,DOPE,[H][C@@](COP([O-])(OCC[NH3+])=O)(OC(CCCCCCC/C=C\\CCCCCCCC)=O)COC(CCCCCCC/C=C\\CCCCCCCC)=O,16.0,Cholesterol,C[C@H](CCCC(C)C)[C@H]1CC[C@@H]2[C@@]1(CC[C@H]3[C@H]2CC=C4[C@@]3(CC[C@@H](C4)O)C)C,46.5,DMPE-PEG2000,CCCCCCCCCCCCCC(=O)OCC(COP(=O)(OCCNCC(=O)OCCOCCOCCOCCOCCOCCOCCOCCOCCOCCOCCOCCOCCOCCOCCOCCOCCOCCOCCOCCOCCOCCOCCOCCOCCOCCOCCOCCOCCOCCOCCOCCOCCOCCOCCOCCOCCOCCOCCOCCOCCOCCOCCOC)O)OC(=O)CCCCCCCCCCCCC,2.5,2000.0,35.0,10.0,,,,mRNA,in_vitro,in_vitro,A549,in_vitro,,,,,,,1.8626349433811225,normalized_luminescence,99.0,0.0,0.0,80.0,1399.25425,130.14,0.0,12.0,26.7483,421.201,0.908045977,2.0,2.0,1400.289,True,True,False,biodegradable acrylate,,,,,,,,,,,,,,,,,,,branched
LNPhub_R0004772,LNPhub_BL_2023,https://www.nature.com/articles/s41587-023-01679-x,LNPhub_BL_2023_LNP_000754,BL_A70-T3,CCCCC/C=C\C/C=C\CCCCCCCCOC(=O)OC(C/C=C\CCCCCCCCOC(=O)CCN(CCCN1CCOCC1)CCC(=O)OCCCCCCCC/C=C\CC(CCCCCC)OC(=O)OCCCCCCCC/C=C\C/C=C\CCCCC)CCCCCC,Ugi-3CR,C(CN)CN1CCOCC1,primary_tertiary,C=CC(=O)OCCCCCCCC/C=C\CC(CCCCCC)OC(=O)O,ester/carbonate acrylate,1,T3,CCCCCC=CCC=C=CCCCCCCCCO,ricinoleic/aliphatic,,,,,,,,,,,,,,,,head–linker–tail,DOPE,[H][C@@](COP([O-])(OCC[NH3+])=O)(OC(CCCCCCC/C=C\\CCCCCCCC)=O)COC(CCCCCCC/C=C\\CCCCCCCC)=O,16.0,Cholesterol,C[C@H](CCCC(C)C)[C@H]1CC[C@@H]2[C@@]1(CC[C@H]3[C@H]2CC=C4[C@@]3(CC[C@@H](C4)O)C)C,46.5,DMPE-PEG2000,CCCCCCCCCCCCCC(=O)OCC(COP(=O)(OCCNCC(=O)OCCOCCOCCOCCOCCOCCOCCOCCOCCOCCOCCOCCOCCOCCOCCOCCOCCOCCOCCOCCOCCOCCOCCOCCOCCOCCOCCOCCOCCOCCOCCOCCOCCOCCOCCOCCOCCOCCOCCOCCOCCOCCOCCOC)O)OC(=O)CCCCCCCCCCCCC,2.5,2000.0,35.0,10.0,,,,mRNA,in_vitro,in_vitro,A549,in_vitro,,,,,,,-1.7034848220877392,normalized_luminescence,100.0,1.0,0.0,74.0,1405.170914,139.37,0.0,13.0,24.8427,420.296,0.816091954,2.0,2.0,1406.208,True,True,False,biodegradable acrylate,,,,,,,,,,,,,,,,,,,cyclic
LNPhub_R0004773,LNPhub_BL_2023,https://www.nature.com/articles/s41587-023-01679-x,LNPhub_BL_2023_LNP_000755,BL_A47-T4,CCC#CCOC(=O)OC(C/C=C\CCCCCCCCOC(=O)CCN1CCN(CCC(=O)OCCCCCCCC/C=C\CC(CCCCCC)OC(=O)OCC#CCC)CCN(CCC(=O)OCCCCCCCC/C=C\CC(CCCCCC)OC(=O)OCC#CCC)CC1)CCCCCC,Ugi-3CR,C1CN2CCNCCN1CC2,secondary_tertiary,C=CC(=O)OCCCCCCCC/C=C\CC(CCCCCC)OC(=O)O,ester/carbonate acrylate,1,T4,CCC#CCO,ricinoleic/aliphatic,,,,,,,,,,,,,,,,head–linker–tail,DOPE,[H][C@@](COP([O-])(OCC[NH3+])=O)(OC(CCCCCCC/C=C\\CCCCCCCC)=O)COC(CCCCCCC/C=C\\CCCCCCCC)=O,16.0,Cholesterol,C[C@H](CCCC(C)C)[C@H]1CC[C@@H]2[C@@]1(CC[C@H]3[C@H]2CC=C4[C@@]3(CC[C@@H](C4)O)C)C,46.5,DMPE-PEG2000,CCCCCCCCCCCCCC(=O)OCC(COP(=O)(OCCNCC(=O)OCCOCCOCCOCCOCCOCCOCCOCCOCCOCCOCCOCCOCCOCCOCCOCCOCCOCCOCCOCCOCCOCCOCCOCCOCCOCCOCCOCCOCCOCCOCCOCCOCCOCCOCCOCCOCCOCCOCCOCCOCCOCCOCCOC)O)OC(=O)CCCCCCCCCCCCC,2.5,2000.0,35.0,10.0,,,,mRNA,in_vitro,in_vitro,A549,in_vitro,,,,,,,1.3666211419322858,normalized_luminescence,105.0,1.0,0.0,63.0,1474.083221,195.21,0.0,18.0,20.4537,423.417,0.793103448,3.0,3.0,1475.139,True,True,False,biodegradable acrylate,,,,,,,,,,,,,,,,,,,macrocyclic
LNPhub_R0004774,LNPhub_BL_2023,https://www.nature.com/articles/s41587-023-01679-x,LNPhub_BL_2023_LNP_000756,BL_A19-T3,CCCCC/C=C\C/C=C\CCCCCCCCOC(=O)OC(C/C=C\CCCCCCCCOC(=O)CCN(CCC(=O)OCCCCCCCC/C=C\CC(CCCCCC)OC(=O)OCCCCCCCC/C=C\C/C=C\CCCCC)CCN1CCCCC1)CCCCCC,Ugi-3CR,NCCN1CCCCC1,primary_tertiary,C=CC(=O)OCCCCCCCC/C=C\CC(CCCCCC)OC(=O)O,ester/carbonate acrylate,1,T3,CCCCCC=CCC=C=CCCCCCCCCO,ricinoleic/aliphatic,,,,,,,,,,,,,,,,head–linker–tail,DOPE,[H][C@@](COP([O-])(OCC[NH3+])=O)(OC(CCCCCCC/C=C\\CCCCCCCC)=O)COC(CCCCCCC/C=C\\CCCCCCCC)=O,16.0,Cholesterol,C[C@H](CCCC(C)C)[C@H]1CC[C@@H]2[C@@]1(CC[C@H]3[C@H]2CC=C4[C@@]3(CC[C@@H](C4)O)C)C,46.5,DMPE-PEG2000,CCCCCCCCCCCCCC(=O)OCC(COP(=O)(OCCNCC(=O)OCCOCCOCCOCCOCCOCCOCCOCCOCCOCCOCCOCCOCCOCCOCCOCCOCCOCCOCCOCCOCCOCCOCCOCCOCCOCCOCCOCCOCCOCCOCCOCCOCCOCCOCCOCCOCCOCCOCCOCCOCCOCCOCCOC)O)OC(=O)CCCCCCCCCCCCC,2.5,2000.0,35.0,10.0,,,,mRNA,in_vitro,in_vitro,A549,in_vitro,,,,,,,1.1997687283144285,normalized_luminescence,99.0,1.0,0.0,73.0,1389.175999,130.14,0.0,12.0,25.6063,418.711,0.816091954,2.0,2.0,1390.209,True,True,False,biodegradable acrylate,,,,,,,,,,,,,,,,,,,cyclic
LNPhub_R0004775,LNPhub_BL_2023,https://www.nature.com/articles/s41587-023-01679-x,LNPhub_BL_2023_LNP_000757,BL_A26-T5,CCCC#CCOC(=O)OC(C/C=C\CCCCCCCCOC(=O)CCN(C)CCCn1ccnc1)CCCCCC,Ugi-3CR,CNCCCN1C=CN=C1,secondary,C=CC(=O)OCCCCCCCC/C=C\CC(CCCCCC)OC(=O)O,ester/carbonate acrylate,1,T5,CCCC#CCO,ricinoleic/aliphatic,,,,,,,,,,,,,,,,head–linker–tail,DOPE,[H][C@@](COP([O-])(OCC[NH3+])=O)(OC(CCCCCCC/C=C\\CCCCCCCC)=O)COC(CCCCCCC/C=C\\CCCCCCCC)=O,16.0,Cholesterol,C[C@H](CCCC(C)C)[C@H]1CC[C@@H]2[C@@]1(CC[C@H]3[C@H]2CC=C4[C@@]3(CC[C@@H](C4)O)C)C,46.5,DMPE-PEG2000,CCCCCCCCCCCCCC(=O)OCC(COP(=O)(OCCNCC(=O)OCCOCCOCCOCCOCCOCCOCCOCCOCCOCCOCCOCCOCCOCCOCCOCCOCCOCCOCCOCCOCCOCCOCCOCCOCCOCCOCCOCCOCCOCCOCCOCCOCCOCCOCCOCCOCCOCCOCCOCCOCCOCCOCCOC)O)OC(=O)CCCCCCCCCCCCC,2.5,2000.0,35.0,10.0,,,,mRNA,in_vitro,in_vitro,A549,in_vitro,,,,,,,0.4070862109313791,normalized_luminescence,43.0,1.0,1.0,26.0,601.445472,82.89,0.0,8.0,8.111,173.657,0.742857143,1.0,3.0,601.873,True,True,False,biodegradable acrylate,,,,,,,,,,,,,,,,,,,cyclic
LNPhub_R0004776,LNPhub_BL_2023,https://www.nature.com/articles/s41587-023-01679-x,LNPhub_BL_2023_LNP_000758,BL_A30-T7,CCCCCC#CCOC(=O)OC(C/C=C\CCCCCCCCOC(=O)CCN(CCCN1CCCCC1)CCC(=O)OCCCCCCCC/C=C\CC(CCCCCC)OC(=O)OCC#CCCCCC)CCCCCC,Ugi-3CR,C1CCN(CC1)CCCN,primary_tertiary,C=CC(=O)OCCCCCCCC/C=C\CC(CCCCCC)OC(=O)O,ester/carbonate acrylate,1,T7,CCCCCC#CCO,ricinoleic/aliphatic,,,,,,,,,,,,,,,,head–linker–tail,DOPE,[H][C@@](COP([O-])(OCC[NH3+])=O)(OC(CCCCCCC/C=C\\CCCCCCCC)=O)COC(CCCCCCC/C=C\\CCCCCCCC)=O,16.0,Cholesterol,C[C@H](CCCC(C)C)[C@H]1CC[C@@H]2[C@@]1(CC[C@H]3[C@H]2CC=C4[C@@]3(CC[C@@H](C4)O)C)C,46.5,DMPE-PEG2000,CCCCCCCCCCCCCC(=O)OCC(COP(=O)(OCCNCC(=O)OCCOCCOCCOCCOCCOCCOCCOCCOCCOCCOCCOCCOCCOCCOCCOCCOCCOCCOCCOCCOCCOCCOCCOCCOCCOCCOCCOCCOCCOCCOCCOCCOCCOCCOCCOCCOCCOCCOCCOCCOCCOCCOCCOC)O)OC(=O)CCCCCCCCCCCCC,2.5,2000.0,35.0,10.0,,,,mRNA,in_vitro,in_vitro,A549,in_vitro,,,,,,,-0.3765491803332231,normalized_luminescence,80.0,1.0,0.0,52.0,1122.878648,130.14,0.0,12.0,17.5368,328.448,0.823529412,2.0,2.0,1123.696,True,True,False,biodegradable acrylate,,,,,,,,,,,,,,,,,,,cyclic
LNPhub_R0004777,LNPhub_BL_2023,https://www.nature.com/articles/s41587-023-01679-x,LNPhub_BL_2023_LNP_000759,BL_A22-T3,CCCCC/C=C\C/C=C\CCCCCCCCOC(=O)OC(C/C=C\CCCCCCCCOC(=O)CCN(CCC(=O)OCCCCCCCC/C=C\CC(CCCCCC)OC(=O)OCCCCCCCC/C=C\C/C=C\CCCCC)CCc1ccccn1)CCCCCC,Ugi-3CR,C1=CC(=NC=C1)CCN,primary,C=CC(=O)OCCCCCCCC/C=C\CC(CCCCCC)OC(=O)O,ester/carbonate acrylate,1,T3,CCCCCC=CCC=C=CCCCCCCCCO,ricinoleic/aliphatic,,,,,,,,,,,,,,,,head–linker–tail,DOPE,[H][C@@](COP([O-])(OCC[NH3+])=O)(OC(CCCCCCC/C=C\\CCCCCCCC)=O)COC(CCCCCCC/C=C\\CCCCCCCC)=O,16.0,Cholesterol,C[C@H](CCCC(C)C)[C@H]1CC[C@@H]2[C@@]1(CC[C@H]3[C@H]2CC=C4[C@@]3(CC[C@@H](C4)O)C)C,46.5,DMPE-PEG2000,CCCCCCCCCCCCCC(=O)OCC(COP(=O)(OCCNCC(=O)OCCOCCOCCOCCOCCOCCOCCOCCOCCOCCOCCOCCOCCOCCOCCOCCOCCOCCOCCOCCOCCOCCOCCOCCOCCOCCOCCOCCOCCOCCOCCOCCOCCOCCOCCOCCOCCOCCOCCOCCOCCOCCOCCOC)O)OC(=O)CCCCCCCCCCCCC,2.5,2000.0,35.0,10.0,,,,mRNA,in_vitro,in_vitro,A549,in_vitro,,,,,,,1.2060934242010806,normalized_luminescence,99.0,1.0,1.0,73.0,1383.129049,139.79,0.0,12.0,25.7581,416.361,0.75862069,2.0,2.0,1384.161,True,True,False,biodegradable acrylate,,,,,,,,,,,,,,,,,,,cyclic
